# Provenance
# HEAD SHA: a0ab65eff134ae02a8c45d8aef7f7490af01268d (rebase of gfx1201_tp onto origin/main)
# Build command: make -B ROCM_ARCH=gfx1201 rocm rocm-quality -j8
# Binary mtime: 2026-08-04 05:15:17.473368013 +0000
# Invocation: AMD_SERIALIZE_KERNEL=3 gguf-tools/quality-testing/score_official MODEL gguf-tools/quality-testing/data/flash/manifest.tsv OUT.tsv 4096 --gpu-devices 0,1,2,3 [--cuda-tensor-parallel]
ds4: Linux rocm backend set oom_score_adj=1000
ds4: per_tier_overhead = 2.00 GiB (cuda_tensor_parallel=1)
ds4: GPU0 original vram_bytes = 29.79 GiB
ds4: GPU0 post-overhead vram_bytes = 27.79 GiB
ds4: GPU1 original vram_bytes = 29.79 GiB
ds4: GPU1 post-overhead vram_bytes = 27.79 GiB
ds4: GPU2 original vram_bytes = 29.79 GiB
ds4: GPU2 post-overhead vram_bytes = 27.79 GiB
ds4: GPU3 original vram_bytes = 29.79 GiB
ds4: GPU3 post-overhead vram_bytes = 27.79 GiB
ds4: ROCm backend initialized on AMD Radeon AI Pro R9700 dev=0 (tier 0)
ds4: ROCm backend initialized on AMD Radeon AI Pro R9700 dev=1 (tier 1)
ds4: ROCm backend initialized on AMD Radeon AI Pro R9700 dev=2 (tier 2)
ds4: ROCm backend initialized on AMD Radeon AI Pro R9700 dev=3 (tier 3)
ds4: ROCm peer access tier 0<->1: direct
ds4: ROCm peer access tier 0<->2: direct
ds4: ROCm peer access tier 0<->3: direct
ds4: ROCm backend initialized on AMD Radeon AI Pro R9700 (sm_120)
multi-GPU layout:
  GPU0: layers 0-42 + embedding + output head  (26.2 / 27.8 GB)
  GPU1: (no transformer layers)  (0.0 / 27.8 GB)
  GPU2: (no transformer layers)  (0.0 / 27.8 GB)
  GPU3: (no transformer layers)  (0.0 / 27.8 GB)
ds4: per-tier graph scratch reserved: 2.00 GiB (pre-subtracted from each GPU budget)
ds4: peer access matrix (validated): 0->1 DIRECT 0->2 DIRECT 0->3 DIRECT 1->0 DIRECT 1->2 DIRECT 1->3 DIRECT 2->0 DIRECT 2->1 DIRECT 2->3 DIRECT 3->0 DIRECT 3->1 DIRECT 3->2 DIRECT
ds4: ROCm TP=4 placement: all 4 tiers hold every layer, sharded tensors split 4-way per rank
ds4: CUDA tier 0 (device 0) selective weights: 25.94 GiB in 1328 ranges
ds4: CUDA tier 1 (device 1) selective weights: 25.94 GiB in 1328 ranges
ds4: CUDA tier 2 (device 2) selective weights: 25.94 GiB in 1328 ranges
ds4: CUDA tier 3 (device 3) selective weights: 25.94 GiB in 1328 ranges
ds4: ROCm TP=4 enabled: all 4 tiers active (single-stage all-replicated)
ds4: ROCm q8 fp16 cache budget exhausted; using q8 kernels (request=16.00 MiB cached=0.19 GiB free=1.30 GiB reserve=1.59 GiB total=31.86 GiB)
ds4: ROCm q8 fp16 cache budget exhausted; using q8 kernels (request=64.00 MiB cached=0.00 GiB free=1.30 GiB reserve=1.59 GiB total=31.86 GiB)
ds4: ROCm q8 fp16 cache budget exhausted; using q8 kernels (request=64.00 MiB cached=0.00 GiB free=1.49 GiB reserve=1.59 GiB total=31.86 GiB)
ds4: ROCm q8 fp16 cache budget exhausted; using q8 kernels (request=64.00 MiB cached=0.00 GiB free=1.42 GiB reserve=1.59 GiB total=31.86 GiB)
ds4: ROCm q8 fp16 cache budget exhausted; using q8 kernels (request=64.00 MiB cached=0.00 GiB free=1.42 GiB reserve=1.59 GiB total=31.86 GiB)
ds4: ROCm q8 fp16 cache budget exhausted; using q8 kernels (request=64.00 MiB cached=0.00 GiB free=1.42 GiB reserve=1.59 GiB total=31.86 GiB)
ds4: ROCm q8 fp16 cache budget exhausted; using q8 kernels (request=64.00 MiB cached=0.00 GiB free=1.42 GiB reserve=1.59 GiB total=31.86 GiB)
ds4: ROCm q8 fp16 cache budget exhausted; using q8 kernels (request=64.00 MiB cached=0.00 GiB free=1.42 GiB reserve=1.59 GiB total=31.86 GiB)
ds4: ROCm q8 fp16 cache budget exhausted; using q8 kernels (request=64.00 MiB cached=0.00 GiB free=1.42 GiB reserve=1.59 GiB total=31.86 GiB)
ds4: ROCm q8 fp16 cache budget exhausted; using q8 kernels (request=64.00 MiB cached=0.00 GiB free=1.42 GiB reserve=1.59 GiB total=31.86 GiB)
ds4: ROCm q8 fp16 cache budget exhausted; using q8 kernels (request=64.00 MiB cached=0.00 GiB free=1.42 GiB reserve=1.59 GiB total=31.86 GiB)
ds4: ROCm q8 fp16 cache budget exhausted; using q8 kernels (request=64.00 MiB cached=0.00 GiB free=1.42 GiB reserve=1.59 GiB total=31.86 GiB)
ds4: ROCm q8 fp16 cache budget exhausted; using q8 kernels (request=64.00 MiB cached=0.00 GiB free=1.42 GiB reserve=1.59 GiB total=31.86 GiB)
ds4: ROCm q8 fp16 cache budget exhausted; using q8 kernels (request=64.00 MiB cached=0.00 GiB free=1.42 GiB reserve=1.59 GiB total=31.86 GiB)
ds4: ROCm q8 fp16 cache budget exhausted; using q8 kernels (request=64.00 MiB cached=0.00 GiB free=1.42 GiB reserve=1.59 GiB total=31.86 GiB)
ds4: ROCm q8 fp16 cache budget exhausted; using q8 kernels (request=64.00 MiB cached=0.00 GiB free=1.42 GiB reserve=1.59 GiB total=31.86 GiB)
ds4: ROCm q8 fp16 cache budget exhausted; using q8 kernels (request=64.00 MiB cached=0.00 GiB free=1.42 GiB reserve=1.59 GiB total=31.86 GiB)
ds4: ROCm q8 fp16 cache budget exhausted; using q8 kernels (request=64.00 MiB cached=0.00 GiB free=1.42 GiB reserve=1.59 GiB total=31.86 GiB)
ds4: ROCm q8 fp16 cache budget exhausted; using q8 kernels (request=64.00 MiB cached=0.00 GiB free=1.42 GiB reserve=1.59 GiB total=31.86 GiB)
ds4: ROCm q8 fp16 cache budget exhausted; using q8 kernels (request=64.00 MiB cached=0.00 GiB free=1.42 GiB reserve=1.59 GiB total=31.86 GiB)
ds4: ROCm q8 fp16 cache budget exhausted; using q8 kernels (request=64.00 MiB cached=0.00 GiB free=1.42 GiB reserve=1.59 GiB total=31.86 GiB)
ds4: ROCm q8 fp16 cache budget exhausted; using q8 kernels (request=64.00 MiB cached=0.00 GiB free=1.42 GiB reserve=1.59 GiB total=31.86 GiB)
ds4: ROCm q8 fp16 cache budget exhausted; using q8 kernels (request=64.00 MiB cached=0.00 GiB free=1.42 GiB reserve=1.59 GiB total=31.86 GiB)
ds4: ROCm q8 fp16 cache budget exhausted; using q8 kernels (request=64.00 MiB cached=0.00 GiB free=1.42 GiB reserve=1.59 GiB total=31.86 GiB)
ds4: ROCm q8 fp16 cache budget exhausted; using q8 kernels (request=64.00 MiB cached=0.00 GiB free=1.42 GiB reserve=1.59 GiB total=31.86 GiB)
ds4: ROCm q8 fp16 cache budget exhausted; using q8 kernels (request=64.00 MiB cached=0.00 GiB free=1.42 GiB reserve=1.59 GiB total=31.86 GiB)
ds4: ROCm q8 fp16 cache budget exhausted; using q8 kernels (request=64.00 MiB cached=0.00 GiB free=1.42 GiB reserve=1.59 GiB total=31.86 GiB)
ds4: ROCm q8 fp16 cache budget exhausted; using q8 kernels (request=64.00 MiB cached=0.00 GiB free=1.42 GiB reserve=1.59 GiB total=31.86 GiB)
ds4: ROCm q8 fp16 cache budget exhausted; using q8 kernels (request=64.00 MiB cached=0.00 GiB free=1.42 GiB reserve=1.59 GiB total=31.86 GiB)
ds4: ROCm q8 fp16 cache budget exhausted; using q8 kernels (request=64.00 MiB cached=0.00 GiB free=1.42 GiB reserve=1.59 GiB total=31.86 GiB)
ds4: ROCm q8 fp16 cache budget exhausted; using q8 kernels (request=64.00 MiB cached=0.00 GiB free=1.42 GiB reserve=1.59 GiB total=31.86 GiB)
ds4: ROCm q8 fp16 cache budget exhausted; using q8 kernels (request=64.00 MiB cached=0.00 GiB free=1.42 GiB reserve=1.59 GiB total=31.86 GiB)
ds4: ROCm q8 fp16 cache budget exhausted; using q8 kernels (request=64.00 MiB cached=0.00 GiB free=1.42 GiB reserve=1.59 GiB total=31.86 GiB)
ds4: ROCm q8 fp16 cache budget exhausted; using q8 kernels (request=64.00 MiB cached=0.00 GiB free=1.42 GiB reserve=1.59 GiB total=31.86 GiB)
ds4: ROCm q8 fp16 cache budget exhausted; using q8 kernels (request=64.00 MiB cached=0.00 GiB free=1.42 GiB reserve=1.59 GiB total=31.86 GiB)
ds4: ROCm q8 fp16 cache budget exhausted; using q8 kernels (request=64.00 MiB cached=0.00 GiB free=1.42 GiB reserve=1.59 GiB total=31.86 GiB)
ds4: ROCm q8 fp16 cache budget exhausted; using q8 kernels (request=64.00 MiB cached=0.00 GiB free=1.42 GiB reserve=1.59 GiB total=31.86 GiB)
ds4: ROCm q8 fp16 cache budget exhausted; using q8 kernels (request=64.00 MiB cached=0.00 GiB free=1.42 GiB reserve=1.59 GiB total=31.86 GiB)
ds4: ROCm q8 fp16 cache budget exhausted; using q8 kernels (request=64.00 MiB cached=0.00 GiB free=1.42 GiB reserve=1.59 GiB total=31.86 GiB)
ds4: ROCm q8 fp16 cache budget exhausted; using q8 kernels (request=64.00 MiB cached=0.00 GiB free=1.42 GiB reserve=1.59 GiB total=31.86 GiB)
ds4: ROCm q8 fp16 cache budget exhausted; using q8 kernels (request=64.00 MiB cached=0.00 GiB free=1.42 GiB reserve=1.59 GiB total=31.86 GiB)
ds4: ROCm q8 fp16 cache budget exhausted; using q8 kernels (request=64.00 MiB cached=0.00 GiB free=1.42 GiB reserve=1.59 GiB total=31.86 GiB)
ds4: ROCm q8 fp16 cache budget exhausted; using q8 kernels (request=64.00 MiB cached=0.00 GiB free=1.42 GiB reserve=1.59 GiB total=31.86 GiB)
ds4: ROCm loading model tensors into device cache
case_000 cases=1 prompt=17 target=24 avg_nll=0.395395 lcp=0 api_target_mae=0.395395 api_top_coverage=100/120 api_top1=0.792 api_topn=0.340 api_pair=0.961
ds4: ROCm q8 fp16 cache budget exhausted; using q8 kernels (request=64.00 MiB cached=0.00 GiB free=0.89 GiB reserve=1.59 GiB total=31.86 GiB)
ds4: ROCm q8 fp16 cache budget exhausted; using q8 kernels (request=64.00 MiB cached=0.00 GiB free=0.89 GiB reserve=1.59 GiB total=31.86 GiB)
ds4: ROCm q8 fp16 cache budget exhausted; using q8 kernels (request=64.00 MiB cached=0.00 GiB free=0.89 GiB reserve=1.59 GiB total=31.86 GiB)
ds4: ROCm q8 fp16 cache budget exhausted; using q8 kernels (request=64.00 MiB cached=0.00 GiB free=0.89 GiB reserve=1.59 GiB total=31.86 GiB)
ds4: ROCm q8 fp16 cache budget exhausted; using q8 kernels (request=64.00 MiB cached=0.00 GiB free=0.89 GiB reserve=1.59 GiB total=31.86 GiB)
ds4: ROCm q8 fp16 cache budget exhausted; using q8 kernels (request=64.00 MiB cached=0.00 GiB free=0.89 GiB reserve=1.59 GiB total=31.86 GiB)
ds4: ROCm q8 fp16 cache budget exhausted; using q8 kernels (request=64.00 MiB cached=0.00 GiB free=0.89 GiB reserve=1.59 GiB total=31.86 GiB)
ds4: ROCm q8 fp16 cache budget exhausted; using q8 kernels (request=64.00 MiB cached=0.00 GiB free=0.89 GiB reserve=1.59 GiB total=31.86 GiB)
ds4: ROCm q8 fp16 cache budget exhausted; using q8 kernels (request=64.00 MiB cached=0.00 GiB free=0.89 GiB reserve=1.59 GiB total=31.86 GiB)
ds4: ROCm q8 fp16 cache budget exhausted; using q8 kernels (request=64.00 MiB cached=0.00 GiB free=0.89 GiB reserve=1.59 GiB total=31.86 GiB)
ds4: ROCm q8 fp16 cache budget exhausted; using q8 kernels (request=64.00 MiB cached=0.00 GiB free=0.89 GiB reserve=1.59 GiB total=31.86 GiB)
ds4: ROCm q8 fp16 cache budget exhausted; using q8 kernels (request=64.00 MiB cached=0.00 GiB free=0.89 GiB reserve=1.59 GiB total=31.86 GiB)
ds4: ROCm q8 fp16 cache budget exhausted; using q8 kernels (request=64.00 MiB cached=0.00 GiB free=0.89 GiB reserve=1.59 GiB total=31.86 GiB)
ds4: ROCm q8 fp16 cache budget exhausted; using q8 kernels (request=64.00 MiB cached=0.00 GiB free=0.89 GiB reserve=1.59 GiB total=31.86 GiB)
ds4: ROCm q8 fp16 cache budget exhausted; using q8 kernels (request=64.00 MiB cached=0.00 GiB free=0.89 GiB reserve=1.59 GiB total=31.86 GiB)
ds4: ROCm q8 fp16 cache budget exhausted; using q8 kernels (request=64.00 MiB cached=0.00 GiB free=0.89 GiB reserve=1.59 GiB total=31.86 GiB)
ds4: ROCm q8 fp16 cache budget exhausted; using q8 kernels (request=64.00 MiB cached=0.00 GiB free=0.89 GiB reserve=1.59 GiB total=31.86 GiB)
ds4: ROCm q8 fp16 cache budget exhausted; using q8 kernels (request=64.00 MiB cached=0.00 GiB free=0.89 GiB reserve=1.59 GiB total=31.86 GiB)
ds4: ROCm q8 fp16 cache budget exhausted; using q8 kernels (request=64.00 MiB cached=0.00 GiB free=0.89 GiB reserve=1.59 GiB total=31.86 GiB)
ds4: ROCm q8 fp16 cache budget exhausted; using q8 kernels (request=64.00 MiB cached=0.00 GiB free=0.89 GiB reserve=1.59 GiB total=31.86 GiB)
ds4: ROCm q8 fp16 cache budget exhausted; using q8 kernels (request=64.00 MiB cached=0.00 GiB free=0.89 GiB reserve=1.59 GiB total=31.86 GiB)
ds4: ROCm q8 fp16 cache budget exhausted; using q8 kernels (request=64.00 MiB cached=0.00 GiB free=0.89 GiB reserve=1.59 GiB total=31.86 GiB)
ds4: ROCm q8 fp16 cache budget exhausted; using q8 kernels (request=64.00 MiB cached=0.00 GiB free=0.89 GiB reserve=1.59 GiB total=31.86 GiB)
ds4: ROCm q8 fp16 cache budget exhausted; using q8 kernels (request=64.00 MiB cached=0.00 GiB free=0.89 GiB reserve=1.59 GiB total=31.86 GiB)
ds4: ROCm q8 fp16 cache budget exhausted; using q8 kernels (request=64.00 MiB cached=0.00 GiB free=0.89 GiB reserve=1.59 GiB total=31.86 GiB)
ds4: ROCm q8 fp16 cache budget exhausted; using q8 kernels (request=64.00 MiB cached=0.00 GiB free=0.89 GiB reserve=1.59 GiB total=31.86 GiB)
ds4: ROCm q8 fp16 cache budget exhausted; using q8 kernels (request=64.00 MiB cached=0.00 GiB free=0.89 GiB reserve=1.59 GiB total=31.86 GiB)
ds4: ROCm q8 fp16 cache budget exhausted; using q8 kernels (request=64.00 MiB cached=0.00 GiB free=0.89 GiB reserve=1.59 GiB total=31.86 GiB)
ds4: ROCm q8 fp16 cache budget exhausted; using q8 kernels (request=64.00 MiB cached=0.00 GiB free=0.89 GiB reserve=1.59 GiB total=31.86 GiB)
ds4: ROCm q8 fp16 cache budget exhausted; using q8 kernels (request=64.00 MiB cached=0.00 GiB free=0.89 GiB reserve=1.59 GiB total=31.86 GiB)
ds4: ROCm q8 fp16 cache budget exhausted; using q8 kernels (request=64.00 MiB cached=0.00 GiB free=0.89 GiB reserve=1.59 GiB total=31.86 GiB)
ds4: ROCm q8 fp16 cache budget exhausted; using q8 kernels (request=64.00 MiB cached=0.00 GiB free=0.89 GiB reserve=1.59 GiB total=31.86 GiB)
ds4: ROCm q8 fp16 cache budget exhausted; using q8 kernels (request=64.00 MiB cached=0.00 GiB free=0.89 GiB reserve=1.59 GiB total=31.86 GiB)
ds4: ROCm q8 fp16 cache budget exhausted; using q8 kernels (request=64.00 MiB cached=0.00 GiB free=0.89 GiB reserve=1.59 GiB total=31.86 GiB)
ds4: ROCm q8 fp16 cache budget exhausted; using q8 kernels (request=64.00 MiB cached=0.00 GiB free=0.89 GiB reserve=1.59 GiB total=31.86 GiB)
ds4: ROCm q8 fp16 cache budget exhausted; using q8 kernels (request=64.00 MiB cached=0.00 GiB free=0.89 GiB reserve=1.59 GiB total=31.86 GiB)
ds4: ROCm q8 fp16 cache budget exhausted; using q8 kernels (request=64.00 MiB cached=0.00 GiB free=0.89 GiB reserve=1.59 GiB total=31.86 GiB)
ds4: ROCm q8 fp16 cache budget exhausted; using q8 kernels (request=64.00 MiB cached=0.00 GiB free=0.89 GiB reserve=1.59 GiB total=31.86 GiB)
ds4: ROCm q8 fp16 cache budget exhausted; using q8 kernels (request=64.00 MiB cached=0.00 GiB free=0.89 GiB reserve=1.59 GiB total=31.86 GiB)
ds4: ROCm q8 fp16 cache budget exhausted; using q8 kernels (request=64.00 MiB cached=0.00 GiB free=0.89 GiB reserve=1.59 GiB total=31.86 GiB)
ds4: ROCm q8 fp16 cache budget exhausted; using q8 kernels (request=64.00 MiB cached=0.00 GiB free=0.89 GiB reserve=1.59 GiB total=31.86 GiB)
ds4: ROCm q8 fp16 cache budget exhausted; using q8 kernels (request=64.00 MiB cached=0.00 GiB free=0.89 GiB reserve=1.59 GiB total=31.86 GiB)
ds4: ROCm q8 fp16 cache budget exhausted; using q8 kernels (request=64.00 MiB cached=0.00 GiB free=0.89 GiB reserve=1.59 GiB total=31.86 GiB)
case_001 cases=2 prompt=18 target=24 avg_nll=0.196416 lcp=19 api_target_mae=0.196416 api_top_coverage=100/120 api_top1=0.958 api_topn=0.280 api_pair=1.000
ds4: ROCm q8 fp16 cache budget exhausted; using q8 kernels (request=64.00 MiB cached=0.00 GiB free=0.89 GiB reserve=1.59 GiB total=31.86 GiB)
ds4: ROCm q8 fp16 cache budget exhausted; using q8 kernels (request=64.00 MiB cached=0.00 GiB free=0.89 GiB reserve=1.59 GiB total=31.86 GiB)
ds4: ROCm q8 fp16 cache budget exhausted; using q8 kernels (request=64.00 MiB cached=0.00 GiB free=0.89 GiB reserve=1.59 GiB total=31.86 GiB)
ds4: ROCm q8 fp16 cache budget exhausted; using q8 kernels (request=64.00 MiB cached=0.00 GiB free=0.89 GiB reserve=1.59 GiB total=31.86 GiB)
ds4: ROCm q8 fp16 cache budget exhausted; using q8 kernels (request=64.00 MiB cached=0.00 GiB free=0.89 GiB reserve=1.59 GiB total=31.86 GiB)
ds4: ROCm q8 fp16 cache budget exhausted; using q8 kernels (request=64.00 MiB cached=0.00 GiB free=0.89 GiB reserve=1.59 GiB total=31.86 GiB)
ds4: ROCm q8 fp16 cache budget exhausted; using q8 kernels (request=64.00 MiB cached=0.00 GiB free=0.89 GiB reserve=1.59 GiB total=31.86 GiB)
ds4: ROCm q8 fp16 cache budget exhausted; using q8 kernels (request=64.00 MiB cached=0.00 GiB free=0.89 GiB reserve=1.59 GiB total=31.86 GiB)
ds4: ROCm q8 fp16 cache budget exhausted; using q8 kernels (request=64.00 MiB cached=0.00 GiB free=0.89 GiB reserve=1.59 GiB total=31.86 GiB)
ds4: ROCm q8 fp16 cache budget exhausted; using q8 kernels (request=64.00 MiB cached=0.00 GiB free=0.89 GiB reserve=1.59 GiB total=31.86 GiB)
ds4: ROCm q8 fp16 cache budget exhausted; using q8 kernels (request=64.00 MiB cached=0.00 GiB free=0.89 GiB reserve=1.59 GiB total=31.86 GiB)
ds4: ROCm q8 fp16 cache budget exhausted; using q8 kernels (request=64.00 MiB cached=0.00 GiB free=0.89 GiB reserve=1.59 GiB total=31.86 GiB)
ds4: ROCm q8 fp16 cache budget exhausted; using q8 kernels (request=64.00 MiB cached=0.00 GiB free=0.89 GiB reserve=1.59 GiB total=31.86 GiB)
ds4: ROCm q8 fp16 cache budget exhausted; using q8 kernels (request=64.00 MiB cached=0.00 GiB free=0.89 GiB reserve=1.59 GiB total=31.86 GiB)
ds4: ROCm q8 fp16 cache budget exhausted; using q8 kernels (request=64.00 MiB cached=0.00 GiB free=0.89 GiB reserve=1.59 GiB total=31.86 GiB)
ds4: ROCm q8 fp16 cache budget exhausted; using q8 kernels (request=64.00 MiB cached=0.00 GiB free=0.89 GiB reserve=1.59 GiB total=31.86 GiB)
ds4: ROCm q8 fp16 cache budget exhausted; using q8 kernels (request=64.00 MiB cached=0.00 GiB free=0.89 GiB reserve=1.59 GiB total=31.86 GiB)
ds4: ROCm q8 fp16 cache budget exhausted; using q8 kernels (request=64.00 MiB cached=0.00 GiB free=0.89 GiB reserve=1.59 GiB total=31.86 GiB)
ds4: ROCm q8 fp16 cache budget exhausted; using q8 kernels (request=64.00 MiB cached=0.00 GiB free=0.89 GiB reserve=1.59 GiB total=31.86 GiB)
ds4: ROCm q8 fp16 cache budget exhausted; using q8 kernels (request=64.00 MiB cached=0.00 GiB free=0.89 GiB reserve=1.59 GiB total=31.86 GiB)
ds4: ROCm q8 fp16 cache budget exhausted; using q8 kernels (request=64.00 MiB cached=0.00 GiB free=0.89 GiB reserve=1.59 GiB total=31.86 GiB)
ds4: ROCm q8 fp16 cache budget exhausted; using q8 kernels (request=64.00 MiB cached=0.00 GiB free=0.89 GiB reserve=1.59 GiB total=31.86 GiB)
ds4: ROCm q8 fp16 cache budget exhausted; using q8 kernels (request=64.00 MiB cached=0.00 GiB free=0.89 GiB reserve=1.59 GiB total=31.86 GiB)
ds4: ROCm q8 fp16 cache budget exhausted; using q8 kernels (request=64.00 MiB cached=0.00 GiB free=0.89 GiB reserve=1.59 GiB total=31.86 GiB)
ds4: ROCm q8 fp16 cache budget exhausted; using q8 kernels (request=64.00 MiB cached=0.00 GiB free=0.89 GiB reserve=1.59 GiB total=31.86 GiB)
ds4: ROCm q8 fp16 cache budget exhausted; using q8 kernels (request=64.00 MiB cached=0.00 GiB free=0.89 GiB reserve=1.59 GiB total=31.86 GiB)
ds4: ROCm q8 fp16 cache budget exhausted; using q8 kernels (request=64.00 MiB cached=0.00 GiB free=0.89 GiB reserve=1.59 GiB total=31.86 GiB)
ds4: ROCm q8 fp16 cache budget exhausted; using q8 kernels (request=64.00 MiB cached=0.00 GiB free=0.89 GiB reserve=1.59 GiB total=31.86 GiB)
ds4: ROCm q8 fp16 cache budget exhausted; using q8 kernels (request=64.00 MiB cached=0.00 GiB free=0.89 GiB reserve=1.59 GiB total=31.86 GiB)
ds4: ROCm q8 fp16 cache budget exhausted; using q8 kernels (request=64.00 MiB cached=0.00 GiB free=0.89 GiB reserve=1.59 GiB total=31.86 GiB)
ds4: ROCm q8 fp16 cache budget exhausted; using q8 kernels (request=64.00 MiB cached=0.00 GiB free=0.89 GiB reserve=1.59 GiB total=31.86 GiB)
ds4: ROCm q8 fp16 cache budget exhausted; using q8 kernels (request=64.00 MiB cached=0.00 GiB free=0.89 GiB reserve=1.59 GiB total=31.86 GiB)
ds4: ROCm q8 fp16 cache budget exhausted; using q8 kernels (request=64.00 MiB cached=0.00 GiB free=0.89 GiB reserve=1.59 GiB total=31.86 GiB)
ds4: ROCm q8 fp16 cache budget exhausted; using q8 kernels (request=64.00 MiB cached=0.00 GiB free=0.89 GiB reserve=1.59 GiB total=31.86 GiB)
ds4: ROCm q8 fp16 cache budget exhausted; using q8 kernels (request=64.00 MiB cached=0.00 GiB free=0.89 GiB reserve=1.59 GiB total=31.86 GiB)
ds4: ROCm q8 fp16 cache budget exhausted; using q8 kernels (request=64.00 MiB cached=0.00 GiB free=0.89 GiB reserve=1.59 GiB total=31.86 GiB)
ds4: ROCm q8 fp16 cache budget exhausted; using q8 kernels (request=64.00 MiB cached=0.00 GiB free=0.89 GiB reserve=1.59 GiB total=31.86 GiB)
ds4: ROCm q8 fp16 cache budget exhausted; using q8 kernels (request=64.00 MiB cached=0.00 GiB free=0.89 GiB reserve=1.59 GiB total=31.86 GiB)
ds4: ROCm q8 fp16 cache budget exhausted; using q8 kernels (request=64.00 MiB cached=0.00 GiB free=0.89 GiB reserve=1.59 GiB total=31.86 GiB)
ds4: ROCm q8 fp16 cache budget exhausted; using q8 kernels (request=64.00 MiB cached=0.00 GiB free=0.89 GiB reserve=1.59 GiB total=31.86 GiB)
ds4: ROCm q8 fp16 cache budget exhausted; using q8 kernels (request=64.00 MiB cached=0.00 GiB free=0.89 GiB reserve=1.59 GiB total=31.86 GiB)
ds4: ROCm q8 fp16 cache budget exhausted; using q8 kernels (request=64.00 MiB cached=0.00 GiB free=0.89 GiB reserve=1.59 GiB total=31.86 GiB)
ds4: ROCm q8 fp16 cache budget exhausted; using q8 kernels (request=64.00 MiB cached=0.00 GiB free=0.89 GiB reserve=1.59 GiB total=31.86 GiB)
case_002 cases=3 prompt=19 target=24 avg_nll=0.333241 lcp=0 api_target_mae=0.333241 api_top_coverage=96/120 api_top1=0.875 api_topn=0.250 api_pair=1.000
ds4: ROCm q8 fp16 cache budget exhausted; using q8 kernels (request=64.00 MiB cached=0.00 GiB free=0.89 GiB reserve=1.59 GiB total=31.86 GiB)
ds4: ROCm q8 fp16 cache budget exhausted; using q8 kernels (request=64.00 MiB cached=0.00 GiB free=0.89 GiB reserve=1.59 GiB total=31.86 GiB)
ds4: ROCm q8 fp16 cache budget exhausted; using q8 kernels (request=64.00 MiB cached=0.00 GiB free=0.89 GiB reserve=1.59 GiB total=31.86 GiB)
ds4: ROCm q8 fp16 cache budget exhausted; using q8 kernels (request=64.00 MiB cached=0.00 GiB free=0.89 GiB reserve=1.59 GiB total=31.86 GiB)
ds4: ROCm q8 fp16 cache budget exhausted; using q8 kernels (request=64.00 MiB cached=0.00 GiB free=0.89 GiB reserve=1.59 GiB total=31.86 GiB)
ds4: ROCm q8 fp16 cache budget exhausted; using q8 kernels (request=64.00 MiB cached=0.00 GiB free=0.89 GiB reserve=1.59 GiB total=31.86 GiB)
ds4: ROCm q8 fp16 cache budget exhausted; using q8 kernels (request=64.00 MiB cached=0.00 GiB free=0.89 GiB reserve=1.59 GiB total=31.86 GiB)
ds4: ROCm q8 fp16 cache budget exhausted; using q8 kernels (request=64.00 MiB cached=0.00 GiB free=0.89 GiB reserve=1.59 GiB total=31.86 GiB)
ds4: ROCm q8 fp16 cache budget exhausted; using q8 kernels (request=64.00 MiB cached=0.00 GiB free=0.89 GiB reserve=1.59 GiB total=31.86 GiB)
ds4: ROCm q8 fp16 cache budget exhausted; using q8 kernels (request=64.00 MiB cached=0.00 GiB free=0.89 GiB reserve=1.59 GiB total=31.86 GiB)
ds4: ROCm q8 fp16 cache budget exhausted; using q8 kernels (request=64.00 MiB cached=0.00 GiB free=0.89 GiB reserve=1.59 GiB total=31.86 GiB)
ds4: ROCm q8 fp16 cache budget exhausted; using q8 kernels (request=64.00 MiB cached=0.00 GiB free=0.89 GiB reserve=1.59 GiB total=31.86 GiB)
ds4: ROCm q8 fp16 cache budget exhausted; using q8 kernels (request=64.00 MiB cached=0.00 GiB free=0.89 GiB reserve=1.59 GiB total=31.86 GiB)
ds4: ROCm q8 fp16 cache budget exhausted; using q8 kernels (request=64.00 MiB cached=0.00 GiB free=0.89 GiB reserve=1.59 GiB total=31.86 GiB)
ds4: ROCm q8 fp16 cache budget exhausted; using q8 kernels (request=64.00 MiB cached=0.00 GiB free=0.89 GiB reserve=1.59 GiB total=31.86 GiB)
ds4: ROCm q8 fp16 cache budget exhausted; using q8 kernels (request=64.00 MiB cached=0.00 GiB free=0.89 GiB reserve=1.59 GiB total=31.86 GiB)
ds4: ROCm q8 fp16 cache budget exhausted; using q8 kernels (request=64.00 MiB cached=0.00 GiB free=0.89 GiB reserve=1.59 GiB total=31.86 GiB)
ds4: ROCm q8 fp16 cache budget exhausted; using q8 kernels (request=64.00 MiB cached=0.00 GiB free=0.89 GiB reserve=1.59 GiB total=31.86 GiB)
ds4: ROCm q8 fp16 cache budget exhausted; using q8 kernels (request=64.00 MiB cached=0.00 GiB free=0.89 GiB reserve=1.59 GiB total=31.86 GiB)
ds4: ROCm q8 fp16 cache budget exhausted; using q8 kernels (request=64.00 MiB cached=0.00 GiB free=0.89 GiB reserve=1.59 GiB total=31.86 GiB)
ds4: ROCm q8 fp16 cache budget exhausted; using q8 kernels (request=64.00 MiB cached=0.00 GiB free=0.89 GiB reserve=1.59 GiB total=31.86 GiB)
ds4: ROCm q8 fp16 cache budget exhausted; using q8 kernels (request=64.00 MiB cached=0.00 GiB free=0.89 GiB reserve=1.59 GiB total=31.86 GiB)
ds4: ROCm q8 fp16 cache budget exhausted; using q8 kernels (request=64.00 MiB cached=0.00 GiB free=0.89 GiB reserve=1.59 GiB total=31.86 GiB)
ds4: ROCm q8 fp16 cache budget exhausted; using q8 kernels (request=64.00 MiB cached=0.00 GiB free=0.89 GiB reserve=1.59 GiB total=31.86 GiB)
ds4: ROCm q8 fp16 cache budget exhausted; using q8 kernels (request=64.00 MiB cached=0.00 GiB free=0.89 GiB reserve=1.59 GiB total=31.86 GiB)
ds4: ROCm q8 fp16 cache budget exhausted; using q8 kernels (request=64.00 MiB cached=0.00 GiB free=0.89 GiB reserve=1.59 GiB total=31.86 GiB)
ds4: ROCm q8 fp16 cache budget exhausted; using q8 kernels (request=64.00 MiB cached=0.00 GiB free=0.89 GiB reserve=1.59 GiB total=31.86 GiB)
ds4: ROCm q8 fp16 cache budget exhausted; using q8 kernels (request=64.00 MiB cached=0.00 GiB free=0.89 GiB reserve=1.59 GiB total=31.86 GiB)
ds4: ROCm q8 fp16 cache budget exhausted; using q8 kernels (request=64.00 MiB cached=0.00 GiB free=0.89 GiB reserve=1.59 GiB total=31.86 GiB)
ds4: ROCm q8 fp16 cache budget exhausted; using q8 kernels (request=64.00 MiB cached=0.00 GiB free=0.89 GiB reserve=1.59 GiB total=31.86 GiB)
ds4: ROCm q8 fp16 cache budget exhausted; using q8 kernels (request=64.00 MiB cached=0.00 GiB free=0.89 GiB reserve=1.59 GiB total=31.86 GiB)
ds4: ROCm q8 fp16 cache budget exhausted; using q8 kernels (request=64.00 MiB cached=0.00 GiB free=0.89 GiB reserve=1.59 GiB total=31.86 GiB)
ds4: ROCm q8 fp16 cache budget exhausted; using q8 kernels (request=64.00 MiB cached=0.00 GiB free=0.89 GiB reserve=1.59 GiB total=31.86 GiB)
ds4: ROCm q8 fp16 cache budget exhausted; using q8 kernels (request=64.00 MiB cached=0.00 GiB free=0.89 GiB reserve=1.59 GiB total=31.86 GiB)
ds4: ROCm q8 fp16 cache budget exhausted; using q8 kernels (request=64.00 MiB cached=0.00 GiB free=0.89 GiB reserve=1.59 GiB total=31.86 GiB)
ds4: ROCm q8 fp16 cache budget exhausted; using q8 kernels (request=64.00 MiB cached=0.00 GiB free=0.89 GiB reserve=1.59 GiB total=31.86 GiB)
ds4: ROCm q8 fp16 cache budget exhausted; using q8 kernels (request=64.00 MiB cached=0.00 GiB free=0.89 GiB reserve=1.59 GiB total=31.86 GiB)
ds4: ROCm q8 fp16 cache budget exhausted; using q8 kernels (request=64.00 MiB cached=0.00 GiB free=0.89 GiB reserve=1.59 GiB total=31.86 GiB)
ds4: ROCm q8 fp16 cache budget exhausted; using q8 kernels (request=64.00 MiB cached=0.00 GiB free=0.89 GiB reserve=1.59 GiB total=31.86 GiB)
ds4: ROCm q8 fp16 cache budget exhausted; using q8 kernels (request=64.00 MiB cached=0.00 GiB free=0.89 GiB reserve=1.59 GiB total=31.86 GiB)
ds4: ROCm q8 fp16 cache budget exhausted; using q8 kernels (request=64.00 MiB cached=0.00 GiB free=0.89 GiB reserve=1.59 GiB total=31.86 GiB)
ds4: ROCm q8 fp16 cache budget exhausted; using q8 kernels (request=64.00 MiB cached=0.00 GiB free=0.89 GiB reserve=1.59 GiB total=31.86 GiB)
ds4: ROCm q8 fp16 cache budget exhausted; using q8 kernels (request=64.00 MiB cached=0.00 GiB free=0.89 GiB reserve=1.59 GiB total=31.86 GiB)
case_003 cases=4 prompt=19 target=24 avg_nll=0.305293 lcp=0 api_target_mae=0.305293 api_top_coverage=97/120 api_top1=0.875 api_topn=0.247 api_pair=1.000
ds4: ROCm q8 fp16 cache budget exhausted; using q8 kernels (request=64.00 MiB cached=0.00 GiB free=0.89 GiB reserve=1.59 GiB total=31.86 GiB)
ds4: ROCm q8 fp16 cache budget exhausted; using q8 kernels (request=64.00 MiB cached=0.00 GiB free=0.89 GiB reserve=1.59 GiB total=31.86 GiB)
ds4: ROCm q8 fp16 cache budget exhausted; using q8 kernels (request=64.00 MiB cached=0.00 GiB free=0.89 GiB reserve=1.59 GiB total=31.86 GiB)
ds4: ROCm q8 fp16 cache budget exhausted; using q8 kernels (request=64.00 MiB cached=0.00 GiB free=0.89 GiB reserve=1.59 GiB total=31.86 GiB)
ds4: ROCm q8 fp16 cache budget exhausted; using q8 kernels (request=64.00 MiB cached=0.00 GiB free=0.89 GiB reserve=1.59 GiB total=31.86 GiB)
ds4: ROCm q8 fp16 cache budget exhausted; using q8 kernels (request=64.00 MiB cached=0.00 GiB free=0.89 GiB reserve=1.59 GiB total=31.86 GiB)
ds4: ROCm q8 fp16 cache budget exhausted; using q8 kernels (request=64.00 MiB cached=0.00 GiB free=0.89 GiB reserve=1.59 GiB total=31.86 GiB)
ds4: ROCm q8 fp16 cache budget exhausted; using q8 kernels (request=64.00 MiB cached=0.00 GiB free=0.89 GiB reserve=1.59 GiB total=31.86 GiB)
ds4: ROCm q8 fp16 cache budget exhausted; using q8 kernels (request=64.00 MiB cached=0.00 GiB free=0.89 GiB reserve=1.59 GiB total=31.86 GiB)
ds4: ROCm q8 fp16 cache budget exhausted; using q8 kernels (request=64.00 MiB cached=0.00 GiB free=0.89 GiB reserve=1.59 GiB total=31.86 GiB)
ds4: ROCm q8 fp16 cache budget exhausted; using q8 kernels (request=64.00 MiB cached=0.00 GiB free=0.89 GiB reserve=1.59 GiB total=31.86 GiB)
ds4: ROCm q8 fp16 cache budget exhausted; using q8 kernels (request=64.00 MiB cached=0.00 GiB free=0.89 GiB reserve=1.59 GiB total=31.86 GiB)
ds4: ROCm q8 fp16 cache budget exhausted; using q8 kernels (request=64.00 MiB cached=0.00 GiB free=0.89 GiB reserve=1.59 GiB total=31.86 GiB)
ds4: ROCm q8 fp16 cache budget exhausted; using q8 kernels (request=64.00 MiB cached=0.00 GiB free=0.89 GiB reserve=1.59 GiB total=31.86 GiB)
ds4: ROCm q8 fp16 cache budget exhausted; using q8 kernels (request=64.00 MiB cached=0.00 GiB free=0.89 GiB reserve=1.59 GiB total=31.86 GiB)
ds4: ROCm q8 fp16 cache budget exhausted; using q8 kernels (request=64.00 MiB cached=0.00 GiB free=0.89 GiB reserve=1.59 GiB total=31.86 GiB)
ds4: ROCm q8 fp16 cache budget exhausted; using q8 kernels (request=64.00 MiB cached=0.00 GiB free=0.89 GiB reserve=1.59 GiB total=31.86 GiB)
ds4: ROCm q8 fp16 cache budget exhausted; using q8 kernels (request=64.00 MiB cached=0.00 GiB free=0.89 GiB reserve=1.59 GiB total=31.86 GiB)
ds4: ROCm q8 fp16 cache budget exhausted; using q8 kernels (request=64.00 MiB cached=0.00 GiB free=0.89 GiB reserve=1.59 GiB total=31.86 GiB)
ds4: ROCm q8 fp16 cache budget exhausted; using q8 kernels (request=64.00 MiB cached=0.00 GiB free=0.89 GiB reserve=1.59 GiB total=31.86 GiB)
ds4: ROCm q8 fp16 cache budget exhausted; using q8 kernels (request=64.00 MiB cached=0.00 GiB free=0.89 GiB reserve=1.59 GiB total=31.86 GiB)
ds4: ROCm q8 fp16 cache budget exhausted; using q8 kernels (request=64.00 MiB cached=0.00 GiB free=0.89 GiB reserve=1.59 GiB total=31.86 GiB)
ds4: ROCm q8 fp16 cache budget exhausted; using q8 kernels (request=64.00 MiB cached=0.00 GiB free=0.89 GiB reserve=1.59 GiB total=31.86 GiB)
ds4: ROCm q8 fp16 cache budget exhausted; using q8 kernels (request=64.00 MiB cached=0.00 GiB free=0.89 GiB reserve=1.59 GiB total=31.86 GiB)
ds4: ROCm q8 fp16 cache budget exhausted; using q8 kernels (request=64.00 MiB cached=0.00 GiB free=0.89 GiB reserve=1.59 GiB total=31.86 GiB)
ds4: ROCm q8 fp16 cache budget exhausted; using q8 kernels (request=64.00 MiB cached=0.00 GiB free=0.89 GiB reserve=1.59 GiB total=31.86 GiB)
ds4: ROCm q8 fp16 cache budget exhausted; using q8 kernels (request=64.00 MiB cached=0.00 GiB free=0.89 GiB reserve=1.59 GiB total=31.86 GiB)
ds4: ROCm q8 fp16 cache budget exhausted; using q8 kernels (request=64.00 MiB cached=0.00 GiB free=0.89 GiB reserve=1.59 GiB total=31.86 GiB)
ds4: ROCm q8 fp16 cache budget exhausted; using q8 kernels (request=64.00 MiB cached=0.00 GiB free=0.89 GiB reserve=1.59 GiB total=31.86 GiB)
ds4: ROCm q8 fp16 cache budget exhausted; using q8 kernels (request=64.00 MiB cached=0.00 GiB free=0.89 GiB reserve=1.59 GiB total=31.86 GiB)
ds4: ROCm q8 fp16 cache budget exhausted; using q8 kernels (request=64.00 MiB cached=0.00 GiB free=0.89 GiB reserve=1.59 GiB total=31.86 GiB)
ds4: ROCm q8 fp16 cache budget exhausted; using q8 kernels (request=64.00 MiB cached=0.00 GiB free=0.89 GiB reserve=1.59 GiB total=31.86 GiB)
ds4: ROCm q8 fp16 cache budget exhausted; using q8 kernels (request=64.00 MiB cached=0.00 GiB free=0.89 GiB reserve=1.59 GiB total=31.86 GiB)
ds4: ROCm q8 fp16 cache budget exhausted; using q8 kernels (request=64.00 MiB cached=0.00 GiB free=0.89 GiB reserve=1.59 GiB total=31.86 GiB)
ds4: ROCm q8 fp16 cache budget exhausted; using q8 kernels (request=64.00 MiB cached=0.00 GiB free=0.89 GiB reserve=1.59 GiB total=31.86 GiB)
ds4: ROCm q8 fp16 cache budget exhausted; using q8 kernels (request=64.00 MiB cached=0.00 GiB free=0.89 GiB reserve=1.59 GiB total=31.86 GiB)
ds4: ROCm q8 fp16 cache budget exhausted; using q8 kernels (request=64.00 MiB cached=0.00 GiB free=0.89 GiB reserve=1.59 GiB total=31.86 GiB)
ds4: ROCm q8 fp16 cache budget exhausted; using q8 kernels (request=64.00 MiB cached=0.00 GiB free=0.89 GiB reserve=1.59 GiB total=31.86 GiB)
ds4: ROCm q8 fp16 cache budget exhausted; using q8 kernels (request=64.00 MiB cached=0.00 GiB free=0.89 GiB reserve=1.59 GiB total=31.86 GiB)
ds4: ROCm q8 fp16 cache budget exhausted; using q8 kernels (request=64.00 MiB cached=0.00 GiB free=0.89 GiB reserve=1.59 GiB total=31.86 GiB)
ds4: ROCm q8 fp16 cache budget exhausted; using q8 kernels (request=64.00 MiB cached=0.00 GiB free=0.89 GiB reserve=1.59 GiB total=31.86 GiB)
ds4: ROCm q8 fp16 cache budget exhausted; using q8 kernels (request=64.00 MiB cached=0.00 GiB free=0.89 GiB reserve=1.59 GiB total=31.86 GiB)
ds4: ROCm q8 fp16 cache budget exhausted; using q8 kernels (request=64.00 MiB cached=0.00 GiB free=0.89 GiB reserve=1.59 GiB total=31.86 GiB)
case_004 cases=5 prompt=15 target=24 avg_nll=0.803884 lcp=2 api_target_mae=0.803884 api_top_coverage=97/120 api_top1=0.625 api_topn=0.278 api_pair=1.000
ds4: ROCm q8 fp16 cache budget exhausted; using q8 kernels (request=64.00 MiB cached=0.00 GiB free=0.89 GiB reserve=1.59 GiB total=31.86 GiB)
ds4: ROCm q8 fp16 cache budget exhausted; using q8 kernels (request=64.00 MiB cached=0.00 GiB free=0.89 GiB reserve=1.59 GiB total=31.86 GiB)
ds4: ROCm q8 fp16 cache budget exhausted; using q8 kernels (request=64.00 MiB cached=0.00 GiB free=0.89 GiB reserve=1.59 GiB total=31.86 GiB)
ds4: ROCm q8 fp16 cache budget exhausted; using q8 kernels (request=64.00 MiB cached=0.00 GiB free=0.89 GiB reserve=1.59 GiB total=31.86 GiB)
ds4: ROCm q8 fp16 cache budget exhausted; using q8 kernels (request=64.00 MiB cached=0.00 GiB free=0.89 GiB reserve=1.59 GiB total=31.86 GiB)
ds4: ROCm q8 fp16 cache budget exhausted; using q8 kernels (request=64.00 MiB cached=0.00 GiB free=0.89 GiB reserve=1.59 GiB total=31.86 GiB)
ds4: ROCm q8 fp16 cache budget exhausted; using q8 kernels (request=64.00 MiB cached=0.00 GiB free=0.89 GiB reserve=1.59 GiB total=31.86 GiB)
ds4: ROCm q8 fp16 cache budget exhausted; using q8 kernels (request=64.00 MiB cached=0.00 GiB free=0.89 GiB reserve=1.59 GiB total=31.86 GiB)
ds4: ROCm q8 fp16 cache budget exhausted; using q8 kernels (request=64.00 MiB cached=0.00 GiB free=0.89 GiB reserve=1.59 GiB total=31.86 GiB)
ds4: ROCm q8 fp16 cache budget exhausted; using q8 kernels (request=64.00 MiB cached=0.00 GiB free=0.89 GiB reserve=1.59 GiB total=31.86 GiB)
ds4: ROCm q8 fp16 cache budget exhausted; using q8 kernels (request=64.00 MiB cached=0.00 GiB free=0.89 GiB reserve=1.59 GiB total=31.86 GiB)
ds4: ROCm q8 fp16 cache budget exhausted; using q8 kernels (request=64.00 MiB cached=0.00 GiB free=0.89 GiB reserve=1.59 GiB total=31.86 GiB)
ds4: ROCm q8 fp16 cache budget exhausted; using q8 kernels (request=64.00 MiB cached=0.00 GiB free=0.89 GiB reserve=1.59 GiB total=31.86 GiB)
ds4: ROCm q8 fp16 cache budget exhausted; using q8 kernels (request=64.00 MiB cached=0.00 GiB free=0.89 GiB reserve=1.59 GiB total=31.86 GiB)
ds4: ROCm q8 fp16 cache budget exhausted; using q8 kernels (request=64.00 MiB cached=0.00 GiB free=0.89 GiB reserve=1.59 GiB total=31.86 GiB)
ds4: ROCm q8 fp16 cache budget exhausted; using q8 kernels (request=64.00 MiB cached=0.00 GiB free=0.89 GiB reserve=1.59 GiB total=31.86 GiB)
ds4: ROCm q8 fp16 cache budget exhausted; using q8 kernels (request=64.00 MiB cached=0.00 GiB free=0.89 GiB reserve=1.59 GiB total=31.86 GiB)
ds4: ROCm q8 fp16 cache budget exhausted; using q8 kernels (request=64.00 MiB cached=0.00 GiB free=0.89 GiB reserve=1.59 GiB total=31.86 GiB)
ds4: ROCm q8 fp16 cache budget exhausted; using q8 kernels (request=64.00 MiB cached=0.00 GiB free=0.89 GiB reserve=1.59 GiB total=31.86 GiB)
ds4: ROCm q8 fp16 cache budget exhausted; using q8 kernels (request=64.00 MiB cached=0.00 GiB free=0.89 GiB reserve=1.59 GiB total=31.86 GiB)
ds4: ROCm q8 fp16 cache budget exhausted; using q8 kernels (request=64.00 MiB cached=0.00 GiB free=0.89 GiB reserve=1.59 GiB total=31.86 GiB)
ds4: ROCm q8 fp16 cache budget exhausted; using q8 kernels (request=64.00 MiB cached=0.00 GiB free=0.89 GiB reserve=1.59 GiB total=31.86 GiB)
ds4: ROCm q8 fp16 cache budget exhausted; using q8 kernels (request=64.00 MiB cached=0.00 GiB free=0.89 GiB reserve=1.59 GiB total=31.86 GiB)
ds4: ROCm q8 fp16 cache budget exhausted; using q8 kernels (request=64.00 MiB cached=0.00 GiB free=0.89 GiB reserve=1.59 GiB total=31.86 GiB)
ds4: ROCm q8 fp16 cache budget exhausted; using q8 kernels (request=64.00 MiB cached=0.00 GiB free=0.89 GiB reserve=1.59 GiB total=31.86 GiB)
ds4: ROCm q8 fp16 cache budget exhausted; using q8 kernels (request=64.00 MiB cached=0.00 GiB free=0.89 GiB reserve=1.59 GiB total=31.86 GiB)
ds4: ROCm q8 fp16 cache budget exhausted; using q8 kernels (request=64.00 MiB cached=0.00 GiB free=0.89 GiB reserve=1.59 GiB total=31.86 GiB)
ds4: ROCm q8 fp16 cache budget exhausted; using q8 kernels (request=64.00 MiB cached=0.00 GiB free=0.89 GiB reserve=1.59 GiB total=31.86 GiB)
ds4: ROCm q8 fp16 cache budget exhausted; using q8 kernels (request=64.00 MiB cached=0.00 GiB free=0.89 GiB reserve=1.59 GiB total=31.86 GiB)
ds4: ROCm q8 fp16 cache budget exhausted; using q8 kernels (request=64.00 MiB cached=0.00 GiB free=0.89 GiB reserve=1.59 GiB total=31.86 GiB)
ds4: ROCm q8 fp16 cache budget exhausted; using q8 kernels (request=64.00 MiB cached=0.00 GiB free=0.89 GiB reserve=1.59 GiB total=31.86 GiB)
ds4: ROCm q8 fp16 cache budget exhausted; using q8 kernels (request=64.00 MiB cached=0.00 GiB free=0.89 GiB reserve=1.59 GiB total=31.86 GiB)
ds4: ROCm q8 fp16 cache budget exhausted; using q8 kernels (request=64.00 MiB cached=0.00 GiB free=0.89 GiB reserve=1.59 GiB total=31.86 GiB)
ds4: ROCm q8 fp16 cache budget exhausted; using q8 kernels (request=64.00 MiB cached=0.00 GiB free=0.89 GiB reserve=1.59 GiB total=31.86 GiB)
ds4: ROCm q8 fp16 cache budget exhausted; using q8 kernels (request=64.00 MiB cached=0.00 GiB free=0.89 GiB reserve=1.59 GiB total=31.86 GiB)
ds4: ROCm q8 fp16 cache budget exhausted; using q8 kernels (request=64.00 MiB cached=0.00 GiB free=0.89 GiB reserve=1.59 GiB total=31.86 GiB)
ds4: ROCm q8 fp16 cache budget exhausted; using q8 kernels (request=64.00 MiB cached=0.00 GiB free=0.89 GiB reserve=1.59 GiB total=31.86 GiB)
ds4: ROCm q8 fp16 cache budget exhausted; using q8 kernels (request=64.00 MiB cached=0.00 GiB free=0.89 GiB reserve=1.59 GiB total=31.86 GiB)
ds4: ROCm q8 fp16 cache budget exhausted; using q8 kernels (request=64.00 MiB cached=0.00 GiB free=0.89 GiB reserve=1.59 GiB total=31.86 GiB)
ds4: ROCm q8 fp16 cache budget exhausted; using q8 kernels (request=64.00 MiB cached=0.00 GiB free=0.89 GiB reserve=1.59 GiB total=31.86 GiB)
ds4: ROCm q8 fp16 cache budget exhausted; using q8 kernels (request=64.00 MiB cached=0.00 GiB free=0.89 GiB reserve=1.59 GiB total=31.86 GiB)
ds4: ROCm q8 fp16 cache budget exhausted; using q8 kernels (request=64.00 MiB cached=0.00 GiB free=0.89 GiB reserve=1.59 GiB total=31.86 GiB)
ds4: ROCm q8 fp16 cache budget exhausted; using q8 kernels (request=64.00 MiB cached=0.00 GiB free=0.89 GiB reserve=1.59 GiB total=31.86 GiB)
case_005 cases=6 prompt=14 target=24 avg_nll=0.103851 lcp=9 api_target_mae=0.103851 api_top_coverage=96/120 api_top1=0.958 api_topn=0.250 api_pair=1.000
ds4: ROCm q8 fp16 cache budget exhausted; using q8 kernels (request=64.00 MiB cached=0.00 GiB free=0.89 GiB reserve=1.59 GiB total=31.86 GiB)
ds4: ROCm q8 fp16 cache budget exhausted; using q8 kernels (request=64.00 MiB cached=0.00 GiB free=0.89 GiB reserve=1.59 GiB total=31.86 GiB)
ds4: ROCm q8 fp16 cache budget exhausted; using q8 kernels (request=64.00 MiB cached=0.00 GiB free=0.89 GiB reserve=1.59 GiB total=31.86 GiB)
ds4: ROCm q8 fp16 cache budget exhausted; using q8 kernels (request=64.00 MiB cached=0.00 GiB free=0.89 GiB reserve=1.59 GiB total=31.86 GiB)
ds4: ROCm q8 fp16 cache budget exhausted; using q8 kernels (request=64.00 MiB cached=0.00 GiB free=0.89 GiB reserve=1.59 GiB total=31.86 GiB)
ds4: ROCm q8 fp16 cache budget exhausted; using q8 kernels (request=64.00 MiB cached=0.00 GiB free=0.89 GiB reserve=1.59 GiB total=31.86 GiB)
ds4: ROCm q8 fp16 cache budget exhausted; using q8 kernels (request=64.00 MiB cached=0.00 GiB free=0.89 GiB reserve=1.59 GiB total=31.86 GiB)
ds4: ROCm q8 fp16 cache budget exhausted; using q8 kernels (request=64.00 MiB cached=0.00 GiB free=0.89 GiB reserve=1.59 GiB total=31.86 GiB)
ds4: ROCm q8 fp16 cache budget exhausted; using q8 kernels (request=64.00 MiB cached=0.00 GiB free=0.89 GiB reserve=1.59 GiB total=31.86 GiB)
ds4: ROCm q8 fp16 cache budget exhausted; using q8 kernels (request=64.00 MiB cached=0.00 GiB free=0.89 GiB reserve=1.59 GiB total=31.86 GiB)
ds4: ROCm q8 fp16 cache budget exhausted; using q8 kernels (request=64.00 MiB cached=0.00 GiB free=0.89 GiB reserve=1.59 GiB total=31.86 GiB)
ds4: ROCm q8 fp16 cache budget exhausted; using q8 kernels (request=64.00 MiB cached=0.00 GiB free=0.89 GiB reserve=1.59 GiB total=31.86 GiB)
ds4: ROCm q8 fp16 cache budget exhausted; using q8 kernels (request=64.00 MiB cached=0.00 GiB free=0.89 GiB reserve=1.59 GiB total=31.86 GiB)
ds4: ROCm q8 fp16 cache budget exhausted; using q8 kernels (request=64.00 MiB cached=0.00 GiB free=0.89 GiB reserve=1.59 GiB total=31.86 GiB)
ds4: ROCm q8 fp16 cache budget exhausted; using q8 kernels (request=64.00 MiB cached=0.00 GiB free=0.89 GiB reserve=1.59 GiB total=31.86 GiB)
ds4: ROCm q8 fp16 cache budget exhausted; using q8 kernels (request=64.00 MiB cached=0.00 GiB free=0.89 GiB reserve=1.59 GiB total=31.86 GiB)
ds4: ROCm q8 fp16 cache budget exhausted; using q8 kernels (request=64.00 MiB cached=0.00 GiB free=0.89 GiB reserve=1.59 GiB total=31.86 GiB)
ds4: ROCm q8 fp16 cache budget exhausted; using q8 kernels (request=64.00 MiB cached=0.00 GiB free=0.89 GiB reserve=1.59 GiB total=31.86 GiB)
ds4: ROCm q8 fp16 cache budget exhausted; using q8 kernels (request=64.00 MiB cached=0.00 GiB free=0.89 GiB reserve=1.59 GiB total=31.86 GiB)
ds4: ROCm q8 fp16 cache budget exhausted; using q8 kernels (request=64.00 MiB cached=0.00 GiB free=0.89 GiB reserve=1.59 GiB total=31.86 GiB)
ds4: ROCm q8 fp16 cache budget exhausted; using q8 kernels (request=64.00 MiB cached=0.00 GiB free=0.89 GiB reserve=1.59 GiB total=31.86 GiB)
ds4: ROCm q8 fp16 cache budget exhausted; using q8 kernels (request=64.00 MiB cached=0.00 GiB free=0.89 GiB reserve=1.59 GiB total=31.86 GiB)
ds4: ROCm q8 fp16 cache budget exhausted; using q8 kernels (request=64.00 MiB cached=0.00 GiB free=0.89 GiB reserve=1.59 GiB total=31.86 GiB)
ds4: ROCm q8 fp16 cache budget exhausted; using q8 kernels (request=64.00 MiB cached=0.00 GiB free=0.89 GiB reserve=1.59 GiB total=31.86 GiB)
ds4: ROCm q8 fp16 cache budget exhausted; using q8 kernels (request=64.00 MiB cached=0.00 GiB free=0.89 GiB reserve=1.59 GiB total=31.86 GiB)
ds4: ROCm q8 fp16 cache budget exhausted; using q8 kernels (request=64.00 MiB cached=0.00 GiB free=0.89 GiB reserve=1.59 GiB total=31.86 GiB)
ds4: ROCm q8 fp16 cache budget exhausted; using q8 kernels (request=64.00 MiB cached=0.00 GiB free=0.89 GiB reserve=1.59 GiB total=31.86 GiB)
ds4: ROCm q8 fp16 cache budget exhausted; using q8 kernels (request=64.00 MiB cached=0.00 GiB free=0.89 GiB reserve=1.59 GiB total=31.86 GiB)
ds4: ROCm q8 fp16 cache budget exhausted; using q8 kernels (request=64.00 MiB cached=0.00 GiB free=0.89 GiB reserve=1.59 GiB total=31.86 GiB)
ds4: ROCm q8 fp16 cache budget exhausted; using q8 kernels (request=64.00 MiB cached=0.00 GiB free=0.89 GiB reserve=1.59 GiB total=31.86 GiB)
ds4: ROCm q8 fp16 cache budget exhausted; using q8 kernels (request=64.00 MiB cached=0.00 GiB free=0.89 GiB reserve=1.59 GiB total=31.86 GiB)
ds4: ROCm q8 fp16 cache budget exhausted; using q8 kernels (request=64.00 MiB cached=0.00 GiB free=0.89 GiB reserve=1.59 GiB total=31.86 GiB)
ds4: ROCm q8 fp16 cache budget exhausted; using q8 kernels (request=64.00 MiB cached=0.00 GiB free=0.89 GiB reserve=1.59 GiB total=31.86 GiB)
ds4: ROCm q8 fp16 cache budget exhausted; using q8 kernels (request=64.00 MiB cached=0.00 GiB free=0.89 GiB reserve=1.59 GiB total=31.86 GiB)
ds4: ROCm q8 fp16 cache budget exhausted; using q8 kernels (request=64.00 MiB cached=0.00 GiB free=0.89 GiB reserve=1.59 GiB total=31.86 GiB)
ds4: ROCm q8 fp16 cache budget exhausted; using q8 kernels (request=64.00 MiB cached=0.00 GiB free=0.89 GiB reserve=1.59 GiB total=31.86 GiB)
ds4: ROCm q8 fp16 cache budget exhausted; using q8 kernels (request=64.00 MiB cached=0.00 GiB free=0.89 GiB reserve=1.59 GiB total=31.86 GiB)
ds4: ROCm q8 fp16 cache budget exhausted; using q8 kernels (request=64.00 MiB cached=0.00 GiB free=0.89 GiB reserve=1.59 GiB total=31.86 GiB)
ds4: ROCm q8 fp16 cache budget exhausted; using q8 kernels (request=64.00 MiB cached=0.00 GiB free=0.89 GiB reserve=1.59 GiB total=31.86 GiB)
ds4: ROCm q8 fp16 cache budget exhausted; using q8 kernels (request=64.00 MiB cached=0.00 GiB free=0.89 GiB reserve=1.59 GiB total=31.86 GiB)
ds4: ROCm q8 fp16 cache budget exhausted; using q8 kernels (request=64.00 MiB cached=0.00 GiB free=0.89 GiB reserve=1.59 GiB total=31.86 GiB)
ds4: ROCm q8 fp16 cache budget exhausted; using q8 kernels (request=64.00 MiB cached=0.00 GiB free=0.89 GiB reserve=1.59 GiB total=31.86 GiB)
ds4: ROCm q8 fp16 cache budget exhausted; using q8 kernels (request=64.00 MiB cached=0.00 GiB free=0.89 GiB reserve=1.59 GiB total=31.86 GiB)
case_006 cases=7 prompt=18 target=24 avg_nll=0.385372 lcp=2 api_target_mae=0.385372 api_top_coverage=98/120 api_top1=0.750 api_topn=0.265 api_pair=1.000
ds4: ROCm q8 fp16 cache budget exhausted; using q8 kernels (request=64.00 MiB cached=0.00 GiB free=0.89 GiB reserve=1.59 GiB total=31.86 GiB)
ds4: ROCm q8 fp16 cache budget exhausted; using q8 kernels (request=64.00 MiB cached=0.00 GiB free=0.89 GiB reserve=1.59 GiB total=31.86 GiB)
ds4: ROCm q8 fp16 cache budget exhausted; using q8 kernels (request=64.00 MiB cached=0.00 GiB free=0.89 GiB reserve=1.59 GiB total=31.86 GiB)
ds4: ROCm q8 fp16 cache budget exhausted; using q8 kernels (request=64.00 MiB cached=0.00 GiB free=0.89 GiB reserve=1.59 GiB total=31.86 GiB)
ds4: ROCm q8 fp16 cache budget exhausted; using q8 kernels (request=64.00 MiB cached=0.00 GiB free=0.89 GiB reserve=1.59 GiB total=31.86 GiB)
ds4: ROCm q8 fp16 cache budget exhausted; using q8 kernels (request=64.00 MiB cached=0.00 GiB free=0.89 GiB reserve=1.59 GiB total=31.86 GiB)
ds4: ROCm q8 fp16 cache budget exhausted; using q8 kernels (request=64.00 MiB cached=0.00 GiB free=0.89 GiB reserve=1.59 GiB total=31.86 GiB)
ds4: ROCm q8 fp16 cache budget exhausted; using q8 kernels (request=64.00 MiB cached=0.00 GiB free=0.89 GiB reserve=1.59 GiB total=31.86 GiB)
ds4: ROCm q8 fp16 cache budget exhausted; using q8 kernels (request=64.00 MiB cached=0.00 GiB free=0.89 GiB reserve=1.59 GiB total=31.86 GiB)
ds4: ROCm q8 fp16 cache budget exhausted; using q8 kernels (request=64.00 MiB cached=0.00 GiB free=0.89 GiB reserve=1.59 GiB total=31.86 GiB)
ds4: ROCm q8 fp16 cache budget exhausted; using q8 kernels (request=64.00 MiB cached=0.00 GiB free=0.89 GiB reserve=1.59 GiB total=31.86 GiB)
ds4: ROCm q8 fp16 cache budget exhausted; using q8 kernels (request=64.00 MiB cached=0.00 GiB free=0.89 GiB reserve=1.59 GiB total=31.86 GiB)
ds4: ROCm q8 fp16 cache budget exhausted; using q8 kernels (request=64.00 MiB cached=0.00 GiB free=0.89 GiB reserve=1.59 GiB total=31.86 GiB)
ds4: ROCm q8 fp16 cache budget exhausted; using q8 kernels (request=64.00 MiB cached=0.00 GiB free=0.89 GiB reserve=1.59 GiB total=31.86 GiB)
ds4: ROCm q8 fp16 cache budget exhausted; using q8 kernels (request=64.00 MiB cached=0.00 GiB free=0.89 GiB reserve=1.59 GiB total=31.86 GiB)
ds4: ROCm q8 fp16 cache budget exhausted; using q8 kernels (request=64.00 MiB cached=0.00 GiB free=0.89 GiB reserve=1.59 GiB total=31.86 GiB)
ds4: ROCm q8 fp16 cache budget exhausted; using q8 kernels (request=64.00 MiB cached=0.00 GiB free=0.89 GiB reserve=1.59 GiB total=31.86 GiB)
ds4: ROCm q8 fp16 cache budget exhausted; using q8 kernels (request=64.00 MiB cached=0.00 GiB free=0.89 GiB reserve=1.59 GiB total=31.86 GiB)
ds4: ROCm q8 fp16 cache budget exhausted; using q8 kernels (request=64.00 MiB cached=0.00 GiB free=0.89 GiB reserve=1.59 GiB total=31.86 GiB)
ds4: ROCm q8 fp16 cache budget exhausted; using q8 kernels (request=64.00 MiB cached=0.00 GiB free=0.89 GiB reserve=1.59 GiB total=31.86 GiB)
ds4: ROCm q8 fp16 cache budget exhausted; using q8 kernels (request=64.00 MiB cached=0.00 GiB free=0.89 GiB reserve=1.59 GiB total=31.86 GiB)
ds4: ROCm q8 fp16 cache budget exhausted; using q8 kernels (request=64.00 MiB cached=0.00 GiB free=0.89 GiB reserve=1.59 GiB total=31.86 GiB)
ds4: ROCm q8 fp16 cache budget exhausted; using q8 kernels (request=64.00 MiB cached=0.00 GiB free=0.89 GiB reserve=1.59 GiB total=31.86 GiB)
ds4: ROCm q8 fp16 cache budget exhausted; using q8 kernels (request=64.00 MiB cached=0.00 GiB free=0.89 GiB reserve=1.59 GiB total=31.86 GiB)
ds4: ROCm q8 fp16 cache budget exhausted; using q8 kernels (request=64.00 MiB cached=0.00 GiB free=0.89 GiB reserve=1.59 GiB total=31.86 GiB)
ds4: ROCm q8 fp16 cache budget exhausted; using q8 kernels (request=64.00 MiB cached=0.00 GiB free=0.89 GiB reserve=1.59 GiB total=31.86 GiB)
ds4: ROCm q8 fp16 cache budget exhausted; using q8 kernels (request=64.00 MiB cached=0.00 GiB free=0.89 GiB reserve=1.59 GiB total=31.86 GiB)
ds4: ROCm q8 fp16 cache budget exhausted; using q8 kernels (request=64.00 MiB cached=0.00 GiB free=0.89 GiB reserve=1.59 GiB total=31.86 GiB)
ds4: ROCm q8 fp16 cache budget exhausted; using q8 kernels (request=64.00 MiB cached=0.00 GiB free=0.89 GiB reserve=1.59 GiB total=31.86 GiB)
ds4: ROCm q8 fp16 cache budget exhausted; using q8 kernels (request=64.00 MiB cached=0.00 GiB free=0.89 GiB reserve=1.59 GiB total=31.86 GiB)
ds4: ROCm q8 fp16 cache budget exhausted; using q8 kernels (request=64.00 MiB cached=0.00 GiB free=0.89 GiB reserve=1.59 GiB total=31.86 GiB)
ds4: ROCm q8 fp16 cache budget exhausted; using q8 kernels (request=64.00 MiB cached=0.00 GiB free=0.89 GiB reserve=1.59 GiB total=31.86 GiB)
ds4: ROCm q8 fp16 cache budget exhausted; using q8 kernels (request=64.00 MiB cached=0.00 GiB free=0.89 GiB reserve=1.59 GiB total=31.86 GiB)
ds4: ROCm q8 fp16 cache budget exhausted; using q8 kernels (request=64.00 MiB cached=0.00 GiB free=0.89 GiB reserve=1.59 GiB total=31.86 GiB)
ds4: ROCm q8 fp16 cache budget exhausted; using q8 kernels (request=64.00 MiB cached=0.00 GiB free=0.89 GiB reserve=1.59 GiB total=31.86 GiB)
ds4: ROCm q8 fp16 cache budget exhausted; using q8 kernels (request=64.00 MiB cached=0.00 GiB free=0.89 GiB reserve=1.59 GiB total=31.86 GiB)
ds4: ROCm q8 fp16 cache budget exhausted; using q8 kernels (request=64.00 MiB cached=0.00 GiB free=0.89 GiB reserve=1.59 GiB total=31.86 GiB)
ds4: ROCm q8 fp16 cache budget exhausted; using q8 kernels (request=64.00 MiB cached=0.00 GiB free=0.89 GiB reserve=1.59 GiB total=31.86 GiB)
ds4: ROCm q8 fp16 cache budget exhausted; using q8 kernels (request=64.00 MiB cached=0.00 GiB free=0.89 GiB reserve=1.59 GiB total=31.86 GiB)
ds4: ROCm q8 fp16 cache budget exhausted; using q8 kernels (request=64.00 MiB cached=0.00 GiB free=0.89 GiB reserve=1.59 GiB total=31.86 GiB)
ds4: ROCm q8 fp16 cache budget exhausted; using q8 kernels (request=64.00 MiB cached=0.00 GiB free=0.89 GiB reserve=1.59 GiB total=31.86 GiB)
ds4: ROCm q8 fp16 cache budget exhausted; using q8 kernels (request=64.00 MiB cached=0.00 GiB free=0.89 GiB reserve=1.59 GiB total=31.86 GiB)
ds4: ROCm q8 fp16 cache budget exhausted; using q8 kernels (request=64.00 MiB cached=0.00 GiB free=0.89 GiB reserve=1.59 GiB total=31.86 GiB)
case_007 cases=8 prompt=14 target=24 avg_nll=0.509793 lcp=0 api_target_mae=0.509793 api_top_coverage=119/120 api_top1=0.875 api_topn=0.782 api_pair=0.968
ds4: ROCm q8 fp16 cache budget exhausted; using q8 kernels (request=64.00 MiB cached=0.00 GiB free=0.89 GiB reserve=1.59 GiB total=31.86 GiB)
ds4: ROCm q8 fp16 cache budget exhausted; using q8 kernels (request=64.00 MiB cached=0.00 GiB free=0.89 GiB reserve=1.59 GiB total=31.86 GiB)
ds4: ROCm q8 fp16 cache budget exhausted; using q8 kernels (request=64.00 MiB cached=0.00 GiB free=0.89 GiB reserve=1.59 GiB total=31.86 GiB)
ds4: ROCm q8 fp16 cache budget exhausted; using q8 kernels (request=64.00 MiB cached=0.00 GiB free=0.89 GiB reserve=1.59 GiB total=31.86 GiB)
ds4: ROCm q8 fp16 cache budget exhausted; using q8 kernels (request=64.00 MiB cached=0.00 GiB free=0.89 GiB reserve=1.59 GiB total=31.86 GiB)
ds4: ROCm q8 fp16 cache budget exhausted; using q8 kernels (request=64.00 MiB cached=0.00 GiB free=0.89 GiB reserve=1.59 GiB total=31.86 GiB)
ds4: ROCm q8 fp16 cache budget exhausted; using q8 kernels (request=64.00 MiB cached=0.00 GiB free=0.89 GiB reserve=1.59 GiB total=31.86 GiB)
ds4: ROCm q8 fp16 cache budget exhausted; using q8 kernels (request=64.00 MiB cached=0.00 GiB free=0.89 GiB reserve=1.59 GiB total=31.86 GiB)
ds4: ROCm q8 fp16 cache budget exhausted; using q8 kernels (request=64.00 MiB cached=0.00 GiB free=0.89 GiB reserve=1.59 GiB total=31.86 GiB)
ds4: ROCm q8 fp16 cache budget exhausted; using q8 kernels (request=64.00 MiB cached=0.00 GiB free=0.89 GiB reserve=1.59 GiB total=31.86 GiB)
ds4: ROCm q8 fp16 cache budget exhausted; using q8 kernels (request=64.00 MiB cached=0.00 GiB free=0.89 GiB reserve=1.59 GiB total=31.86 GiB)
ds4: ROCm q8 fp16 cache budget exhausted; using q8 kernels (request=64.00 MiB cached=0.00 GiB free=0.89 GiB reserve=1.59 GiB total=31.86 GiB)
ds4: ROCm q8 fp16 cache budget exhausted; using q8 kernels (request=64.00 MiB cached=0.00 GiB free=0.89 GiB reserve=1.59 GiB total=31.86 GiB)
ds4: ROCm q8 fp16 cache budget exhausted; using q8 kernels (request=64.00 MiB cached=0.00 GiB free=0.89 GiB reserve=1.59 GiB total=31.86 GiB)
ds4: ROCm q8 fp16 cache budget exhausted; using q8 kernels (request=64.00 MiB cached=0.00 GiB free=0.89 GiB reserve=1.59 GiB total=31.86 GiB)
ds4: ROCm q8 fp16 cache budget exhausted; using q8 kernels (request=64.00 MiB cached=0.00 GiB free=0.89 GiB reserve=1.59 GiB total=31.86 GiB)
ds4: ROCm q8 fp16 cache budget exhausted; using q8 kernels (request=64.00 MiB cached=0.00 GiB free=0.89 GiB reserve=1.59 GiB total=31.86 GiB)
ds4: ROCm q8 fp16 cache budget exhausted; using q8 kernels (request=64.00 MiB cached=0.00 GiB free=0.89 GiB reserve=1.59 GiB total=31.86 GiB)
ds4: ROCm q8 fp16 cache budget exhausted; using q8 kernels (request=64.00 MiB cached=0.00 GiB free=0.89 GiB reserve=1.59 GiB total=31.86 GiB)
ds4: ROCm q8 fp16 cache budget exhausted; using q8 kernels (request=64.00 MiB cached=0.00 GiB free=0.89 GiB reserve=1.59 GiB total=31.86 GiB)
ds4: ROCm q8 fp16 cache budget exhausted; using q8 kernels (request=64.00 MiB cached=0.00 GiB free=0.89 GiB reserve=1.59 GiB total=31.86 GiB)
ds4: ROCm q8 fp16 cache budget exhausted; using q8 kernels (request=64.00 MiB cached=0.00 GiB free=0.89 GiB reserve=1.59 GiB total=31.86 GiB)
ds4: ROCm q8 fp16 cache budget exhausted; using q8 kernels (request=64.00 MiB cached=0.00 GiB free=0.89 GiB reserve=1.59 GiB total=31.86 GiB)
ds4: ROCm q8 fp16 cache budget exhausted; using q8 kernels (request=64.00 MiB cached=0.00 GiB free=0.89 GiB reserve=1.59 GiB total=31.86 GiB)
ds4: ROCm q8 fp16 cache budget exhausted; using q8 kernels (request=64.00 MiB cached=0.00 GiB free=0.89 GiB reserve=1.59 GiB total=31.86 GiB)
ds4: ROCm q8 fp16 cache budget exhausted; using q8 kernels (request=64.00 MiB cached=0.00 GiB free=0.89 GiB reserve=1.59 GiB total=31.86 GiB)
ds4: ROCm q8 fp16 cache budget exhausted; using q8 kernels (request=64.00 MiB cached=0.00 GiB free=0.89 GiB reserve=1.59 GiB total=31.86 GiB)
ds4: ROCm q8 fp16 cache budget exhausted; using q8 kernels (request=64.00 MiB cached=0.00 GiB free=0.89 GiB reserve=1.59 GiB total=31.86 GiB)
ds4: ROCm q8 fp16 cache budget exhausted; using q8 kernels (request=64.00 MiB cached=0.00 GiB free=0.89 GiB reserve=1.59 GiB total=31.86 GiB)
ds4: ROCm q8 fp16 cache budget exhausted; using q8 kernels (request=64.00 MiB cached=0.00 GiB free=0.89 GiB reserve=1.59 GiB total=31.86 GiB)
ds4: ROCm q8 fp16 cache budget exhausted; using q8 kernels (request=64.00 MiB cached=0.00 GiB free=0.89 GiB reserve=1.59 GiB total=31.86 GiB)
ds4: ROCm q8 fp16 cache budget exhausted; using q8 kernels (request=64.00 MiB cached=0.00 GiB free=0.89 GiB reserve=1.59 GiB total=31.86 GiB)
ds4: ROCm q8 fp16 cache budget exhausted; using q8 kernels (request=64.00 MiB cached=0.00 GiB free=0.89 GiB reserve=1.59 GiB total=31.86 GiB)
ds4: ROCm q8 fp16 cache budget exhausted; using q8 kernels (request=64.00 MiB cached=0.00 GiB free=0.89 GiB reserve=1.59 GiB total=31.86 GiB)
ds4: ROCm q8 fp16 cache budget exhausted; using q8 kernels (request=64.00 MiB cached=0.00 GiB free=0.89 GiB reserve=1.59 GiB total=31.86 GiB)
ds4: ROCm q8 fp16 cache budget exhausted; using q8 kernels (request=64.00 MiB cached=0.00 GiB free=0.89 GiB reserve=1.59 GiB total=31.86 GiB)
ds4: ROCm q8 fp16 cache budget exhausted; using q8 kernels (request=64.00 MiB cached=0.00 GiB free=0.89 GiB reserve=1.59 GiB total=31.86 GiB)
ds4: ROCm q8 fp16 cache budget exhausted; using q8 kernels (request=64.00 MiB cached=0.00 GiB free=0.89 GiB reserve=1.59 GiB total=31.86 GiB)
ds4: ROCm q8 fp16 cache budget exhausted; using q8 kernels (request=64.00 MiB cached=0.00 GiB free=0.89 GiB reserve=1.59 GiB total=31.86 GiB)
ds4: ROCm q8 fp16 cache budget exhausted; using q8 kernels (request=64.00 MiB cached=0.00 GiB free=0.89 GiB reserve=1.59 GiB total=31.86 GiB)
ds4: ROCm q8 fp16 cache budget exhausted; using q8 kernels (request=64.00 MiB cached=0.00 GiB free=0.89 GiB reserve=1.59 GiB total=31.86 GiB)
ds4: ROCm q8 fp16 cache budget exhausted; using q8 kernels (request=64.00 MiB cached=0.00 GiB free=0.89 GiB reserve=1.59 GiB total=31.86 GiB)
ds4: ROCm q8 fp16 cache budget exhausted; using q8 kernels (request=64.00 MiB cached=0.00 GiB free=0.89 GiB reserve=1.59 GiB total=31.86 GiB)
case_008 cases=9 prompt=20 target=24 avg_nll=0.391090 lcp=12 api_target_mae=0.391090 api_top_coverage=97/120 api_top1=0.875 api_topn=0.268 api_pair=1.000
ds4: ROCm q8 fp16 cache budget exhausted; using q8 kernels (request=64.00 MiB cached=0.00 GiB free=0.89 GiB reserve=1.59 GiB total=31.86 GiB)
ds4: ROCm q8 fp16 cache budget exhausted; using q8 kernels (request=64.00 MiB cached=0.00 GiB free=0.89 GiB reserve=1.59 GiB total=31.86 GiB)
ds4: ROCm q8 fp16 cache budget exhausted; using q8 kernels (request=64.00 MiB cached=0.00 GiB free=0.89 GiB reserve=1.59 GiB total=31.86 GiB)
ds4: ROCm q8 fp16 cache budget exhausted; using q8 kernels (request=64.00 MiB cached=0.00 GiB free=0.89 GiB reserve=1.59 GiB total=31.86 GiB)
ds4: ROCm q8 fp16 cache budget exhausted; using q8 kernels (request=64.00 MiB cached=0.00 GiB free=0.89 GiB reserve=1.59 GiB total=31.86 GiB)
ds4: ROCm q8 fp16 cache budget exhausted; using q8 kernels (request=64.00 MiB cached=0.00 GiB free=0.89 GiB reserve=1.59 GiB total=31.86 GiB)
ds4: ROCm q8 fp16 cache budget exhausted; using q8 kernels (request=64.00 MiB cached=0.00 GiB free=0.89 GiB reserve=1.59 GiB total=31.86 GiB)
ds4: ROCm q8 fp16 cache budget exhausted; using q8 kernels (request=64.00 MiB cached=0.00 GiB free=0.89 GiB reserve=1.59 GiB total=31.86 GiB)
ds4: ROCm q8 fp16 cache budget exhausted; using q8 kernels (request=64.00 MiB cached=0.00 GiB free=0.89 GiB reserve=1.59 GiB total=31.86 GiB)
ds4: ROCm q8 fp16 cache budget exhausted; using q8 kernels (request=64.00 MiB cached=0.00 GiB free=0.89 GiB reserve=1.59 GiB total=31.86 GiB)
ds4: ROCm q8 fp16 cache budget exhausted; using q8 kernels (request=64.00 MiB cached=0.00 GiB free=0.89 GiB reserve=1.59 GiB total=31.86 GiB)
ds4: ROCm q8 fp16 cache budget exhausted; using q8 kernels (request=64.00 MiB cached=0.00 GiB free=0.89 GiB reserve=1.59 GiB total=31.86 GiB)
ds4: ROCm q8 fp16 cache budget exhausted; using q8 kernels (request=64.00 MiB cached=0.00 GiB free=0.89 GiB reserve=1.59 GiB total=31.86 GiB)
ds4: ROCm q8 fp16 cache budget exhausted; using q8 kernels (request=64.00 MiB cached=0.00 GiB free=0.89 GiB reserve=1.59 GiB total=31.86 GiB)
ds4: ROCm q8 fp16 cache budget exhausted; using q8 kernels (request=64.00 MiB cached=0.00 GiB free=0.89 GiB reserve=1.59 GiB total=31.86 GiB)
ds4: ROCm q8 fp16 cache budget exhausted; using q8 kernels (request=64.00 MiB cached=0.00 GiB free=0.89 GiB reserve=1.59 GiB total=31.86 GiB)
ds4: ROCm q8 fp16 cache budget exhausted; using q8 kernels (request=64.00 MiB cached=0.00 GiB free=0.89 GiB reserve=1.59 GiB total=31.86 GiB)
ds4: ROCm q8 fp16 cache budget exhausted; using q8 kernels (request=64.00 MiB cached=0.00 GiB free=0.89 GiB reserve=1.59 GiB total=31.86 GiB)
ds4: ROCm q8 fp16 cache budget exhausted; using q8 kernels (request=64.00 MiB cached=0.00 GiB free=0.89 GiB reserve=1.59 GiB total=31.86 GiB)
ds4: ROCm q8 fp16 cache budget exhausted; using q8 kernels (request=64.00 MiB cached=0.00 GiB free=0.89 GiB reserve=1.59 GiB total=31.86 GiB)
ds4: ROCm q8 fp16 cache budget exhausted; using q8 kernels (request=64.00 MiB cached=0.00 GiB free=0.89 GiB reserve=1.59 GiB total=31.86 GiB)
ds4: ROCm q8 fp16 cache budget exhausted; using q8 kernels (request=64.00 MiB cached=0.00 GiB free=0.89 GiB reserve=1.59 GiB total=31.86 GiB)
ds4: ROCm q8 fp16 cache budget exhausted; using q8 kernels (request=64.00 MiB cached=0.00 GiB free=0.89 GiB reserve=1.59 GiB total=31.86 GiB)
ds4: ROCm q8 fp16 cache budget exhausted; using q8 kernels (request=64.00 MiB cached=0.00 GiB free=0.89 GiB reserve=1.59 GiB total=31.86 GiB)
ds4: ROCm q8 fp16 cache budget exhausted; using q8 kernels (request=64.00 MiB cached=0.00 GiB free=0.89 GiB reserve=1.59 GiB total=31.86 GiB)
ds4: ROCm q8 fp16 cache budget exhausted; using q8 kernels (request=64.00 MiB cached=0.00 GiB free=0.89 GiB reserve=1.59 GiB total=31.86 GiB)
ds4: ROCm q8 fp16 cache budget exhausted; using q8 kernels (request=64.00 MiB cached=0.00 GiB free=0.89 GiB reserve=1.59 GiB total=31.86 GiB)
ds4: ROCm q8 fp16 cache budget exhausted; using q8 kernels (request=64.00 MiB cached=0.00 GiB free=0.89 GiB reserve=1.59 GiB total=31.86 GiB)
ds4: ROCm q8 fp16 cache budget exhausted; using q8 kernels (request=64.00 MiB cached=0.00 GiB free=0.89 GiB reserve=1.59 GiB total=31.86 GiB)
ds4: ROCm q8 fp16 cache budget exhausted; using q8 kernels (request=64.00 MiB cached=0.00 GiB free=0.89 GiB reserve=1.59 GiB total=31.86 GiB)
ds4: ROCm q8 fp16 cache budget exhausted; using q8 kernels (request=64.00 MiB cached=0.00 GiB free=0.89 GiB reserve=1.59 GiB total=31.86 GiB)
ds4: ROCm q8 fp16 cache budget exhausted; using q8 kernels (request=64.00 MiB cached=0.00 GiB free=0.89 GiB reserve=1.59 GiB total=31.86 GiB)
ds4: ROCm q8 fp16 cache budget exhausted; using q8 kernels (request=64.00 MiB cached=0.00 GiB free=0.89 GiB reserve=1.59 GiB total=31.86 GiB)
ds4: ROCm q8 fp16 cache budget exhausted; using q8 kernels (request=64.00 MiB cached=0.00 GiB free=0.89 GiB reserve=1.59 GiB total=31.86 GiB)
ds4: ROCm q8 fp16 cache budget exhausted; using q8 kernels (request=64.00 MiB cached=0.00 GiB free=0.89 GiB reserve=1.59 GiB total=31.86 GiB)
ds4: ROCm q8 fp16 cache budget exhausted; using q8 kernels (request=64.00 MiB cached=0.00 GiB free=0.89 GiB reserve=1.59 GiB total=31.86 GiB)
ds4: ROCm q8 fp16 cache budget exhausted; using q8 kernels (request=64.00 MiB cached=0.00 GiB free=0.89 GiB reserve=1.59 GiB total=31.86 GiB)
ds4: ROCm q8 fp16 cache budget exhausted; using q8 kernels (request=64.00 MiB cached=0.00 GiB free=0.89 GiB reserve=1.59 GiB total=31.86 GiB)
ds4: ROCm q8 fp16 cache budget exhausted; using q8 kernels (request=64.00 MiB cached=0.00 GiB free=0.89 GiB reserve=1.59 GiB total=31.86 GiB)
ds4: ROCm q8 fp16 cache budget exhausted; using q8 kernels (request=64.00 MiB cached=0.00 GiB free=0.89 GiB reserve=1.59 GiB total=31.86 GiB)
ds4: ROCm q8 fp16 cache budget exhausted; using q8 kernels (request=64.00 MiB cached=0.00 GiB free=0.89 GiB reserve=1.59 GiB total=31.86 GiB)
ds4: ROCm q8 fp16 cache budget exhausted; using q8 kernels (request=64.00 MiB cached=0.00 GiB free=0.89 GiB reserve=1.59 GiB total=31.86 GiB)
ds4: ROCm q8 fp16 cache budget exhausted; using q8 kernels (request=64.00 MiB cached=0.00 GiB free=0.89 GiB reserve=1.59 GiB total=31.86 GiB)
case_009 cases=10 prompt=17 target=24 avg_nll=0.206971 lcp=11 api_target_mae=0.206971 api_top_coverage=106/120 api_top1=0.917 api_topn=0.453 api_pair=1.000
ds4: ROCm q8 fp16 cache budget exhausted; using q8 kernels (request=64.00 MiB cached=0.00 GiB free=0.89 GiB reserve=1.59 GiB total=31.86 GiB)
ds4: ROCm q8 fp16 cache budget exhausted; using q8 kernels (request=64.00 MiB cached=0.00 GiB free=0.89 GiB reserve=1.59 GiB total=31.86 GiB)
ds4: ROCm q8 fp16 cache budget exhausted; using q8 kernels (request=64.00 MiB cached=0.00 GiB free=0.89 GiB reserve=1.59 GiB total=31.86 GiB)
ds4: ROCm q8 fp16 cache budget exhausted; using q8 kernels (request=64.00 MiB cached=0.00 GiB free=0.89 GiB reserve=1.59 GiB total=31.86 GiB)
ds4: ROCm q8 fp16 cache budget exhausted; using q8 kernels (request=64.00 MiB cached=0.00 GiB free=0.89 GiB reserve=1.59 GiB total=31.86 GiB)
ds4: ROCm q8 fp16 cache budget exhausted; using q8 kernels (request=64.00 MiB cached=0.00 GiB free=0.89 GiB reserve=1.59 GiB total=31.86 GiB)
ds4: ROCm q8 fp16 cache budget exhausted; using q8 kernels (request=64.00 MiB cached=0.00 GiB free=0.89 GiB reserve=1.59 GiB total=31.86 GiB)
ds4: ROCm q8 fp16 cache budget exhausted; using q8 kernels (request=64.00 MiB cached=0.00 GiB free=0.89 GiB reserve=1.59 GiB total=31.86 GiB)
ds4: ROCm q8 fp16 cache budget exhausted; using q8 kernels (request=64.00 MiB cached=0.00 GiB free=0.89 GiB reserve=1.59 GiB total=31.86 GiB)
ds4: ROCm q8 fp16 cache budget exhausted; using q8 kernels (request=64.00 MiB cached=0.00 GiB free=0.89 GiB reserve=1.59 GiB total=31.86 GiB)
ds4: ROCm q8 fp16 cache budget exhausted; using q8 kernels (request=64.00 MiB cached=0.00 GiB free=0.89 GiB reserve=1.59 GiB total=31.86 GiB)
ds4: ROCm q8 fp16 cache budget exhausted; using q8 kernels (request=64.00 MiB cached=0.00 GiB free=0.89 GiB reserve=1.59 GiB total=31.86 GiB)
ds4: ROCm q8 fp16 cache budget exhausted; using q8 kernels (request=64.00 MiB cached=0.00 GiB free=0.89 GiB reserve=1.59 GiB total=31.86 GiB)
ds4: ROCm q8 fp16 cache budget exhausted; using q8 kernels (request=64.00 MiB cached=0.00 GiB free=0.89 GiB reserve=1.59 GiB total=31.86 GiB)
ds4: ROCm q8 fp16 cache budget exhausted; using q8 kernels (request=64.00 MiB cached=0.00 GiB free=0.89 GiB reserve=1.59 GiB total=31.86 GiB)
ds4: ROCm q8 fp16 cache budget exhausted; using q8 kernels (request=64.00 MiB cached=0.00 GiB free=0.89 GiB reserve=1.59 GiB total=31.86 GiB)
ds4: ROCm q8 fp16 cache budget exhausted; using q8 kernels (request=64.00 MiB cached=0.00 GiB free=0.89 GiB reserve=1.59 GiB total=31.86 GiB)
ds4: ROCm q8 fp16 cache budget exhausted; using q8 kernels (request=64.00 MiB cached=0.00 GiB free=0.89 GiB reserve=1.59 GiB total=31.86 GiB)
ds4: ROCm q8 fp16 cache budget exhausted; using q8 kernels (request=64.00 MiB cached=0.00 GiB free=0.89 GiB reserve=1.59 GiB total=31.86 GiB)
ds4: ROCm q8 fp16 cache budget exhausted; using q8 kernels (request=64.00 MiB cached=0.00 GiB free=0.89 GiB reserve=1.59 GiB total=31.86 GiB)
ds4: ROCm q8 fp16 cache budget exhausted; using q8 kernels (request=64.00 MiB cached=0.00 GiB free=0.89 GiB reserve=1.59 GiB total=31.86 GiB)
ds4: ROCm q8 fp16 cache budget exhausted; using q8 kernels (request=64.00 MiB cached=0.00 GiB free=0.89 GiB reserve=1.59 GiB total=31.86 GiB)
ds4: ROCm q8 fp16 cache budget exhausted; using q8 kernels (request=64.00 MiB cached=0.00 GiB free=0.89 GiB reserve=1.59 GiB total=31.86 GiB)
ds4: ROCm q8 fp16 cache budget exhausted; using q8 kernels (request=64.00 MiB cached=0.00 GiB free=0.89 GiB reserve=1.59 GiB total=31.86 GiB)
ds4: ROCm q8 fp16 cache budget exhausted; using q8 kernels (request=64.00 MiB cached=0.00 GiB free=0.89 GiB reserve=1.59 GiB total=31.86 GiB)
ds4: ROCm q8 fp16 cache budget exhausted; using q8 kernels (request=64.00 MiB cached=0.00 GiB free=0.89 GiB reserve=1.59 GiB total=31.86 GiB)
ds4: ROCm q8 fp16 cache budget exhausted; using q8 kernels (request=64.00 MiB cached=0.00 GiB free=0.89 GiB reserve=1.59 GiB total=31.86 GiB)
ds4: ROCm q8 fp16 cache budget exhausted; using q8 kernels (request=64.00 MiB cached=0.00 GiB free=0.89 GiB reserve=1.59 GiB total=31.86 GiB)
ds4: ROCm q8 fp16 cache budget exhausted; using q8 kernels (request=64.00 MiB cached=0.00 GiB free=0.89 GiB reserve=1.59 GiB total=31.86 GiB)
ds4: ROCm q8 fp16 cache budget exhausted; using q8 kernels (request=64.00 MiB cached=0.00 GiB free=0.89 GiB reserve=1.59 GiB total=31.86 GiB)
ds4: ROCm q8 fp16 cache budget exhausted; using q8 kernels (request=64.00 MiB cached=0.00 GiB free=0.89 GiB reserve=1.59 GiB total=31.86 GiB)
ds4: ROCm q8 fp16 cache budget exhausted; using q8 kernels (request=64.00 MiB cached=0.00 GiB free=0.89 GiB reserve=1.59 GiB total=31.86 GiB)
ds4: ROCm q8 fp16 cache budget exhausted; using q8 kernels (request=64.00 MiB cached=0.00 GiB free=0.89 GiB reserve=1.59 GiB total=31.86 GiB)
ds4: ROCm q8 fp16 cache budget exhausted; using q8 kernels (request=64.00 MiB cached=0.00 GiB free=0.89 GiB reserve=1.59 GiB total=31.86 GiB)
ds4: ROCm q8 fp16 cache budget exhausted; using q8 kernels (request=64.00 MiB cached=0.00 GiB free=0.89 GiB reserve=1.59 GiB total=31.86 GiB)
ds4: ROCm q8 fp16 cache budget exhausted; using q8 kernels (request=64.00 MiB cached=0.00 GiB free=0.89 GiB reserve=1.59 GiB total=31.86 GiB)
ds4: ROCm q8 fp16 cache budget exhausted; using q8 kernels (request=64.00 MiB cached=0.00 GiB free=0.89 GiB reserve=1.59 GiB total=31.86 GiB)
ds4: ROCm q8 fp16 cache budget exhausted; using q8 kernels (request=64.00 MiB cached=0.00 GiB free=0.89 GiB reserve=1.59 GiB total=31.86 GiB)
ds4: ROCm q8 fp16 cache budget exhausted; using q8 kernels (request=64.00 MiB cached=0.00 GiB free=0.89 GiB reserve=1.59 GiB total=31.86 GiB)
ds4: ROCm q8 fp16 cache budget exhausted; using q8 kernels (request=64.00 MiB cached=0.00 GiB free=0.89 GiB reserve=1.59 GiB total=31.86 GiB)
ds4: ROCm q8 fp16 cache budget exhausted; using q8 kernels (request=64.00 MiB cached=0.00 GiB free=0.89 GiB reserve=1.59 GiB total=31.86 GiB)
ds4: ROCm q8 fp16 cache budget exhausted; using q8 kernels (request=64.00 MiB cached=0.00 GiB free=0.89 GiB reserve=1.59 GiB total=31.86 GiB)
ds4: ROCm q8 fp16 cache budget exhausted; using q8 kernels (request=64.00 MiB cached=0.00 GiB free=0.89 GiB reserve=1.59 GiB total=31.86 GiB)
case_010 cases=11 prompt=26 target=24 avg_nll=0.278078 lcp=0 api_target_mae=0.278078 api_top_coverage=96/120 api_top1=0.875 api_topn=0.250 api_pair=1.000
ds4: ROCm q8 fp16 cache budget exhausted; using q8 kernels (request=64.00 MiB cached=0.00 GiB free=0.89 GiB reserve=1.59 GiB total=31.86 GiB)
ds4: ROCm q8 fp16 cache budget exhausted; using q8 kernels (request=64.00 MiB cached=0.00 GiB free=0.89 GiB reserve=1.59 GiB total=31.86 GiB)
ds4: ROCm q8 fp16 cache budget exhausted; using q8 kernels (request=64.00 MiB cached=0.00 GiB free=0.89 GiB reserve=1.59 GiB total=31.86 GiB)
ds4: ROCm q8 fp16 cache budget exhausted; using q8 kernels (request=64.00 MiB cached=0.00 GiB free=0.89 GiB reserve=1.59 GiB total=31.86 GiB)
ds4: ROCm q8 fp16 cache budget exhausted; using q8 kernels (request=64.00 MiB cached=0.00 GiB free=0.89 GiB reserve=1.59 GiB total=31.86 GiB)
ds4: ROCm q8 fp16 cache budget exhausted; using q8 kernels (request=64.00 MiB cached=0.00 GiB free=0.89 GiB reserve=1.59 GiB total=31.86 GiB)
ds4: ROCm q8 fp16 cache budget exhausted; using q8 kernels (request=64.00 MiB cached=0.00 GiB free=0.89 GiB reserve=1.59 GiB total=31.86 GiB)
ds4: ROCm q8 fp16 cache budget exhausted; using q8 kernels (request=64.00 MiB cached=0.00 GiB free=0.89 GiB reserve=1.59 GiB total=31.86 GiB)
ds4: ROCm q8 fp16 cache budget exhausted; using q8 kernels (request=64.00 MiB cached=0.00 GiB free=0.89 GiB reserve=1.59 GiB total=31.86 GiB)
ds4: ROCm q8 fp16 cache budget exhausted; using q8 kernels (request=64.00 MiB cached=0.00 GiB free=0.89 GiB reserve=1.59 GiB total=31.86 GiB)
ds4: ROCm q8 fp16 cache budget exhausted; using q8 kernels (request=64.00 MiB cached=0.00 GiB free=0.89 GiB reserve=1.59 GiB total=31.86 GiB)
ds4: ROCm q8 fp16 cache budget exhausted; using q8 kernels (request=64.00 MiB cached=0.00 GiB free=0.89 GiB reserve=1.59 GiB total=31.86 GiB)
ds4: ROCm q8 fp16 cache budget exhausted; using q8 kernels (request=64.00 MiB cached=0.00 GiB free=0.89 GiB reserve=1.59 GiB total=31.86 GiB)
ds4: ROCm q8 fp16 cache budget exhausted; using q8 kernels (request=64.00 MiB cached=0.00 GiB free=0.89 GiB reserve=1.59 GiB total=31.86 GiB)
ds4: ROCm q8 fp16 cache budget exhausted; using q8 kernels (request=64.00 MiB cached=0.00 GiB free=0.89 GiB reserve=1.59 GiB total=31.86 GiB)
ds4: ROCm q8 fp16 cache budget exhausted; using q8 kernels (request=64.00 MiB cached=0.00 GiB free=0.89 GiB reserve=1.59 GiB total=31.86 GiB)
ds4: ROCm q8 fp16 cache budget exhausted; using q8 kernels (request=64.00 MiB cached=0.00 GiB free=0.89 GiB reserve=1.59 GiB total=31.86 GiB)
ds4: ROCm q8 fp16 cache budget exhausted; using q8 kernels (request=64.00 MiB cached=0.00 GiB free=0.89 GiB reserve=1.59 GiB total=31.86 GiB)
ds4: ROCm q8 fp16 cache budget exhausted; using q8 kernels (request=64.00 MiB cached=0.00 GiB free=0.89 GiB reserve=1.59 GiB total=31.86 GiB)
ds4: ROCm q8 fp16 cache budget exhausted; using q8 kernels (request=64.00 MiB cached=0.00 GiB free=0.89 GiB reserve=1.59 GiB total=31.86 GiB)
ds4: ROCm q8 fp16 cache budget exhausted; using q8 kernels (request=64.00 MiB cached=0.00 GiB free=0.89 GiB reserve=1.59 GiB total=31.86 GiB)
ds4: ROCm q8 fp16 cache budget exhausted; using q8 kernels (request=64.00 MiB cached=0.00 GiB free=0.89 GiB reserve=1.59 GiB total=31.86 GiB)
ds4: ROCm q8 fp16 cache budget exhausted; using q8 kernels (request=64.00 MiB cached=0.00 GiB free=0.89 GiB reserve=1.59 GiB total=31.86 GiB)
ds4: ROCm q8 fp16 cache budget exhausted; using q8 kernels (request=64.00 MiB cached=0.00 GiB free=0.89 GiB reserve=1.59 GiB total=31.86 GiB)
ds4: ROCm q8 fp16 cache budget exhausted; using q8 kernels (request=64.00 MiB cached=0.00 GiB free=0.89 GiB reserve=1.59 GiB total=31.86 GiB)
ds4: ROCm q8 fp16 cache budget exhausted; using q8 kernels (request=64.00 MiB cached=0.00 GiB free=0.89 GiB reserve=1.59 GiB total=31.86 GiB)
ds4: ROCm q8 fp16 cache budget exhausted; using q8 kernels (request=64.00 MiB cached=0.00 GiB free=0.89 GiB reserve=1.59 GiB total=31.86 GiB)
ds4: ROCm q8 fp16 cache budget exhausted; using q8 kernels (request=64.00 MiB cached=0.00 GiB free=0.89 GiB reserve=1.59 GiB total=31.86 GiB)
ds4: ROCm q8 fp16 cache budget exhausted; using q8 kernels (request=64.00 MiB cached=0.00 GiB free=0.89 GiB reserve=1.59 GiB total=31.86 GiB)
ds4: ROCm q8 fp16 cache budget exhausted; using q8 kernels (request=64.00 MiB cached=0.00 GiB free=0.89 GiB reserve=1.59 GiB total=31.86 GiB)
ds4: ROCm q8 fp16 cache budget exhausted; using q8 kernels (request=64.00 MiB cached=0.00 GiB free=0.89 GiB reserve=1.59 GiB total=31.86 GiB)
ds4: ROCm q8 fp16 cache budget exhausted; using q8 kernels (request=64.00 MiB cached=0.00 GiB free=0.89 GiB reserve=1.59 GiB total=31.86 GiB)
ds4: ROCm q8 fp16 cache budget exhausted; using q8 kernels (request=64.00 MiB cached=0.00 GiB free=0.89 GiB reserve=1.59 GiB total=31.86 GiB)
ds4: ROCm q8 fp16 cache budget exhausted; using q8 kernels (request=64.00 MiB cached=0.00 GiB free=0.89 GiB reserve=1.59 GiB total=31.86 GiB)
ds4: ROCm q8 fp16 cache budget exhausted; using q8 kernels (request=64.00 MiB cached=0.00 GiB free=0.89 GiB reserve=1.59 GiB total=31.86 GiB)
ds4: ROCm q8 fp16 cache budget exhausted; using q8 kernels (request=64.00 MiB cached=0.00 GiB free=0.89 GiB reserve=1.59 GiB total=31.86 GiB)
ds4: ROCm q8 fp16 cache budget exhausted; using q8 kernels (request=64.00 MiB cached=0.00 GiB free=0.89 GiB reserve=1.59 GiB total=31.86 GiB)
ds4: ROCm q8 fp16 cache budget exhausted; using q8 kernels (request=64.00 MiB cached=0.00 GiB free=0.89 GiB reserve=1.59 GiB total=31.86 GiB)
ds4: ROCm q8 fp16 cache budget exhausted; using q8 kernels (request=64.00 MiB cached=0.00 GiB free=0.89 GiB reserve=1.59 GiB total=31.86 GiB)
ds4: ROCm q8 fp16 cache budget exhausted; using q8 kernels (request=64.00 MiB cached=0.00 GiB free=0.89 GiB reserve=1.59 GiB total=31.86 GiB)
ds4: ROCm q8 fp16 cache budget exhausted; using q8 kernels (request=64.00 MiB cached=0.00 GiB free=0.89 GiB reserve=1.59 GiB total=31.86 GiB)
ds4: ROCm q8 fp16 cache budget exhausted; using q8 kernels (request=64.00 MiB cached=0.00 GiB free=0.89 GiB reserve=1.59 GiB total=31.86 GiB)
ds4: ROCm q8 fp16 cache budget exhausted; using q8 kernels (request=64.00 MiB cached=0.00 GiB free=0.89 GiB reserve=1.59 GiB total=31.86 GiB)
case_011 cases=12 prompt=21 target=24 avg_nll=0.226012 lcp=19 api_target_mae=0.226012 api_top_coverage=98/120 api_top1=0.917 api_topn=0.255 api_pair=1.000
ds4: ROCm q8 fp16 cache budget exhausted; using q8 kernels (request=64.00 MiB cached=0.00 GiB free=0.89 GiB reserve=1.59 GiB total=31.86 GiB)
ds4: ROCm q8 fp16 cache budget exhausted; using q8 kernels (request=64.00 MiB cached=0.00 GiB free=0.89 GiB reserve=1.59 GiB total=31.86 GiB)
ds4: ROCm q8 fp16 cache budget exhausted; using q8 kernels (request=64.00 MiB cached=0.00 GiB free=0.89 GiB reserve=1.59 GiB total=31.86 GiB)
ds4: ROCm q8 fp16 cache budget exhausted; using q8 kernels (request=64.00 MiB cached=0.00 GiB free=0.89 GiB reserve=1.59 GiB total=31.86 GiB)
ds4: ROCm q8 fp16 cache budget exhausted; using q8 kernels (request=64.00 MiB cached=0.00 GiB free=0.89 GiB reserve=1.59 GiB total=31.86 GiB)
ds4: ROCm q8 fp16 cache budget exhausted; using q8 kernels (request=64.00 MiB cached=0.00 GiB free=0.89 GiB reserve=1.59 GiB total=31.86 GiB)
ds4: ROCm q8 fp16 cache budget exhausted; using q8 kernels (request=64.00 MiB cached=0.00 GiB free=0.89 GiB reserve=1.59 GiB total=31.86 GiB)
ds4: ROCm q8 fp16 cache budget exhausted; using q8 kernels (request=64.00 MiB cached=0.00 GiB free=0.89 GiB reserve=1.59 GiB total=31.86 GiB)
ds4: ROCm q8 fp16 cache budget exhausted; using q8 kernels (request=64.00 MiB cached=0.00 GiB free=0.89 GiB reserve=1.59 GiB total=31.86 GiB)
ds4: ROCm q8 fp16 cache budget exhausted; using q8 kernels (request=64.00 MiB cached=0.00 GiB free=0.89 GiB reserve=1.59 GiB total=31.86 GiB)
ds4: ROCm q8 fp16 cache budget exhausted; using q8 kernels (request=64.00 MiB cached=0.00 GiB free=0.89 GiB reserve=1.59 GiB total=31.86 GiB)
ds4: ROCm q8 fp16 cache budget exhausted; using q8 kernels (request=64.00 MiB cached=0.00 GiB free=0.89 GiB reserve=1.59 GiB total=31.86 GiB)
ds4: ROCm q8 fp16 cache budget exhausted; using q8 kernels (request=64.00 MiB cached=0.00 GiB free=0.89 GiB reserve=1.59 GiB total=31.86 GiB)
ds4: ROCm q8 fp16 cache budget exhausted; using q8 kernels (request=64.00 MiB cached=0.00 GiB free=0.89 GiB reserve=1.59 GiB total=31.86 GiB)
ds4: ROCm q8 fp16 cache budget exhausted; using q8 kernels (request=64.00 MiB cached=0.00 GiB free=0.89 GiB reserve=1.59 GiB total=31.86 GiB)
ds4: ROCm q8 fp16 cache budget exhausted; using q8 kernels (request=64.00 MiB cached=0.00 GiB free=0.89 GiB reserve=1.59 GiB total=31.86 GiB)
ds4: ROCm q8 fp16 cache budget exhausted; using q8 kernels (request=64.00 MiB cached=0.00 GiB free=0.89 GiB reserve=1.59 GiB total=31.86 GiB)
ds4: ROCm q8 fp16 cache budget exhausted; using q8 kernels (request=64.00 MiB cached=0.00 GiB free=0.89 GiB reserve=1.59 GiB total=31.86 GiB)
ds4: ROCm q8 fp16 cache budget exhausted; using q8 kernels (request=64.00 MiB cached=0.00 GiB free=0.89 GiB reserve=1.59 GiB total=31.86 GiB)
ds4: ROCm q8 fp16 cache budget exhausted; using q8 kernels (request=64.00 MiB cached=0.00 GiB free=0.89 GiB reserve=1.59 GiB total=31.86 GiB)
ds4: ROCm q8 fp16 cache budget exhausted; using q8 kernels (request=64.00 MiB cached=0.00 GiB free=0.89 GiB reserve=1.59 GiB total=31.86 GiB)
ds4: ROCm q8 fp16 cache budget exhausted; using q8 kernels (request=64.00 MiB cached=0.00 GiB free=0.89 GiB reserve=1.59 GiB total=31.86 GiB)
ds4: ROCm q8 fp16 cache budget exhausted; using q8 kernels (request=64.00 MiB cached=0.00 GiB free=0.89 GiB reserve=1.59 GiB total=31.86 GiB)
ds4: ROCm q8 fp16 cache budget exhausted; using q8 kernels (request=64.00 MiB cached=0.00 GiB free=0.89 GiB reserve=1.59 GiB total=31.86 GiB)
ds4: ROCm q8 fp16 cache budget exhausted; using q8 kernels (request=64.00 MiB cached=0.00 GiB free=0.89 GiB reserve=1.59 GiB total=31.86 GiB)
ds4: ROCm q8 fp16 cache budget exhausted; using q8 kernels (request=64.00 MiB cached=0.00 GiB free=0.89 GiB reserve=1.59 GiB total=31.86 GiB)
ds4: ROCm q8 fp16 cache budget exhausted; using q8 kernels (request=64.00 MiB cached=0.00 GiB free=0.89 GiB reserve=1.59 GiB total=31.86 GiB)
ds4: ROCm q8 fp16 cache budget exhausted; using q8 kernels (request=64.00 MiB cached=0.00 GiB free=0.89 GiB reserve=1.59 GiB total=31.86 GiB)
ds4: ROCm q8 fp16 cache budget exhausted; using q8 kernels (request=64.00 MiB cached=0.00 GiB free=0.89 GiB reserve=1.59 GiB total=31.86 GiB)
ds4: ROCm q8 fp16 cache budget exhausted; using q8 kernels (request=64.00 MiB cached=0.00 GiB free=0.89 GiB reserve=1.59 GiB total=31.86 GiB)
ds4: ROCm q8 fp16 cache budget exhausted; using q8 kernels (request=64.00 MiB cached=0.00 GiB free=0.89 GiB reserve=1.59 GiB total=31.86 GiB)
ds4: ROCm q8 fp16 cache budget exhausted; using q8 kernels (request=64.00 MiB cached=0.00 GiB free=0.89 GiB reserve=1.59 GiB total=31.86 GiB)
ds4: ROCm q8 fp16 cache budget exhausted; using q8 kernels (request=64.00 MiB cached=0.00 GiB free=0.89 GiB reserve=1.59 GiB total=31.86 GiB)
ds4: ROCm q8 fp16 cache budget exhausted; using q8 kernels (request=64.00 MiB cached=0.00 GiB free=0.89 GiB reserve=1.59 GiB total=31.86 GiB)
ds4: ROCm q8 fp16 cache budget exhausted; using q8 kernels (request=64.00 MiB cached=0.00 GiB free=0.89 GiB reserve=1.59 GiB total=31.86 GiB)
ds4: ROCm q8 fp16 cache budget exhausted; using q8 kernels (request=64.00 MiB cached=0.00 GiB free=0.89 GiB reserve=1.59 GiB total=31.86 GiB)
ds4: ROCm q8 fp16 cache budget exhausted; using q8 kernels (request=64.00 MiB cached=0.00 GiB free=0.89 GiB reserve=1.59 GiB total=31.86 GiB)
ds4: ROCm q8 fp16 cache budget exhausted; using q8 kernels (request=64.00 MiB cached=0.00 GiB free=0.89 GiB reserve=1.59 GiB total=31.86 GiB)
ds4: ROCm q8 fp16 cache budget exhausted; using q8 kernels (request=64.00 MiB cached=0.00 GiB free=0.89 GiB reserve=1.59 GiB total=31.86 GiB)
ds4: ROCm q8 fp16 cache budget exhausted; using q8 kernels (request=64.00 MiB cached=0.00 GiB free=0.89 GiB reserve=1.59 GiB total=31.86 GiB)
ds4: ROCm q8 fp16 cache budget exhausted; using q8 kernels (request=64.00 MiB cached=0.00 GiB free=0.89 GiB reserve=1.59 GiB total=31.86 GiB)
ds4: ROCm q8 fp16 cache budget exhausted; using q8 kernels (request=64.00 MiB cached=0.00 GiB free=0.89 GiB reserve=1.59 GiB total=31.86 GiB)
ds4: ROCm q8 fp16 cache budget exhausted; using q8 kernels (request=64.00 MiB cached=0.00 GiB free=0.89 GiB reserve=1.59 GiB total=31.86 GiB)
case_012 cases=13 prompt=22 target=24 avg_nll=0.283979 lcp=13 api_target_mae=0.283979 api_top_coverage=100/120 api_top1=0.833 api_topn=0.260 api_pair=1.000
ds4: ROCm q8 fp16 cache budget exhausted; using q8 kernels (request=64.00 MiB cached=0.00 GiB free=0.89 GiB reserve=1.59 GiB total=31.86 GiB)
ds4: ROCm q8 fp16 cache budget exhausted; using q8 kernels (request=64.00 MiB cached=0.00 GiB free=0.89 GiB reserve=1.59 GiB total=31.86 GiB)
ds4: ROCm q8 fp16 cache budget exhausted; using q8 kernels (request=64.00 MiB cached=0.00 GiB free=0.89 GiB reserve=1.59 GiB total=31.86 GiB)
ds4: ROCm q8 fp16 cache budget exhausted; using q8 kernels (request=64.00 MiB cached=0.00 GiB free=0.89 GiB reserve=1.59 GiB total=31.86 GiB)
ds4: ROCm q8 fp16 cache budget exhausted; using q8 kernels (request=64.00 MiB cached=0.00 GiB free=0.89 GiB reserve=1.59 GiB total=31.86 GiB)
ds4: ROCm q8 fp16 cache budget exhausted; using q8 kernels (request=64.00 MiB cached=0.00 GiB free=0.89 GiB reserve=1.59 GiB total=31.86 GiB)
ds4: ROCm q8 fp16 cache budget exhausted; using q8 kernels (request=64.00 MiB cached=0.00 GiB free=0.89 GiB reserve=1.59 GiB total=31.86 GiB)
ds4: ROCm q8 fp16 cache budget exhausted; using q8 kernels (request=64.00 MiB cached=0.00 GiB free=0.89 GiB reserve=1.59 GiB total=31.86 GiB)
ds4: ROCm q8 fp16 cache budget exhausted; using q8 kernels (request=64.00 MiB cached=0.00 GiB free=0.89 GiB reserve=1.59 GiB total=31.86 GiB)
ds4: ROCm q8 fp16 cache budget exhausted; using q8 kernels (request=64.00 MiB cached=0.00 GiB free=0.89 GiB reserve=1.59 GiB total=31.86 GiB)
ds4: ROCm q8 fp16 cache budget exhausted; using q8 kernels (request=64.00 MiB cached=0.00 GiB free=0.89 GiB reserve=1.59 GiB total=31.86 GiB)
ds4: ROCm q8 fp16 cache budget exhausted; using q8 kernels (request=64.00 MiB cached=0.00 GiB free=0.89 GiB reserve=1.59 GiB total=31.86 GiB)
ds4: ROCm q8 fp16 cache budget exhausted; using q8 kernels (request=64.00 MiB cached=0.00 GiB free=0.89 GiB reserve=1.59 GiB total=31.86 GiB)
ds4: ROCm q8 fp16 cache budget exhausted; using q8 kernels (request=64.00 MiB cached=0.00 GiB free=0.89 GiB reserve=1.59 GiB total=31.86 GiB)
ds4: ROCm q8 fp16 cache budget exhausted; using q8 kernels (request=64.00 MiB cached=0.00 GiB free=0.89 GiB reserve=1.59 GiB total=31.86 GiB)
ds4: ROCm q8 fp16 cache budget exhausted; using q8 kernels (request=64.00 MiB cached=0.00 GiB free=0.89 GiB reserve=1.59 GiB total=31.86 GiB)
ds4: ROCm q8 fp16 cache budget exhausted; using q8 kernels (request=64.00 MiB cached=0.00 GiB free=0.89 GiB reserve=1.59 GiB total=31.86 GiB)
ds4: ROCm q8 fp16 cache budget exhausted; using q8 kernels (request=64.00 MiB cached=0.00 GiB free=0.89 GiB reserve=1.59 GiB total=31.86 GiB)
ds4: ROCm q8 fp16 cache budget exhausted; using q8 kernels (request=64.00 MiB cached=0.00 GiB free=0.89 GiB reserve=1.59 GiB total=31.86 GiB)
ds4: ROCm q8 fp16 cache budget exhausted; using q8 kernels (request=64.00 MiB cached=0.00 GiB free=0.89 GiB reserve=1.59 GiB total=31.86 GiB)
ds4: ROCm q8 fp16 cache budget exhausted; using q8 kernels (request=64.00 MiB cached=0.00 GiB free=0.89 GiB reserve=1.59 GiB total=31.86 GiB)
ds4: ROCm q8 fp16 cache budget exhausted; using q8 kernels (request=64.00 MiB cached=0.00 GiB free=0.89 GiB reserve=1.59 GiB total=31.86 GiB)
ds4: ROCm q8 fp16 cache budget exhausted; using q8 kernels (request=64.00 MiB cached=0.00 GiB free=0.89 GiB reserve=1.59 GiB total=31.86 GiB)
ds4: ROCm q8 fp16 cache budget exhausted; using q8 kernels (request=64.00 MiB cached=0.00 GiB free=0.89 GiB reserve=1.59 GiB total=31.86 GiB)
ds4: ROCm q8 fp16 cache budget exhausted; using q8 kernels (request=64.00 MiB cached=0.00 GiB free=0.89 GiB reserve=1.59 GiB total=31.86 GiB)
ds4: ROCm q8 fp16 cache budget exhausted; using q8 kernels (request=64.00 MiB cached=0.00 GiB free=0.89 GiB reserve=1.59 GiB total=31.86 GiB)
ds4: ROCm q8 fp16 cache budget exhausted; using q8 kernels (request=64.00 MiB cached=0.00 GiB free=0.89 GiB reserve=1.59 GiB total=31.86 GiB)
ds4: ROCm q8 fp16 cache budget exhausted; using q8 kernels (request=64.00 MiB cached=0.00 GiB free=0.89 GiB reserve=1.59 GiB total=31.86 GiB)
ds4: ROCm q8 fp16 cache budget exhausted; using q8 kernels (request=64.00 MiB cached=0.00 GiB free=0.89 GiB reserve=1.59 GiB total=31.86 GiB)
ds4: ROCm q8 fp16 cache budget exhausted; using q8 kernels (request=64.00 MiB cached=0.00 GiB free=0.89 GiB reserve=1.59 GiB total=31.86 GiB)
ds4: ROCm q8 fp16 cache budget exhausted; using q8 kernels (request=64.00 MiB cached=0.00 GiB free=0.89 GiB reserve=1.59 GiB total=31.86 GiB)
ds4: ROCm q8 fp16 cache budget exhausted; using q8 kernels (request=64.00 MiB cached=0.00 GiB free=0.89 GiB reserve=1.59 GiB total=31.86 GiB)
ds4: ROCm q8 fp16 cache budget exhausted; using q8 kernels (request=64.00 MiB cached=0.00 GiB free=0.89 GiB reserve=1.59 GiB total=31.86 GiB)
ds4: ROCm q8 fp16 cache budget exhausted; using q8 kernels (request=64.00 MiB cached=0.00 GiB free=0.89 GiB reserve=1.59 GiB total=31.86 GiB)
ds4: ROCm q8 fp16 cache budget exhausted; using q8 kernels (request=64.00 MiB cached=0.00 GiB free=0.89 GiB reserve=1.59 GiB total=31.86 GiB)
ds4: ROCm q8 fp16 cache budget exhausted; using q8 kernels (request=64.00 MiB cached=0.00 GiB free=0.89 GiB reserve=1.59 GiB total=31.86 GiB)
ds4: ROCm q8 fp16 cache budget exhausted; using q8 kernels (request=64.00 MiB cached=0.00 GiB free=0.89 GiB reserve=1.59 GiB total=31.86 GiB)
ds4: ROCm q8 fp16 cache budget exhausted; using q8 kernels (request=64.00 MiB cached=0.00 GiB free=0.89 GiB reserve=1.59 GiB total=31.86 GiB)
ds4: ROCm q8 fp16 cache budget exhausted; using q8 kernels (request=64.00 MiB cached=0.00 GiB free=0.89 GiB reserve=1.59 GiB total=31.86 GiB)
ds4: ROCm q8 fp16 cache budget exhausted; using q8 kernels (request=64.00 MiB cached=0.00 GiB free=0.89 GiB reserve=1.59 GiB total=31.86 GiB)
ds4: ROCm q8 fp16 cache budget exhausted; using q8 kernels (request=64.00 MiB cached=0.00 GiB free=0.89 GiB reserve=1.59 GiB total=31.86 GiB)
ds4: ROCm q8 fp16 cache budget exhausted; using q8 kernels (request=64.00 MiB cached=0.00 GiB free=0.89 GiB reserve=1.59 GiB total=31.86 GiB)
ds4: ROCm q8 fp16 cache budget exhausted; using q8 kernels (request=64.00 MiB cached=0.00 GiB free=0.89 GiB reserve=1.59 GiB total=31.86 GiB)
case_013 cases=14 prompt=22 target=24 avg_nll=0.371681 lcp=0 api_target_mae=0.371681 api_top_coverage=97/120 api_top1=0.875 api_topn=0.289 api_pair=0.986
ds4: ROCm q8 fp16 cache budget exhausted; using q8 kernels (request=64.00 MiB cached=0.00 GiB free=0.89 GiB reserve=1.59 GiB total=31.86 GiB)
ds4: ROCm q8 fp16 cache budget exhausted; using q8 kernels (request=64.00 MiB cached=0.00 GiB free=0.89 GiB reserve=1.59 GiB total=31.86 GiB)
ds4: ROCm q8 fp16 cache budget exhausted; using q8 kernels (request=64.00 MiB cached=0.00 GiB free=0.89 GiB reserve=1.59 GiB total=31.86 GiB)
ds4: ROCm q8 fp16 cache budget exhausted; using q8 kernels (request=64.00 MiB cached=0.00 GiB free=0.89 GiB reserve=1.59 GiB total=31.86 GiB)
ds4: ROCm q8 fp16 cache budget exhausted; using q8 kernels (request=64.00 MiB cached=0.00 GiB free=0.89 GiB reserve=1.59 GiB total=31.86 GiB)
ds4: ROCm q8 fp16 cache budget exhausted; using q8 kernels (request=64.00 MiB cached=0.00 GiB free=0.89 GiB reserve=1.59 GiB total=31.86 GiB)
ds4: ROCm q8 fp16 cache budget exhausted; using q8 kernels (request=64.00 MiB cached=0.00 GiB free=0.89 GiB reserve=1.59 GiB total=31.86 GiB)
ds4: ROCm q8 fp16 cache budget exhausted; using q8 kernels (request=64.00 MiB cached=0.00 GiB free=0.89 GiB reserve=1.59 GiB total=31.86 GiB)
ds4: ROCm q8 fp16 cache budget exhausted; using q8 kernels (request=64.00 MiB cached=0.00 GiB free=0.89 GiB reserve=1.59 GiB total=31.86 GiB)
ds4: ROCm q8 fp16 cache budget exhausted; using q8 kernels (request=64.00 MiB cached=0.00 GiB free=0.89 GiB reserve=1.59 GiB total=31.86 GiB)
ds4: ROCm q8 fp16 cache budget exhausted; using q8 kernels (request=64.00 MiB cached=0.00 GiB free=0.89 GiB reserve=1.59 GiB total=31.86 GiB)
ds4: ROCm q8 fp16 cache budget exhausted; using q8 kernels (request=64.00 MiB cached=0.00 GiB free=0.89 GiB reserve=1.59 GiB total=31.86 GiB)
ds4: ROCm q8 fp16 cache budget exhausted; using q8 kernels (request=64.00 MiB cached=0.00 GiB free=0.89 GiB reserve=1.59 GiB total=31.86 GiB)
ds4: ROCm q8 fp16 cache budget exhausted; using q8 kernels (request=64.00 MiB cached=0.00 GiB free=0.89 GiB reserve=1.59 GiB total=31.86 GiB)
ds4: ROCm q8 fp16 cache budget exhausted; using q8 kernels (request=64.00 MiB cached=0.00 GiB free=0.89 GiB reserve=1.59 GiB total=31.86 GiB)
ds4: ROCm q8 fp16 cache budget exhausted; using q8 kernels (request=64.00 MiB cached=0.00 GiB free=0.89 GiB reserve=1.59 GiB total=31.86 GiB)
ds4: ROCm q8 fp16 cache budget exhausted; using q8 kernels (request=64.00 MiB cached=0.00 GiB free=0.89 GiB reserve=1.59 GiB total=31.86 GiB)
ds4: ROCm q8 fp16 cache budget exhausted; using q8 kernels (request=64.00 MiB cached=0.00 GiB free=0.89 GiB reserve=1.59 GiB total=31.86 GiB)
ds4: ROCm q8 fp16 cache budget exhausted; using q8 kernels (request=64.00 MiB cached=0.00 GiB free=0.89 GiB reserve=1.59 GiB total=31.86 GiB)
ds4: ROCm q8 fp16 cache budget exhausted; using q8 kernels (request=64.00 MiB cached=0.00 GiB free=0.89 GiB reserve=1.59 GiB total=31.86 GiB)
ds4: ROCm q8 fp16 cache budget exhausted; using q8 kernels (request=64.00 MiB cached=0.00 GiB free=0.89 GiB reserve=1.59 GiB total=31.86 GiB)
ds4: ROCm q8 fp16 cache budget exhausted; using q8 kernels (request=64.00 MiB cached=0.00 GiB free=0.89 GiB reserve=1.59 GiB total=31.86 GiB)
ds4: ROCm q8 fp16 cache budget exhausted; using q8 kernels (request=64.00 MiB cached=0.00 GiB free=0.89 GiB reserve=1.59 GiB total=31.86 GiB)
ds4: ROCm q8 fp16 cache budget exhausted; using q8 kernels (request=64.00 MiB cached=0.00 GiB free=0.89 GiB reserve=1.59 GiB total=31.86 GiB)
ds4: ROCm q8 fp16 cache budget exhausted; using q8 kernels (request=64.00 MiB cached=0.00 GiB free=0.89 GiB reserve=1.59 GiB total=31.86 GiB)
ds4: ROCm q8 fp16 cache budget exhausted; using q8 kernels (request=64.00 MiB cached=0.00 GiB free=0.89 GiB reserve=1.59 GiB total=31.86 GiB)
ds4: ROCm q8 fp16 cache budget exhausted; using q8 kernels (request=64.00 MiB cached=0.00 GiB free=0.89 GiB reserve=1.59 GiB total=31.86 GiB)
ds4: ROCm q8 fp16 cache budget exhausted; using q8 kernels (request=64.00 MiB cached=0.00 GiB free=0.89 GiB reserve=1.59 GiB total=31.86 GiB)
ds4: ROCm q8 fp16 cache budget exhausted; using q8 kernels (request=64.00 MiB cached=0.00 GiB free=0.89 GiB reserve=1.59 GiB total=31.86 GiB)
ds4: ROCm q8 fp16 cache budget exhausted; using q8 kernels (request=64.00 MiB cached=0.00 GiB free=0.89 GiB reserve=1.59 GiB total=31.86 GiB)
ds4: ROCm q8 fp16 cache budget exhausted; using q8 kernels (request=64.00 MiB cached=0.00 GiB free=0.89 GiB reserve=1.59 GiB total=31.86 GiB)
ds4: ROCm q8 fp16 cache budget exhausted; using q8 kernels (request=64.00 MiB cached=0.00 GiB free=0.89 GiB reserve=1.59 GiB total=31.86 GiB)
ds4: ROCm q8 fp16 cache budget exhausted; using q8 kernels (request=64.00 MiB cached=0.00 GiB free=0.89 GiB reserve=1.59 GiB total=31.86 GiB)
ds4: ROCm q8 fp16 cache budget exhausted; using q8 kernels (request=64.00 MiB cached=0.00 GiB free=0.89 GiB reserve=1.59 GiB total=31.86 GiB)
ds4: ROCm q8 fp16 cache budget exhausted; using q8 kernels (request=64.00 MiB cached=0.00 GiB free=0.89 GiB reserve=1.59 GiB total=31.86 GiB)
ds4: ROCm q8 fp16 cache budget exhausted; using q8 kernels (request=64.00 MiB cached=0.00 GiB free=0.89 GiB reserve=1.59 GiB total=31.86 GiB)
ds4: ROCm q8 fp16 cache budget exhausted; using q8 kernels (request=64.00 MiB cached=0.00 GiB free=0.89 GiB reserve=1.59 GiB total=31.86 GiB)
ds4: ROCm q8 fp16 cache budget exhausted; using q8 kernels (request=64.00 MiB cached=0.00 GiB free=0.89 GiB reserve=1.59 GiB total=31.86 GiB)
ds4: ROCm q8 fp16 cache budget exhausted; using q8 kernels (request=64.00 MiB cached=0.00 GiB free=0.89 GiB reserve=1.59 GiB total=31.86 GiB)
ds4: ROCm q8 fp16 cache budget exhausted; using q8 kernels (request=64.00 MiB cached=0.00 GiB free=0.89 GiB reserve=1.59 GiB total=31.86 GiB)
ds4: ROCm q8 fp16 cache budget exhausted; using q8 kernels (request=64.00 MiB cached=0.00 GiB free=0.89 GiB reserve=1.59 GiB total=31.86 GiB)
ds4: ROCm q8 fp16 cache budget exhausted; using q8 kernels (request=64.00 MiB cached=0.00 GiB free=0.89 GiB reserve=1.59 GiB total=31.86 GiB)
ds4: ROCm q8 fp16 cache budget exhausted; using q8 kernels (request=64.00 MiB cached=0.00 GiB free=0.89 GiB reserve=1.59 GiB total=31.86 GiB)
case_014 cases=15 prompt=21 target=24 avg_nll=0.752012 lcp=0 api_target_mae=0.752012 api_top_coverage=98/120 api_top1=0.833 api_topn=0.255 api_pair=0.973
ds4: ROCm q8 fp16 cache budget exhausted; using q8 kernels (request=64.00 MiB cached=0.00 GiB free=0.89 GiB reserve=1.59 GiB total=31.86 GiB)
ds4: ROCm q8 fp16 cache budget exhausted; using q8 kernels (request=64.00 MiB cached=0.00 GiB free=0.89 GiB reserve=1.59 GiB total=31.86 GiB)
ds4: ROCm q8 fp16 cache budget exhausted; using q8 kernels (request=64.00 MiB cached=0.00 GiB free=0.89 GiB reserve=1.59 GiB total=31.86 GiB)
ds4: ROCm q8 fp16 cache budget exhausted; using q8 kernels (request=64.00 MiB cached=0.00 GiB free=0.89 GiB reserve=1.59 GiB total=31.86 GiB)
ds4: ROCm q8 fp16 cache budget exhausted; using q8 kernels (request=64.00 MiB cached=0.00 GiB free=0.89 GiB reserve=1.59 GiB total=31.86 GiB)
ds4: ROCm q8 fp16 cache budget exhausted; using q8 kernels (request=64.00 MiB cached=0.00 GiB free=0.89 GiB reserve=1.59 GiB total=31.86 GiB)
ds4: ROCm q8 fp16 cache budget exhausted; using q8 kernels (request=64.00 MiB cached=0.00 GiB free=0.89 GiB reserve=1.59 GiB total=31.86 GiB)
ds4: ROCm q8 fp16 cache budget exhausted; using q8 kernels (request=64.00 MiB cached=0.00 GiB free=0.89 GiB reserve=1.59 GiB total=31.86 GiB)
ds4: ROCm q8 fp16 cache budget exhausted; using q8 kernels (request=64.00 MiB cached=0.00 GiB free=0.89 GiB reserve=1.59 GiB total=31.86 GiB)
ds4: ROCm q8 fp16 cache budget exhausted; using q8 kernels (request=64.00 MiB cached=0.00 GiB free=0.89 GiB reserve=1.59 GiB total=31.86 GiB)
ds4: ROCm q8 fp16 cache budget exhausted; using q8 kernels (request=64.00 MiB cached=0.00 GiB free=0.89 GiB reserve=1.59 GiB total=31.86 GiB)
ds4: ROCm q8 fp16 cache budget exhausted; using q8 kernels (request=64.00 MiB cached=0.00 GiB free=0.89 GiB reserve=1.59 GiB total=31.86 GiB)
ds4: ROCm q8 fp16 cache budget exhausted; using q8 kernels (request=64.00 MiB cached=0.00 GiB free=0.89 GiB reserve=1.59 GiB total=31.86 GiB)
ds4: ROCm q8 fp16 cache budget exhausted; using q8 kernels (request=64.00 MiB cached=0.00 GiB free=0.89 GiB reserve=1.59 GiB total=31.86 GiB)
ds4: ROCm q8 fp16 cache budget exhausted; using q8 kernels (request=64.00 MiB cached=0.00 GiB free=0.89 GiB reserve=1.59 GiB total=31.86 GiB)
ds4: ROCm q8 fp16 cache budget exhausted; using q8 kernels (request=64.00 MiB cached=0.00 GiB free=0.89 GiB reserve=1.59 GiB total=31.86 GiB)
ds4: ROCm q8 fp16 cache budget exhausted; using q8 kernels (request=64.00 MiB cached=0.00 GiB free=0.89 GiB reserve=1.59 GiB total=31.86 GiB)
ds4: ROCm q8 fp16 cache budget exhausted; using q8 kernels (request=64.00 MiB cached=0.00 GiB free=0.89 GiB reserve=1.59 GiB total=31.86 GiB)
ds4: ROCm q8 fp16 cache budget exhausted; using q8 kernels (request=64.00 MiB cached=0.00 GiB free=0.89 GiB reserve=1.59 GiB total=31.86 GiB)
ds4: ROCm q8 fp16 cache budget exhausted; using q8 kernels (request=64.00 MiB cached=0.00 GiB free=0.89 GiB reserve=1.59 GiB total=31.86 GiB)
ds4: ROCm q8 fp16 cache budget exhausted; using q8 kernels (request=64.00 MiB cached=0.00 GiB free=0.89 GiB reserve=1.59 GiB total=31.86 GiB)
ds4: ROCm q8 fp16 cache budget exhausted; using q8 kernels (request=64.00 MiB cached=0.00 GiB free=0.89 GiB reserve=1.59 GiB total=31.86 GiB)
ds4: ROCm q8 fp16 cache budget exhausted; using q8 kernels (request=64.00 MiB cached=0.00 GiB free=0.89 GiB reserve=1.59 GiB total=31.86 GiB)
ds4: ROCm q8 fp16 cache budget exhausted; using q8 kernels (request=64.00 MiB cached=0.00 GiB free=0.89 GiB reserve=1.59 GiB total=31.86 GiB)
ds4: ROCm q8 fp16 cache budget exhausted; using q8 kernels (request=64.00 MiB cached=0.00 GiB free=0.89 GiB reserve=1.59 GiB total=31.86 GiB)
ds4: ROCm q8 fp16 cache budget exhausted; using q8 kernels (request=64.00 MiB cached=0.00 GiB free=0.89 GiB reserve=1.59 GiB total=31.86 GiB)
ds4: ROCm q8 fp16 cache budget exhausted; using q8 kernels (request=64.00 MiB cached=0.00 GiB free=0.89 GiB reserve=1.59 GiB total=31.86 GiB)
ds4: ROCm q8 fp16 cache budget exhausted; using q8 kernels (request=64.00 MiB cached=0.00 GiB free=0.89 GiB reserve=1.59 GiB total=31.86 GiB)
ds4: ROCm q8 fp16 cache budget exhausted; using q8 kernels (request=64.00 MiB cached=0.00 GiB free=0.89 GiB reserve=1.59 GiB total=31.86 GiB)
ds4: ROCm q8 fp16 cache budget exhausted; using q8 kernels (request=64.00 MiB cached=0.00 GiB free=0.89 GiB reserve=1.59 GiB total=31.86 GiB)
ds4: ROCm q8 fp16 cache budget exhausted; using q8 kernels (request=64.00 MiB cached=0.00 GiB free=0.89 GiB reserve=1.59 GiB total=31.86 GiB)
ds4: ROCm q8 fp16 cache budget exhausted; using q8 kernels (request=64.00 MiB cached=0.00 GiB free=0.89 GiB reserve=1.59 GiB total=31.86 GiB)
ds4: ROCm q8 fp16 cache budget exhausted; using q8 kernels (request=64.00 MiB cached=0.00 GiB free=0.89 GiB reserve=1.59 GiB total=31.86 GiB)
ds4: ROCm q8 fp16 cache budget exhausted; using q8 kernels (request=64.00 MiB cached=0.00 GiB free=0.89 GiB reserve=1.59 GiB total=31.86 GiB)
ds4: ROCm q8 fp16 cache budget exhausted; using q8 kernels (request=64.00 MiB cached=0.00 GiB free=0.89 GiB reserve=1.59 GiB total=31.86 GiB)
ds4: ROCm q8 fp16 cache budget exhausted; using q8 kernels (request=64.00 MiB cached=0.00 GiB free=0.89 GiB reserve=1.59 GiB total=31.86 GiB)
ds4: ROCm q8 fp16 cache budget exhausted; using q8 kernels (request=64.00 MiB cached=0.00 GiB free=0.89 GiB reserve=1.59 GiB total=31.86 GiB)
ds4: ROCm q8 fp16 cache budget exhausted; using q8 kernels (request=64.00 MiB cached=0.00 GiB free=0.89 GiB reserve=1.59 GiB total=31.86 GiB)
ds4: ROCm q8 fp16 cache budget exhausted; using q8 kernels (request=64.00 MiB cached=0.00 GiB free=0.89 GiB reserve=1.59 GiB total=31.86 GiB)
ds4: ROCm q8 fp16 cache budget exhausted; using q8 kernels (request=64.00 MiB cached=0.00 GiB free=0.89 GiB reserve=1.59 GiB total=31.86 GiB)
ds4: ROCm q8 fp16 cache budget exhausted; using q8 kernels (request=64.00 MiB cached=0.00 GiB free=0.89 GiB reserve=1.59 GiB total=31.86 GiB)
ds4: ROCm q8 fp16 cache budget exhausted; using q8 kernels (request=64.00 MiB cached=0.00 GiB free=0.89 GiB reserve=1.59 GiB total=31.86 GiB)
ds4: ROCm q8 fp16 cache budget exhausted; using q8 kernels (request=64.00 MiB cached=0.00 GiB free=0.89 GiB reserve=1.59 GiB total=31.86 GiB)
case_015 cases=16 prompt=22 target=24 avg_nll=0.043486 lcp=24 api_target_mae=0.043486 api_top_coverage=96/120 api_top1=1.000 api_topn=0.250 api_pair=1.000
ds4: ROCm q8 fp16 cache budget exhausted; using q8 kernels (request=64.00 MiB cached=0.00 GiB free=0.89 GiB reserve=1.59 GiB total=31.86 GiB)
ds4: ROCm q8 fp16 cache budget exhausted; using q8 kernels (request=64.00 MiB cached=0.00 GiB free=0.89 GiB reserve=1.59 GiB total=31.86 GiB)
ds4: ROCm q8 fp16 cache budget exhausted; using q8 kernels (request=64.00 MiB cached=0.00 GiB free=0.89 GiB reserve=1.59 GiB total=31.86 GiB)
ds4: ROCm q8 fp16 cache budget exhausted; using q8 kernels (request=64.00 MiB cached=0.00 GiB free=0.89 GiB reserve=1.59 GiB total=31.86 GiB)
ds4: ROCm q8 fp16 cache budget exhausted; using q8 kernels (request=64.00 MiB cached=0.00 GiB free=0.89 GiB reserve=1.59 GiB total=31.86 GiB)
ds4: ROCm q8 fp16 cache budget exhausted; using q8 kernels (request=64.00 MiB cached=0.00 GiB free=0.89 GiB reserve=1.59 GiB total=31.86 GiB)
ds4: ROCm q8 fp16 cache budget exhausted; using q8 kernels (request=64.00 MiB cached=0.00 GiB free=0.89 GiB reserve=1.59 GiB total=31.86 GiB)
ds4: ROCm q8 fp16 cache budget exhausted; using q8 kernels (request=64.00 MiB cached=0.00 GiB free=0.89 GiB reserve=1.59 GiB total=31.86 GiB)
ds4: ROCm q8 fp16 cache budget exhausted; using q8 kernels (request=64.00 MiB cached=0.00 GiB free=0.89 GiB reserve=1.59 GiB total=31.86 GiB)
ds4: ROCm q8 fp16 cache budget exhausted; using q8 kernels (request=64.00 MiB cached=0.00 GiB free=0.89 GiB reserve=1.59 GiB total=31.86 GiB)
ds4: ROCm q8 fp16 cache budget exhausted; using q8 kernels (request=64.00 MiB cached=0.00 GiB free=0.89 GiB reserve=1.59 GiB total=31.86 GiB)
ds4: ROCm q8 fp16 cache budget exhausted; using q8 kernels (request=64.00 MiB cached=0.00 GiB free=0.89 GiB reserve=1.59 GiB total=31.86 GiB)
ds4: ROCm q8 fp16 cache budget exhausted; using q8 kernels (request=64.00 MiB cached=0.00 GiB free=0.89 GiB reserve=1.59 GiB total=31.86 GiB)
ds4: ROCm q8 fp16 cache budget exhausted; using q8 kernels (request=64.00 MiB cached=0.00 GiB free=0.89 GiB reserve=1.59 GiB total=31.86 GiB)
ds4: ROCm q8 fp16 cache budget exhausted; using q8 kernels (request=64.00 MiB cached=0.00 GiB free=0.89 GiB reserve=1.59 GiB total=31.86 GiB)
ds4: ROCm q8 fp16 cache budget exhausted; using q8 kernels (request=64.00 MiB cached=0.00 GiB free=0.89 GiB reserve=1.59 GiB total=31.86 GiB)
ds4: ROCm q8 fp16 cache budget exhausted; using q8 kernels (request=64.00 MiB cached=0.00 GiB free=0.89 GiB reserve=1.59 GiB total=31.86 GiB)
ds4: ROCm q8 fp16 cache budget exhausted; using q8 kernels (request=64.00 MiB cached=0.00 GiB free=0.89 GiB reserve=1.59 GiB total=31.86 GiB)
ds4: ROCm q8 fp16 cache budget exhausted; using q8 kernels (request=64.00 MiB cached=0.00 GiB free=0.89 GiB reserve=1.59 GiB total=31.86 GiB)
ds4: ROCm q8 fp16 cache budget exhausted; using q8 kernels (request=64.00 MiB cached=0.00 GiB free=0.89 GiB reserve=1.59 GiB total=31.86 GiB)
ds4: ROCm q8 fp16 cache budget exhausted; using q8 kernels (request=64.00 MiB cached=0.00 GiB free=0.89 GiB reserve=1.59 GiB total=31.86 GiB)
ds4: ROCm q8 fp16 cache budget exhausted; using q8 kernels (request=64.00 MiB cached=0.00 GiB free=0.89 GiB reserve=1.59 GiB total=31.86 GiB)
ds4: ROCm q8 fp16 cache budget exhausted; using q8 kernels (request=64.00 MiB cached=0.00 GiB free=0.89 GiB reserve=1.59 GiB total=31.86 GiB)
ds4: ROCm q8 fp16 cache budget exhausted; using q8 kernels (request=64.00 MiB cached=0.00 GiB free=0.89 GiB reserve=1.59 GiB total=31.86 GiB)
ds4: ROCm q8 fp16 cache budget exhausted; using q8 kernels (request=64.00 MiB cached=0.00 GiB free=0.89 GiB reserve=1.59 GiB total=31.86 GiB)
ds4: ROCm q8 fp16 cache budget exhausted; using q8 kernels (request=64.00 MiB cached=0.00 GiB free=0.89 GiB reserve=1.59 GiB total=31.86 GiB)
ds4: ROCm q8 fp16 cache budget exhausted; using q8 kernels (request=64.00 MiB cached=0.00 GiB free=0.89 GiB reserve=1.59 GiB total=31.86 GiB)
ds4: ROCm q8 fp16 cache budget exhausted; using q8 kernels (request=64.00 MiB cached=0.00 GiB free=0.89 GiB reserve=1.59 GiB total=31.86 GiB)
ds4: ROCm q8 fp16 cache budget exhausted; using q8 kernels (request=64.00 MiB cached=0.00 GiB free=0.89 GiB reserve=1.59 GiB total=31.86 GiB)
ds4: ROCm q8 fp16 cache budget exhausted; using q8 kernels (request=64.00 MiB cached=0.00 GiB free=0.89 GiB reserve=1.59 GiB total=31.86 GiB)
ds4: ROCm q8 fp16 cache budget exhausted; using q8 kernels (request=64.00 MiB cached=0.00 GiB free=0.89 GiB reserve=1.59 GiB total=31.86 GiB)
ds4: ROCm q8 fp16 cache budget exhausted; using q8 kernels (request=64.00 MiB cached=0.00 GiB free=0.89 GiB reserve=1.59 GiB total=31.86 GiB)
ds4: ROCm q8 fp16 cache budget exhausted; using q8 kernels (request=64.00 MiB cached=0.00 GiB free=0.89 GiB reserve=1.59 GiB total=31.86 GiB)
ds4: ROCm q8 fp16 cache budget exhausted; using q8 kernels (request=64.00 MiB cached=0.00 GiB free=0.89 GiB reserve=1.59 GiB total=31.86 GiB)
ds4: ROCm q8 fp16 cache budget exhausted; using q8 kernels (request=64.00 MiB cached=0.00 GiB free=0.89 GiB reserve=1.59 GiB total=31.86 GiB)
ds4: ROCm q8 fp16 cache budget exhausted; using q8 kernels (request=64.00 MiB cached=0.00 GiB free=0.89 GiB reserve=1.59 GiB total=31.86 GiB)
ds4: ROCm q8 fp16 cache budget exhausted; using q8 kernels (request=64.00 MiB cached=0.00 GiB free=0.89 GiB reserve=1.59 GiB total=31.86 GiB)
ds4: ROCm q8 fp16 cache budget exhausted; using q8 kernels (request=64.00 MiB cached=0.00 GiB free=0.89 GiB reserve=1.59 GiB total=31.86 GiB)
ds4: ROCm q8 fp16 cache budget exhausted; using q8 kernels (request=64.00 MiB cached=0.00 GiB free=0.89 GiB reserve=1.59 GiB total=31.86 GiB)
ds4: ROCm q8 fp16 cache budget exhausted; using q8 kernels (request=64.00 MiB cached=0.00 GiB free=0.89 GiB reserve=1.59 GiB total=31.86 GiB)
ds4: ROCm q8 fp16 cache budget exhausted; using q8 kernels (request=64.00 MiB cached=0.00 GiB free=0.89 GiB reserve=1.59 GiB total=31.86 GiB)
ds4: ROCm q8 fp16 cache budget exhausted; using q8 kernels (request=64.00 MiB cached=0.00 GiB free=0.89 GiB reserve=1.59 GiB total=31.86 GiB)
ds4: ROCm q8 fp16 cache budget exhausted; using q8 kernels (request=64.00 MiB cached=0.00 GiB free=0.89 GiB reserve=1.59 GiB total=31.86 GiB)
case_016 cases=17 prompt=19 target=24 avg_nll=0.344282 lcp=2 api_target_mae=0.344282 api_top_coverage=97/120 api_top1=0.875 api_topn=0.268 api_pair=1.000
ds4: ROCm q8 fp16 cache budget exhausted; using q8 kernels (request=64.00 MiB cached=0.00 GiB free=0.89 GiB reserve=1.59 GiB total=31.86 GiB)
ds4: ROCm q8 fp16 cache budget exhausted; using q8 kernels (request=64.00 MiB cached=0.00 GiB free=0.89 GiB reserve=1.59 GiB total=31.86 GiB)
ds4: ROCm q8 fp16 cache budget exhausted; using q8 kernels (request=64.00 MiB cached=0.00 GiB free=0.89 GiB reserve=1.59 GiB total=31.86 GiB)
ds4: ROCm q8 fp16 cache budget exhausted; using q8 kernels (request=64.00 MiB cached=0.00 GiB free=0.89 GiB reserve=1.59 GiB total=31.86 GiB)
ds4: ROCm q8 fp16 cache budget exhausted; using q8 kernels (request=64.00 MiB cached=0.00 GiB free=0.89 GiB reserve=1.59 GiB total=31.86 GiB)
ds4: ROCm q8 fp16 cache budget exhausted; using q8 kernels (request=64.00 MiB cached=0.00 GiB free=0.89 GiB reserve=1.59 GiB total=31.86 GiB)
ds4: ROCm q8 fp16 cache budget exhausted; using q8 kernels (request=64.00 MiB cached=0.00 GiB free=0.89 GiB reserve=1.59 GiB total=31.86 GiB)
ds4: ROCm q8 fp16 cache budget exhausted; using q8 kernels (request=64.00 MiB cached=0.00 GiB free=0.89 GiB reserve=1.59 GiB total=31.86 GiB)
ds4: ROCm q8 fp16 cache budget exhausted; using q8 kernels (request=64.00 MiB cached=0.00 GiB free=0.89 GiB reserve=1.59 GiB total=31.86 GiB)
ds4: ROCm q8 fp16 cache budget exhausted; using q8 kernels (request=64.00 MiB cached=0.00 GiB free=0.89 GiB reserve=1.59 GiB total=31.86 GiB)
ds4: ROCm q8 fp16 cache budget exhausted; using q8 kernels (request=64.00 MiB cached=0.00 GiB free=0.89 GiB reserve=1.59 GiB total=31.86 GiB)
ds4: ROCm q8 fp16 cache budget exhausted; using q8 kernels (request=64.00 MiB cached=0.00 GiB free=0.89 GiB reserve=1.59 GiB total=31.86 GiB)
ds4: ROCm q8 fp16 cache budget exhausted; using q8 kernels (request=64.00 MiB cached=0.00 GiB free=0.89 GiB reserve=1.59 GiB total=31.86 GiB)
ds4: ROCm q8 fp16 cache budget exhausted; using q8 kernels (request=64.00 MiB cached=0.00 GiB free=0.89 GiB reserve=1.59 GiB total=31.86 GiB)
ds4: ROCm q8 fp16 cache budget exhausted; using q8 kernels (request=64.00 MiB cached=0.00 GiB free=0.89 GiB reserve=1.59 GiB total=31.86 GiB)
ds4: ROCm q8 fp16 cache budget exhausted; using q8 kernels (request=64.00 MiB cached=0.00 GiB free=0.89 GiB reserve=1.59 GiB total=31.86 GiB)
ds4: ROCm q8 fp16 cache budget exhausted; using q8 kernels (request=64.00 MiB cached=0.00 GiB free=0.89 GiB reserve=1.59 GiB total=31.86 GiB)
ds4: ROCm q8 fp16 cache budget exhausted; using q8 kernels (request=64.00 MiB cached=0.00 GiB free=0.89 GiB reserve=1.59 GiB total=31.86 GiB)
ds4: ROCm q8 fp16 cache budget exhausted; using q8 kernels (request=64.00 MiB cached=0.00 GiB free=0.89 GiB reserve=1.59 GiB total=31.86 GiB)
ds4: ROCm q8 fp16 cache budget exhausted; using q8 kernels (request=64.00 MiB cached=0.00 GiB free=0.89 GiB reserve=1.59 GiB total=31.86 GiB)
ds4: ROCm q8 fp16 cache budget exhausted; using q8 kernels (request=64.00 MiB cached=0.00 GiB free=0.89 GiB reserve=1.59 GiB total=31.86 GiB)
ds4: ROCm q8 fp16 cache budget exhausted; using q8 kernels (request=64.00 MiB cached=0.00 GiB free=0.89 GiB reserve=1.59 GiB total=31.86 GiB)
ds4: ROCm q8 fp16 cache budget exhausted; using q8 kernels (request=64.00 MiB cached=0.00 GiB free=0.89 GiB reserve=1.59 GiB total=31.86 GiB)
ds4: ROCm q8 fp16 cache budget exhausted; using q8 kernels (request=64.00 MiB cached=0.00 GiB free=0.89 GiB reserve=1.59 GiB total=31.86 GiB)
ds4: ROCm q8 fp16 cache budget exhausted; using q8 kernels (request=64.00 MiB cached=0.00 GiB free=0.89 GiB reserve=1.59 GiB total=31.86 GiB)
ds4: ROCm q8 fp16 cache budget exhausted; using q8 kernels (request=64.00 MiB cached=0.00 GiB free=0.89 GiB reserve=1.59 GiB total=31.86 GiB)
ds4: ROCm q8 fp16 cache budget exhausted; using q8 kernels (request=64.00 MiB cached=0.00 GiB free=0.89 GiB reserve=1.59 GiB total=31.86 GiB)
ds4: ROCm q8 fp16 cache budget exhausted; using q8 kernels (request=64.00 MiB cached=0.00 GiB free=0.89 GiB reserve=1.59 GiB total=31.86 GiB)
ds4: ROCm q8 fp16 cache budget exhausted; using q8 kernels (request=64.00 MiB cached=0.00 GiB free=0.89 GiB reserve=1.59 GiB total=31.86 GiB)
ds4: ROCm q8 fp16 cache budget exhausted; using q8 kernels (request=64.00 MiB cached=0.00 GiB free=0.89 GiB reserve=1.59 GiB total=31.86 GiB)
ds4: ROCm q8 fp16 cache budget exhausted; using q8 kernels (request=64.00 MiB cached=0.00 GiB free=0.89 GiB reserve=1.59 GiB total=31.86 GiB)
ds4: ROCm q8 fp16 cache budget exhausted; using q8 kernels (request=64.00 MiB cached=0.00 GiB free=0.89 GiB reserve=1.59 GiB total=31.86 GiB)
ds4: ROCm q8 fp16 cache budget exhausted; using q8 kernels (request=64.00 MiB cached=0.00 GiB free=0.89 GiB reserve=1.59 GiB total=31.86 GiB)
ds4: ROCm q8 fp16 cache budget exhausted; using q8 kernels (request=64.00 MiB cached=0.00 GiB free=0.89 GiB reserve=1.59 GiB total=31.86 GiB)
ds4: ROCm q8 fp16 cache budget exhausted; using q8 kernels (request=64.00 MiB cached=0.00 GiB free=0.89 GiB reserve=1.59 GiB total=31.86 GiB)
ds4: ROCm q8 fp16 cache budget exhausted; using q8 kernels (request=64.00 MiB cached=0.00 GiB free=0.89 GiB reserve=1.59 GiB total=31.86 GiB)
ds4: ROCm q8 fp16 cache budget exhausted; using q8 kernels (request=64.00 MiB cached=0.00 GiB free=0.89 GiB reserve=1.59 GiB total=31.86 GiB)
ds4: ROCm q8 fp16 cache budget exhausted; using q8 kernels (request=64.00 MiB cached=0.00 GiB free=0.89 GiB reserve=1.59 GiB total=31.86 GiB)
ds4: ROCm q8 fp16 cache budget exhausted; using q8 kernels (request=64.00 MiB cached=0.00 GiB free=0.89 GiB reserve=1.59 GiB total=31.86 GiB)
ds4: ROCm q8 fp16 cache budget exhausted; using q8 kernels (request=64.00 MiB cached=0.00 GiB free=0.89 GiB reserve=1.59 GiB total=31.86 GiB)
ds4: ROCm q8 fp16 cache budget exhausted; using q8 kernels (request=64.00 MiB cached=0.00 GiB free=0.89 GiB reserve=1.59 GiB total=31.86 GiB)
ds4: ROCm q8 fp16 cache budget exhausted; using q8 kernels (request=64.00 MiB cached=0.00 GiB free=0.89 GiB reserve=1.59 GiB total=31.86 GiB)
ds4: ROCm q8 fp16 cache budget exhausted; using q8 kernels (request=64.00 MiB cached=0.00 GiB free=0.89 GiB reserve=1.59 GiB total=31.86 GiB)
case_017 cases=18 prompt=26 target=24 avg_nll=0.401331 lcp=0 api_target_mae=0.401331 api_top_coverage=96/120 api_top1=0.875 api_topn=0.260 api_pair=0.986
ds4: ROCm q8 fp16 cache budget exhausted; using q8 kernels (request=64.00 MiB cached=0.00 GiB free=0.89 GiB reserve=1.59 GiB total=31.86 GiB)
ds4: ROCm q8 fp16 cache budget exhausted; using q8 kernels (request=64.00 MiB cached=0.00 GiB free=0.89 GiB reserve=1.59 GiB total=31.86 GiB)
ds4: ROCm q8 fp16 cache budget exhausted; using q8 kernels (request=64.00 MiB cached=0.00 GiB free=0.89 GiB reserve=1.59 GiB total=31.86 GiB)
ds4: ROCm q8 fp16 cache budget exhausted; using q8 kernels (request=64.00 MiB cached=0.00 GiB free=0.89 GiB reserve=1.59 GiB total=31.86 GiB)
ds4: ROCm q8 fp16 cache budget exhausted; using q8 kernels (request=64.00 MiB cached=0.00 GiB free=0.89 GiB reserve=1.59 GiB total=31.86 GiB)
ds4: ROCm q8 fp16 cache budget exhausted; using q8 kernels (request=64.00 MiB cached=0.00 GiB free=0.89 GiB reserve=1.59 GiB total=31.86 GiB)
ds4: ROCm q8 fp16 cache budget exhausted; using q8 kernels (request=64.00 MiB cached=0.00 GiB free=0.89 GiB reserve=1.59 GiB total=31.86 GiB)
ds4: ROCm q8 fp16 cache budget exhausted; using q8 kernels (request=64.00 MiB cached=0.00 GiB free=0.89 GiB reserve=1.59 GiB total=31.86 GiB)
ds4: ROCm q8 fp16 cache budget exhausted; using q8 kernels (request=64.00 MiB cached=0.00 GiB free=0.89 GiB reserve=1.59 GiB total=31.86 GiB)
ds4: ROCm q8 fp16 cache budget exhausted; using q8 kernels (request=64.00 MiB cached=0.00 GiB free=0.89 GiB reserve=1.59 GiB total=31.86 GiB)
ds4: ROCm q8 fp16 cache budget exhausted; using q8 kernels (request=64.00 MiB cached=0.00 GiB free=0.89 GiB reserve=1.59 GiB total=31.86 GiB)
ds4: ROCm q8 fp16 cache budget exhausted; using q8 kernels (request=64.00 MiB cached=0.00 GiB free=0.89 GiB reserve=1.59 GiB total=31.86 GiB)
ds4: ROCm q8 fp16 cache budget exhausted; using q8 kernels (request=64.00 MiB cached=0.00 GiB free=0.89 GiB reserve=1.59 GiB total=31.86 GiB)
ds4: ROCm q8 fp16 cache budget exhausted; using q8 kernels (request=64.00 MiB cached=0.00 GiB free=0.89 GiB reserve=1.59 GiB total=31.86 GiB)
ds4: ROCm q8 fp16 cache budget exhausted; using q8 kernels (request=64.00 MiB cached=0.00 GiB free=0.89 GiB reserve=1.59 GiB total=31.86 GiB)
ds4: ROCm q8 fp16 cache budget exhausted; using q8 kernels (request=64.00 MiB cached=0.00 GiB free=0.89 GiB reserve=1.59 GiB total=31.86 GiB)
ds4: ROCm q8 fp16 cache budget exhausted; using q8 kernels (request=64.00 MiB cached=0.00 GiB free=0.89 GiB reserve=1.59 GiB total=31.86 GiB)
ds4: ROCm q8 fp16 cache budget exhausted; using q8 kernels (request=64.00 MiB cached=0.00 GiB free=0.89 GiB reserve=1.59 GiB total=31.86 GiB)
ds4: ROCm q8 fp16 cache budget exhausted; using q8 kernels (request=64.00 MiB cached=0.00 GiB free=0.89 GiB reserve=1.59 GiB total=31.86 GiB)
ds4: ROCm q8 fp16 cache budget exhausted; using q8 kernels (request=64.00 MiB cached=0.00 GiB free=0.89 GiB reserve=1.59 GiB total=31.86 GiB)
ds4: ROCm q8 fp16 cache budget exhausted; using q8 kernels (request=64.00 MiB cached=0.00 GiB free=0.89 GiB reserve=1.59 GiB total=31.86 GiB)
ds4: ROCm q8 fp16 cache budget exhausted; using q8 kernels (request=64.00 MiB cached=0.00 GiB free=0.89 GiB reserve=1.59 GiB total=31.86 GiB)
ds4: ROCm q8 fp16 cache budget exhausted; using q8 kernels (request=64.00 MiB cached=0.00 GiB free=0.89 GiB reserve=1.59 GiB total=31.86 GiB)
ds4: ROCm q8 fp16 cache budget exhausted; using q8 kernels (request=64.00 MiB cached=0.00 GiB free=0.89 GiB reserve=1.59 GiB total=31.86 GiB)
ds4: ROCm q8 fp16 cache budget exhausted; using q8 kernels (request=64.00 MiB cached=0.00 GiB free=0.89 GiB reserve=1.59 GiB total=31.86 GiB)
ds4: ROCm q8 fp16 cache budget exhausted; using q8 kernels (request=64.00 MiB cached=0.00 GiB free=0.89 GiB reserve=1.59 GiB total=31.86 GiB)
ds4: ROCm q8 fp16 cache budget exhausted; using q8 kernels (request=64.00 MiB cached=0.00 GiB free=0.89 GiB reserve=1.59 GiB total=31.86 GiB)
ds4: ROCm q8 fp16 cache budget exhausted; using q8 kernels (request=64.00 MiB cached=0.00 GiB free=0.89 GiB reserve=1.59 GiB total=31.86 GiB)
ds4: ROCm q8 fp16 cache budget exhausted; using q8 kernels (request=64.00 MiB cached=0.00 GiB free=0.89 GiB reserve=1.59 GiB total=31.86 GiB)
ds4: ROCm q8 fp16 cache budget exhausted; using q8 kernels (request=64.00 MiB cached=0.00 GiB free=0.89 GiB reserve=1.59 GiB total=31.86 GiB)
ds4: ROCm q8 fp16 cache budget exhausted; using q8 kernels (request=64.00 MiB cached=0.00 GiB free=0.89 GiB reserve=1.59 GiB total=31.86 GiB)
ds4: ROCm q8 fp16 cache budget exhausted; using q8 kernels (request=64.00 MiB cached=0.00 GiB free=0.89 GiB reserve=1.59 GiB total=31.86 GiB)
ds4: ROCm q8 fp16 cache budget exhausted; using q8 kernels (request=64.00 MiB cached=0.00 GiB free=0.89 GiB reserve=1.59 GiB total=31.86 GiB)
ds4: ROCm q8 fp16 cache budget exhausted; using q8 kernels (request=64.00 MiB cached=0.00 GiB free=0.89 GiB reserve=1.59 GiB total=31.86 GiB)
ds4: ROCm q8 fp16 cache budget exhausted; using q8 kernels (request=64.00 MiB cached=0.00 GiB free=0.89 GiB reserve=1.59 GiB total=31.86 GiB)
ds4: ROCm q8 fp16 cache budget exhausted; using q8 kernels (request=64.00 MiB cached=0.00 GiB free=0.89 GiB reserve=1.59 GiB total=31.86 GiB)
ds4: ROCm q8 fp16 cache budget exhausted; using q8 kernels (request=64.00 MiB cached=0.00 GiB free=0.89 GiB reserve=1.59 GiB total=31.86 GiB)
ds4: ROCm q8 fp16 cache budget exhausted; using q8 kernels (request=64.00 MiB cached=0.00 GiB free=0.89 GiB reserve=1.59 GiB total=31.86 GiB)
ds4: ROCm q8 fp16 cache budget exhausted; using q8 kernels (request=64.00 MiB cached=0.00 GiB free=0.89 GiB reserve=1.59 GiB total=31.86 GiB)
ds4: ROCm q8 fp16 cache budget exhausted; using q8 kernels (request=64.00 MiB cached=0.00 GiB free=0.89 GiB reserve=1.59 GiB total=31.86 GiB)
ds4: ROCm q8 fp16 cache budget exhausted; using q8 kernels (request=64.00 MiB cached=0.00 GiB free=0.89 GiB reserve=1.59 GiB total=31.86 GiB)
ds4: ROCm q8 fp16 cache budget exhausted; using q8 kernels (request=64.00 MiB cached=0.00 GiB free=0.89 GiB reserve=1.59 GiB total=31.86 GiB)
ds4: ROCm q8 fp16 cache budget exhausted; using q8 kernels (request=64.00 MiB cached=0.00 GiB free=0.89 GiB reserve=1.59 GiB total=31.86 GiB)
case_018 cases=19 prompt=25 target=24 avg_nll=0.167802 lcp=12 api_target_mae=0.167802 api_top_coverage=115/120 api_top1=0.917 api_topn=0.704 api_pair=0.989
ds4: ROCm q8 fp16 cache budget exhausted; using q8 kernels (request=64.00 MiB cached=0.00 GiB free=0.89 GiB reserve=1.59 GiB total=31.86 GiB)
ds4: ROCm q8 fp16 cache budget exhausted; using q8 kernels (request=64.00 MiB cached=0.00 GiB free=0.89 GiB reserve=1.59 GiB total=31.86 GiB)
ds4: ROCm q8 fp16 cache budget exhausted; using q8 kernels (request=64.00 MiB cached=0.00 GiB free=0.89 GiB reserve=1.59 GiB total=31.86 GiB)
ds4: ROCm q8 fp16 cache budget exhausted; using q8 kernels (request=64.00 MiB cached=0.00 GiB free=0.89 GiB reserve=1.59 GiB total=31.86 GiB)
ds4: ROCm q8 fp16 cache budget exhausted; using q8 kernels (request=64.00 MiB cached=0.00 GiB free=0.89 GiB reserve=1.59 GiB total=31.86 GiB)
ds4: ROCm q8 fp16 cache budget exhausted; using q8 kernels (request=64.00 MiB cached=0.00 GiB free=0.89 GiB reserve=1.59 GiB total=31.86 GiB)
ds4: ROCm q8 fp16 cache budget exhausted; using q8 kernels (request=64.00 MiB cached=0.00 GiB free=0.89 GiB reserve=1.59 GiB total=31.86 GiB)
ds4: ROCm q8 fp16 cache budget exhausted; using q8 kernels (request=64.00 MiB cached=0.00 GiB free=0.89 GiB reserve=1.59 GiB total=31.86 GiB)
ds4: ROCm q8 fp16 cache budget exhausted; using q8 kernels (request=64.00 MiB cached=0.00 GiB free=0.89 GiB reserve=1.59 GiB total=31.86 GiB)
ds4: ROCm q8 fp16 cache budget exhausted; using q8 kernels (request=64.00 MiB cached=0.00 GiB free=0.89 GiB reserve=1.59 GiB total=31.86 GiB)
ds4: ROCm q8 fp16 cache budget exhausted; using q8 kernels (request=64.00 MiB cached=0.00 GiB free=0.89 GiB reserve=1.59 GiB total=31.86 GiB)
ds4: ROCm q8 fp16 cache budget exhausted; using q8 kernels (request=64.00 MiB cached=0.00 GiB free=0.89 GiB reserve=1.59 GiB total=31.86 GiB)
ds4: ROCm q8 fp16 cache budget exhausted; using q8 kernels (request=64.00 MiB cached=0.00 GiB free=0.89 GiB reserve=1.59 GiB total=31.86 GiB)
ds4: ROCm q8 fp16 cache budget exhausted; using q8 kernels (request=64.00 MiB cached=0.00 GiB free=0.89 GiB reserve=1.59 GiB total=31.86 GiB)
ds4: ROCm q8 fp16 cache budget exhausted; using q8 kernels (request=64.00 MiB cached=0.00 GiB free=0.89 GiB reserve=1.59 GiB total=31.86 GiB)
ds4: ROCm q8 fp16 cache budget exhausted; using q8 kernels (request=64.00 MiB cached=0.00 GiB free=0.89 GiB reserve=1.59 GiB total=31.86 GiB)
ds4: ROCm q8 fp16 cache budget exhausted; using q8 kernels (request=64.00 MiB cached=0.00 GiB free=0.89 GiB reserve=1.59 GiB total=31.86 GiB)
ds4: ROCm q8 fp16 cache budget exhausted; using q8 kernels (request=64.00 MiB cached=0.00 GiB free=0.89 GiB reserve=1.59 GiB total=31.86 GiB)
ds4: ROCm q8 fp16 cache budget exhausted; using q8 kernels (request=64.00 MiB cached=0.00 GiB free=0.89 GiB reserve=1.59 GiB total=31.86 GiB)
ds4: ROCm q8 fp16 cache budget exhausted; using q8 kernels (request=64.00 MiB cached=0.00 GiB free=0.89 GiB reserve=1.59 GiB total=31.86 GiB)
ds4: ROCm q8 fp16 cache budget exhausted; using q8 kernels (request=64.00 MiB cached=0.00 GiB free=0.89 GiB reserve=1.59 GiB total=31.86 GiB)
ds4: ROCm q8 fp16 cache budget exhausted; using q8 kernels (request=64.00 MiB cached=0.00 GiB free=0.89 GiB reserve=1.59 GiB total=31.86 GiB)
ds4: ROCm q8 fp16 cache budget exhausted; using q8 kernels (request=64.00 MiB cached=0.00 GiB free=0.89 GiB reserve=1.59 GiB total=31.86 GiB)
ds4: ROCm q8 fp16 cache budget exhausted; using q8 kernels (request=64.00 MiB cached=0.00 GiB free=0.89 GiB reserve=1.59 GiB total=31.86 GiB)
ds4: ROCm q8 fp16 cache budget exhausted; using q8 kernels (request=64.00 MiB cached=0.00 GiB free=0.89 GiB reserve=1.59 GiB total=31.86 GiB)
ds4: ROCm q8 fp16 cache budget exhausted; using q8 kernels (request=64.00 MiB cached=0.00 GiB free=0.89 GiB reserve=1.59 GiB total=31.86 GiB)
ds4: ROCm q8 fp16 cache budget exhausted; using q8 kernels (request=64.00 MiB cached=0.00 GiB free=0.89 GiB reserve=1.59 GiB total=31.86 GiB)
ds4: ROCm q8 fp16 cache budget exhausted; using q8 kernels (request=64.00 MiB cached=0.00 GiB free=0.89 GiB reserve=1.59 GiB total=31.86 GiB)
ds4: ROCm q8 fp16 cache budget exhausted; using q8 kernels (request=64.00 MiB cached=0.00 GiB free=0.89 GiB reserve=1.59 GiB total=31.86 GiB)
ds4: ROCm q8 fp16 cache budget exhausted; using q8 kernels (request=64.00 MiB cached=0.00 GiB free=0.89 GiB reserve=1.59 GiB total=31.86 GiB)
ds4: ROCm q8 fp16 cache budget exhausted; using q8 kernels (request=64.00 MiB cached=0.00 GiB free=0.89 GiB reserve=1.59 GiB total=31.86 GiB)
ds4: ROCm q8 fp16 cache budget exhausted; using q8 kernels (request=64.00 MiB cached=0.00 GiB free=0.89 GiB reserve=1.59 GiB total=31.86 GiB)
ds4: ROCm q8 fp16 cache budget exhausted; using q8 kernels (request=64.00 MiB cached=0.00 GiB free=0.89 GiB reserve=1.59 GiB total=31.86 GiB)
ds4: ROCm q8 fp16 cache budget exhausted; using q8 kernels (request=64.00 MiB cached=0.00 GiB free=0.89 GiB reserve=1.59 GiB total=31.86 GiB)
ds4: ROCm q8 fp16 cache budget exhausted; using q8 kernels (request=64.00 MiB cached=0.00 GiB free=0.89 GiB reserve=1.59 GiB total=31.86 GiB)
ds4: ROCm q8 fp16 cache budget exhausted; using q8 kernels (request=64.00 MiB cached=0.00 GiB free=0.89 GiB reserve=1.59 GiB total=31.86 GiB)
ds4: ROCm q8 fp16 cache budget exhausted; using q8 kernels (request=64.00 MiB cached=0.00 GiB free=0.89 GiB reserve=1.59 GiB total=31.86 GiB)
ds4: ROCm q8 fp16 cache budget exhausted; using q8 kernels (request=64.00 MiB cached=0.00 GiB free=0.89 GiB reserve=1.59 GiB total=31.86 GiB)
ds4: ROCm q8 fp16 cache budget exhausted; using q8 kernels (request=64.00 MiB cached=0.00 GiB free=0.89 GiB reserve=1.59 GiB total=31.86 GiB)
ds4: ROCm q8 fp16 cache budget exhausted; using q8 kernels (request=64.00 MiB cached=0.00 GiB free=0.89 GiB reserve=1.59 GiB total=31.86 GiB)
ds4: ROCm q8 fp16 cache budget exhausted; using q8 kernels (request=64.00 MiB cached=0.00 GiB free=0.89 GiB reserve=1.59 GiB total=31.86 GiB)
ds4: ROCm q8 fp16 cache budget exhausted; using q8 kernels (request=64.00 MiB cached=0.00 GiB free=0.89 GiB reserve=1.59 GiB total=31.86 GiB)
ds4: ROCm q8 fp16 cache budget exhausted; using q8 kernels (request=64.00 MiB cached=0.00 GiB free=0.89 GiB reserve=1.59 GiB total=31.86 GiB)
case_019 cases=20 prompt=19 target=24 avg_nll=0.411145 lcp=14 api_target_mae=0.411145 api_top_coverage=98/120 api_top1=0.833 api_topn=0.265 api_pair=1.000
ds4: ROCm q8 fp16 cache budget exhausted; using q8 kernels (request=64.00 MiB cached=0.00 GiB free=0.89 GiB reserve=1.59 GiB total=31.86 GiB)
ds4: ROCm q8 fp16 cache budget exhausted; using q8 kernels (request=64.00 MiB cached=0.00 GiB free=0.89 GiB reserve=1.59 GiB total=31.86 GiB)
ds4: ROCm q8 fp16 cache budget exhausted; using q8 kernels (request=64.00 MiB cached=0.00 GiB free=0.89 GiB reserve=1.59 GiB total=31.86 GiB)
ds4: ROCm q8 fp16 cache budget exhausted; using q8 kernels (request=64.00 MiB cached=0.00 GiB free=0.89 GiB reserve=1.59 GiB total=31.86 GiB)
ds4: ROCm q8 fp16 cache budget exhausted; using q8 kernels (request=64.00 MiB cached=0.00 GiB free=0.89 GiB reserve=1.59 GiB total=31.86 GiB)
ds4: ROCm q8 fp16 cache budget exhausted; using q8 kernels (request=64.00 MiB cached=0.00 GiB free=0.89 GiB reserve=1.59 GiB total=31.86 GiB)
ds4: ROCm q8 fp16 cache budget exhausted; using q8 kernels (request=64.00 MiB cached=0.00 GiB free=0.89 GiB reserve=1.59 GiB total=31.86 GiB)
ds4: ROCm q8 fp16 cache budget exhausted; using q8 kernels (request=64.00 MiB cached=0.00 GiB free=0.89 GiB reserve=1.59 GiB total=31.86 GiB)
ds4: ROCm q8 fp16 cache budget exhausted; using q8 kernels (request=64.00 MiB cached=0.00 GiB free=0.89 GiB reserve=1.59 GiB total=31.86 GiB)
ds4: ROCm q8 fp16 cache budget exhausted; using q8 kernels (request=64.00 MiB cached=0.00 GiB free=0.89 GiB reserve=1.59 GiB total=31.86 GiB)
ds4: ROCm q8 fp16 cache budget exhausted; using q8 kernels (request=64.00 MiB cached=0.00 GiB free=0.89 GiB reserve=1.59 GiB total=31.86 GiB)
ds4: ROCm q8 fp16 cache budget exhausted; using q8 kernels (request=64.00 MiB cached=0.00 GiB free=0.89 GiB reserve=1.59 GiB total=31.86 GiB)
ds4: ROCm q8 fp16 cache budget exhausted; using q8 kernels (request=64.00 MiB cached=0.00 GiB free=0.89 GiB reserve=1.59 GiB total=31.86 GiB)
ds4: ROCm q8 fp16 cache budget exhausted; using q8 kernels (request=64.00 MiB cached=0.00 GiB free=0.89 GiB reserve=1.59 GiB total=31.86 GiB)
ds4: ROCm q8 fp16 cache budget exhausted; using q8 kernels (request=64.00 MiB cached=0.00 GiB free=0.89 GiB reserve=1.59 GiB total=31.86 GiB)
ds4: ROCm q8 fp16 cache budget exhausted; using q8 kernels (request=64.00 MiB cached=0.00 GiB free=0.89 GiB reserve=1.59 GiB total=31.86 GiB)
ds4: ROCm q8 fp16 cache budget exhausted; using q8 kernels (request=64.00 MiB cached=0.00 GiB free=0.89 GiB reserve=1.59 GiB total=31.86 GiB)
ds4: ROCm q8 fp16 cache budget exhausted; using q8 kernels (request=64.00 MiB cached=0.00 GiB free=0.89 GiB reserve=1.59 GiB total=31.86 GiB)
ds4: ROCm q8 fp16 cache budget exhausted; using q8 kernels (request=64.00 MiB cached=0.00 GiB free=0.89 GiB reserve=1.59 GiB total=31.86 GiB)
ds4: ROCm q8 fp16 cache budget exhausted; using q8 kernels (request=64.00 MiB cached=0.00 GiB free=0.89 GiB reserve=1.59 GiB total=31.86 GiB)
ds4: ROCm q8 fp16 cache budget exhausted; using q8 kernels (request=64.00 MiB cached=0.00 GiB free=0.89 GiB reserve=1.59 GiB total=31.86 GiB)
ds4: ROCm q8 fp16 cache budget exhausted; using q8 kernels (request=64.00 MiB cached=0.00 GiB free=0.89 GiB reserve=1.59 GiB total=31.86 GiB)
ds4: ROCm q8 fp16 cache budget exhausted; using q8 kernels (request=64.00 MiB cached=0.00 GiB free=0.89 GiB reserve=1.59 GiB total=31.86 GiB)
ds4: ROCm q8 fp16 cache budget exhausted; using q8 kernels (request=64.00 MiB cached=0.00 GiB free=0.89 GiB reserve=1.59 GiB total=31.86 GiB)
ds4: ROCm q8 fp16 cache budget exhausted; using q8 kernels (request=64.00 MiB cached=0.00 GiB free=0.89 GiB reserve=1.59 GiB total=31.86 GiB)
ds4: ROCm q8 fp16 cache budget exhausted; using q8 kernels (request=64.00 MiB cached=0.00 GiB free=0.89 GiB reserve=1.59 GiB total=31.86 GiB)
ds4: ROCm q8 fp16 cache budget exhausted; using q8 kernels (request=64.00 MiB cached=0.00 GiB free=0.89 GiB reserve=1.59 GiB total=31.86 GiB)
ds4: ROCm q8 fp16 cache budget exhausted; using q8 kernels (request=64.00 MiB cached=0.00 GiB free=0.89 GiB reserve=1.59 GiB total=31.86 GiB)
ds4: ROCm q8 fp16 cache budget exhausted; using q8 kernels (request=64.00 MiB cached=0.00 GiB free=0.89 GiB reserve=1.59 GiB total=31.86 GiB)
ds4: ROCm q8 fp16 cache budget exhausted; using q8 kernels (request=64.00 MiB cached=0.00 GiB free=0.89 GiB reserve=1.59 GiB total=31.86 GiB)
ds4: ROCm q8 fp16 cache budget exhausted; using q8 kernels (request=64.00 MiB cached=0.00 GiB free=0.89 GiB reserve=1.59 GiB total=31.86 GiB)
ds4: ROCm q8 fp16 cache budget exhausted; using q8 kernels (request=64.00 MiB cached=0.00 GiB free=0.89 GiB reserve=1.59 GiB total=31.86 GiB)
ds4: ROCm q8 fp16 cache budget exhausted; using q8 kernels (request=64.00 MiB cached=0.00 GiB free=0.89 GiB reserve=1.59 GiB total=31.86 GiB)
ds4: ROCm q8 fp16 cache budget exhausted; using q8 kernels (request=64.00 MiB cached=0.00 GiB free=0.89 GiB reserve=1.59 GiB total=31.86 GiB)
ds4: ROCm q8 fp16 cache budget exhausted; using q8 kernels (request=64.00 MiB cached=0.00 GiB free=0.89 GiB reserve=1.59 GiB total=31.86 GiB)
ds4: ROCm q8 fp16 cache budget exhausted; using q8 kernels (request=64.00 MiB cached=0.00 GiB free=0.89 GiB reserve=1.59 GiB total=31.86 GiB)
ds4: ROCm q8 fp16 cache budget exhausted; using q8 kernels (request=64.00 MiB cached=0.00 GiB free=0.89 GiB reserve=1.59 GiB total=31.86 GiB)
ds4: ROCm q8 fp16 cache budget exhausted; using q8 kernels (request=64.00 MiB cached=0.00 GiB free=0.89 GiB reserve=1.59 GiB total=31.86 GiB)
ds4: ROCm q8 fp16 cache budget exhausted; using q8 kernels (request=64.00 MiB cached=0.00 GiB free=0.89 GiB reserve=1.59 GiB total=31.86 GiB)
ds4: ROCm q8 fp16 cache budget exhausted; using q8 kernels (request=64.00 MiB cached=0.00 GiB free=0.89 GiB reserve=1.59 GiB total=31.86 GiB)
ds4: ROCm q8 fp16 cache budget exhausted; using q8 kernels (request=64.00 MiB cached=0.00 GiB free=0.89 GiB reserve=1.59 GiB total=31.86 GiB)
ds4: ROCm q8 fp16 cache budget exhausted; using q8 kernels (request=64.00 MiB cached=0.00 GiB free=0.89 GiB reserve=1.59 GiB total=31.86 GiB)
ds4: ROCm q8 fp16 cache budget exhausted; using q8 kernels (request=64.00 MiB cached=0.00 GiB free=0.89 GiB reserve=1.59 GiB total=31.86 GiB)
case_020 cases=21 prompt=18 target=24 avg_nll=0.377623 lcp=0 api_target_mae=0.377623 api_top_coverage=96/120 api_top1=0.917 api_topn=0.240 api_pair=1.000
ds4: ROCm q8 fp16 cache budget exhausted; using q8 kernels (request=64.00 MiB cached=0.00 GiB free=0.89 GiB reserve=1.59 GiB total=31.86 GiB)
ds4: ROCm q8 fp16 cache budget exhausted; using q8 kernels (request=64.00 MiB cached=0.00 GiB free=0.89 GiB reserve=1.59 GiB total=31.86 GiB)
ds4: ROCm q8 fp16 cache budget exhausted; using q8 kernels (request=64.00 MiB cached=0.00 GiB free=0.89 GiB reserve=1.59 GiB total=31.86 GiB)
ds4: ROCm q8 fp16 cache budget exhausted; using q8 kernels (request=64.00 MiB cached=0.00 GiB free=0.89 GiB reserve=1.59 GiB total=31.86 GiB)
ds4: ROCm q8 fp16 cache budget exhausted; using q8 kernels (request=64.00 MiB cached=0.00 GiB free=0.89 GiB reserve=1.59 GiB total=31.86 GiB)
ds4: ROCm q8 fp16 cache budget exhausted; using q8 kernels (request=64.00 MiB cached=0.00 GiB free=0.89 GiB reserve=1.59 GiB total=31.86 GiB)
ds4: ROCm q8 fp16 cache budget exhausted; using q8 kernels (request=64.00 MiB cached=0.00 GiB free=0.89 GiB reserve=1.59 GiB total=31.86 GiB)
ds4: ROCm q8 fp16 cache budget exhausted; using q8 kernels (request=64.00 MiB cached=0.00 GiB free=0.89 GiB reserve=1.59 GiB total=31.86 GiB)
ds4: ROCm q8 fp16 cache budget exhausted; using q8 kernels (request=64.00 MiB cached=0.00 GiB free=0.89 GiB reserve=1.59 GiB total=31.86 GiB)
ds4: ROCm q8 fp16 cache budget exhausted; using q8 kernels (request=64.00 MiB cached=0.00 GiB free=0.89 GiB reserve=1.59 GiB total=31.86 GiB)
ds4: ROCm q8 fp16 cache budget exhausted; using q8 kernels (request=64.00 MiB cached=0.00 GiB free=0.89 GiB reserve=1.59 GiB total=31.86 GiB)
ds4: ROCm q8 fp16 cache budget exhausted; using q8 kernels (request=64.00 MiB cached=0.00 GiB free=0.89 GiB reserve=1.59 GiB total=31.86 GiB)
ds4: ROCm q8 fp16 cache budget exhausted; using q8 kernels (request=64.00 MiB cached=0.00 GiB free=0.89 GiB reserve=1.59 GiB total=31.86 GiB)
ds4: ROCm q8 fp16 cache budget exhausted; using q8 kernels (request=64.00 MiB cached=0.00 GiB free=0.89 GiB reserve=1.59 GiB total=31.86 GiB)
ds4: ROCm q8 fp16 cache budget exhausted; using q8 kernels (request=64.00 MiB cached=0.00 GiB free=0.89 GiB reserve=1.59 GiB total=31.86 GiB)
ds4: ROCm q8 fp16 cache budget exhausted; using q8 kernels (request=64.00 MiB cached=0.00 GiB free=0.89 GiB reserve=1.59 GiB total=31.86 GiB)
ds4: ROCm q8 fp16 cache budget exhausted; using q8 kernels (request=64.00 MiB cached=0.00 GiB free=0.89 GiB reserve=1.59 GiB total=31.86 GiB)
ds4: ROCm q8 fp16 cache budget exhausted; using q8 kernels (request=64.00 MiB cached=0.00 GiB free=0.89 GiB reserve=1.59 GiB total=31.86 GiB)
ds4: ROCm q8 fp16 cache budget exhausted; using q8 kernels (request=64.00 MiB cached=0.00 GiB free=0.89 GiB reserve=1.59 GiB total=31.86 GiB)
ds4: ROCm q8 fp16 cache budget exhausted; using q8 kernels (request=64.00 MiB cached=0.00 GiB free=0.89 GiB reserve=1.59 GiB total=31.86 GiB)
ds4: ROCm q8 fp16 cache budget exhausted; using q8 kernels (request=64.00 MiB cached=0.00 GiB free=0.89 GiB reserve=1.59 GiB total=31.86 GiB)
ds4: ROCm q8 fp16 cache budget exhausted; using q8 kernels (request=64.00 MiB cached=0.00 GiB free=0.89 GiB reserve=1.59 GiB total=31.86 GiB)
ds4: ROCm q8 fp16 cache budget exhausted; using q8 kernels (request=64.00 MiB cached=0.00 GiB free=0.89 GiB reserve=1.59 GiB total=31.86 GiB)
ds4: ROCm q8 fp16 cache budget exhausted; using q8 kernels (request=64.00 MiB cached=0.00 GiB free=0.89 GiB reserve=1.59 GiB total=31.86 GiB)
ds4: ROCm q8 fp16 cache budget exhausted; using q8 kernels (request=64.00 MiB cached=0.00 GiB free=0.89 GiB reserve=1.59 GiB total=31.86 GiB)
ds4: ROCm q8 fp16 cache budget exhausted; using q8 kernels (request=64.00 MiB cached=0.00 GiB free=0.89 GiB reserve=1.59 GiB total=31.86 GiB)
ds4: ROCm q8 fp16 cache budget exhausted; using q8 kernels (request=64.00 MiB cached=0.00 GiB free=0.89 GiB reserve=1.59 GiB total=31.86 GiB)
ds4: ROCm q8 fp16 cache budget exhausted; using q8 kernels (request=64.00 MiB cached=0.00 GiB free=0.89 GiB reserve=1.59 GiB total=31.86 GiB)
ds4: ROCm q8 fp16 cache budget exhausted; using q8 kernels (request=64.00 MiB cached=0.00 GiB free=0.89 GiB reserve=1.59 GiB total=31.86 GiB)
ds4: ROCm q8 fp16 cache budget exhausted; using q8 kernels (request=64.00 MiB cached=0.00 GiB free=0.89 GiB reserve=1.59 GiB total=31.86 GiB)
ds4: ROCm q8 fp16 cache budget exhausted; using q8 kernels (request=64.00 MiB cached=0.00 GiB free=0.89 GiB reserve=1.59 GiB total=31.86 GiB)
ds4: ROCm q8 fp16 cache budget exhausted; using q8 kernels (request=64.00 MiB cached=0.00 GiB free=0.89 GiB reserve=1.59 GiB total=31.86 GiB)
ds4: ROCm q8 fp16 cache budget exhausted; using q8 kernels (request=64.00 MiB cached=0.00 GiB free=0.89 GiB reserve=1.59 GiB total=31.86 GiB)
ds4: ROCm q8 fp16 cache budget exhausted; using q8 kernels (request=64.00 MiB cached=0.00 GiB free=0.89 GiB reserve=1.59 GiB total=31.86 GiB)
ds4: ROCm q8 fp16 cache budget exhausted; using q8 kernels (request=64.00 MiB cached=0.00 GiB free=0.89 GiB reserve=1.59 GiB total=31.86 GiB)
ds4: ROCm q8 fp16 cache budget exhausted; using q8 kernels (request=64.00 MiB cached=0.00 GiB free=0.89 GiB reserve=1.59 GiB total=31.86 GiB)
ds4: ROCm q8 fp16 cache budget exhausted; using q8 kernels (request=64.00 MiB cached=0.00 GiB free=0.89 GiB reserve=1.59 GiB total=31.86 GiB)
ds4: ROCm q8 fp16 cache budget exhausted; using q8 kernels (request=64.00 MiB cached=0.00 GiB free=0.89 GiB reserve=1.59 GiB total=31.86 GiB)
ds4: ROCm q8 fp16 cache budget exhausted; using q8 kernels (request=64.00 MiB cached=0.00 GiB free=0.89 GiB reserve=1.59 GiB total=31.86 GiB)
ds4: ROCm q8 fp16 cache budget exhausted; using q8 kernels (request=64.00 MiB cached=0.00 GiB free=0.89 GiB reserve=1.59 GiB total=31.86 GiB)
ds4: ROCm q8 fp16 cache budget exhausted; using q8 kernels (request=64.00 MiB cached=0.00 GiB free=0.89 GiB reserve=1.59 GiB total=31.86 GiB)
ds4: ROCm q8 fp16 cache budget exhausted; using q8 kernels (request=64.00 MiB cached=0.00 GiB free=0.89 GiB reserve=1.59 GiB total=31.86 GiB)
ds4: ROCm q8 fp16 cache budget exhausted; using q8 kernels (request=64.00 MiB cached=0.00 GiB free=0.89 GiB reserve=1.59 GiB total=31.86 GiB)
case_021 cases=22 prompt=18 target=24 avg_nll=0.039886 lcp=13 api_target_mae=0.039886 api_top_coverage=96/120 api_top1=0.958 api_topn=0.250 api_pair=1.000
ds4: ROCm q8 fp16 cache budget exhausted; using q8 kernels (request=64.00 MiB cached=0.00 GiB free=0.89 GiB reserve=1.59 GiB total=31.86 GiB)
ds4: ROCm q8 fp16 cache budget exhausted; using q8 kernels (request=64.00 MiB cached=0.00 GiB free=0.89 GiB reserve=1.59 GiB total=31.86 GiB)
ds4: ROCm q8 fp16 cache budget exhausted; using q8 kernels (request=64.00 MiB cached=0.00 GiB free=0.89 GiB reserve=1.59 GiB total=31.86 GiB)
ds4: ROCm q8 fp16 cache budget exhausted; using q8 kernels (request=64.00 MiB cached=0.00 GiB free=0.89 GiB reserve=1.59 GiB total=31.86 GiB)
ds4: ROCm q8 fp16 cache budget exhausted; using q8 kernels (request=64.00 MiB cached=0.00 GiB free=0.89 GiB reserve=1.59 GiB total=31.86 GiB)
ds4: ROCm q8 fp16 cache budget exhausted; using q8 kernels (request=64.00 MiB cached=0.00 GiB free=0.89 GiB reserve=1.59 GiB total=31.86 GiB)
ds4: ROCm q8 fp16 cache budget exhausted; using q8 kernels (request=64.00 MiB cached=0.00 GiB free=0.89 GiB reserve=1.59 GiB total=31.86 GiB)
ds4: ROCm q8 fp16 cache budget exhausted; using q8 kernels (request=64.00 MiB cached=0.00 GiB free=0.89 GiB reserve=1.59 GiB total=31.86 GiB)
ds4: ROCm q8 fp16 cache budget exhausted; using q8 kernels (request=64.00 MiB cached=0.00 GiB free=0.89 GiB reserve=1.59 GiB total=31.86 GiB)
ds4: ROCm q8 fp16 cache budget exhausted; using q8 kernels (request=64.00 MiB cached=0.00 GiB free=0.89 GiB reserve=1.59 GiB total=31.86 GiB)
ds4: ROCm q8 fp16 cache budget exhausted; using q8 kernels (request=64.00 MiB cached=0.00 GiB free=0.89 GiB reserve=1.59 GiB total=31.86 GiB)
ds4: ROCm q8 fp16 cache budget exhausted; using q8 kernels (request=64.00 MiB cached=0.00 GiB free=0.89 GiB reserve=1.59 GiB total=31.86 GiB)
ds4: ROCm q8 fp16 cache budget exhausted; using q8 kernels (request=64.00 MiB cached=0.00 GiB free=0.89 GiB reserve=1.59 GiB total=31.86 GiB)
ds4: ROCm q8 fp16 cache budget exhausted; using q8 kernels (request=64.00 MiB cached=0.00 GiB free=0.89 GiB reserve=1.59 GiB total=31.86 GiB)
ds4: ROCm q8 fp16 cache budget exhausted; using q8 kernels (request=64.00 MiB cached=0.00 GiB free=0.89 GiB reserve=1.59 GiB total=31.86 GiB)
ds4: ROCm q8 fp16 cache budget exhausted; using q8 kernels (request=64.00 MiB cached=0.00 GiB free=0.89 GiB reserve=1.59 GiB total=31.86 GiB)
ds4: ROCm q8 fp16 cache budget exhausted; using q8 kernels (request=64.00 MiB cached=0.00 GiB free=0.89 GiB reserve=1.59 GiB total=31.86 GiB)
ds4: ROCm q8 fp16 cache budget exhausted; using q8 kernels (request=64.00 MiB cached=0.00 GiB free=0.89 GiB reserve=1.59 GiB total=31.86 GiB)
ds4: ROCm q8 fp16 cache budget exhausted; using q8 kernels (request=64.00 MiB cached=0.00 GiB free=0.89 GiB reserve=1.59 GiB total=31.86 GiB)
ds4: ROCm q8 fp16 cache budget exhausted; using q8 kernels (request=64.00 MiB cached=0.00 GiB free=0.89 GiB reserve=1.59 GiB total=31.86 GiB)
ds4: ROCm q8 fp16 cache budget exhausted; using q8 kernels (request=64.00 MiB cached=0.00 GiB free=0.89 GiB reserve=1.59 GiB total=31.86 GiB)
ds4: ROCm q8 fp16 cache budget exhausted; using q8 kernels (request=64.00 MiB cached=0.00 GiB free=0.89 GiB reserve=1.59 GiB total=31.86 GiB)
ds4: ROCm q8 fp16 cache budget exhausted; using q8 kernels (request=64.00 MiB cached=0.00 GiB free=0.89 GiB reserve=1.59 GiB total=31.86 GiB)
ds4: ROCm q8 fp16 cache budget exhausted; using q8 kernels (request=64.00 MiB cached=0.00 GiB free=0.89 GiB reserve=1.59 GiB total=31.86 GiB)
ds4: ROCm q8 fp16 cache budget exhausted; using q8 kernels (request=64.00 MiB cached=0.00 GiB free=0.89 GiB reserve=1.59 GiB total=31.86 GiB)
ds4: ROCm q8 fp16 cache budget exhausted; using q8 kernels (request=64.00 MiB cached=0.00 GiB free=0.89 GiB reserve=1.59 GiB total=31.86 GiB)
ds4: ROCm q8 fp16 cache budget exhausted; using q8 kernels (request=64.00 MiB cached=0.00 GiB free=0.89 GiB reserve=1.59 GiB total=31.86 GiB)
ds4: ROCm q8 fp16 cache budget exhausted; using q8 kernels (request=64.00 MiB cached=0.00 GiB free=0.89 GiB reserve=1.59 GiB total=31.86 GiB)
ds4: ROCm q8 fp16 cache budget exhausted; using q8 kernels (request=64.00 MiB cached=0.00 GiB free=0.89 GiB reserve=1.59 GiB total=31.86 GiB)
ds4: ROCm q8 fp16 cache budget exhausted; using q8 kernels (request=64.00 MiB cached=0.00 GiB free=0.89 GiB reserve=1.59 GiB total=31.86 GiB)
ds4: ROCm q8 fp16 cache budget exhausted; using q8 kernels (request=64.00 MiB cached=0.00 GiB free=0.89 GiB reserve=1.59 GiB total=31.86 GiB)
ds4: ROCm q8 fp16 cache budget exhausted; using q8 kernels (request=64.00 MiB cached=0.00 GiB free=0.89 GiB reserve=1.59 GiB total=31.86 GiB)
ds4: ROCm q8 fp16 cache budget exhausted; using q8 kernels (request=64.00 MiB cached=0.00 GiB free=0.89 GiB reserve=1.59 GiB total=31.86 GiB)
ds4: ROCm q8 fp16 cache budget exhausted; using q8 kernels (request=64.00 MiB cached=0.00 GiB free=0.89 GiB reserve=1.59 GiB total=31.86 GiB)
ds4: ROCm q8 fp16 cache budget exhausted; using q8 kernels (request=64.00 MiB cached=0.00 GiB free=0.89 GiB reserve=1.59 GiB total=31.86 GiB)
ds4: ROCm q8 fp16 cache budget exhausted; using q8 kernels (request=64.00 MiB cached=0.00 GiB free=0.89 GiB reserve=1.59 GiB total=31.86 GiB)
ds4: ROCm q8 fp16 cache budget exhausted; using q8 kernels (request=64.00 MiB cached=0.00 GiB free=0.89 GiB reserve=1.59 GiB total=31.86 GiB)
ds4: ROCm q8 fp16 cache budget exhausted; using q8 kernels (request=64.00 MiB cached=0.00 GiB free=0.89 GiB reserve=1.59 GiB total=31.86 GiB)
ds4: ROCm q8 fp16 cache budget exhausted; using q8 kernels (request=64.00 MiB cached=0.00 GiB free=0.89 GiB reserve=1.59 GiB total=31.86 GiB)
ds4: ROCm q8 fp16 cache budget exhausted; using q8 kernels (request=64.00 MiB cached=0.00 GiB free=0.89 GiB reserve=1.59 GiB total=31.86 GiB)
ds4: ROCm q8 fp16 cache budget exhausted; using q8 kernels (request=64.00 MiB cached=0.00 GiB free=0.89 GiB reserve=1.59 GiB total=31.86 GiB)
ds4: ROCm q8 fp16 cache budget exhausted; using q8 kernels (request=64.00 MiB cached=0.00 GiB free=0.89 GiB reserve=1.59 GiB total=31.86 GiB)
ds4: ROCm q8 fp16 cache budget exhausted; using q8 kernels (request=64.00 MiB cached=0.00 GiB free=0.89 GiB reserve=1.59 GiB total=31.86 GiB)
case_022 cases=23 prompt=16 target=24 avg_nll=0.441623 lcp=3 api_target_mae=0.441623 api_top_coverage=100/120 api_top1=0.875 api_topn=0.260 api_pair=1.000
ds4: ROCm q8 fp16 cache budget exhausted; using q8 kernels (request=64.00 MiB cached=0.00 GiB free=0.89 GiB reserve=1.59 GiB total=31.86 GiB)
ds4: ROCm q8 fp16 cache budget exhausted; using q8 kernels (request=64.00 MiB cached=0.00 GiB free=0.89 GiB reserve=1.59 GiB total=31.86 GiB)
ds4: ROCm q8 fp16 cache budget exhausted; using q8 kernels (request=64.00 MiB cached=0.00 GiB free=0.89 GiB reserve=1.59 GiB total=31.86 GiB)
ds4: ROCm q8 fp16 cache budget exhausted; using q8 kernels (request=64.00 MiB cached=0.00 GiB free=0.89 GiB reserve=1.59 GiB total=31.86 GiB)
ds4: ROCm q8 fp16 cache budget exhausted; using q8 kernels (request=64.00 MiB cached=0.00 GiB free=0.89 GiB reserve=1.59 GiB total=31.86 GiB)
ds4: ROCm q8 fp16 cache budget exhausted; using q8 kernels (request=64.00 MiB cached=0.00 GiB free=0.89 GiB reserve=1.59 GiB total=31.86 GiB)
ds4: ROCm q8 fp16 cache budget exhausted; using q8 kernels (request=64.00 MiB cached=0.00 GiB free=0.89 GiB reserve=1.59 GiB total=31.86 GiB)
ds4: ROCm q8 fp16 cache budget exhausted; using q8 kernels (request=64.00 MiB cached=0.00 GiB free=0.89 GiB reserve=1.59 GiB total=31.86 GiB)
ds4: ROCm q8 fp16 cache budget exhausted; using q8 kernels (request=64.00 MiB cached=0.00 GiB free=0.89 GiB reserve=1.59 GiB total=31.86 GiB)
ds4: ROCm q8 fp16 cache budget exhausted; using q8 kernels (request=64.00 MiB cached=0.00 GiB free=0.89 GiB reserve=1.59 GiB total=31.86 GiB)
ds4: ROCm q8 fp16 cache budget exhausted; using q8 kernels (request=64.00 MiB cached=0.00 GiB free=0.89 GiB reserve=1.59 GiB total=31.86 GiB)
ds4: ROCm q8 fp16 cache budget exhausted; using q8 kernels (request=64.00 MiB cached=0.00 GiB free=0.89 GiB reserve=1.59 GiB total=31.86 GiB)
ds4: ROCm q8 fp16 cache budget exhausted; using q8 kernels (request=64.00 MiB cached=0.00 GiB free=0.89 GiB reserve=1.59 GiB total=31.86 GiB)
ds4: ROCm q8 fp16 cache budget exhausted; using q8 kernels (request=64.00 MiB cached=0.00 GiB free=0.89 GiB reserve=1.59 GiB total=31.86 GiB)
ds4: ROCm q8 fp16 cache budget exhausted; using q8 kernels (request=64.00 MiB cached=0.00 GiB free=0.89 GiB reserve=1.59 GiB total=31.86 GiB)
ds4: ROCm q8 fp16 cache budget exhausted; using q8 kernels (request=64.00 MiB cached=0.00 GiB free=0.89 GiB reserve=1.59 GiB total=31.86 GiB)
ds4: ROCm q8 fp16 cache budget exhausted; using q8 kernels (request=64.00 MiB cached=0.00 GiB free=0.89 GiB reserve=1.59 GiB total=31.86 GiB)
ds4: ROCm q8 fp16 cache budget exhausted; using q8 kernels (request=64.00 MiB cached=0.00 GiB free=0.89 GiB reserve=1.59 GiB total=31.86 GiB)
ds4: ROCm q8 fp16 cache budget exhausted; using q8 kernels (request=64.00 MiB cached=0.00 GiB free=0.89 GiB reserve=1.59 GiB total=31.86 GiB)
ds4: ROCm q8 fp16 cache budget exhausted; using q8 kernels (request=64.00 MiB cached=0.00 GiB free=0.89 GiB reserve=1.59 GiB total=31.86 GiB)
ds4: ROCm q8 fp16 cache budget exhausted; using q8 kernels (request=64.00 MiB cached=0.00 GiB free=0.89 GiB reserve=1.59 GiB total=31.86 GiB)
ds4: ROCm q8 fp16 cache budget exhausted; using q8 kernels (request=64.00 MiB cached=0.00 GiB free=0.89 GiB reserve=1.59 GiB total=31.86 GiB)
ds4: ROCm q8 fp16 cache budget exhausted; using q8 kernels (request=64.00 MiB cached=0.00 GiB free=0.89 GiB reserve=1.59 GiB total=31.86 GiB)
ds4: ROCm q8 fp16 cache budget exhausted; using q8 kernels (request=64.00 MiB cached=0.00 GiB free=0.89 GiB reserve=1.59 GiB total=31.86 GiB)
ds4: ROCm q8 fp16 cache budget exhausted; using q8 kernels (request=64.00 MiB cached=0.00 GiB free=0.89 GiB reserve=1.59 GiB total=31.86 GiB)
ds4: ROCm q8 fp16 cache budget exhausted; using q8 kernels (request=64.00 MiB cached=0.00 GiB free=0.89 GiB reserve=1.59 GiB total=31.86 GiB)
ds4: ROCm q8 fp16 cache budget exhausted; using q8 kernels (request=64.00 MiB cached=0.00 GiB free=0.89 GiB reserve=1.59 GiB total=31.86 GiB)
ds4: ROCm q8 fp16 cache budget exhausted; using q8 kernels (request=64.00 MiB cached=0.00 GiB free=0.89 GiB reserve=1.59 GiB total=31.86 GiB)
ds4: ROCm q8 fp16 cache budget exhausted; using q8 kernels (request=64.00 MiB cached=0.00 GiB free=0.89 GiB reserve=1.59 GiB total=31.86 GiB)
ds4: ROCm q8 fp16 cache budget exhausted; using q8 kernels (request=64.00 MiB cached=0.00 GiB free=0.89 GiB reserve=1.59 GiB total=31.86 GiB)
ds4: ROCm q8 fp16 cache budget exhausted; using q8 kernels (request=64.00 MiB cached=0.00 GiB free=0.89 GiB reserve=1.59 GiB total=31.86 GiB)
ds4: ROCm q8 fp16 cache budget exhausted; using q8 kernels (request=64.00 MiB cached=0.00 GiB free=0.89 GiB reserve=1.59 GiB total=31.86 GiB)
ds4: ROCm q8 fp16 cache budget exhausted; using q8 kernels (request=64.00 MiB cached=0.00 GiB free=0.89 GiB reserve=1.59 GiB total=31.86 GiB)
ds4: ROCm q8 fp16 cache budget exhausted; using q8 kernels (request=64.00 MiB cached=0.00 GiB free=0.89 GiB reserve=1.59 GiB total=31.86 GiB)
ds4: ROCm q8 fp16 cache budget exhausted; using q8 kernels (request=64.00 MiB cached=0.00 GiB free=0.89 GiB reserve=1.59 GiB total=31.86 GiB)
ds4: ROCm q8 fp16 cache budget exhausted; using q8 kernels (request=64.00 MiB cached=0.00 GiB free=0.89 GiB reserve=1.59 GiB total=31.86 GiB)
ds4: ROCm q8 fp16 cache budget exhausted; using q8 kernels (request=64.00 MiB cached=0.00 GiB free=0.89 GiB reserve=1.59 GiB total=31.86 GiB)
ds4: ROCm q8 fp16 cache budget exhausted; using q8 kernels (request=64.00 MiB cached=0.00 GiB free=0.89 GiB reserve=1.59 GiB total=31.86 GiB)
ds4: ROCm q8 fp16 cache budget exhausted; using q8 kernels (request=64.00 MiB cached=0.00 GiB free=0.89 GiB reserve=1.59 GiB total=31.86 GiB)
ds4: ROCm q8 fp16 cache budget exhausted; using q8 kernels (request=64.00 MiB cached=0.00 GiB free=0.89 GiB reserve=1.59 GiB total=31.86 GiB)
ds4: ROCm q8 fp16 cache budget exhausted; using q8 kernels (request=64.00 MiB cached=0.00 GiB free=0.89 GiB reserve=1.59 GiB total=31.86 GiB)
ds4: ROCm q8 fp16 cache budget exhausted; using q8 kernels (request=64.00 MiB cached=0.00 GiB free=0.89 GiB reserve=1.59 GiB total=31.86 GiB)
ds4: ROCm q8 fp16 cache budget exhausted; using q8 kernels (request=64.00 MiB cached=0.00 GiB free=0.89 GiB reserve=1.59 GiB total=31.86 GiB)
case_023 cases=24 prompt=14 target=24 avg_nll=0.560526 lcp=0 api_target_mae=0.560526 api_top_coverage=114/120 api_top1=0.792 api_topn=0.658 api_pair=0.957
ds4: ROCm q8 fp16 cache budget exhausted; using q8 kernels (request=64.00 MiB cached=0.00 GiB free=0.89 GiB reserve=1.59 GiB total=31.86 GiB)
ds4: ROCm q8 fp16 cache budget exhausted; using q8 kernels (request=64.00 MiB cached=0.00 GiB free=0.89 GiB reserve=1.59 GiB total=31.86 GiB)
ds4: ROCm q8 fp16 cache budget exhausted; using q8 kernels (request=64.00 MiB cached=0.00 GiB free=0.89 GiB reserve=1.59 GiB total=31.86 GiB)
ds4: ROCm q8 fp16 cache budget exhausted; using q8 kernels (request=64.00 MiB cached=0.00 GiB free=0.89 GiB reserve=1.59 GiB total=31.86 GiB)
ds4: ROCm q8 fp16 cache budget exhausted; using q8 kernels (request=64.00 MiB cached=0.00 GiB free=0.89 GiB reserve=1.59 GiB total=31.86 GiB)
ds4: ROCm q8 fp16 cache budget exhausted; using q8 kernels (request=64.00 MiB cached=0.00 GiB free=0.89 GiB reserve=1.59 GiB total=31.86 GiB)
ds4: ROCm q8 fp16 cache budget exhausted; using q8 kernels (request=64.00 MiB cached=0.00 GiB free=0.89 GiB reserve=1.59 GiB total=31.86 GiB)
ds4: ROCm q8 fp16 cache budget exhausted; using q8 kernels (request=64.00 MiB cached=0.00 GiB free=0.89 GiB reserve=1.59 GiB total=31.86 GiB)
ds4: ROCm q8 fp16 cache budget exhausted; using q8 kernels (request=64.00 MiB cached=0.00 GiB free=0.89 GiB reserve=1.59 GiB total=31.86 GiB)
ds4: ROCm q8 fp16 cache budget exhausted; using q8 kernels (request=64.00 MiB cached=0.00 GiB free=0.89 GiB reserve=1.59 GiB total=31.86 GiB)
ds4: ROCm q8 fp16 cache budget exhausted; using q8 kernels (request=64.00 MiB cached=0.00 GiB free=0.89 GiB reserve=1.59 GiB total=31.86 GiB)
ds4: ROCm q8 fp16 cache budget exhausted; using q8 kernels (request=64.00 MiB cached=0.00 GiB free=0.89 GiB reserve=1.59 GiB total=31.86 GiB)
ds4: ROCm q8 fp16 cache budget exhausted; using q8 kernels (request=64.00 MiB cached=0.00 GiB free=0.89 GiB reserve=1.59 GiB total=31.86 GiB)
ds4: ROCm q8 fp16 cache budget exhausted; using q8 kernels (request=64.00 MiB cached=0.00 GiB free=0.89 GiB reserve=1.59 GiB total=31.86 GiB)
ds4: ROCm q8 fp16 cache budget exhausted; using q8 kernels (request=64.00 MiB cached=0.00 GiB free=0.89 GiB reserve=1.59 GiB total=31.86 GiB)
ds4: ROCm q8 fp16 cache budget exhausted; using q8 kernels (request=64.00 MiB cached=0.00 GiB free=0.89 GiB reserve=1.59 GiB total=31.86 GiB)
ds4: ROCm q8 fp16 cache budget exhausted; using q8 kernels (request=64.00 MiB cached=0.00 GiB free=0.89 GiB reserve=1.59 GiB total=31.86 GiB)
ds4: ROCm q8 fp16 cache budget exhausted; using q8 kernels (request=64.00 MiB cached=0.00 GiB free=0.89 GiB reserve=1.59 GiB total=31.86 GiB)
ds4: ROCm q8 fp16 cache budget exhausted; using q8 kernels (request=64.00 MiB cached=0.00 GiB free=0.89 GiB reserve=1.59 GiB total=31.86 GiB)
ds4: ROCm q8 fp16 cache budget exhausted; using q8 kernels (request=64.00 MiB cached=0.00 GiB free=0.89 GiB reserve=1.59 GiB total=31.86 GiB)
ds4: ROCm q8 fp16 cache budget exhausted; using q8 kernels (request=64.00 MiB cached=0.00 GiB free=0.89 GiB reserve=1.59 GiB total=31.86 GiB)
ds4: ROCm q8 fp16 cache budget exhausted; using q8 kernels (request=64.00 MiB cached=0.00 GiB free=0.89 GiB reserve=1.59 GiB total=31.86 GiB)
ds4: ROCm q8 fp16 cache budget exhausted; using q8 kernels (request=64.00 MiB cached=0.00 GiB free=0.89 GiB reserve=1.59 GiB total=31.86 GiB)
ds4: ROCm q8 fp16 cache budget exhausted; using q8 kernels (request=64.00 MiB cached=0.00 GiB free=0.89 GiB reserve=1.59 GiB total=31.86 GiB)
ds4: ROCm q8 fp16 cache budget exhausted; using q8 kernels (request=64.00 MiB cached=0.00 GiB free=0.89 GiB reserve=1.59 GiB total=31.86 GiB)
ds4: ROCm q8 fp16 cache budget exhausted; using q8 kernels (request=64.00 MiB cached=0.00 GiB free=0.89 GiB reserve=1.59 GiB total=31.86 GiB)
ds4: ROCm q8 fp16 cache budget exhausted; using q8 kernels (request=64.00 MiB cached=0.00 GiB free=0.89 GiB reserve=1.59 GiB total=31.86 GiB)
ds4: ROCm q8 fp16 cache budget exhausted; using q8 kernels (request=64.00 MiB cached=0.00 GiB free=0.89 GiB reserve=1.59 GiB total=31.86 GiB)
ds4: ROCm q8 fp16 cache budget exhausted; using q8 kernels (request=64.00 MiB cached=0.00 GiB free=0.89 GiB reserve=1.59 GiB total=31.86 GiB)
ds4: ROCm q8 fp16 cache budget exhausted; using q8 kernels (request=64.00 MiB cached=0.00 GiB free=0.89 GiB reserve=1.59 GiB total=31.86 GiB)
ds4: ROCm q8 fp16 cache budget exhausted; using q8 kernels (request=64.00 MiB cached=0.00 GiB free=0.89 GiB reserve=1.59 GiB total=31.86 GiB)
ds4: ROCm q8 fp16 cache budget exhausted; using q8 kernels (request=64.00 MiB cached=0.00 GiB free=0.89 GiB reserve=1.59 GiB total=31.86 GiB)
ds4: ROCm q8 fp16 cache budget exhausted; using q8 kernels (request=64.00 MiB cached=0.00 GiB free=0.89 GiB reserve=1.59 GiB total=31.86 GiB)
ds4: ROCm q8 fp16 cache budget exhausted; using q8 kernels (request=64.00 MiB cached=0.00 GiB free=0.89 GiB reserve=1.59 GiB total=31.86 GiB)
ds4: ROCm q8 fp16 cache budget exhausted; using q8 kernels (request=64.00 MiB cached=0.00 GiB free=0.89 GiB reserve=1.59 GiB total=31.86 GiB)
ds4: ROCm q8 fp16 cache budget exhausted; using q8 kernels (request=64.00 MiB cached=0.00 GiB free=0.89 GiB reserve=1.59 GiB total=31.86 GiB)
ds4: ROCm q8 fp16 cache budget exhausted; using q8 kernels (request=64.00 MiB cached=0.00 GiB free=0.89 GiB reserve=1.59 GiB total=31.86 GiB)
ds4: ROCm q8 fp16 cache budget exhausted; using q8 kernels (request=64.00 MiB cached=0.00 GiB free=0.89 GiB reserve=1.59 GiB total=31.86 GiB)
ds4: ROCm q8 fp16 cache budget exhausted; using q8 kernels (request=64.00 MiB cached=0.00 GiB free=0.89 GiB reserve=1.59 GiB total=31.86 GiB)
ds4: ROCm q8 fp16 cache budget exhausted; using q8 kernels (request=64.00 MiB cached=0.00 GiB free=0.89 GiB reserve=1.59 GiB total=31.86 GiB)
ds4: ROCm q8 fp16 cache budget exhausted; using q8 kernels (request=64.00 MiB cached=0.00 GiB free=0.89 GiB reserve=1.59 GiB total=31.86 GiB)
ds4: ROCm q8 fp16 cache budget exhausted; using q8 kernels (request=64.00 MiB cached=0.00 GiB free=0.89 GiB reserve=1.59 GiB total=31.86 GiB)
ds4: ROCm q8 fp16 cache budget exhausted; using q8 kernels (request=64.00 MiB cached=0.00 GiB free=0.89 GiB reserve=1.59 GiB total=31.86 GiB)
case_024 cases=25 prompt=15 target=24 avg_nll=0.373028 lcp=1 api_target_mae=0.373028 api_top_coverage=102/120 api_top1=0.875 api_topn=0.304 api_pair=0.987
ds4: ROCm q8 fp16 cache budget exhausted; using q8 kernels (request=64.00 MiB cached=0.00 GiB free=0.89 GiB reserve=1.59 GiB total=31.86 GiB)
ds4: ROCm q8 fp16 cache budget exhausted; using q8 kernels (request=64.00 MiB cached=0.00 GiB free=0.89 GiB reserve=1.59 GiB total=31.86 GiB)
ds4: ROCm q8 fp16 cache budget exhausted; using q8 kernels (request=64.00 MiB cached=0.00 GiB free=0.89 GiB reserve=1.59 GiB total=31.86 GiB)
ds4: ROCm q8 fp16 cache budget exhausted; using q8 kernels (request=64.00 MiB cached=0.00 GiB free=0.89 GiB reserve=1.59 GiB total=31.86 GiB)
ds4: ROCm q8 fp16 cache budget exhausted; using q8 kernels (request=64.00 MiB cached=0.00 GiB free=0.89 GiB reserve=1.59 GiB total=31.86 GiB)
ds4: ROCm q8 fp16 cache budget exhausted; using q8 kernels (request=64.00 MiB cached=0.00 GiB free=0.89 GiB reserve=1.59 GiB total=31.86 GiB)
ds4: ROCm q8 fp16 cache budget exhausted; using q8 kernels (request=64.00 MiB cached=0.00 GiB free=0.89 GiB reserve=1.59 GiB total=31.86 GiB)
ds4: ROCm q8 fp16 cache budget exhausted; using q8 kernels (request=64.00 MiB cached=0.00 GiB free=0.89 GiB reserve=1.59 GiB total=31.86 GiB)
ds4: ROCm q8 fp16 cache budget exhausted; using q8 kernels (request=64.00 MiB cached=0.00 GiB free=0.89 GiB reserve=1.59 GiB total=31.86 GiB)
ds4: ROCm q8 fp16 cache budget exhausted; using q8 kernels (request=64.00 MiB cached=0.00 GiB free=0.89 GiB reserve=1.59 GiB total=31.86 GiB)
ds4: ROCm q8 fp16 cache budget exhausted; using q8 kernels (request=64.00 MiB cached=0.00 GiB free=0.89 GiB reserve=1.59 GiB total=31.86 GiB)
ds4: ROCm q8 fp16 cache budget exhausted; using q8 kernels (request=64.00 MiB cached=0.00 GiB free=0.89 GiB reserve=1.59 GiB total=31.86 GiB)
ds4: ROCm q8 fp16 cache budget exhausted; using q8 kernels (request=64.00 MiB cached=0.00 GiB free=0.89 GiB reserve=1.59 GiB total=31.86 GiB)
ds4: ROCm q8 fp16 cache budget exhausted; using q8 kernels (request=64.00 MiB cached=0.00 GiB free=0.89 GiB reserve=1.59 GiB total=31.86 GiB)
ds4: ROCm q8 fp16 cache budget exhausted; using q8 kernels (request=64.00 MiB cached=0.00 GiB free=0.89 GiB reserve=1.59 GiB total=31.86 GiB)
ds4: ROCm q8 fp16 cache budget exhausted; using q8 kernels (request=64.00 MiB cached=0.00 GiB free=0.89 GiB reserve=1.59 GiB total=31.86 GiB)
ds4: ROCm q8 fp16 cache budget exhausted; using q8 kernels (request=64.00 MiB cached=0.00 GiB free=0.89 GiB reserve=1.59 GiB total=31.86 GiB)
ds4: ROCm q8 fp16 cache budget exhausted; using q8 kernels (request=64.00 MiB cached=0.00 GiB free=0.89 GiB reserve=1.59 GiB total=31.86 GiB)
ds4: ROCm q8 fp16 cache budget exhausted; using q8 kernels (request=64.00 MiB cached=0.00 GiB free=0.89 GiB reserve=1.59 GiB total=31.86 GiB)
ds4: ROCm q8 fp16 cache budget exhausted; using q8 kernels (request=64.00 MiB cached=0.00 GiB free=0.89 GiB reserve=1.59 GiB total=31.86 GiB)
ds4: ROCm q8 fp16 cache budget exhausted; using q8 kernels (request=64.00 MiB cached=0.00 GiB free=0.89 GiB reserve=1.59 GiB total=31.86 GiB)
ds4: ROCm q8 fp16 cache budget exhausted; using q8 kernels (request=64.00 MiB cached=0.00 GiB free=0.89 GiB reserve=1.59 GiB total=31.86 GiB)
ds4: ROCm q8 fp16 cache budget exhausted; using q8 kernels (request=64.00 MiB cached=0.00 GiB free=0.89 GiB reserve=1.59 GiB total=31.86 GiB)
ds4: ROCm q8 fp16 cache budget exhausted; using q8 kernels (request=64.00 MiB cached=0.00 GiB free=0.89 GiB reserve=1.59 GiB total=31.86 GiB)
ds4: ROCm q8 fp16 cache budget exhausted; using q8 kernels (request=64.00 MiB cached=0.00 GiB free=0.89 GiB reserve=1.59 GiB total=31.86 GiB)
ds4: ROCm q8 fp16 cache budget exhausted; using q8 kernels (request=64.00 MiB cached=0.00 GiB free=0.89 GiB reserve=1.59 GiB total=31.86 GiB)
ds4: ROCm q8 fp16 cache budget exhausted; using q8 kernels (request=64.00 MiB cached=0.00 GiB free=0.89 GiB reserve=1.59 GiB total=31.86 GiB)
ds4: ROCm q8 fp16 cache budget exhausted; using q8 kernels (request=64.00 MiB cached=0.00 GiB free=0.89 GiB reserve=1.59 GiB total=31.86 GiB)
ds4: ROCm q8 fp16 cache budget exhausted; using q8 kernels (request=64.00 MiB cached=0.00 GiB free=0.89 GiB reserve=1.59 GiB total=31.86 GiB)
ds4: ROCm q8 fp16 cache budget exhausted; using q8 kernels (request=64.00 MiB cached=0.00 GiB free=0.89 GiB reserve=1.59 GiB total=31.86 GiB)
ds4: ROCm q8 fp16 cache budget exhausted; using q8 kernels (request=64.00 MiB cached=0.00 GiB free=0.89 GiB reserve=1.59 GiB total=31.86 GiB)
ds4: ROCm q8 fp16 cache budget exhausted; using q8 kernels (request=64.00 MiB cached=0.00 GiB free=0.89 GiB reserve=1.59 GiB total=31.86 GiB)
ds4: ROCm q8 fp16 cache budget exhausted; using q8 kernels (request=64.00 MiB cached=0.00 GiB free=0.89 GiB reserve=1.59 GiB total=31.86 GiB)
ds4: ROCm q8 fp16 cache budget exhausted; using q8 kernels (request=64.00 MiB cached=0.00 GiB free=0.89 GiB reserve=1.59 GiB total=31.86 GiB)
ds4: ROCm q8 fp16 cache budget exhausted; using q8 kernels (request=64.00 MiB cached=0.00 GiB free=0.89 GiB reserve=1.59 GiB total=31.86 GiB)
ds4: ROCm q8 fp16 cache budget exhausted; using q8 kernels (request=64.00 MiB cached=0.00 GiB free=0.89 GiB reserve=1.59 GiB total=31.86 GiB)
ds4: ROCm q8 fp16 cache budget exhausted; using q8 kernels (request=64.00 MiB cached=0.00 GiB free=0.89 GiB reserve=1.59 GiB total=31.86 GiB)
ds4: ROCm q8 fp16 cache budget exhausted; using q8 kernels (request=64.00 MiB cached=0.00 GiB free=0.89 GiB reserve=1.59 GiB total=31.86 GiB)
ds4: ROCm q8 fp16 cache budget exhausted; using q8 kernels (request=64.00 MiB cached=0.00 GiB free=0.89 GiB reserve=1.59 GiB total=31.86 GiB)
ds4: ROCm q8 fp16 cache budget exhausted; using q8 kernels (request=64.00 MiB cached=0.00 GiB free=0.89 GiB reserve=1.59 GiB total=31.86 GiB)
ds4: ROCm q8 fp16 cache budget exhausted; using q8 kernels (request=64.00 MiB cached=0.00 GiB free=0.89 GiB reserve=1.59 GiB total=31.86 GiB)
ds4: ROCm q8 fp16 cache budget exhausted; using q8 kernels (request=64.00 MiB cached=0.00 GiB free=0.89 GiB reserve=1.59 GiB total=31.86 GiB)
ds4: ROCm q8 fp16 cache budget exhausted; using q8 kernels (request=64.00 MiB cached=0.00 GiB free=0.89 GiB reserve=1.59 GiB total=31.86 GiB)
case_025 cases=26 prompt=20 target=24 avg_nll=0.132765 lcp=24 api_target_mae=0.132765 api_top_coverage=97/120 api_top1=1.000 api_topn=0.278 api_pair=1.000
ds4: ROCm q8 fp16 cache budget exhausted; using q8 kernels (request=64.00 MiB cached=0.00 GiB free=0.89 GiB reserve=1.59 GiB total=31.86 GiB)
ds4: ROCm q8 fp16 cache budget exhausted; using q8 kernels (request=64.00 MiB cached=0.00 GiB free=0.89 GiB reserve=1.59 GiB total=31.86 GiB)
ds4: ROCm q8 fp16 cache budget exhausted; using q8 kernels (request=64.00 MiB cached=0.00 GiB free=0.89 GiB reserve=1.59 GiB total=31.86 GiB)
ds4: ROCm q8 fp16 cache budget exhausted; using q8 kernels (request=64.00 MiB cached=0.00 GiB free=0.89 GiB reserve=1.59 GiB total=31.86 GiB)
ds4: ROCm q8 fp16 cache budget exhausted; using q8 kernels (request=64.00 MiB cached=0.00 GiB free=0.89 GiB reserve=1.59 GiB total=31.86 GiB)
ds4: ROCm q8 fp16 cache budget exhausted; using q8 kernels (request=64.00 MiB cached=0.00 GiB free=0.89 GiB reserve=1.59 GiB total=31.86 GiB)
ds4: ROCm q8 fp16 cache budget exhausted; using q8 kernels (request=64.00 MiB cached=0.00 GiB free=0.89 GiB reserve=1.59 GiB total=31.86 GiB)
ds4: ROCm q8 fp16 cache budget exhausted; using q8 kernels (request=64.00 MiB cached=0.00 GiB free=0.89 GiB reserve=1.59 GiB total=31.86 GiB)
ds4: ROCm q8 fp16 cache budget exhausted; using q8 kernels (request=64.00 MiB cached=0.00 GiB free=0.89 GiB reserve=1.59 GiB total=31.86 GiB)
ds4: ROCm q8 fp16 cache budget exhausted; using q8 kernels (request=64.00 MiB cached=0.00 GiB free=0.89 GiB reserve=1.59 GiB total=31.86 GiB)
ds4: ROCm q8 fp16 cache budget exhausted; using q8 kernels (request=64.00 MiB cached=0.00 GiB free=0.89 GiB reserve=1.59 GiB total=31.86 GiB)
ds4: ROCm q8 fp16 cache budget exhausted; using q8 kernels (request=64.00 MiB cached=0.00 GiB free=0.89 GiB reserve=1.59 GiB total=31.86 GiB)
ds4: ROCm q8 fp16 cache budget exhausted; using q8 kernels (request=64.00 MiB cached=0.00 GiB free=0.89 GiB reserve=1.59 GiB total=31.86 GiB)
ds4: ROCm q8 fp16 cache budget exhausted; using q8 kernels (request=64.00 MiB cached=0.00 GiB free=0.89 GiB reserve=1.59 GiB total=31.86 GiB)
ds4: ROCm q8 fp16 cache budget exhausted; using q8 kernels (request=64.00 MiB cached=0.00 GiB free=0.89 GiB reserve=1.59 GiB total=31.86 GiB)
ds4: ROCm q8 fp16 cache budget exhausted; using q8 kernels (request=64.00 MiB cached=0.00 GiB free=0.89 GiB reserve=1.59 GiB total=31.86 GiB)
ds4: ROCm q8 fp16 cache budget exhausted; using q8 kernels (request=64.00 MiB cached=0.00 GiB free=0.89 GiB reserve=1.59 GiB total=31.86 GiB)
ds4: ROCm q8 fp16 cache budget exhausted; using q8 kernels (request=64.00 MiB cached=0.00 GiB free=0.89 GiB reserve=1.59 GiB total=31.86 GiB)
ds4: ROCm q8 fp16 cache budget exhausted; using q8 kernels (request=64.00 MiB cached=0.00 GiB free=0.89 GiB reserve=1.59 GiB total=31.86 GiB)
ds4: ROCm q8 fp16 cache budget exhausted; using q8 kernels (request=64.00 MiB cached=0.00 GiB free=0.89 GiB reserve=1.59 GiB total=31.86 GiB)
ds4: ROCm q8 fp16 cache budget exhausted; using q8 kernels (request=64.00 MiB cached=0.00 GiB free=0.89 GiB reserve=1.59 GiB total=31.86 GiB)
ds4: ROCm q8 fp16 cache budget exhausted; using q8 kernels (request=64.00 MiB cached=0.00 GiB free=0.89 GiB reserve=1.59 GiB total=31.86 GiB)
ds4: ROCm q8 fp16 cache budget exhausted; using q8 kernels (request=64.00 MiB cached=0.00 GiB free=0.89 GiB reserve=1.59 GiB total=31.86 GiB)
ds4: ROCm q8 fp16 cache budget exhausted; using q8 kernels (request=64.00 MiB cached=0.00 GiB free=0.89 GiB reserve=1.59 GiB total=31.86 GiB)
ds4: ROCm q8 fp16 cache budget exhausted; using q8 kernels (request=64.00 MiB cached=0.00 GiB free=0.89 GiB reserve=1.59 GiB total=31.86 GiB)
ds4: ROCm q8 fp16 cache budget exhausted; using q8 kernels (request=64.00 MiB cached=0.00 GiB free=0.89 GiB reserve=1.59 GiB total=31.86 GiB)
ds4: ROCm q8 fp16 cache budget exhausted; using q8 kernels (request=64.00 MiB cached=0.00 GiB free=0.89 GiB reserve=1.59 GiB total=31.86 GiB)
ds4: ROCm q8 fp16 cache budget exhausted; using q8 kernels (request=64.00 MiB cached=0.00 GiB free=0.89 GiB reserve=1.59 GiB total=31.86 GiB)
ds4: ROCm q8 fp16 cache budget exhausted; using q8 kernels (request=64.00 MiB cached=0.00 GiB free=0.89 GiB reserve=1.59 GiB total=31.86 GiB)
ds4: ROCm q8 fp16 cache budget exhausted; using q8 kernels (request=64.00 MiB cached=0.00 GiB free=0.89 GiB reserve=1.59 GiB total=31.86 GiB)
ds4: ROCm q8 fp16 cache budget exhausted; using q8 kernels (request=64.00 MiB cached=0.00 GiB free=0.89 GiB reserve=1.59 GiB total=31.86 GiB)
ds4: ROCm q8 fp16 cache budget exhausted; using q8 kernels (request=64.00 MiB cached=0.00 GiB free=0.89 GiB reserve=1.59 GiB total=31.86 GiB)
ds4: ROCm q8 fp16 cache budget exhausted; using q8 kernels (request=64.00 MiB cached=0.00 GiB free=0.89 GiB reserve=1.59 GiB total=31.86 GiB)
ds4: ROCm q8 fp16 cache budget exhausted; using q8 kernels (request=64.00 MiB cached=0.00 GiB free=0.89 GiB reserve=1.59 GiB total=31.86 GiB)
ds4: ROCm q8 fp16 cache budget exhausted; using q8 kernels (request=64.00 MiB cached=0.00 GiB free=0.89 GiB reserve=1.59 GiB total=31.86 GiB)
ds4: ROCm q8 fp16 cache budget exhausted; using q8 kernels (request=64.00 MiB cached=0.00 GiB free=0.89 GiB reserve=1.59 GiB total=31.86 GiB)
ds4: ROCm q8 fp16 cache budget exhausted; using q8 kernels (request=64.00 MiB cached=0.00 GiB free=0.89 GiB reserve=1.59 GiB total=31.86 GiB)
ds4: ROCm q8 fp16 cache budget exhausted; using q8 kernels (request=64.00 MiB cached=0.00 GiB free=0.89 GiB reserve=1.59 GiB total=31.86 GiB)
ds4: ROCm q8 fp16 cache budget exhausted; using q8 kernels (request=64.00 MiB cached=0.00 GiB free=0.89 GiB reserve=1.59 GiB total=31.86 GiB)
ds4: ROCm q8 fp16 cache budget exhausted; using q8 kernels (request=64.00 MiB cached=0.00 GiB free=0.89 GiB reserve=1.59 GiB total=31.86 GiB)
ds4: ROCm q8 fp16 cache budget exhausted; using q8 kernels (request=64.00 MiB cached=0.00 GiB free=0.89 GiB reserve=1.59 GiB total=31.86 GiB)
ds4: ROCm q8 fp16 cache budget exhausted; using q8 kernels (request=64.00 MiB cached=0.00 GiB free=0.89 GiB reserve=1.59 GiB total=31.86 GiB)
ds4: ROCm q8 fp16 cache budget exhausted; using q8 kernels (request=64.00 MiB cached=0.00 GiB free=0.89 GiB reserve=1.59 GiB total=31.86 GiB)
case_026 cases=27 prompt=17 target=24 avg_nll=0.190483 lcp=16 api_target_mae=0.190483 api_top_coverage=98/120 api_top1=0.917 api_topn=0.245 api_pair=1.000
ds4: ROCm q8 fp16 cache budget exhausted; using q8 kernels (request=64.00 MiB cached=0.00 GiB free=0.89 GiB reserve=1.59 GiB total=31.86 GiB)
ds4: ROCm q8 fp16 cache budget exhausted; using q8 kernels (request=64.00 MiB cached=0.00 GiB free=0.89 GiB reserve=1.59 GiB total=31.86 GiB)
ds4: ROCm q8 fp16 cache budget exhausted; using q8 kernels (request=64.00 MiB cached=0.00 GiB free=0.89 GiB reserve=1.59 GiB total=31.86 GiB)
ds4: ROCm q8 fp16 cache budget exhausted; using q8 kernels (request=64.00 MiB cached=0.00 GiB free=0.89 GiB reserve=1.59 GiB total=31.86 GiB)
ds4: ROCm q8 fp16 cache budget exhausted; using q8 kernels (request=64.00 MiB cached=0.00 GiB free=0.89 GiB reserve=1.59 GiB total=31.86 GiB)
ds4: ROCm q8 fp16 cache budget exhausted; using q8 kernels (request=64.00 MiB cached=0.00 GiB free=0.89 GiB reserve=1.59 GiB total=31.86 GiB)
ds4: ROCm q8 fp16 cache budget exhausted; using q8 kernels (request=64.00 MiB cached=0.00 GiB free=0.89 GiB reserve=1.59 GiB total=31.86 GiB)
ds4: ROCm q8 fp16 cache budget exhausted; using q8 kernels (request=64.00 MiB cached=0.00 GiB free=0.89 GiB reserve=1.59 GiB total=31.86 GiB)
ds4: ROCm q8 fp16 cache budget exhausted; using q8 kernels (request=64.00 MiB cached=0.00 GiB free=0.89 GiB reserve=1.59 GiB total=31.86 GiB)
ds4: ROCm q8 fp16 cache budget exhausted; using q8 kernels (request=64.00 MiB cached=0.00 GiB free=0.89 GiB reserve=1.59 GiB total=31.86 GiB)
ds4: ROCm q8 fp16 cache budget exhausted; using q8 kernels (request=64.00 MiB cached=0.00 GiB free=0.89 GiB reserve=1.59 GiB total=31.86 GiB)
ds4: ROCm q8 fp16 cache budget exhausted; using q8 kernels (request=64.00 MiB cached=0.00 GiB free=0.89 GiB reserve=1.59 GiB total=31.86 GiB)
ds4: ROCm q8 fp16 cache budget exhausted; using q8 kernels (request=64.00 MiB cached=0.00 GiB free=0.89 GiB reserve=1.59 GiB total=31.86 GiB)
ds4: ROCm q8 fp16 cache budget exhausted; using q8 kernels (request=64.00 MiB cached=0.00 GiB free=0.89 GiB reserve=1.59 GiB total=31.86 GiB)
ds4: ROCm q8 fp16 cache budget exhausted; using q8 kernels (request=64.00 MiB cached=0.00 GiB free=0.89 GiB reserve=1.59 GiB total=31.86 GiB)
ds4: ROCm q8 fp16 cache budget exhausted; using q8 kernels (request=64.00 MiB cached=0.00 GiB free=0.89 GiB reserve=1.59 GiB total=31.86 GiB)
ds4: ROCm q8 fp16 cache budget exhausted; using q8 kernels (request=64.00 MiB cached=0.00 GiB free=0.89 GiB reserve=1.59 GiB total=31.86 GiB)
ds4: ROCm q8 fp16 cache budget exhausted; using q8 kernels (request=64.00 MiB cached=0.00 GiB free=0.89 GiB reserve=1.59 GiB total=31.86 GiB)
ds4: ROCm q8 fp16 cache budget exhausted; using q8 kernels (request=64.00 MiB cached=0.00 GiB free=0.89 GiB reserve=1.59 GiB total=31.86 GiB)
ds4: ROCm q8 fp16 cache budget exhausted; using q8 kernels (request=64.00 MiB cached=0.00 GiB free=0.89 GiB reserve=1.59 GiB total=31.86 GiB)
ds4: ROCm q8 fp16 cache budget exhausted; using q8 kernels (request=64.00 MiB cached=0.00 GiB free=0.89 GiB reserve=1.59 GiB total=31.86 GiB)
ds4: ROCm q8 fp16 cache budget exhausted; using q8 kernels (request=64.00 MiB cached=0.00 GiB free=0.89 GiB reserve=1.59 GiB total=31.86 GiB)
ds4: ROCm q8 fp16 cache budget exhausted; using q8 kernels (request=64.00 MiB cached=0.00 GiB free=0.89 GiB reserve=1.59 GiB total=31.86 GiB)
ds4: ROCm q8 fp16 cache budget exhausted; using q8 kernels (request=64.00 MiB cached=0.00 GiB free=0.89 GiB reserve=1.59 GiB total=31.86 GiB)
ds4: ROCm q8 fp16 cache budget exhausted; using q8 kernels (request=64.00 MiB cached=0.00 GiB free=0.89 GiB reserve=1.59 GiB total=31.86 GiB)
ds4: ROCm q8 fp16 cache budget exhausted; using q8 kernels (request=64.00 MiB cached=0.00 GiB free=0.89 GiB reserve=1.59 GiB total=31.86 GiB)
ds4: ROCm q8 fp16 cache budget exhausted; using q8 kernels (request=64.00 MiB cached=0.00 GiB free=0.89 GiB reserve=1.59 GiB total=31.86 GiB)
ds4: ROCm q8 fp16 cache budget exhausted; using q8 kernels (request=64.00 MiB cached=0.00 GiB free=0.89 GiB reserve=1.59 GiB total=31.86 GiB)
ds4: ROCm q8 fp16 cache budget exhausted; using q8 kernels (request=64.00 MiB cached=0.00 GiB free=0.89 GiB reserve=1.59 GiB total=31.86 GiB)
ds4: ROCm q8 fp16 cache budget exhausted; using q8 kernels (request=64.00 MiB cached=0.00 GiB free=0.89 GiB reserve=1.59 GiB total=31.86 GiB)
ds4: ROCm q8 fp16 cache budget exhausted; using q8 kernels (request=64.00 MiB cached=0.00 GiB free=0.89 GiB reserve=1.59 GiB total=31.86 GiB)
ds4: ROCm q8 fp16 cache budget exhausted; using q8 kernels (request=64.00 MiB cached=0.00 GiB free=0.89 GiB reserve=1.59 GiB total=31.86 GiB)
ds4: ROCm q8 fp16 cache budget exhausted; using q8 kernels (request=64.00 MiB cached=0.00 GiB free=0.89 GiB reserve=1.59 GiB total=31.86 GiB)
ds4: ROCm q8 fp16 cache budget exhausted; using q8 kernels (request=64.00 MiB cached=0.00 GiB free=0.89 GiB reserve=1.59 GiB total=31.86 GiB)
ds4: ROCm q8 fp16 cache budget exhausted; using q8 kernels (request=64.00 MiB cached=0.00 GiB free=0.89 GiB reserve=1.59 GiB total=31.86 GiB)
ds4: ROCm q8 fp16 cache budget exhausted; using q8 kernels (request=64.00 MiB cached=0.00 GiB free=0.89 GiB reserve=1.59 GiB total=31.86 GiB)
ds4: ROCm q8 fp16 cache budget exhausted; using q8 kernels (request=64.00 MiB cached=0.00 GiB free=0.89 GiB reserve=1.59 GiB total=31.86 GiB)
ds4: ROCm q8 fp16 cache budget exhausted; using q8 kernels (request=64.00 MiB cached=0.00 GiB free=0.89 GiB reserve=1.59 GiB total=31.86 GiB)
ds4: ROCm q8 fp16 cache budget exhausted; using q8 kernels (request=64.00 MiB cached=0.00 GiB free=0.89 GiB reserve=1.59 GiB total=31.86 GiB)
ds4: ROCm q8 fp16 cache budget exhausted; using q8 kernels (request=64.00 MiB cached=0.00 GiB free=0.89 GiB reserve=1.59 GiB total=31.86 GiB)
ds4: ROCm q8 fp16 cache budget exhausted; using q8 kernels (request=64.00 MiB cached=0.00 GiB free=0.89 GiB reserve=1.59 GiB total=31.86 GiB)
ds4: ROCm q8 fp16 cache budget exhausted; using q8 kernels (request=64.00 MiB cached=0.00 GiB free=0.89 GiB reserve=1.59 GiB total=31.86 GiB)
ds4: ROCm q8 fp16 cache budget exhausted; using q8 kernels (request=64.00 MiB cached=0.00 GiB free=0.89 GiB reserve=1.59 GiB total=31.86 GiB)
case_027 cases=28 prompt=14 target=24 avg_nll=0.795093 lcp=7 api_target_mae=0.795093 api_top_coverage=97/120 api_top1=0.792 api_topn=0.268 api_pair=1.000
ds4: ROCm q8 fp16 cache budget exhausted; using q8 kernels (request=64.00 MiB cached=0.00 GiB free=0.89 GiB reserve=1.59 GiB total=31.86 GiB)
ds4: ROCm q8 fp16 cache budget exhausted; using q8 kernels (request=64.00 MiB cached=0.00 GiB free=0.89 GiB reserve=1.59 GiB total=31.86 GiB)
ds4: ROCm q8 fp16 cache budget exhausted; using q8 kernels (request=64.00 MiB cached=0.00 GiB free=0.89 GiB reserve=1.59 GiB total=31.86 GiB)
ds4: ROCm q8 fp16 cache budget exhausted; using q8 kernels (request=64.00 MiB cached=0.00 GiB free=0.89 GiB reserve=1.59 GiB total=31.86 GiB)
ds4: ROCm q8 fp16 cache budget exhausted; using q8 kernels (request=64.00 MiB cached=0.00 GiB free=0.89 GiB reserve=1.59 GiB total=31.86 GiB)
ds4: ROCm q8 fp16 cache budget exhausted; using q8 kernels (request=64.00 MiB cached=0.00 GiB free=0.89 GiB reserve=1.59 GiB total=31.86 GiB)
ds4: ROCm q8 fp16 cache budget exhausted; using q8 kernels (request=64.00 MiB cached=0.00 GiB free=0.89 GiB reserve=1.59 GiB total=31.86 GiB)
ds4: ROCm q8 fp16 cache budget exhausted; using q8 kernels (request=64.00 MiB cached=0.00 GiB free=0.89 GiB reserve=1.59 GiB total=31.86 GiB)
ds4: ROCm q8 fp16 cache budget exhausted; using q8 kernels (request=64.00 MiB cached=0.00 GiB free=0.89 GiB reserve=1.59 GiB total=31.86 GiB)
ds4: ROCm q8 fp16 cache budget exhausted; using q8 kernels (request=64.00 MiB cached=0.00 GiB free=0.89 GiB reserve=1.59 GiB total=31.86 GiB)
ds4: ROCm q8 fp16 cache budget exhausted; using q8 kernels (request=64.00 MiB cached=0.00 GiB free=0.89 GiB reserve=1.59 GiB total=31.86 GiB)
ds4: ROCm q8 fp16 cache budget exhausted; using q8 kernels (request=64.00 MiB cached=0.00 GiB free=0.89 GiB reserve=1.59 GiB total=31.86 GiB)
ds4: ROCm q8 fp16 cache budget exhausted; using q8 kernels (request=64.00 MiB cached=0.00 GiB free=0.89 GiB reserve=1.59 GiB total=31.86 GiB)
ds4: ROCm q8 fp16 cache budget exhausted; using q8 kernels (request=64.00 MiB cached=0.00 GiB free=0.89 GiB reserve=1.59 GiB total=31.86 GiB)
ds4: ROCm q8 fp16 cache budget exhausted; using q8 kernels (request=64.00 MiB cached=0.00 GiB free=0.89 GiB reserve=1.59 GiB total=31.86 GiB)
ds4: ROCm q8 fp16 cache budget exhausted; using q8 kernels (request=64.00 MiB cached=0.00 GiB free=0.89 GiB reserve=1.59 GiB total=31.86 GiB)
ds4: ROCm q8 fp16 cache budget exhausted; using q8 kernels (request=64.00 MiB cached=0.00 GiB free=0.89 GiB reserve=1.59 GiB total=31.86 GiB)
ds4: ROCm q8 fp16 cache budget exhausted; using q8 kernels (request=64.00 MiB cached=0.00 GiB free=0.89 GiB reserve=1.59 GiB total=31.86 GiB)
ds4: ROCm q8 fp16 cache budget exhausted; using q8 kernels (request=64.00 MiB cached=0.00 GiB free=0.89 GiB reserve=1.59 GiB total=31.86 GiB)
ds4: ROCm q8 fp16 cache budget exhausted; using q8 kernels (request=64.00 MiB cached=0.00 GiB free=0.89 GiB reserve=1.59 GiB total=31.86 GiB)
ds4: ROCm q8 fp16 cache budget exhausted; using q8 kernels (request=64.00 MiB cached=0.00 GiB free=0.89 GiB reserve=1.59 GiB total=31.86 GiB)
ds4: ROCm q8 fp16 cache budget exhausted; using q8 kernels (request=64.00 MiB cached=0.00 GiB free=0.89 GiB reserve=1.59 GiB total=31.86 GiB)
ds4: ROCm q8 fp16 cache budget exhausted; using q8 kernels (request=64.00 MiB cached=0.00 GiB free=0.89 GiB reserve=1.59 GiB total=31.86 GiB)
ds4: ROCm q8 fp16 cache budget exhausted; using q8 kernels (request=64.00 MiB cached=0.00 GiB free=0.89 GiB reserve=1.59 GiB total=31.86 GiB)
ds4: ROCm q8 fp16 cache budget exhausted; using q8 kernels (request=64.00 MiB cached=0.00 GiB free=0.89 GiB reserve=1.59 GiB total=31.86 GiB)
ds4: ROCm q8 fp16 cache budget exhausted; using q8 kernels (request=64.00 MiB cached=0.00 GiB free=0.89 GiB reserve=1.59 GiB total=31.86 GiB)
ds4: ROCm q8 fp16 cache budget exhausted; using q8 kernels (request=64.00 MiB cached=0.00 GiB free=0.89 GiB reserve=1.59 GiB total=31.86 GiB)
ds4: ROCm q8 fp16 cache budget exhausted; using q8 kernels (request=64.00 MiB cached=0.00 GiB free=0.89 GiB reserve=1.59 GiB total=31.86 GiB)
ds4: ROCm q8 fp16 cache budget exhausted; using q8 kernels (request=64.00 MiB cached=0.00 GiB free=0.89 GiB reserve=1.59 GiB total=31.86 GiB)
ds4: ROCm q8 fp16 cache budget exhausted; using q8 kernels (request=64.00 MiB cached=0.00 GiB free=0.89 GiB reserve=1.59 GiB total=31.86 GiB)
ds4: ROCm q8 fp16 cache budget exhausted; using q8 kernels (request=64.00 MiB cached=0.00 GiB free=0.89 GiB reserve=1.59 GiB total=31.86 GiB)
ds4: ROCm q8 fp16 cache budget exhausted; using q8 kernels (request=64.00 MiB cached=0.00 GiB free=0.89 GiB reserve=1.59 GiB total=31.86 GiB)
ds4: ROCm q8 fp16 cache budget exhausted; using q8 kernels (request=64.00 MiB cached=0.00 GiB free=0.89 GiB reserve=1.59 GiB total=31.86 GiB)
ds4: ROCm q8 fp16 cache budget exhausted; using q8 kernels (request=64.00 MiB cached=0.00 GiB free=0.89 GiB reserve=1.59 GiB total=31.86 GiB)
ds4: ROCm q8 fp16 cache budget exhausted; using q8 kernels (request=64.00 MiB cached=0.00 GiB free=0.89 GiB reserve=1.59 GiB total=31.86 GiB)
ds4: ROCm q8 fp16 cache budget exhausted; using q8 kernels (request=64.00 MiB cached=0.00 GiB free=0.89 GiB reserve=1.59 GiB total=31.86 GiB)
ds4: ROCm q8 fp16 cache budget exhausted; using q8 kernels (request=64.00 MiB cached=0.00 GiB free=0.89 GiB reserve=1.59 GiB total=31.86 GiB)
ds4: ROCm q8 fp16 cache budget exhausted; using q8 kernels (request=64.00 MiB cached=0.00 GiB free=0.89 GiB reserve=1.59 GiB total=31.86 GiB)
ds4: ROCm q8 fp16 cache budget exhausted; using q8 kernels (request=64.00 MiB cached=0.00 GiB free=0.89 GiB reserve=1.59 GiB total=31.86 GiB)
ds4: ROCm q8 fp16 cache budget exhausted; using q8 kernels (request=64.00 MiB cached=0.00 GiB free=0.89 GiB reserve=1.59 GiB total=31.86 GiB)
ds4: ROCm q8 fp16 cache budget exhausted; using q8 kernels (request=64.00 MiB cached=0.00 GiB free=0.89 GiB reserve=1.59 GiB total=31.86 GiB)
ds4: ROCm q8 fp16 cache budget exhausted; using q8 kernels (request=64.00 MiB cached=0.00 GiB free=0.89 GiB reserve=1.59 GiB total=31.86 GiB)
ds4: ROCm q8 fp16 cache budget exhausted; using q8 kernels (request=64.00 MiB cached=0.00 GiB free=0.89 GiB reserve=1.59 GiB total=31.86 GiB)
case_028 cases=29 prompt=16 target=24 avg_nll=0.635224 lcp=4 api_target_mae=0.635224 api_top_coverage=97/120 api_top1=0.708 api_topn=0.268 api_pair=1.000
ds4: ROCm q8 fp16 cache budget exhausted; using q8 kernels (request=64.00 MiB cached=0.00 GiB free=0.89 GiB reserve=1.59 GiB total=31.86 GiB)
ds4: ROCm q8 fp16 cache budget exhausted; using q8 kernels (request=64.00 MiB cached=0.00 GiB free=0.89 GiB reserve=1.59 GiB total=31.86 GiB)
ds4: ROCm q8 fp16 cache budget exhausted; using q8 kernels (request=64.00 MiB cached=0.00 GiB free=0.89 GiB reserve=1.59 GiB total=31.86 GiB)
ds4: ROCm q8 fp16 cache budget exhausted; using q8 kernels (request=64.00 MiB cached=0.00 GiB free=0.89 GiB reserve=1.59 GiB total=31.86 GiB)
ds4: ROCm q8 fp16 cache budget exhausted; using q8 kernels (request=64.00 MiB cached=0.00 GiB free=0.89 GiB reserve=1.59 GiB total=31.86 GiB)
ds4: ROCm q8 fp16 cache budget exhausted; using q8 kernels (request=64.00 MiB cached=0.00 GiB free=0.89 GiB reserve=1.59 GiB total=31.86 GiB)
ds4: ROCm q8 fp16 cache budget exhausted; using q8 kernels (request=64.00 MiB cached=0.00 GiB free=0.89 GiB reserve=1.59 GiB total=31.86 GiB)
ds4: ROCm q8 fp16 cache budget exhausted; using q8 kernels (request=64.00 MiB cached=0.00 GiB free=0.89 GiB reserve=1.59 GiB total=31.86 GiB)
ds4: ROCm q8 fp16 cache budget exhausted; using q8 kernels (request=64.00 MiB cached=0.00 GiB free=0.89 GiB reserve=1.59 GiB total=31.86 GiB)
ds4: ROCm q8 fp16 cache budget exhausted; using q8 kernels (request=64.00 MiB cached=0.00 GiB free=0.89 GiB reserve=1.59 GiB total=31.86 GiB)
ds4: ROCm q8 fp16 cache budget exhausted; using q8 kernels (request=64.00 MiB cached=0.00 GiB free=0.89 GiB reserve=1.59 GiB total=31.86 GiB)
ds4: ROCm q8 fp16 cache budget exhausted; using q8 kernels (request=64.00 MiB cached=0.00 GiB free=0.89 GiB reserve=1.59 GiB total=31.86 GiB)
ds4: ROCm q8 fp16 cache budget exhausted; using q8 kernels (request=64.00 MiB cached=0.00 GiB free=0.89 GiB reserve=1.59 GiB total=31.86 GiB)
ds4: ROCm q8 fp16 cache budget exhausted; using q8 kernels (request=64.00 MiB cached=0.00 GiB free=0.89 GiB reserve=1.59 GiB total=31.86 GiB)
ds4: ROCm q8 fp16 cache budget exhausted; using q8 kernels (request=64.00 MiB cached=0.00 GiB free=0.89 GiB reserve=1.59 GiB total=31.86 GiB)
ds4: ROCm q8 fp16 cache budget exhausted; using q8 kernels (request=64.00 MiB cached=0.00 GiB free=0.89 GiB reserve=1.59 GiB total=31.86 GiB)
ds4: ROCm q8 fp16 cache budget exhausted; using q8 kernels (request=64.00 MiB cached=0.00 GiB free=0.89 GiB reserve=1.59 GiB total=31.86 GiB)
ds4: ROCm q8 fp16 cache budget exhausted; using q8 kernels (request=64.00 MiB cached=0.00 GiB free=0.89 GiB reserve=1.59 GiB total=31.86 GiB)
ds4: ROCm q8 fp16 cache budget exhausted; using q8 kernels (request=64.00 MiB cached=0.00 GiB free=0.89 GiB reserve=1.59 GiB total=31.86 GiB)
ds4: ROCm q8 fp16 cache budget exhausted; using q8 kernels (request=64.00 MiB cached=0.00 GiB free=0.89 GiB reserve=1.59 GiB total=31.86 GiB)
ds4: ROCm q8 fp16 cache budget exhausted; using q8 kernels (request=64.00 MiB cached=0.00 GiB free=0.89 GiB reserve=1.59 GiB total=31.86 GiB)
ds4: ROCm q8 fp16 cache budget exhausted; using q8 kernels (request=64.00 MiB cached=0.00 GiB free=0.89 GiB reserve=1.59 GiB total=31.86 GiB)
ds4: ROCm q8 fp16 cache budget exhausted; using q8 kernels (request=64.00 MiB cached=0.00 GiB free=0.89 GiB reserve=1.59 GiB total=31.86 GiB)
ds4: ROCm q8 fp16 cache budget exhausted; using q8 kernels (request=64.00 MiB cached=0.00 GiB free=0.89 GiB reserve=1.59 GiB total=31.86 GiB)
ds4: ROCm q8 fp16 cache budget exhausted; using q8 kernels (request=64.00 MiB cached=0.00 GiB free=0.89 GiB reserve=1.59 GiB total=31.86 GiB)
ds4: ROCm q8 fp16 cache budget exhausted; using q8 kernels (request=64.00 MiB cached=0.00 GiB free=0.89 GiB reserve=1.59 GiB total=31.86 GiB)
ds4: ROCm q8 fp16 cache budget exhausted; using q8 kernels (request=64.00 MiB cached=0.00 GiB free=0.89 GiB reserve=1.59 GiB total=31.86 GiB)
ds4: ROCm q8 fp16 cache budget exhausted; using q8 kernels (request=64.00 MiB cached=0.00 GiB free=0.89 GiB reserve=1.59 GiB total=31.86 GiB)
ds4: ROCm q8 fp16 cache budget exhausted; using q8 kernels (request=64.00 MiB cached=0.00 GiB free=0.89 GiB reserve=1.59 GiB total=31.86 GiB)
ds4: ROCm q8 fp16 cache budget exhausted; using q8 kernels (request=64.00 MiB cached=0.00 GiB free=0.89 GiB reserve=1.59 GiB total=31.86 GiB)
ds4: ROCm q8 fp16 cache budget exhausted; using q8 kernels (request=64.00 MiB cached=0.00 GiB free=0.89 GiB reserve=1.59 GiB total=31.86 GiB)
ds4: ROCm q8 fp16 cache budget exhausted; using q8 kernels (request=64.00 MiB cached=0.00 GiB free=0.89 GiB reserve=1.59 GiB total=31.86 GiB)
ds4: ROCm q8 fp16 cache budget exhausted; using q8 kernels (request=64.00 MiB cached=0.00 GiB free=0.89 GiB reserve=1.59 GiB total=31.86 GiB)
ds4: ROCm q8 fp16 cache budget exhausted; using q8 kernels (request=64.00 MiB cached=0.00 GiB free=0.89 GiB reserve=1.59 GiB total=31.86 GiB)
ds4: ROCm q8 fp16 cache budget exhausted; using q8 kernels (request=64.00 MiB cached=0.00 GiB free=0.89 GiB reserve=1.59 GiB total=31.86 GiB)
ds4: ROCm q8 fp16 cache budget exhausted; using q8 kernels (request=64.00 MiB cached=0.00 GiB free=0.89 GiB reserve=1.59 GiB total=31.86 GiB)
ds4: ROCm q8 fp16 cache budget exhausted; using q8 kernels (request=64.00 MiB cached=0.00 GiB free=0.89 GiB reserve=1.59 GiB total=31.86 GiB)
ds4: ROCm q8 fp16 cache budget exhausted; using q8 kernels (request=64.00 MiB cached=0.00 GiB free=0.89 GiB reserve=1.59 GiB total=31.86 GiB)
ds4: ROCm q8 fp16 cache budget exhausted; using q8 kernels (request=64.00 MiB cached=0.00 GiB free=0.89 GiB reserve=1.59 GiB total=31.86 GiB)
ds4: ROCm q8 fp16 cache budget exhausted; using q8 kernels (request=64.00 MiB cached=0.00 GiB free=0.89 GiB reserve=1.59 GiB total=31.86 GiB)
ds4: ROCm q8 fp16 cache budget exhausted; using q8 kernels (request=64.00 MiB cached=0.00 GiB free=0.89 GiB reserve=1.59 GiB total=31.86 GiB)
ds4: ROCm q8 fp16 cache budget exhausted; using q8 kernels (request=64.00 MiB cached=0.00 GiB free=0.89 GiB reserve=1.59 GiB total=31.86 GiB)
ds4: ROCm q8 fp16 cache budget exhausted; using q8 kernels (request=64.00 MiB cached=0.00 GiB free=0.89 GiB reserve=1.59 GiB total=31.86 GiB)
case_029 cases=30 prompt=18 target=24 avg_nll=0.512581 lcp=2 api_target_mae=0.512581 api_top_coverage=119/120 api_top1=0.875 api_topn=0.739 api_pair=0.947
ds4: ROCm q8 fp16 cache budget exhausted; using q8 kernels (request=64.00 MiB cached=0.00 GiB free=0.89 GiB reserve=1.59 GiB total=31.86 GiB)
ds4: ROCm q8 fp16 cache budget exhausted; using q8 kernels (request=64.00 MiB cached=0.00 GiB free=0.89 GiB reserve=1.59 GiB total=31.86 GiB)
ds4: ROCm q8 fp16 cache budget exhausted; using q8 kernels (request=64.00 MiB cached=0.00 GiB free=0.89 GiB reserve=1.59 GiB total=31.86 GiB)
ds4: ROCm q8 fp16 cache budget exhausted; using q8 kernels (request=64.00 MiB cached=0.00 GiB free=0.89 GiB reserve=1.59 GiB total=31.86 GiB)
ds4: ROCm q8 fp16 cache budget exhausted; using q8 kernels (request=64.00 MiB cached=0.00 GiB free=0.89 GiB reserve=1.59 GiB total=31.86 GiB)
ds4: ROCm q8 fp16 cache budget exhausted; using q8 kernels (request=64.00 MiB cached=0.00 GiB free=0.89 GiB reserve=1.59 GiB total=31.86 GiB)
ds4: ROCm q8 fp16 cache budget exhausted; using q8 kernels (request=64.00 MiB cached=0.00 GiB free=0.89 GiB reserve=1.59 GiB total=31.86 GiB)
ds4: ROCm q8 fp16 cache budget exhausted; using q8 kernels (request=64.00 MiB cached=0.00 GiB free=0.89 GiB reserve=1.59 GiB total=31.86 GiB)
ds4: ROCm q8 fp16 cache budget exhausted; using q8 kernels (request=64.00 MiB cached=0.00 GiB free=0.89 GiB reserve=1.59 GiB total=31.86 GiB)
ds4: ROCm q8 fp16 cache budget exhausted; using q8 kernels (request=64.00 MiB cached=0.00 GiB free=0.89 GiB reserve=1.59 GiB total=31.86 GiB)
ds4: ROCm q8 fp16 cache budget exhausted; using q8 kernels (request=64.00 MiB cached=0.00 GiB free=0.89 GiB reserve=1.59 GiB total=31.86 GiB)
ds4: ROCm q8 fp16 cache budget exhausted; using q8 kernels (request=64.00 MiB cached=0.00 GiB free=0.89 GiB reserve=1.59 GiB total=31.86 GiB)
ds4: ROCm q8 fp16 cache budget exhausted; using q8 kernels (request=64.00 MiB cached=0.00 GiB free=0.89 GiB reserve=1.59 GiB total=31.86 GiB)
ds4: ROCm q8 fp16 cache budget exhausted; using q8 kernels (request=64.00 MiB cached=0.00 GiB free=0.89 GiB reserve=1.59 GiB total=31.86 GiB)
ds4: ROCm q8 fp16 cache budget exhausted; using q8 kernels (request=64.00 MiB cached=0.00 GiB free=0.89 GiB reserve=1.59 GiB total=31.86 GiB)
ds4: ROCm q8 fp16 cache budget exhausted; using q8 kernels (request=64.00 MiB cached=0.00 GiB free=0.89 GiB reserve=1.59 GiB total=31.86 GiB)
ds4: ROCm q8 fp16 cache budget exhausted; using q8 kernels (request=64.00 MiB cached=0.00 GiB free=0.89 GiB reserve=1.59 GiB total=31.86 GiB)
ds4: ROCm q8 fp16 cache budget exhausted; using q8 kernels (request=64.00 MiB cached=0.00 GiB free=0.89 GiB reserve=1.59 GiB total=31.86 GiB)
ds4: ROCm q8 fp16 cache budget exhausted; using q8 kernels (request=64.00 MiB cached=0.00 GiB free=0.89 GiB reserve=1.59 GiB total=31.86 GiB)
ds4: ROCm q8 fp16 cache budget exhausted; using q8 kernels (request=64.00 MiB cached=0.00 GiB free=0.89 GiB reserve=1.59 GiB total=31.86 GiB)
ds4: ROCm q8 fp16 cache budget exhausted; using q8 kernels (request=64.00 MiB cached=0.00 GiB free=0.89 GiB reserve=1.59 GiB total=31.86 GiB)
ds4: ROCm q8 fp16 cache budget exhausted; using q8 kernels (request=64.00 MiB cached=0.00 GiB free=0.89 GiB reserve=1.59 GiB total=31.86 GiB)
ds4: ROCm q8 fp16 cache budget exhausted; using q8 kernels (request=64.00 MiB cached=0.00 GiB free=0.89 GiB reserve=1.59 GiB total=31.86 GiB)
ds4: ROCm q8 fp16 cache budget exhausted; using q8 kernels (request=64.00 MiB cached=0.00 GiB free=0.89 GiB reserve=1.59 GiB total=31.86 GiB)
ds4: ROCm q8 fp16 cache budget exhausted; using q8 kernels (request=64.00 MiB cached=0.00 GiB free=0.89 GiB reserve=1.59 GiB total=31.86 GiB)
ds4: ROCm q8 fp16 cache budget exhausted; using q8 kernels (request=64.00 MiB cached=0.00 GiB free=0.89 GiB reserve=1.59 GiB total=31.86 GiB)
ds4: ROCm q8 fp16 cache budget exhausted; using q8 kernels (request=64.00 MiB cached=0.00 GiB free=0.89 GiB reserve=1.59 GiB total=31.86 GiB)
ds4: ROCm q8 fp16 cache budget exhausted; using q8 kernels (request=64.00 MiB cached=0.00 GiB free=0.89 GiB reserve=1.59 GiB total=31.86 GiB)
ds4: ROCm q8 fp16 cache budget exhausted; using q8 kernels (request=64.00 MiB cached=0.00 GiB free=0.89 GiB reserve=1.59 GiB total=31.86 GiB)
ds4: ROCm q8 fp16 cache budget exhausted; using q8 kernels (request=64.00 MiB cached=0.00 GiB free=0.89 GiB reserve=1.59 GiB total=31.86 GiB)
ds4: ROCm q8 fp16 cache budget exhausted; using q8 kernels (request=64.00 MiB cached=0.00 GiB free=0.89 GiB reserve=1.59 GiB total=31.86 GiB)
ds4: ROCm q8 fp16 cache budget exhausted; using q8 kernels (request=64.00 MiB cached=0.00 GiB free=0.89 GiB reserve=1.59 GiB total=31.86 GiB)
ds4: ROCm q8 fp16 cache budget exhausted; using q8 kernels (request=64.00 MiB cached=0.00 GiB free=0.89 GiB reserve=1.59 GiB total=31.86 GiB)
ds4: ROCm q8 fp16 cache budget exhausted; using q8 kernels (request=64.00 MiB cached=0.00 GiB free=0.89 GiB reserve=1.59 GiB total=31.86 GiB)
ds4: ROCm q8 fp16 cache budget exhausted; using q8 kernels (request=64.00 MiB cached=0.00 GiB free=0.89 GiB reserve=1.59 GiB total=31.86 GiB)
ds4: ROCm q8 fp16 cache budget exhausted; using q8 kernels (request=64.00 MiB cached=0.00 GiB free=0.89 GiB reserve=1.59 GiB total=31.86 GiB)
ds4: ROCm q8 fp16 cache budget exhausted; using q8 kernels (request=64.00 MiB cached=0.00 GiB free=0.89 GiB reserve=1.59 GiB total=31.86 GiB)
ds4: ROCm q8 fp16 cache budget exhausted; using q8 kernels (request=64.00 MiB cached=0.00 GiB free=0.89 GiB reserve=1.59 GiB total=31.86 GiB)
ds4: ROCm q8 fp16 cache budget exhausted; using q8 kernels (request=64.00 MiB cached=0.00 GiB free=0.89 GiB reserve=1.59 GiB total=31.86 GiB)
ds4: ROCm q8 fp16 cache budget exhausted; using q8 kernels (request=64.00 MiB cached=0.00 GiB free=0.89 GiB reserve=1.59 GiB total=31.86 GiB)
ds4: ROCm q8 fp16 cache budget exhausted; using q8 kernels (request=64.00 MiB cached=0.00 GiB free=0.89 GiB reserve=1.59 GiB total=31.86 GiB)
ds4: ROCm q8 fp16 cache budget exhausted; using q8 kernels (request=64.00 MiB cached=0.00 GiB free=0.89 GiB reserve=1.59 GiB total=31.86 GiB)
ds4: ROCm q8 fp16 cache budget exhausted; using q8 kernels (request=64.00 MiB cached=0.00 GiB free=0.89 GiB reserve=1.59 GiB total=31.86 GiB)
case_030 cases=31 prompt=23 target=24 avg_nll=0.346986 lcp=0 api_target_mae=0.346986 api_top_coverage=97/120 api_top1=0.917 api_topn=0.278 api_pair=0.945
ds4: ROCm q8 fp16 cache budget exhausted; using q8 kernels (request=64.00 MiB cached=0.00 GiB free=0.89 GiB reserve=1.59 GiB total=31.86 GiB)
ds4: ROCm q8 fp16 cache budget exhausted; using q8 kernels (request=64.00 MiB cached=0.00 GiB free=0.89 GiB reserve=1.59 GiB total=31.86 GiB)
ds4: ROCm q8 fp16 cache budget exhausted; using q8 kernels (request=64.00 MiB cached=0.00 GiB free=0.89 GiB reserve=1.59 GiB total=31.86 GiB)
ds4: ROCm q8 fp16 cache budget exhausted; using q8 kernels (request=64.00 MiB cached=0.00 GiB free=0.89 GiB reserve=1.59 GiB total=31.86 GiB)
ds4: ROCm q8 fp16 cache budget exhausted; using q8 kernels (request=64.00 MiB cached=0.00 GiB free=0.89 GiB reserve=1.59 GiB total=31.86 GiB)
ds4: ROCm q8 fp16 cache budget exhausted; using q8 kernels (request=64.00 MiB cached=0.00 GiB free=0.89 GiB reserve=1.59 GiB total=31.86 GiB)
ds4: ROCm q8 fp16 cache budget exhausted; using q8 kernels (request=64.00 MiB cached=0.00 GiB free=0.89 GiB reserve=1.59 GiB total=31.86 GiB)
ds4: ROCm q8 fp16 cache budget exhausted; using q8 kernels (request=64.00 MiB cached=0.00 GiB free=0.89 GiB reserve=1.59 GiB total=31.86 GiB)
ds4: ROCm q8 fp16 cache budget exhausted; using q8 kernels (request=64.00 MiB cached=0.00 GiB free=0.89 GiB reserve=1.59 GiB total=31.86 GiB)
ds4: ROCm q8 fp16 cache budget exhausted; using q8 kernels (request=64.00 MiB cached=0.00 GiB free=0.89 GiB reserve=1.59 GiB total=31.86 GiB)
ds4: ROCm q8 fp16 cache budget exhausted; using q8 kernels (request=64.00 MiB cached=0.00 GiB free=0.89 GiB reserve=1.59 GiB total=31.86 GiB)
ds4: ROCm q8 fp16 cache budget exhausted; using q8 kernels (request=64.00 MiB cached=0.00 GiB free=0.89 GiB reserve=1.59 GiB total=31.86 GiB)
ds4: ROCm q8 fp16 cache budget exhausted; using q8 kernels (request=64.00 MiB cached=0.00 GiB free=0.89 GiB reserve=1.59 GiB total=31.86 GiB)
ds4: ROCm q8 fp16 cache budget exhausted; using q8 kernels (request=64.00 MiB cached=0.00 GiB free=0.89 GiB reserve=1.59 GiB total=31.86 GiB)
ds4: ROCm q8 fp16 cache budget exhausted; using q8 kernels (request=64.00 MiB cached=0.00 GiB free=0.89 GiB reserve=1.59 GiB total=31.86 GiB)
ds4: ROCm q8 fp16 cache budget exhausted; using q8 kernels (request=64.00 MiB cached=0.00 GiB free=0.89 GiB reserve=1.59 GiB total=31.86 GiB)
ds4: ROCm q8 fp16 cache budget exhausted; using q8 kernels (request=64.00 MiB cached=0.00 GiB free=0.89 GiB reserve=1.59 GiB total=31.86 GiB)
ds4: ROCm q8 fp16 cache budget exhausted; using q8 kernels (request=64.00 MiB cached=0.00 GiB free=0.89 GiB reserve=1.59 GiB total=31.86 GiB)
ds4: ROCm q8 fp16 cache budget exhausted; using q8 kernels (request=64.00 MiB cached=0.00 GiB free=0.89 GiB reserve=1.59 GiB total=31.86 GiB)
ds4: ROCm q8 fp16 cache budget exhausted; using q8 kernels (request=64.00 MiB cached=0.00 GiB free=0.89 GiB reserve=1.59 GiB total=31.86 GiB)
ds4: ROCm q8 fp16 cache budget exhausted; using q8 kernels (request=64.00 MiB cached=0.00 GiB free=0.89 GiB reserve=1.59 GiB total=31.86 GiB)
ds4: ROCm q8 fp16 cache budget exhausted; using q8 kernels (request=64.00 MiB cached=0.00 GiB free=0.89 GiB reserve=1.59 GiB total=31.86 GiB)
ds4: ROCm q8 fp16 cache budget exhausted; using q8 kernels (request=64.00 MiB cached=0.00 GiB free=0.89 GiB reserve=1.59 GiB total=31.86 GiB)
ds4: ROCm q8 fp16 cache budget exhausted; using q8 kernels (request=64.00 MiB cached=0.00 GiB free=0.89 GiB reserve=1.59 GiB total=31.86 GiB)
ds4: ROCm q8 fp16 cache budget exhausted; using q8 kernels (request=64.00 MiB cached=0.00 GiB free=0.89 GiB reserve=1.59 GiB total=31.86 GiB)
ds4: ROCm q8 fp16 cache budget exhausted; using q8 kernels (request=64.00 MiB cached=0.00 GiB free=0.89 GiB reserve=1.59 GiB total=31.86 GiB)
ds4: ROCm q8 fp16 cache budget exhausted; using q8 kernels (request=64.00 MiB cached=0.00 GiB free=0.89 GiB reserve=1.59 GiB total=31.86 GiB)
ds4: ROCm q8 fp16 cache budget exhausted; using q8 kernels (request=64.00 MiB cached=0.00 GiB free=0.89 GiB reserve=1.59 GiB total=31.86 GiB)
ds4: ROCm q8 fp16 cache budget exhausted; using q8 kernels (request=64.00 MiB cached=0.00 GiB free=0.89 GiB reserve=1.59 GiB total=31.86 GiB)
ds4: ROCm q8 fp16 cache budget exhausted; using q8 kernels (request=64.00 MiB cached=0.00 GiB free=0.89 GiB reserve=1.59 GiB total=31.86 GiB)
ds4: ROCm q8 fp16 cache budget exhausted; using q8 kernels (request=64.00 MiB cached=0.00 GiB free=0.89 GiB reserve=1.59 GiB total=31.86 GiB)
ds4: ROCm q8 fp16 cache budget exhausted; using q8 kernels (request=64.00 MiB cached=0.00 GiB free=0.89 GiB reserve=1.59 GiB total=31.86 GiB)
ds4: ROCm q8 fp16 cache budget exhausted; using q8 kernels (request=64.00 MiB cached=0.00 GiB free=0.89 GiB reserve=1.59 GiB total=31.86 GiB)
ds4: ROCm q8 fp16 cache budget exhausted; using q8 kernels (request=64.00 MiB cached=0.00 GiB free=0.89 GiB reserve=1.59 GiB total=31.86 GiB)
ds4: ROCm q8 fp16 cache budget exhausted; using q8 kernels (request=64.00 MiB cached=0.00 GiB free=0.89 GiB reserve=1.59 GiB total=31.86 GiB)
ds4: ROCm q8 fp16 cache budget exhausted; using q8 kernels (request=64.00 MiB cached=0.00 GiB free=0.89 GiB reserve=1.59 GiB total=31.86 GiB)
ds4: ROCm q8 fp16 cache budget exhausted; using q8 kernels (request=64.00 MiB cached=0.00 GiB free=0.89 GiB reserve=1.59 GiB total=31.86 GiB)
ds4: ROCm q8 fp16 cache budget exhausted; using q8 kernels (request=64.00 MiB cached=0.00 GiB free=0.89 GiB reserve=1.59 GiB total=31.86 GiB)
ds4: ROCm q8 fp16 cache budget exhausted; using q8 kernels (request=64.00 MiB cached=0.00 GiB free=0.89 GiB reserve=1.59 GiB total=31.86 GiB)
ds4: ROCm q8 fp16 cache budget exhausted; using q8 kernels (request=64.00 MiB cached=0.00 GiB free=0.89 GiB reserve=1.59 GiB total=31.86 GiB)
ds4: ROCm q8 fp16 cache budget exhausted; using q8 kernels (request=64.00 MiB cached=0.00 GiB free=0.89 GiB reserve=1.59 GiB total=31.86 GiB)
ds4: ROCm q8 fp16 cache budget exhausted; using q8 kernels (request=64.00 MiB cached=0.00 GiB free=0.89 GiB reserve=1.59 GiB total=31.86 GiB)
ds4: ROCm q8 fp16 cache budget exhausted; using q8 kernels (request=64.00 MiB cached=0.00 GiB free=0.89 GiB reserve=1.59 GiB total=31.86 GiB)
case_031 cases=32 prompt=22 target=24 avg_nll=0.035472 lcp=24 api_target_mae=0.035472 api_top_coverage=97/120 api_top1=1.000 api_topn=0.278 api_pair=1.000
ds4: ROCm q8 fp16 cache budget exhausted; using q8 kernels (request=64.00 MiB cached=0.00 GiB free=0.89 GiB reserve=1.59 GiB total=31.86 GiB)
ds4: ROCm q8 fp16 cache budget exhausted; using q8 kernels (request=64.00 MiB cached=0.00 GiB free=0.89 GiB reserve=1.59 GiB total=31.86 GiB)
ds4: ROCm q8 fp16 cache budget exhausted; using q8 kernels (request=64.00 MiB cached=0.00 GiB free=0.89 GiB reserve=1.59 GiB total=31.86 GiB)
ds4: ROCm q8 fp16 cache budget exhausted; using q8 kernels (request=64.00 MiB cached=0.00 GiB free=0.89 GiB reserve=1.59 GiB total=31.86 GiB)
ds4: ROCm q8 fp16 cache budget exhausted; using q8 kernels (request=64.00 MiB cached=0.00 GiB free=0.89 GiB reserve=1.59 GiB total=31.86 GiB)
ds4: ROCm q8 fp16 cache budget exhausted; using q8 kernels (request=64.00 MiB cached=0.00 GiB free=0.89 GiB reserve=1.59 GiB total=31.86 GiB)
ds4: ROCm q8 fp16 cache budget exhausted; using q8 kernels (request=64.00 MiB cached=0.00 GiB free=0.89 GiB reserve=1.59 GiB total=31.86 GiB)
ds4: ROCm q8 fp16 cache budget exhausted; using q8 kernels (request=64.00 MiB cached=0.00 GiB free=0.89 GiB reserve=1.59 GiB total=31.86 GiB)
ds4: ROCm q8 fp16 cache budget exhausted; using q8 kernels (request=64.00 MiB cached=0.00 GiB free=0.89 GiB reserve=1.59 GiB total=31.86 GiB)
ds4: ROCm q8 fp16 cache budget exhausted; using q8 kernels (request=64.00 MiB cached=0.00 GiB free=0.89 GiB reserve=1.59 GiB total=31.86 GiB)
ds4: ROCm q8 fp16 cache budget exhausted; using q8 kernels (request=64.00 MiB cached=0.00 GiB free=0.89 GiB reserve=1.59 GiB total=31.86 GiB)
ds4: ROCm q8 fp16 cache budget exhausted; using q8 kernels (request=64.00 MiB cached=0.00 GiB free=0.89 GiB reserve=1.59 GiB total=31.86 GiB)
ds4: ROCm q8 fp16 cache budget exhausted; using q8 kernels (request=64.00 MiB cached=0.00 GiB free=0.89 GiB reserve=1.59 GiB total=31.86 GiB)
ds4: ROCm q8 fp16 cache budget exhausted; using q8 kernels (request=64.00 MiB cached=0.00 GiB free=0.89 GiB reserve=1.59 GiB total=31.86 GiB)
ds4: ROCm q8 fp16 cache budget exhausted; using q8 kernels (request=64.00 MiB cached=0.00 GiB free=0.89 GiB reserve=1.59 GiB total=31.86 GiB)
ds4: ROCm q8 fp16 cache budget exhausted; using q8 kernels (request=64.00 MiB cached=0.00 GiB free=0.89 GiB reserve=1.59 GiB total=31.86 GiB)
ds4: ROCm q8 fp16 cache budget exhausted; using q8 kernels (request=64.00 MiB cached=0.00 GiB free=0.89 GiB reserve=1.59 GiB total=31.86 GiB)
ds4: ROCm q8 fp16 cache budget exhausted; using q8 kernels (request=64.00 MiB cached=0.00 GiB free=0.89 GiB reserve=1.59 GiB total=31.86 GiB)
ds4: ROCm q8 fp16 cache budget exhausted; using q8 kernels (request=64.00 MiB cached=0.00 GiB free=0.89 GiB reserve=1.59 GiB total=31.86 GiB)
ds4: ROCm q8 fp16 cache budget exhausted; using q8 kernels (request=64.00 MiB cached=0.00 GiB free=0.89 GiB reserve=1.59 GiB total=31.86 GiB)
ds4: ROCm q8 fp16 cache budget exhausted; using q8 kernels (request=64.00 MiB cached=0.00 GiB free=0.89 GiB reserve=1.59 GiB total=31.86 GiB)
ds4: ROCm q8 fp16 cache budget exhausted; using q8 kernels (request=64.00 MiB cached=0.00 GiB free=0.89 GiB reserve=1.59 GiB total=31.86 GiB)
ds4: ROCm q8 fp16 cache budget exhausted; using q8 kernels (request=64.00 MiB cached=0.00 GiB free=0.89 GiB reserve=1.59 GiB total=31.86 GiB)
ds4: ROCm q8 fp16 cache budget exhausted; using q8 kernels (request=64.00 MiB cached=0.00 GiB free=0.89 GiB reserve=1.59 GiB total=31.86 GiB)
ds4: ROCm q8 fp16 cache budget exhausted; using q8 kernels (request=64.00 MiB cached=0.00 GiB free=0.89 GiB reserve=1.59 GiB total=31.86 GiB)
ds4: ROCm q8 fp16 cache budget exhausted; using q8 kernels (request=64.00 MiB cached=0.00 GiB free=0.89 GiB reserve=1.59 GiB total=31.86 GiB)
ds4: ROCm q8 fp16 cache budget exhausted; using q8 kernels (request=64.00 MiB cached=0.00 GiB free=0.89 GiB reserve=1.59 GiB total=31.86 GiB)
ds4: ROCm q8 fp16 cache budget exhausted; using q8 kernels (request=64.00 MiB cached=0.00 GiB free=0.89 GiB reserve=1.59 GiB total=31.86 GiB)
ds4: ROCm q8 fp16 cache budget exhausted; using q8 kernels (request=64.00 MiB cached=0.00 GiB free=0.89 GiB reserve=1.59 GiB total=31.86 GiB)
ds4: ROCm q8 fp16 cache budget exhausted; using q8 kernels (request=64.00 MiB cached=0.00 GiB free=0.89 GiB reserve=1.59 GiB total=31.86 GiB)
ds4: ROCm q8 fp16 cache budget exhausted; using q8 kernels (request=64.00 MiB cached=0.00 GiB free=0.89 GiB reserve=1.59 GiB total=31.86 GiB)
ds4: ROCm q8 fp16 cache budget exhausted; using q8 kernels (request=64.00 MiB cached=0.00 GiB free=0.89 GiB reserve=1.59 GiB total=31.86 GiB)
ds4: ROCm q8 fp16 cache budget exhausted; using q8 kernels (request=64.00 MiB cached=0.00 GiB free=0.89 GiB reserve=1.59 GiB total=31.86 GiB)
ds4: ROCm q8 fp16 cache budget exhausted; using q8 kernels (request=64.00 MiB cached=0.00 GiB free=0.89 GiB reserve=1.59 GiB total=31.86 GiB)
ds4: ROCm q8 fp16 cache budget exhausted; using q8 kernels (request=64.00 MiB cached=0.00 GiB free=0.89 GiB reserve=1.59 GiB total=31.86 GiB)
ds4: ROCm q8 fp16 cache budget exhausted; using q8 kernels (request=64.00 MiB cached=0.00 GiB free=0.89 GiB reserve=1.59 GiB total=31.86 GiB)
ds4: ROCm q8 fp16 cache budget exhausted; using q8 kernels (request=64.00 MiB cached=0.00 GiB free=0.89 GiB reserve=1.59 GiB total=31.86 GiB)
ds4: ROCm q8 fp16 cache budget exhausted; using q8 kernels (request=64.00 MiB cached=0.00 GiB free=0.89 GiB reserve=1.59 GiB total=31.86 GiB)
ds4: ROCm q8 fp16 cache budget exhausted; using q8 kernels (request=64.00 MiB cached=0.00 GiB free=0.89 GiB reserve=1.59 GiB total=31.86 GiB)
ds4: ROCm q8 fp16 cache budget exhausted; using q8 kernels (request=64.00 MiB cached=0.00 GiB free=0.89 GiB reserve=1.59 GiB total=31.86 GiB)
ds4: ROCm q8 fp16 cache budget exhausted; using q8 kernels (request=64.00 MiB cached=0.00 GiB free=0.89 GiB reserve=1.59 GiB total=31.86 GiB)
ds4: ROCm q8 fp16 cache budget exhausted; using q8 kernels (request=64.00 MiB cached=0.00 GiB free=0.89 GiB reserve=1.59 GiB total=31.86 GiB)
ds4: ROCm q8 fp16 cache budget exhausted; using q8 kernels (request=64.00 MiB cached=0.00 GiB free=0.89 GiB reserve=1.59 GiB total=31.86 GiB)
case_032 cases=33 prompt=18 target=24 avg_nll=0.412555 lcp=0 api_target_mae=0.412555 api_top_coverage=97/120 api_top1=0.792 api_topn=0.258 api_pair=0.986
ds4: ROCm q8 fp16 cache budget exhausted; using q8 kernels (request=64.00 MiB cached=0.00 GiB free=0.89 GiB reserve=1.59 GiB total=31.86 GiB)
ds4: ROCm q8 fp16 cache budget exhausted; using q8 kernels (request=64.00 MiB cached=0.00 GiB free=0.89 GiB reserve=1.59 GiB total=31.86 GiB)
ds4: ROCm q8 fp16 cache budget exhausted; using q8 kernels (request=64.00 MiB cached=0.00 GiB free=0.89 GiB reserve=1.59 GiB total=31.86 GiB)
ds4: ROCm q8 fp16 cache budget exhausted; using q8 kernels (request=64.00 MiB cached=0.00 GiB free=0.89 GiB reserve=1.59 GiB total=31.86 GiB)
ds4: ROCm q8 fp16 cache budget exhausted; using q8 kernels (request=64.00 MiB cached=0.00 GiB free=0.89 GiB reserve=1.59 GiB total=31.86 GiB)
ds4: ROCm q8 fp16 cache budget exhausted; using q8 kernels (request=64.00 MiB cached=0.00 GiB free=0.89 GiB reserve=1.59 GiB total=31.86 GiB)
ds4: ROCm q8 fp16 cache budget exhausted; using q8 kernels (request=64.00 MiB cached=0.00 GiB free=0.89 GiB reserve=1.59 GiB total=31.86 GiB)
ds4: ROCm q8 fp16 cache budget exhausted; using q8 kernels (request=64.00 MiB cached=0.00 GiB free=0.89 GiB reserve=1.59 GiB total=31.86 GiB)
ds4: ROCm q8 fp16 cache budget exhausted; using q8 kernels (request=64.00 MiB cached=0.00 GiB free=0.89 GiB reserve=1.59 GiB total=31.86 GiB)
ds4: ROCm q8 fp16 cache budget exhausted; using q8 kernels (request=64.00 MiB cached=0.00 GiB free=0.89 GiB reserve=1.59 GiB total=31.86 GiB)
ds4: ROCm q8 fp16 cache budget exhausted; using q8 kernels (request=64.00 MiB cached=0.00 GiB free=0.89 GiB reserve=1.59 GiB total=31.86 GiB)
ds4: ROCm q8 fp16 cache budget exhausted; using q8 kernels (request=64.00 MiB cached=0.00 GiB free=0.89 GiB reserve=1.59 GiB total=31.86 GiB)
ds4: ROCm q8 fp16 cache budget exhausted; using q8 kernels (request=64.00 MiB cached=0.00 GiB free=0.89 GiB reserve=1.59 GiB total=31.86 GiB)
ds4: ROCm q8 fp16 cache budget exhausted; using q8 kernels (request=64.00 MiB cached=0.00 GiB free=0.89 GiB reserve=1.59 GiB total=31.86 GiB)
ds4: ROCm q8 fp16 cache budget exhausted; using q8 kernels (request=64.00 MiB cached=0.00 GiB free=0.89 GiB reserve=1.59 GiB total=31.86 GiB)
ds4: ROCm q8 fp16 cache budget exhausted; using q8 kernels (request=64.00 MiB cached=0.00 GiB free=0.89 GiB reserve=1.59 GiB total=31.86 GiB)
ds4: ROCm q8 fp16 cache budget exhausted; using q8 kernels (request=64.00 MiB cached=0.00 GiB free=0.89 GiB reserve=1.59 GiB total=31.86 GiB)
ds4: ROCm q8 fp16 cache budget exhausted; using q8 kernels (request=64.00 MiB cached=0.00 GiB free=0.89 GiB reserve=1.59 GiB total=31.86 GiB)
ds4: ROCm q8 fp16 cache budget exhausted; using q8 kernels (request=64.00 MiB cached=0.00 GiB free=0.89 GiB reserve=1.59 GiB total=31.86 GiB)
ds4: ROCm q8 fp16 cache budget exhausted; using q8 kernels (request=64.00 MiB cached=0.00 GiB free=0.89 GiB reserve=1.59 GiB total=31.86 GiB)
ds4: ROCm q8 fp16 cache budget exhausted; using q8 kernels (request=64.00 MiB cached=0.00 GiB free=0.89 GiB reserve=1.59 GiB total=31.86 GiB)
ds4: ROCm q8 fp16 cache budget exhausted; using q8 kernels (request=64.00 MiB cached=0.00 GiB free=0.89 GiB reserve=1.59 GiB total=31.86 GiB)
ds4: ROCm q8 fp16 cache budget exhausted; using q8 kernels (request=64.00 MiB cached=0.00 GiB free=0.89 GiB reserve=1.59 GiB total=31.86 GiB)
ds4: ROCm q8 fp16 cache budget exhausted; using q8 kernels (request=64.00 MiB cached=0.00 GiB free=0.89 GiB reserve=1.59 GiB total=31.86 GiB)
ds4: ROCm q8 fp16 cache budget exhausted; using q8 kernels (request=64.00 MiB cached=0.00 GiB free=0.89 GiB reserve=1.59 GiB total=31.86 GiB)
ds4: ROCm q8 fp16 cache budget exhausted; using q8 kernels (request=64.00 MiB cached=0.00 GiB free=0.89 GiB reserve=1.59 GiB total=31.86 GiB)
ds4: ROCm q8 fp16 cache budget exhausted; using q8 kernels (request=64.00 MiB cached=0.00 GiB free=0.89 GiB reserve=1.59 GiB total=31.86 GiB)
ds4: ROCm q8 fp16 cache budget exhausted; using q8 kernels (request=64.00 MiB cached=0.00 GiB free=0.89 GiB reserve=1.59 GiB total=31.86 GiB)
ds4: ROCm q8 fp16 cache budget exhausted; using q8 kernels (request=64.00 MiB cached=0.00 GiB free=0.89 GiB reserve=1.59 GiB total=31.86 GiB)
ds4: ROCm q8 fp16 cache budget exhausted; using q8 kernels (request=64.00 MiB cached=0.00 GiB free=0.89 GiB reserve=1.59 GiB total=31.86 GiB)
ds4: ROCm q8 fp16 cache budget exhausted; using q8 kernels (request=64.00 MiB cached=0.00 GiB free=0.89 GiB reserve=1.59 GiB total=31.86 GiB)
ds4: ROCm q8 fp16 cache budget exhausted; using q8 kernels (request=64.00 MiB cached=0.00 GiB free=0.89 GiB reserve=1.59 GiB total=31.86 GiB)
ds4: ROCm q8 fp16 cache budget exhausted; using q8 kernels (request=64.00 MiB cached=0.00 GiB free=0.89 GiB reserve=1.59 GiB total=31.86 GiB)
ds4: ROCm q8 fp16 cache budget exhausted; using q8 kernels (request=64.00 MiB cached=0.00 GiB free=0.89 GiB reserve=1.59 GiB total=31.86 GiB)
ds4: ROCm q8 fp16 cache budget exhausted; using q8 kernels (request=64.00 MiB cached=0.00 GiB free=0.89 GiB reserve=1.59 GiB total=31.86 GiB)
ds4: ROCm q8 fp16 cache budget exhausted; using q8 kernels (request=64.00 MiB cached=0.00 GiB free=0.89 GiB reserve=1.59 GiB total=31.86 GiB)
ds4: ROCm q8 fp16 cache budget exhausted; using q8 kernels (request=64.00 MiB cached=0.00 GiB free=0.89 GiB reserve=1.59 GiB total=31.86 GiB)
ds4: ROCm q8 fp16 cache budget exhausted; using q8 kernels (request=64.00 MiB cached=0.00 GiB free=0.89 GiB reserve=1.59 GiB total=31.86 GiB)
ds4: ROCm q8 fp16 cache budget exhausted; using q8 kernels (request=64.00 MiB cached=0.00 GiB free=0.89 GiB reserve=1.59 GiB total=31.86 GiB)
ds4: ROCm q8 fp16 cache budget exhausted; using q8 kernels (request=64.00 MiB cached=0.00 GiB free=0.89 GiB reserve=1.59 GiB total=31.86 GiB)
ds4: ROCm q8 fp16 cache budget exhausted; using q8 kernels (request=64.00 MiB cached=0.00 GiB free=0.89 GiB reserve=1.59 GiB total=31.86 GiB)
ds4: ROCm q8 fp16 cache budget exhausted; using q8 kernels (request=64.00 MiB cached=0.00 GiB free=0.89 GiB reserve=1.59 GiB total=31.86 GiB)
ds4: ROCm q8 fp16 cache budget exhausted; using q8 kernels (request=64.00 MiB cached=0.00 GiB free=0.89 GiB reserve=1.59 GiB total=31.86 GiB)
case_033 cases=34 prompt=15 target=24 avg_nll=0.418379 lcp=0 api_target_mae=0.418379 api_top_coverage=97/120 api_top1=0.792 api_topn=0.278 api_pair=0.986
ds4: ROCm q8 fp16 cache budget exhausted; using q8 kernels (request=64.00 MiB cached=0.00 GiB free=0.89 GiB reserve=1.59 GiB total=31.86 GiB)
ds4: ROCm q8 fp16 cache budget exhausted; using q8 kernels (request=64.00 MiB cached=0.00 GiB free=0.89 GiB reserve=1.59 GiB total=31.86 GiB)
ds4: ROCm q8 fp16 cache budget exhausted; using q8 kernels (request=64.00 MiB cached=0.00 GiB free=0.89 GiB reserve=1.59 GiB total=31.86 GiB)
ds4: ROCm q8 fp16 cache budget exhausted; using q8 kernels (request=64.00 MiB cached=0.00 GiB free=0.89 GiB reserve=1.59 GiB total=31.86 GiB)
ds4: ROCm q8 fp16 cache budget exhausted; using q8 kernels (request=64.00 MiB cached=0.00 GiB free=0.89 GiB reserve=1.59 GiB total=31.86 GiB)
ds4: ROCm q8 fp16 cache budget exhausted; using q8 kernels (request=64.00 MiB cached=0.00 GiB free=0.89 GiB reserve=1.59 GiB total=31.86 GiB)
ds4: ROCm q8 fp16 cache budget exhausted; using q8 kernels (request=64.00 MiB cached=0.00 GiB free=0.89 GiB reserve=1.59 GiB total=31.86 GiB)
ds4: ROCm q8 fp16 cache budget exhausted; using q8 kernels (request=64.00 MiB cached=0.00 GiB free=0.89 GiB reserve=1.59 GiB total=31.86 GiB)
ds4: ROCm q8 fp16 cache budget exhausted; using q8 kernels (request=64.00 MiB cached=0.00 GiB free=0.89 GiB reserve=1.59 GiB total=31.86 GiB)
ds4: ROCm q8 fp16 cache budget exhausted; using q8 kernels (request=64.00 MiB cached=0.00 GiB free=0.89 GiB reserve=1.59 GiB total=31.86 GiB)
ds4: ROCm q8 fp16 cache budget exhausted; using q8 kernels (request=64.00 MiB cached=0.00 GiB free=0.89 GiB reserve=1.59 GiB total=31.86 GiB)
ds4: ROCm q8 fp16 cache budget exhausted; using q8 kernels (request=64.00 MiB cached=0.00 GiB free=0.89 GiB reserve=1.59 GiB total=31.86 GiB)
ds4: ROCm q8 fp16 cache budget exhausted; using q8 kernels (request=64.00 MiB cached=0.00 GiB free=0.89 GiB reserve=1.59 GiB total=31.86 GiB)
ds4: ROCm q8 fp16 cache budget exhausted; using q8 kernels (request=64.00 MiB cached=0.00 GiB free=0.89 GiB reserve=1.59 GiB total=31.86 GiB)
ds4: ROCm q8 fp16 cache budget exhausted; using q8 kernels (request=64.00 MiB cached=0.00 GiB free=0.89 GiB reserve=1.59 GiB total=31.86 GiB)
ds4: ROCm q8 fp16 cache budget exhausted; using q8 kernels (request=64.00 MiB cached=0.00 GiB free=0.89 GiB reserve=1.59 GiB total=31.86 GiB)
ds4: ROCm q8 fp16 cache budget exhausted; using q8 kernels (request=64.00 MiB cached=0.00 GiB free=0.89 GiB reserve=1.59 GiB total=31.86 GiB)
ds4: ROCm q8 fp16 cache budget exhausted; using q8 kernels (request=64.00 MiB cached=0.00 GiB free=0.89 GiB reserve=1.59 GiB total=31.86 GiB)
ds4: ROCm q8 fp16 cache budget exhausted; using q8 kernels (request=64.00 MiB cached=0.00 GiB free=0.89 GiB reserve=1.59 GiB total=31.86 GiB)
ds4: ROCm q8 fp16 cache budget exhausted; using q8 kernels (request=64.00 MiB cached=0.00 GiB free=0.89 GiB reserve=1.59 GiB total=31.86 GiB)
ds4: ROCm q8 fp16 cache budget exhausted; using q8 kernels (request=64.00 MiB cached=0.00 GiB free=0.89 GiB reserve=1.59 GiB total=31.86 GiB)
ds4: ROCm q8 fp16 cache budget exhausted; using q8 kernels (request=64.00 MiB cached=0.00 GiB free=0.89 GiB reserve=1.59 GiB total=31.86 GiB)
ds4: ROCm q8 fp16 cache budget exhausted; using q8 kernels (request=64.00 MiB cached=0.00 GiB free=0.89 GiB reserve=1.59 GiB total=31.86 GiB)
ds4: ROCm q8 fp16 cache budget exhausted; using q8 kernels (request=64.00 MiB cached=0.00 GiB free=0.89 GiB reserve=1.59 GiB total=31.86 GiB)
ds4: ROCm q8 fp16 cache budget exhausted; using q8 kernels (request=64.00 MiB cached=0.00 GiB free=0.89 GiB reserve=1.59 GiB total=31.86 GiB)
ds4: ROCm q8 fp16 cache budget exhausted; using q8 kernels (request=64.00 MiB cached=0.00 GiB free=0.89 GiB reserve=1.59 GiB total=31.86 GiB)
ds4: ROCm q8 fp16 cache budget exhausted; using q8 kernels (request=64.00 MiB cached=0.00 GiB free=0.89 GiB reserve=1.59 GiB total=31.86 GiB)
ds4: ROCm q8 fp16 cache budget exhausted; using q8 kernels (request=64.00 MiB cached=0.00 GiB free=0.89 GiB reserve=1.59 GiB total=31.86 GiB)
ds4: ROCm q8 fp16 cache budget exhausted; using q8 kernels (request=64.00 MiB cached=0.00 GiB free=0.89 GiB reserve=1.59 GiB total=31.86 GiB)
ds4: ROCm q8 fp16 cache budget exhausted; using q8 kernels (request=64.00 MiB cached=0.00 GiB free=0.89 GiB reserve=1.59 GiB total=31.86 GiB)
ds4: ROCm q8 fp16 cache budget exhausted; using q8 kernels (request=64.00 MiB cached=0.00 GiB free=0.89 GiB reserve=1.59 GiB total=31.86 GiB)
ds4: ROCm q8 fp16 cache budget exhausted; using q8 kernels (request=64.00 MiB cached=0.00 GiB free=0.89 GiB reserve=1.59 GiB total=31.86 GiB)
ds4: ROCm q8 fp16 cache budget exhausted; using q8 kernels (request=64.00 MiB cached=0.00 GiB free=0.89 GiB reserve=1.59 GiB total=31.86 GiB)
ds4: ROCm q8 fp16 cache budget exhausted; using q8 kernels (request=64.00 MiB cached=0.00 GiB free=0.89 GiB reserve=1.59 GiB total=31.86 GiB)
ds4: ROCm q8 fp16 cache budget exhausted; using q8 kernels (request=64.00 MiB cached=0.00 GiB free=0.89 GiB reserve=1.59 GiB total=31.86 GiB)
ds4: ROCm q8 fp16 cache budget exhausted; using q8 kernels (request=64.00 MiB cached=0.00 GiB free=0.89 GiB reserve=1.59 GiB total=31.86 GiB)
ds4: ROCm q8 fp16 cache budget exhausted; using q8 kernels (request=64.00 MiB cached=0.00 GiB free=0.89 GiB reserve=1.59 GiB total=31.86 GiB)
ds4: ROCm q8 fp16 cache budget exhausted; using q8 kernels (request=64.00 MiB cached=0.00 GiB free=0.89 GiB reserve=1.59 GiB total=31.86 GiB)
ds4: ROCm q8 fp16 cache budget exhausted; using q8 kernels (request=64.00 MiB cached=0.00 GiB free=0.89 GiB reserve=1.59 GiB total=31.86 GiB)
ds4: ROCm q8 fp16 cache budget exhausted; using q8 kernels (request=64.00 MiB cached=0.00 GiB free=0.89 GiB reserve=1.59 GiB total=31.86 GiB)
ds4: ROCm q8 fp16 cache budget exhausted; using q8 kernels (request=64.00 MiB cached=0.00 GiB free=0.89 GiB reserve=1.59 GiB total=31.86 GiB)
ds4: ROCm q8 fp16 cache budget exhausted; using q8 kernels (request=64.00 MiB cached=0.00 GiB free=0.89 GiB reserve=1.59 GiB total=31.86 GiB)
ds4: ROCm q8 fp16 cache budget exhausted; using q8 kernels (request=64.00 MiB cached=0.00 GiB free=0.89 GiB reserve=1.59 GiB total=31.86 GiB)
case_034 cases=35 prompt=22 target=24 avg_nll=0.106014 lcp=17 api_target_mae=0.106014 api_top_coverage=97/120 api_top1=0.958 api_topn=0.278 api_pair=1.000
ds4: ROCm q8 fp16 cache budget exhausted; using q8 kernels (request=64.00 MiB cached=0.00 GiB free=0.89 GiB reserve=1.59 GiB total=31.86 GiB)
ds4: ROCm q8 fp16 cache budget exhausted; using q8 kernels (request=64.00 MiB cached=0.00 GiB free=0.89 GiB reserve=1.59 GiB total=31.86 GiB)
ds4: ROCm q8 fp16 cache budget exhausted; using q8 kernels (request=64.00 MiB cached=0.00 GiB free=0.89 GiB reserve=1.59 GiB total=31.86 GiB)
ds4: ROCm q8 fp16 cache budget exhausted; using q8 kernels (request=64.00 MiB cached=0.00 GiB free=0.89 GiB reserve=1.59 GiB total=31.86 GiB)
ds4: ROCm q8 fp16 cache budget exhausted; using q8 kernels (request=64.00 MiB cached=0.00 GiB free=0.89 GiB reserve=1.59 GiB total=31.86 GiB)
ds4: ROCm q8 fp16 cache budget exhausted; using q8 kernels (request=64.00 MiB cached=0.00 GiB free=0.89 GiB reserve=1.59 GiB total=31.86 GiB)
ds4: ROCm q8 fp16 cache budget exhausted; using q8 kernels (request=64.00 MiB cached=0.00 GiB free=0.89 GiB reserve=1.59 GiB total=31.86 GiB)
ds4: ROCm q8 fp16 cache budget exhausted; using q8 kernels (request=64.00 MiB cached=0.00 GiB free=0.89 GiB reserve=1.59 GiB total=31.86 GiB)
ds4: ROCm q8 fp16 cache budget exhausted; using q8 kernels (request=64.00 MiB cached=0.00 GiB free=0.89 GiB reserve=1.59 GiB total=31.86 GiB)
ds4: ROCm q8 fp16 cache budget exhausted; using q8 kernels (request=64.00 MiB cached=0.00 GiB free=0.89 GiB reserve=1.59 GiB total=31.86 GiB)
ds4: ROCm q8 fp16 cache budget exhausted; using q8 kernels (request=64.00 MiB cached=0.00 GiB free=0.89 GiB reserve=1.59 GiB total=31.86 GiB)
ds4: ROCm q8 fp16 cache budget exhausted; using q8 kernels (request=64.00 MiB cached=0.00 GiB free=0.89 GiB reserve=1.59 GiB total=31.86 GiB)
ds4: ROCm q8 fp16 cache budget exhausted; using q8 kernels (request=64.00 MiB cached=0.00 GiB free=0.89 GiB reserve=1.59 GiB total=31.86 GiB)
ds4: ROCm q8 fp16 cache budget exhausted; using q8 kernels (request=64.00 MiB cached=0.00 GiB free=0.89 GiB reserve=1.59 GiB total=31.86 GiB)
ds4: ROCm q8 fp16 cache budget exhausted; using q8 kernels (request=64.00 MiB cached=0.00 GiB free=0.89 GiB reserve=1.59 GiB total=31.86 GiB)
ds4: ROCm q8 fp16 cache budget exhausted; using q8 kernels (request=64.00 MiB cached=0.00 GiB free=0.89 GiB reserve=1.59 GiB total=31.86 GiB)
ds4: ROCm q8 fp16 cache budget exhausted; using q8 kernels (request=64.00 MiB cached=0.00 GiB free=0.89 GiB reserve=1.59 GiB total=31.86 GiB)
ds4: ROCm q8 fp16 cache budget exhausted; using q8 kernels (request=64.00 MiB cached=0.00 GiB free=0.89 GiB reserve=1.59 GiB total=31.86 GiB)
ds4: ROCm q8 fp16 cache budget exhausted; using q8 kernels (request=64.00 MiB cached=0.00 GiB free=0.89 GiB reserve=1.59 GiB total=31.86 GiB)
ds4: ROCm q8 fp16 cache budget exhausted; using q8 kernels (request=64.00 MiB cached=0.00 GiB free=0.89 GiB reserve=1.59 GiB total=31.86 GiB)
ds4: ROCm q8 fp16 cache budget exhausted; using q8 kernels (request=64.00 MiB cached=0.00 GiB free=0.89 GiB reserve=1.59 GiB total=31.86 GiB)
ds4: ROCm q8 fp16 cache budget exhausted; using q8 kernels (request=64.00 MiB cached=0.00 GiB free=0.89 GiB reserve=1.59 GiB total=31.86 GiB)
ds4: ROCm q8 fp16 cache budget exhausted; using q8 kernels (request=64.00 MiB cached=0.00 GiB free=0.89 GiB reserve=1.59 GiB total=31.86 GiB)
ds4: ROCm q8 fp16 cache budget exhausted; using q8 kernels (request=64.00 MiB cached=0.00 GiB free=0.89 GiB reserve=1.59 GiB total=31.86 GiB)
ds4: ROCm q8 fp16 cache budget exhausted; using q8 kernels (request=64.00 MiB cached=0.00 GiB free=0.89 GiB reserve=1.59 GiB total=31.86 GiB)
ds4: ROCm q8 fp16 cache budget exhausted; using q8 kernels (request=64.00 MiB cached=0.00 GiB free=0.89 GiB reserve=1.59 GiB total=31.86 GiB)
ds4: ROCm q8 fp16 cache budget exhausted; using q8 kernels (request=64.00 MiB cached=0.00 GiB free=0.89 GiB reserve=1.59 GiB total=31.86 GiB)
ds4: ROCm q8 fp16 cache budget exhausted; using q8 kernels (request=64.00 MiB cached=0.00 GiB free=0.89 GiB reserve=1.59 GiB total=31.86 GiB)
ds4: ROCm q8 fp16 cache budget exhausted; using q8 kernels (request=64.00 MiB cached=0.00 GiB free=0.89 GiB reserve=1.59 GiB total=31.86 GiB)
ds4: ROCm q8 fp16 cache budget exhausted; using q8 kernels (request=64.00 MiB cached=0.00 GiB free=0.89 GiB reserve=1.59 GiB total=31.86 GiB)
ds4: ROCm q8 fp16 cache budget exhausted; using q8 kernels (request=64.00 MiB cached=0.00 GiB free=0.89 GiB reserve=1.59 GiB total=31.86 GiB)
ds4: ROCm q8 fp16 cache budget exhausted; using q8 kernels (request=64.00 MiB cached=0.00 GiB free=0.89 GiB reserve=1.59 GiB total=31.86 GiB)
ds4: ROCm q8 fp16 cache budget exhausted; using q8 kernels (request=64.00 MiB cached=0.00 GiB free=0.89 GiB reserve=1.59 GiB total=31.86 GiB)
ds4: ROCm q8 fp16 cache budget exhausted; using q8 kernels (request=64.00 MiB cached=0.00 GiB free=0.89 GiB reserve=1.59 GiB total=31.86 GiB)
ds4: ROCm q8 fp16 cache budget exhausted; using q8 kernels (request=64.00 MiB cached=0.00 GiB free=0.89 GiB reserve=1.59 GiB total=31.86 GiB)
ds4: ROCm q8 fp16 cache budget exhausted; using q8 kernels (request=64.00 MiB cached=0.00 GiB free=0.89 GiB reserve=1.59 GiB total=31.86 GiB)
ds4: ROCm q8 fp16 cache budget exhausted; using q8 kernels (request=64.00 MiB cached=0.00 GiB free=0.89 GiB reserve=1.59 GiB total=31.86 GiB)
ds4: ROCm q8 fp16 cache budget exhausted; using q8 kernels (request=64.00 MiB cached=0.00 GiB free=0.89 GiB reserve=1.59 GiB total=31.86 GiB)
ds4: ROCm q8 fp16 cache budget exhausted; using q8 kernels (request=64.00 MiB cached=0.00 GiB free=0.89 GiB reserve=1.59 GiB total=31.86 GiB)
ds4: ROCm q8 fp16 cache budget exhausted; using q8 kernels (request=64.00 MiB cached=0.00 GiB free=0.89 GiB reserve=1.59 GiB total=31.86 GiB)
ds4: ROCm q8 fp16 cache budget exhausted; using q8 kernels (request=64.00 MiB cached=0.00 GiB free=0.89 GiB reserve=1.59 GiB total=31.86 GiB)
ds4: ROCm q8 fp16 cache budget exhausted; using q8 kernels (request=64.00 MiB cached=0.00 GiB free=0.89 GiB reserve=1.59 GiB total=31.86 GiB)
ds4: ROCm q8 fp16 cache budget exhausted; using q8 kernels (request=64.00 MiB cached=0.00 GiB free=0.89 GiB reserve=1.59 GiB total=31.86 GiB)
case_035 cases=36 prompt=23 target=24 avg_nll=0.347199 lcp=1 api_target_mae=0.347199 api_top_coverage=96/120 api_top1=0.833 api_topn=0.250 api_pair=1.000
ds4: ROCm q8 fp16 cache budget exhausted; using q8 kernels (request=64.00 MiB cached=0.00 GiB free=0.89 GiB reserve=1.59 GiB total=31.86 GiB)
ds4: ROCm q8 fp16 cache budget exhausted; using q8 kernels (request=64.00 MiB cached=0.00 GiB free=0.89 GiB reserve=1.59 GiB total=31.86 GiB)
ds4: ROCm q8 fp16 cache budget exhausted; using q8 kernels (request=64.00 MiB cached=0.00 GiB free=0.89 GiB reserve=1.59 GiB total=31.86 GiB)
ds4: ROCm q8 fp16 cache budget exhausted; using q8 kernels (request=64.00 MiB cached=0.00 GiB free=0.89 GiB reserve=1.59 GiB total=31.86 GiB)
ds4: ROCm q8 fp16 cache budget exhausted; using q8 kernels (request=64.00 MiB cached=0.00 GiB free=0.89 GiB reserve=1.59 GiB total=31.86 GiB)
ds4: ROCm q8 fp16 cache budget exhausted; using q8 kernels (request=64.00 MiB cached=0.00 GiB free=0.89 GiB reserve=1.59 GiB total=31.86 GiB)
ds4: ROCm q8 fp16 cache budget exhausted; using q8 kernels (request=64.00 MiB cached=0.00 GiB free=0.89 GiB reserve=1.59 GiB total=31.86 GiB)
ds4: ROCm q8 fp16 cache budget exhausted; using q8 kernels (request=64.00 MiB cached=0.00 GiB free=0.89 GiB reserve=1.59 GiB total=31.86 GiB)
ds4: ROCm q8 fp16 cache budget exhausted; using q8 kernels (request=64.00 MiB cached=0.00 GiB free=0.89 GiB reserve=1.59 GiB total=31.86 GiB)
ds4: ROCm q8 fp16 cache budget exhausted; using q8 kernels (request=64.00 MiB cached=0.00 GiB free=0.89 GiB reserve=1.59 GiB total=31.86 GiB)
ds4: ROCm q8 fp16 cache budget exhausted; using q8 kernels (request=64.00 MiB cached=0.00 GiB free=0.89 GiB reserve=1.59 GiB total=31.86 GiB)
ds4: ROCm q8 fp16 cache budget exhausted; using q8 kernels (request=64.00 MiB cached=0.00 GiB free=0.89 GiB reserve=1.59 GiB total=31.86 GiB)
ds4: ROCm q8 fp16 cache budget exhausted; using q8 kernels (request=64.00 MiB cached=0.00 GiB free=0.89 GiB reserve=1.59 GiB total=31.86 GiB)
ds4: ROCm q8 fp16 cache budget exhausted; using q8 kernels (request=64.00 MiB cached=0.00 GiB free=0.89 GiB reserve=1.59 GiB total=31.86 GiB)
ds4: ROCm q8 fp16 cache budget exhausted; using q8 kernels (request=64.00 MiB cached=0.00 GiB free=0.89 GiB reserve=1.59 GiB total=31.86 GiB)
ds4: ROCm q8 fp16 cache budget exhausted; using q8 kernels (request=64.00 MiB cached=0.00 GiB free=0.89 GiB reserve=1.59 GiB total=31.86 GiB)
ds4: ROCm q8 fp16 cache budget exhausted; using q8 kernels (request=64.00 MiB cached=0.00 GiB free=0.89 GiB reserve=1.59 GiB total=31.86 GiB)
ds4: ROCm q8 fp16 cache budget exhausted; using q8 kernels (request=64.00 MiB cached=0.00 GiB free=0.89 GiB reserve=1.59 GiB total=31.86 GiB)
ds4: ROCm q8 fp16 cache budget exhausted; using q8 kernels (request=64.00 MiB cached=0.00 GiB free=0.89 GiB reserve=1.59 GiB total=31.86 GiB)
ds4: ROCm q8 fp16 cache budget exhausted; using q8 kernels (request=64.00 MiB cached=0.00 GiB free=0.89 GiB reserve=1.59 GiB total=31.86 GiB)
ds4: ROCm q8 fp16 cache budget exhausted; using q8 kernels (request=64.00 MiB cached=0.00 GiB free=0.89 GiB reserve=1.59 GiB total=31.86 GiB)
ds4: ROCm q8 fp16 cache budget exhausted; using q8 kernels (request=64.00 MiB cached=0.00 GiB free=0.89 GiB reserve=1.59 GiB total=31.86 GiB)
ds4: ROCm q8 fp16 cache budget exhausted; using q8 kernels (request=64.00 MiB cached=0.00 GiB free=0.89 GiB reserve=1.59 GiB total=31.86 GiB)
ds4: ROCm q8 fp16 cache budget exhausted; using q8 kernels (request=64.00 MiB cached=0.00 GiB free=0.89 GiB reserve=1.59 GiB total=31.86 GiB)
ds4: ROCm q8 fp16 cache budget exhausted; using q8 kernels (request=64.00 MiB cached=0.00 GiB free=0.89 GiB reserve=1.59 GiB total=31.86 GiB)
ds4: ROCm q8 fp16 cache budget exhausted; using q8 kernels (request=64.00 MiB cached=0.00 GiB free=0.89 GiB reserve=1.59 GiB total=31.86 GiB)
ds4: ROCm q8 fp16 cache budget exhausted; using q8 kernels (request=64.00 MiB cached=0.00 GiB free=0.89 GiB reserve=1.59 GiB total=31.86 GiB)
ds4: ROCm q8 fp16 cache budget exhausted; using q8 kernels (request=64.00 MiB cached=0.00 GiB free=0.89 GiB reserve=1.59 GiB total=31.86 GiB)
ds4: ROCm q8 fp16 cache budget exhausted; using q8 kernels (request=64.00 MiB cached=0.00 GiB free=0.89 GiB reserve=1.59 GiB total=31.86 GiB)
ds4: ROCm q8 fp16 cache budget exhausted; using q8 kernels (request=64.00 MiB cached=0.00 GiB free=0.89 GiB reserve=1.59 GiB total=31.86 GiB)
ds4: ROCm q8 fp16 cache budget exhausted; using q8 kernels (request=64.00 MiB cached=0.00 GiB free=0.89 GiB reserve=1.59 GiB total=31.86 GiB)
ds4: ROCm q8 fp16 cache budget exhausted; using q8 kernels (request=64.00 MiB cached=0.00 GiB free=0.89 GiB reserve=1.59 GiB total=31.86 GiB)
ds4: ROCm q8 fp16 cache budget exhausted; using q8 kernels (request=64.00 MiB cached=0.00 GiB free=0.89 GiB reserve=1.59 GiB total=31.86 GiB)
ds4: ROCm q8 fp16 cache budget exhausted; using q8 kernels (request=64.00 MiB cached=0.00 GiB free=0.89 GiB reserve=1.59 GiB total=31.86 GiB)
ds4: ROCm q8 fp16 cache budget exhausted; using q8 kernels (request=64.00 MiB cached=0.00 GiB free=0.89 GiB reserve=1.59 GiB total=31.86 GiB)
ds4: ROCm q8 fp16 cache budget exhausted; using q8 kernels (request=64.00 MiB cached=0.00 GiB free=0.89 GiB reserve=1.59 GiB total=31.86 GiB)
ds4: ROCm q8 fp16 cache budget exhausted; using q8 kernels (request=64.00 MiB cached=0.00 GiB free=0.89 GiB reserve=1.59 GiB total=31.86 GiB)
ds4: ROCm q8 fp16 cache budget exhausted; using q8 kernels (request=64.00 MiB cached=0.00 GiB free=0.89 GiB reserve=1.59 GiB total=31.86 GiB)
ds4: ROCm q8 fp16 cache budget exhausted; using q8 kernels (request=64.00 MiB cached=0.00 GiB free=0.89 GiB reserve=1.59 GiB total=31.86 GiB)
ds4: ROCm q8 fp16 cache budget exhausted; using q8 kernels (request=64.00 MiB cached=0.00 GiB free=0.89 GiB reserve=1.59 GiB total=31.86 GiB)
ds4: ROCm q8 fp16 cache budget exhausted; using q8 kernels (request=64.00 MiB cached=0.00 GiB free=0.89 GiB reserve=1.59 GiB total=31.86 GiB)
ds4: ROCm q8 fp16 cache budget exhausted; using q8 kernels (request=64.00 MiB cached=0.00 GiB free=0.89 GiB reserve=1.59 GiB total=31.86 GiB)
ds4: ROCm q8 fp16 cache budget exhausted; using q8 kernels (request=64.00 MiB cached=0.00 GiB free=0.89 GiB reserve=1.59 GiB total=31.86 GiB)
case_036 cases=37 prompt=21 target=24 avg_nll=0.349921 lcp=17 api_target_mae=0.349921 api_top_coverage=96/120 api_top1=0.875 api_topn=0.260 api_pair=1.000
ds4: ROCm q8 fp16 cache budget exhausted; using q8 kernels (request=64.00 MiB cached=0.00 GiB free=0.89 GiB reserve=1.59 GiB total=31.86 GiB)
ds4: ROCm q8 fp16 cache budget exhausted; using q8 kernels (request=64.00 MiB cached=0.00 GiB free=0.89 GiB reserve=1.59 GiB total=31.86 GiB)
ds4: ROCm q8 fp16 cache budget exhausted; using q8 kernels (request=64.00 MiB cached=0.00 GiB free=0.89 GiB reserve=1.59 GiB total=31.86 GiB)
ds4: ROCm q8 fp16 cache budget exhausted; using q8 kernels (request=64.00 MiB cached=0.00 GiB free=0.89 GiB reserve=1.59 GiB total=31.86 GiB)
ds4: ROCm q8 fp16 cache budget exhausted; using q8 kernels (request=64.00 MiB cached=0.00 GiB free=0.89 GiB reserve=1.59 GiB total=31.86 GiB)
ds4: ROCm q8 fp16 cache budget exhausted; using q8 kernels (request=64.00 MiB cached=0.00 GiB free=0.89 GiB reserve=1.59 GiB total=31.86 GiB)
ds4: ROCm q8 fp16 cache budget exhausted; using q8 kernels (request=64.00 MiB cached=0.00 GiB free=0.89 GiB reserve=1.59 GiB total=31.86 GiB)
ds4: ROCm q8 fp16 cache budget exhausted; using q8 kernels (request=64.00 MiB cached=0.00 GiB free=0.89 GiB reserve=1.59 GiB total=31.86 GiB)
ds4: ROCm q8 fp16 cache budget exhausted; using q8 kernels (request=64.00 MiB cached=0.00 GiB free=0.89 GiB reserve=1.59 GiB total=31.86 GiB)
ds4: ROCm q8 fp16 cache budget exhausted; using q8 kernels (request=64.00 MiB cached=0.00 GiB free=0.89 GiB reserve=1.59 GiB total=31.86 GiB)
ds4: ROCm q8 fp16 cache budget exhausted; using q8 kernels (request=64.00 MiB cached=0.00 GiB free=0.89 GiB reserve=1.59 GiB total=31.86 GiB)
ds4: ROCm q8 fp16 cache budget exhausted; using q8 kernels (request=64.00 MiB cached=0.00 GiB free=0.89 GiB reserve=1.59 GiB total=31.86 GiB)
ds4: ROCm q8 fp16 cache budget exhausted; using q8 kernels (request=64.00 MiB cached=0.00 GiB free=0.89 GiB reserve=1.59 GiB total=31.86 GiB)
ds4: ROCm q8 fp16 cache budget exhausted; using q8 kernels (request=64.00 MiB cached=0.00 GiB free=0.89 GiB reserve=1.59 GiB total=31.86 GiB)
ds4: ROCm q8 fp16 cache budget exhausted; using q8 kernels (request=64.00 MiB cached=0.00 GiB free=0.89 GiB reserve=1.59 GiB total=31.86 GiB)
ds4: ROCm q8 fp16 cache budget exhausted; using q8 kernels (request=64.00 MiB cached=0.00 GiB free=0.89 GiB reserve=1.59 GiB total=31.86 GiB)
ds4: ROCm q8 fp16 cache budget exhausted; using q8 kernels (request=64.00 MiB cached=0.00 GiB free=0.89 GiB reserve=1.59 GiB total=31.86 GiB)
ds4: ROCm q8 fp16 cache budget exhausted; using q8 kernels (request=64.00 MiB cached=0.00 GiB free=0.89 GiB reserve=1.59 GiB total=31.86 GiB)
ds4: ROCm q8 fp16 cache budget exhausted; using q8 kernels (request=64.00 MiB cached=0.00 GiB free=0.89 GiB reserve=1.59 GiB total=31.86 GiB)
ds4: ROCm q8 fp16 cache budget exhausted; using q8 kernels (request=64.00 MiB cached=0.00 GiB free=0.89 GiB reserve=1.59 GiB total=31.86 GiB)
ds4: ROCm q8 fp16 cache budget exhausted; using q8 kernels (request=64.00 MiB cached=0.00 GiB free=0.89 GiB reserve=1.59 GiB total=31.86 GiB)
ds4: ROCm q8 fp16 cache budget exhausted; using q8 kernels (request=64.00 MiB cached=0.00 GiB free=0.89 GiB reserve=1.59 GiB total=31.86 GiB)
ds4: ROCm q8 fp16 cache budget exhausted; using q8 kernels (request=64.00 MiB cached=0.00 GiB free=0.89 GiB reserve=1.59 GiB total=31.86 GiB)
ds4: ROCm q8 fp16 cache budget exhausted; using q8 kernels (request=64.00 MiB cached=0.00 GiB free=0.89 GiB reserve=1.59 GiB total=31.86 GiB)
ds4: ROCm q8 fp16 cache budget exhausted; using q8 kernels (request=64.00 MiB cached=0.00 GiB free=0.89 GiB reserve=1.59 GiB total=31.86 GiB)
ds4: ROCm q8 fp16 cache budget exhausted; using q8 kernels (request=64.00 MiB cached=0.00 GiB free=0.89 GiB reserve=1.59 GiB total=31.86 GiB)
ds4: ROCm q8 fp16 cache budget exhausted; using q8 kernels (request=64.00 MiB cached=0.00 GiB free=0.89 GiB reserve=1.59 GiB total=31.86 GiB)
ds4: ROCm q8 fp16 cache budget exhausted; using q8 kernels (request=64.00 MiB cached=0.00 GiB free=0.89 GiB reserve=1.59 GiB total=31.86 GiB)
ds4: ROCm q8 fp16 cache budget exhausted; using q8 kernels (request=64.00 MiB cached=0.00 GiB free=0.89 GiB reserve=1.59 GiB total=31.86 GiB)
ds4: ROCm q8 fp16 cache budget exhausted; using q8 kernels (request=64.00 MiB cached=0.00 GiB free=0.89 GiB reserve=1.59 GiB total=31.86 GiB)
ds4: ROCm q8 fp16 cache budget exhausted; using q8 kernels (request=64.00 MiB cached=0.00 GiB free=0.89 GiB reserve=1.59 GiB total=31.86 GiB)
ds4: ROCm q8 fp16 cache budget exhausted; using q8 kernels (request=64.00 MiB cached=0.00 GiB free=0.89 GiB reserve=1.59 GiB total=31.86 GiB)
ds4: ROCm q8 fp16 cache budget exhausted; using q8 kernels (request=64.00 MiB cached=0.00 GiB free=0.89 GiB reserve=1.59 GiB total=31.86 GiB)
ds4: ROCm q8 fp16 cache budget exhausted; using q8 kernels (request=64.00 MiB cached=0.00 GiB free=0.89 GiB reserve=1.59 GiB total=31.86 GiB)
ds4: ROCm q8 fp16 cache budget exhausted; using q8 kernels (request=64.00 MiB cached=0.00 GiB free=0.89 GiB reserve=1.59 GiB total=31.86 GiB)
ds4: ROCm q8 fp16 cache budget exhausted; using q8 kernels (request=64.00 MiB cached=0.00 GiB free=0.89 GiB reserve=1.59 GiB total=31.86 GiB)
ds4: ROCm q8 fp16 cache budget exhausted; using q8 kernels (request=64.00 MiB cached=0.00 GiB free=0.89 GiB reserve=1.59 GiB total=31.86 GiB)
ds4: ROCm q8 fp16 cache budget exhausted; using q8 kernels (request=64.00 MiB cached=0.00 GiB free=0.89 GiB reserve=1.59 GiB total=31.86 GiB)
ds4: ROCm q8 fp16 cache budget exhausted; using q8 kernels (request=64.00 MiB cached=0.00 GiB free=0.89 GiB reserve=1.59 GiB total=31.86 GiB)
ds4: ROCm q8 fp16 cache budget exhausted; using q8 kernels (request=64.00 MiB cached=0.00 GiB free=0.89 GiB reserve=1.59 GiB total=31.86 GiB)
ds4: ROCm q8 fp16 cache budget exhausted; using q8 kernels (request=64.00 MiB cached=0.00 GiB free=0.89 GiB reserve=1.59 GiB total=31.86 GiB)
ds4: ROCm q8 fp16 cache budget exhausted; using q8 kernels (request=64.00 MiB cached=0.00 GiB free=0.89 GiB reserve=1.59 GiB total=31.86 GiB)
ds4: ROCm q8 fp16 cache budget exhausted; using q8 kernels (request=64.00 MiB cached=0.00 GiB free=0.89 GiB reserve=1.59 GiB total=31.86 GiB)
case_037 cases=38 prompt=18 target=24 avg_nll=0.405920 lcp=0 api_target_mae=0.405920 api_top_coverage=97/120 api_top1=0.833 api_topn=0.289 api_pair=0.986
ds4: ROCm q8 fp16 cache budget exhausted; using q8 kernels (request=64.00 MiB cached=0.00 GiB free=0.89 GiB reserve=1.59 GiB total=31.86 GiB)
ds4: ROCm q8 fp16 cache budget exhausted; using q8 kernels (request=64.00 MiB cached=0.00 GiB free=0.89 GiB reserve=1.59 GiB total=31.86 GiB)
ds4: ROCm q8 fp16 cache budget exhausted; using q8 kernels (request=64.00 MiB cached=0.00 GiB free=0.89 GiB reserve=1.59 GiB total=31.86 GiB)
ds4: ROCm q8 fp16 cache budget exhausted; using q8 kernels (request=64.00 MiB cached=0.00 GiB free=0.89 GiB reserve=1.59 GiB total=31.86 GiB)
ds4: ROCm q8 fp16 cache budget exhausted; using q8 kernels (request=64.00 MiB cached=0.00 GiB free=0.89 GiB reserve=1.59 GiB total=31.86 GiB)
ds4: ROCm q8 fp16 cache budget exhausted; using q8 kernels (request=64.00 MiB cached=0.00 GiB free=0.89 GiB reserve=1.59 GiB total=31.86 GiB)
ds4: ROCm q8 fp16 cache budget exhausted; using q8 kernels (request=64.00 MiB cached=0.00 GiB free=0.89 GiB reserve=1.59 GiB total=31.86 GiB)
ds4: ROCm q8 fp16 cache budget exhausted; using q8 kernels (request=64.00 MiB cached=0.00 GiB free=0.89 GiB reserve=1.59 GiB total=31.86 GiB)
ds4: ROCm q8 fp16 cache budget exhausted; using q8 kernels (request=64.00 MiB cached=0.00 GiB free=0.89 GiB reserve=1.59 GiB total=31.86 GiB)
ds4: ROCm q8 fp16 cache budget exhausted; using q8 kernels (request=64.00 MiB cached=0.00 GiB free=0.89 GiB reserve=1.59 GiB total=31.86 GiB)
ds4: ROCm q8 fp16 cache budget exhausted; using q8 kernels (request=64.00 MiB cached=0.00 GiB free=0.89 GiB reserve=1.59 GiB total=31.86 GiB)
ds4: ROCm q8 fp16 cache budget exhausted; using q8 kernels (request=64.00 MiB cached=0.00 GiB free=0.89 GiB reserve=1.59 GiB total=31.86 GiB)
ds4: ROCm q8 fp16 cache budget exhausted; using q8 kernels (request=64.00 MiB cached=0.00 GiB free=0.89 GiB reserve=1.59 GiB total=31.86 GiB)
ds4: ROCm q8 fp16 cache budget exhausted; using q8 kernels (request=64.00 MiB cached=0.00 GiB free=0.89 GiB reserve=1.59 GiB total=31.86 GiB)
ds4: ROCm q8 fp16 cache budget exhausted; using q8 kernels (request=64.00 MiB cached=0.00 GiB free=0.89 GiB reserve=1.59 GiB total=31.86 GiB)
ds4: ROCm q8 fp16 cache budget exhausted; using q8 kernels (request=64.00 MiB cached=0.00 GiB free=0.89 GiB reserve=1.59 GiB total=31.86 GiB)
ds4: ROCm q8 fp16 cache budget exhausted; using q8 kernels (request=64.00 MiB cached=0.00 GiB free=0.89 GiB reserve=1.59 GiB total=31.86 GiB)
ds4: ROCm q8 fp16 cache budget exhausted; using q8 kernels (request=64.00 MiB cached=0.00 GiB free=0.89 GiB reserve=1.59 GiB total=31.86 GiB)
ds4: ROCm q8 fp16 cache budget exhausted; using q8 kernels (request=64.00 MiB cached=0.00 GiB free=0.89 GiB reserve=1.59 GiB total=31.86 GiB)
ds4: ROCm q8 fp16 cache budget exhausted; using q8 kernels (request=64.00 MiB cached=0.00 GiB free=0.89 GiB reserve=1.59 GiB total=31.86 GiB)
ds4: ROCm q8 fp16 cache budget exhausted; using q8 kernels (request=64.00 MiB cached=0.00 GiB free=0.89 GiB reserve=1.59 GiB total=31.86 GiB)
ds4: ROCm q8 fp16 cache budget exhausted; using q8 kernels (request=64.00 MiB cached=0.00 GiB free=0.89 GiB reserve=1.59 GiB total=31.86 GiB)
ds4: ROCm q8 fp16 cache budget exhausted; using q8 kernels (request=64.00 MiB cached=0.00 GiB free=0.89 GiB reserve=1.59 GiB total=31.86 GiB)
ds4: ROCm q8 fp16 cache budget exhausted; using q8 kernels (request=64.00 MiB cached=0.00 GiB free=0.89 GiB reserve=1.59 GiB total=31.86 GiB)
ds4: ROCm q8 fp16 cache budget exhausted; using q8 kernels (request=64.00 MiB cached=0.00 GiB free=0.89 GiB reserve=1.59 GiB total=31.86 GiB)
ds4: ROCm q8 fp16 cache budget exhausted; using q8 kernels (request=64.00 MiB cached=0.00 GiB free=0.89 GiB reserve=1.59 GiB total=31.86 GiB)
ds4: ROCm q8 fp16 cache budget exhausted; using q8 kernels (request=64.00 MiB cached=0.00 GiB free=0.89 GiB reserve=1.59 GiB total=31.86 GiB)
ds4: ROCm q8 fp16 cache budget exhausted; using q8 kernels (request=64.00 MiB cached=0.00 GiB free=0.89 GiB reserve=1.59 GiB total=31.86 GiB)
ds4: ROCm q8 fp16 cache budget exhausted; using q8 kernels (request=64.00 MiB cached=0.00 GiB free=0.89 GiB reserve=1.59 GiB total=31.86 GiB)
ds4: ROCm q8 fp16 cache budget exhausted; using q8 kernels (request=64.00 MiB cached=0.00 GiB free=0.89 GiB reserve=1.59 GiB total=31.86 GiB)
ds4: ROCm q8 fp16 cache budget exhausted; using q8 kernels (request=64.00 MiB cached=0.00 GiB free=0.89 GiB reserve=1.59 GiB total=31.86 GiB)
ds4: ROCm q8 fp16 cache budget exhausted; using q8 kernels (request=64.00 MiB cached=0.00 GiB free=0.89 GiB reserve=1.59 GiB total=31.86 GiB)
ds4: ROCm q8 fp16 cache budget exhausted; using q8 kernels (request=64.00 MiB cached=0.00 GiB free=0.89 GiB reserve=1.59 GiB total=31.86 GiB)
ds4: ROCm q8 fp16 cache budget exhausted; using q8 kernels (request=64.00 MiB cached=0.00 GiB free=0.89 GiB reserve=1.59 GiB total=31.86 GiB)
ds4: ROCm q8 fp16 cache budget exhausted; using q8 kernels (request=64.00 MiB cached=0.00 GiB free=0.89 GiB reserve=1.59 GiB total=31.86 GiB)
ds4: ROCm q8 fp16 cache budget exhausted; using q8 kernels (request=64.00 MiB cached=0.00 GiB free=0.89 GiB reserve=1.59 GiB total=31.86 GiB)
ds4: ROCm q8 fp16 cache budget exhausted; using q8 kernels (request=64.00 MiB cached=0.00 GiB free=0.89 GiB reserve=1.59 GiB total=31.86 GiB)
ds4: ROCm q8 fp16 cache budget exhausted; using q8 kernels (request=64.00 MiB cached=0.00 GiB free=0.89 GiB reserve=1.59 GiB total=31.86 GiB)
ds4: ROCm q8 fp16 cache budget exhausted; using q8 kernels (request=64.00 MiB cached=0.00 GiB free=0.89 GiB reserve=1.59 GiB total=31.86 GiB)
ds4: ROCm q8 fp16 cache budget exhausted; using q8 kernels (request=64.00 MiB cached=0.00 GiB free=0.89 GiB reserve=1.59 GiB total=31.86 GiB)
ds4: ROCm q8 fp16 cache budget exhausted; using q8 kernels (request=64.00 MiB cached=0.00 GiB free=0.89 GiB reserve=1.59 GiB total=31.86 GiB)
ds4: ROCm q8 fp16 cache budget exhausted; using q8 kernels (request=64.00 MiB cached=0.00 GiB free=0.89 GiB reserve=1.59 GiB total=31.86 GiB)
ds4: ROCm q8 fp16 cache budget exhausted; using q8 kernels (request=64.00 MiB cached=0.00 GiB free=0.89 GiB reserve=1.59 GiB total=31.86 GiB)
case_038 cases=39 prompt=26 target=24 avg_nll=0.318041 lcp=0 api_target_mae=0.318041 api_top_coverage=97/120 api_top1=0.833 api_topn=0.258 api_pair=1.000
ds4: ROCm q8 fp16 cache budget exhausted; using q8 kernels (request=64.00 MiB cached=0.00 GiB free=0.89 GiB reserve=1.59 GiB total=31.86 GiB)
ds4: ROCm q8 fp16 cache budget exhausted; using q8 kernels (request=64.00 MiB cached=0.00 GiB free=0.89 GiB reserve=1.59 GiB total=31.86 GiB)
ds4: ROCm q8 fp16 cache budget exhausted; using q8 kernels (request=64.00 MiB cached=0.00 GiB free=0.89 GiB reserve=1.59 GiB total=31.86 GiB)
ds4: ROCm q8 fp16 cache budget exhausted; using q8 kernels (request=64.00 MiB cached=0.00 GiB free=0.89 GiB reserve=1.59 GiB total=31.86 GiB)
ds4: ROCm q8 fp16 cache budget exhausted; using q8 kernels (request=64.00 MiB cached=0.00 GiB free=0.89 GiB reserve=1.59 GiB total=31.86 GiB)
ds4: ROCm q8 fp16 cache budget exhausted; using q8 kernels (request=64.00 MiB cached=0.00 GiB free=0.89 GiB reserve=1.59 GiB total=31.86 GiB)
ds4: ROCm q8 fp16 cache budget exhausted; using q8 kernels (request=64.00 MiB cached=0.00 GiB free=0.89 GiB reserve=1.59 GiB total=31.86 GiB)
ds4: ROCm q8 fp16 cache budget exhausted; using q8 kernels (request=64.00 MiB cached=0.00 GiB free=0.89 GiB reserve=1.59 GiB total=31.86 GiB)
ds4: ROCm q8 fp16 cache budget exhausted; using q8 kernels (request=64.00 MiB cached=0.00 GiB free=0.89 GiB reserve=1.59 GiB total=31.86 GiB)
ds4: ROCm q8 fp16 cache budget exhausted; using q8 kernels (request=64.00 MiB cached=0.00 GiB free=0.89 GiB reserve=1.59 GiB total=31.86 GiB)
ds4: ROCm q8 fp16 cache budget exhausted; using q8 kernels (request=64.00 MiB cached=0.00 GiB free=0.89 GiB reserve=1.59 GiB total=31.86 GiB)
ds4: ROCm q8 fp16 cache budget exhausted; using q8 kernels (request=64.00 MiB cached=0.00 GiB free=0.89 GiB reserve=1.59 GiB total=31.86 GiB)
ds4: ROCm q8 fp16 cache budget exhausted; using q8 kernels (request=64.00 MiB cached=0.00 GiB free=0.89 GiB reserve=1.59 GiB total=31.86 GiB)
ds4: ROCm q8 fp16 cache budget exhausted; using q8 kernels (request=64.00 MiB cached=0.00 GiB free=0.89 GiB reserve=1.59 GiB total=31.86 GiB)
ds4: ROCm q8 fp16 cache budget exhausted; using q8 kernels (request=64.00 MiB cached=0.00 GiB free=0.89 GiB reserve=1.59 GiB total=31.86 GiB)
ds4: ROCm q8 fp16 cache budget exhausted; using q8 kernels (request=64.00 MiB cached=0.00 GiB free=0.89 GiB reserve=1.59 GiB total=31.86 GiB)
ds4: ROCm q8 fp16 cache budget exhausted; using q8 kernels (request=64.00 MiB cached=0.00 GiB free=0.89 GiB reserve=1.59 GiB total=31.86 GiB)
ds4: ROCm q8 fp16 cache budget exhausted; using q8 kernels (request=64.00 MiB cached=0.00 GiB free=0.89 GiB reserve=1.59 GiB total=31.86 GiB)
ds4: ROCm q8 fp16 cache budget exhausted; using q8 kernels (request=64.00 MiB cached=0.00 GiB free=0.89 GiB reserve=1.59 GiB total=31.86 GiB)
ds4: ROCm q8 fp16 cache budget exhausted; using q8 kernels (request=64.00 MiB cached=0.00 GiB free=0.89 GiB reserve=1.59 GiB total=31.86 GiB)
ds4: ROCm q8 fp16 cache budget exhausted; using q8 kernels (request=64.00 MiB cached=0.00 GiB free=0.89 GiB reserve=1.59 GiB total=31.86 GiB)
ds4: ROCm q8 fp16 cache budget exhausted; using q8 kernels (request=64.00 MiB cached=0.00 GiB free=0.89 GiB reserve=1.59 GiB total=31.86 GiB)
ds4: ROCm q8 fp16 cache budget exhausted; using q8 kernels (request=64.00 MiB cached=0.00 GiB free=0.89 GiB reserve=1.59 GiB total=31.86 GiB)
ds4: ROCm q8 fp16 cache budget exhausted; using q8 kernels (request=64.00 MiB cached=0.00 GiB free=0.89 GiB reserve=1.59 GiB total=31.86 GiB)
ds4: ROCm q8 fp16 cache budget exhausted; using q8 kernels (request=64.00 MiB cached=0.00 GiB free=0.89 GiB reserve=1.59 GiB total=31.86 GiB)
ds4: ROCm q8 fp16 cache budget exhausted; using q8 kernels (request=64.00 MiB cached=0.00 GiB free=0.89 GiB reserve=1.59 GiB total=31.86 GiB)
ds4: ROCm q8 fp16 cache budget exhausted; using q8 kernels (request=64.00 MiB cached=0.00 GiB free=0.89 GiB reserve=1.59 GiB total=31.86 GiB)
ds4: ROCm q8 fp16 cache budget exhausted; using q8 kernels (request=64.00 MiB cached=0.00 GiB free=0.89 GiB reserve=1.59 GiB total=31.86 GiB)
ds4: ROCm q8 fp16 cache budget exhausted; using q8 kernels (request=64.00 MiB cached=0.00 GiB free=0.89 GiB reserve=1.59 GiB total=31.86 GiB)
ds4: ROCm q8 fp16 cache budget exhausted; using q8 kernels (request=64.00 MiB cached=0.00 GiB free=0.89 GiB reserve=1.59 GiB total=31.86 GiB)
ds4: ROCm q8 fp16 cache budget exhausted; using q8 kernels (request=64.00 MiB cached=0.00 GiB free=0.89 GiB reserve=1.59 GiB total=31.86 GiB)
ds4: ROCm q8 fp16 cache budget exhausted; using q8 kernels (request=64.00 MiB cached=0.00 GiB free=0.89 GiB reserve=1.59 GiB total=31.86 GiB)
ds4: ROCm q8 fp16 cache budget exhausted; using q8 kernels (request=64.00 MiB cached=0.00 GiB free=0.89 GiB reserve=1.59 GiB total=31.86 GiB)
ds4: ROCm q8 fp16 cache budget exhausted; using q8 kernels (request=64.00 MiB cached=0.00 GiB free=0.89 GiB reserve=1.59 GiB total=31.86 GiB)
ds4: ROCm q8 fp16 cache budget exhausted; using q8 kernels (request=64.00 MiB cached=0.00 GiB free=0.89 GiB reserve=1.59 GiB total=31.86 GiB)
ds4: ROCm q8 fp16 cache budget exhausted; using q8 kernels (request=64.00 MiB cached=0.00 GiB free=0.89 GiB reserve=1.59 GiB total=31.86 GiB)
ds4: ROCm q8 fp16 cache budget exhausted; using q8 kernels (request=64.00 MiB cached=0.00 GiB free=0.89 GiB reserve=1.59 GiB total=31.86 GiB)
ds4: ROCm q8 fp16 cache budget exhausted; using q8 kernels (request=64.00 MiB cached=0.00 GiB free=0.89 GiB reserve=1.59 GiB total=31.86 GiB)
ds4: ROCm q8 fp16 cache budget exhausted; using q8 kernels (request=64.00 MiB cached=0.00 GiB free=0.89 GiB reserve=1.59 GiB total=31.86 GiB)
ds4: ROCm q8 fp16 cache budget exhausted; using q8 kernels (request=64.00 MiB cached=0.00 GiB free=0.89 GiB reserve=1.59 GiB total=31.86 GiB)
ds4: ROCm q8 fp16 cache budget exhausted; using q8 kernels (request=64.00 MiB cached=0.00 GiB free=0.89 GiB reserve=1.59 GiB total=31.86 GiB)
ds4: ROCm q8 fp16 cache budget exhausted; using q8 kernels (request=64.00 MiB cached=0.00 GiB free=0.89 GiB reserve=1.59 GiB total=31.86 GiB)
ds4: ROCm q8 fp16 cache budget exhausted; using q8 kernels (request=64.00 MiB cached=0.00 GiB free=0.89 GiB reserve=1.59 GiB total=31.86 GiB)
case_039 cases=40 prompt=23 target=24 avg_nll=0.709388 lcp=0 api_target_mae=0.709388 api_top_coverage=99/120 api_top1=0.750 api_topn=0.242 api_pair=0.987
ds4: ROCm q8 fp16 cache budget exhausted; using q8 kernels (request=64.00 MiB cached=0.00 GiB free=0.89 GiB reserve=1.59 GiB total=31.86 GiB)
ds4: ROCm q8 fp16 cache budget exhausted; using q8 kernels (request=64.00 MiB cached=0.00 GiB free=0.89 GiB reserve=1.59 GiB total=31.86 GiB)
ds4: ROCm q8 fp16 cache budget exhausted; using q8 kernels (request=64.00 MiB cached=0.00 GiB free=0.89 GiB reserve=1.59 GiB total=31.86 GiB)
ds4: ROCm q8 fp16 cache budget exhausted; using q8 kernels (request=64.00 MiB cached=0.00 GiB free=0.89 GiB reserve=1.59 GiB total=31.86 GiB)
ds4: ROCm q8 fp16 cache budget exhausted; using q8 kernels (request=64.00 MiB cached=0.00 GiB free=0.89 GiB reserve=1.59 GiB total=31.86 GiB)
ds4: ROCm q8 fp16 cache budget exhausted; using q8 kernels (request=64.00 MiB cached=0.00 GiB free=0.89 GiB reserve=1.59 GiB total=31.86 GiB)
ds4: ROCm q8 fp16 cache budget exhausted; using q8 kernels (request=64.00 MiB cached=0.00 GiB free=0.89 GiB reserve=1.59 GiB total=31.86 GiB)
ds4: ROCm q8 fp16 cache budget exhausted; using q8 kernels (request=64.00 MiB cached=0.00 GiB free=0.89 GiB reserve=1.59 GiB total=31.86 GiB)
ds4: ROCm q8 fp16 cache budget exhausted; using q8 kernels (request=64.00 MiB cached=0.00 GiB free=0.89 GiB reserve=1.59 GiB total=31.86 GiB)
ds4: ROCm q8 fp16 cache budget exhausted; using q8 kernels (request=64.00 MiB cached=0.00 GiB free=0.89 GiB reserve=1.59 GiB total=31.86 GiB)
ds4: ROCm q8 fp16 cache budget exhausted; using q8 kernels (request=64.00 MiB cached=0.00 GiB free=0.89 GiB reserve=1.59 GiB total=31.86 GiB)
ds4: ROCm q8 fp16 cache budget exhausted; using q8 kernels (request=64.00 MiB cached=0.00 GiB free=0.89 GiB reserve=1.59 GiB total=31.86 GiB)
ds4: ROCm q8 fp16 cache budget exhausted; using q8 kernels (request=64.00 MiB cached=0.00 GiB free=0.89 GiB reserve=1.59 GiB total=31.86 GiB)
ds4: ROCm q8 fp16 cache budget exhausted; using q8 kernels (request=64.00 MiB cached=0.00 GiB free=0.89 GiB reserve=1.59 GiB total=31.86 GiB)
ds4: ROCm q8 fp16 cache budget exhausted; using q8 kernels (request=64.00 MiB cached=0.00 GiB free=0.89 GiB reserve=1.59 GiB total=31.86 GiB)
ds4: ROCm q8 fp16 cache budget exhausted; using q8 kernels (request=64.00 MiB cached=0.00 GiB free=0.89 GiB reserve=1.59 GiB total=31.86 GiB)
ds4: ROCm q8 fp16 cache budget exhausted; using q8 kernels (request=64.00 MiB cached=0.00 GiB free=0.89 GiB reserve=1.59 GiB total=31.86 GiB)
ds4: ROCm q8 fp16 cache budget exhausted; using q8 kernels (request=64.00 MiB cached=0.00 GiB free=0.89 GiB reserve=1.59 GiB total=31.86 GiB)
ds4: ROCm q8 fp16 cache budget exhausted; using q8 kernels (request=64.00 MiB cached=0.00 GiB free=0.89 GiB reserve=1.59 GiB total=31.86 GiB)
ds4: ROCm q8 fp16 cache budget exhausted; using q8 kernels (request=64.00 MiB cached=0.00 GiB free=0.89 GiB reserve=1.59 GiB total=31.86 GiB)
ds4: ROCm q8 fp16 cache budget exhausted; using q8 kernels (request=64.00 MiB cached=0.00 GiB free=0.89 GiB reserve=1.59 GiB total=31.86 GiB)
ds4: ROCm q8 fp16 cache budget exhausted; using q8 kernels (request=64.00 MiB cached=0.00 GiB free=0.89 GiB reserve=1.59 GiB total=31.86 GiB)
ds4: ROCm q8 fp16 cache budget exhausted; using q8 kernels (request=64.00 MiB cached=0.00 GiB free=0.89 GiB reserve=1.59 GiB total=31.86 GiB)
ds4: ROCm q8 fp16 cache budget exhausted; using q8 kernels (request=64.00 MiB cached=0.00 GiB free=0.89 GiB reserve=1.59 GiB total=31.86 GiB)
ds4: ROCm q8 fp16 cache budget exhausted; using q8 kernels (request=64.00 MiB cached=0.00 GiB free=0.89 GiB reserve=1.59 GiB total=31.86 GiB)
ds4: ROCm q8 fp16 cache budget exhausted; using q8 kernels (request=64.00 MiB cached=0.00 GiB free=0.89 GiB reserve=1.59 GiB total=31.86 GiB)
ds4: ROCm q8 fp16 cache budget exhausted; using q8 kernels (request=64.00 MiB cached=0.00 GiB free=0.89 GiB reserve=1.59 GiB total=31.86 GiB)
ds4: ROCm q8 fp16 cache budget exhausted; using q8 kernels (request=64.00 MiB cached=0.00 GiB free=0.89 GiB reserve=1.59 GiB total=31.86 GiB)
ds4: ROCm q8 fp16 cache budget exhausted; using q8 kernels (request=64.00 MiB cached=0.00 GiB free=0.89 GiB reserve=1.59 GiB total=31.86 GiB)
ds4: ROCm q8 fp16 cache budget exhausted; using q8 kernels (request=64.00 MiB cached=0.00 GiB free=0.89 GiB reserve=1.59 GiB total=31.86 GiB)
ds4: ROCm q8 fp16 cache budget exhausted; using q8 kernels (request=64.00 MiB cached=0.00 GiB free=0.89 GiB reserve=1.59 GiB total=31.86 GiB)
ds4: ROCm q8 fp16 cache budget exhausted; using q8 kernels (request=64.00 MiB cached=0.00 GiB free=0.89 GiB reserve=1.59 GiB total=31.86 GiB)
ds4: ROCm q8 fp16 cache budget exhausted; using q8 kernels (request=64.00 MiB cached=0.00 GiB free=0.89 GiB reserve=1.59 GiB total=31.86 GiB)
ds4: ROCm q8 fp16 cache budget exhausted; using q8 kernels (request=64.00 MiB cached=0.00 GiB free=0.89 GiB reserve=1.59 GiB total=31.86 GiB)
ds4: ROCm q8 fp16 cache budget exhausted; using q8 kernels (request=64.00 MiB cached=0.00 GiB free=0.89 GiB reserve=1.59 GiB total=31.86 GiB)
ds4: ROCm q8 fp16 cache budget exhausted; using q8 kernels (request=64.00 MiB cached=0.00 GiB free=0.89 GiB reserve=1.59 GiB total=31.86 GiB)
ds4: ROCm q8 fp16 cache budget exhausted; using q8 kernels (request=64.00 MiB cached=0.00 GiB free=0.89 GiB reserve=1.59 GiB total=31.86 GiB)
ds4: ROCm q8 fp16 cache budget exhausted; using q8 kernels (request=64.00 MiB cached=0.00 GiB free=0.89 GiB reserve=1.59 GiB total=31.86 GiB)
ds4: ROCm q8 fp16 cache budget exhausted; using q8 kernels (request=64.00 MiB cached=0.00 GiB free=0.89 GiB reserve=1.59 GiB total=31.86 GiB)
ds4: ROCm q8 fp16 cache budget exhausted; using q8 kernels (request=64.00 MiB cached=0.00 GiB free=0.89 GiB reserve=1.59 GiB total=31.86 GiB)
ds4: ROCm q8 fp16 cache budget exhausted; using q8 kernels (request=64.00 MiB cached=0.00 GiB free=0.89 GiB reserve=1.59 GiB total=31.86 GiB)
ds4: ROCm q8 fp16 cache budget exhausted; using q8 kernels (request=64.00 MiB cached=0.00 GiB free=0.89 GiB reserve=1.59 GiB total=31.86 GiB)
ds4: ROCm q8 fp16 cache budget exhausted; using q8 kernels (request=64.00 MiB cached=0.00 GiB free=0.89 GiB reserve=1.59 GiB total=31.86 GiB)
case_040 cases=41 prompt=21 target=24 avg_nll=0.371570 lcp=9 api_target_mae=0.371570 api_top_coverage=99/120 api_top1=0.833 api_topn=0.283 api_pair=1.000
ds4: ROCm q8 fp16 cache budget exhausted; using q8 kernels (request=64.00 MiB cached=0.00 GiB free=0.89 GiB reserve=1.59 GiB total=31.86 GiB)
ds4: ROCm q8 fp16 cache budget exhausted; using q8 kernels (request=64.00 MiB cached=0.00 GiB free=0.89 GiB reserve=1.59 GiB total=31.86 GiB)
ds4: ROCm q8 fp16 cache budget exhausted; using q8 kernels (request=64.00 MiB cached=0.00 GiB free=0.89 GiB reserve=1.59 GiB total=31.86 GiB)
ds4: ROCm q8 fp16 cache budget exhausted; using q8 kernels (request=64.00 MiB cached=0.00 GiB free=0.89 GiB reserve=1.59 GiB total=31.86 GiB)
ds4: ROCm q8 fp16 cache budget exhausted; using q8 kernels (request=64.00 MiB cached=0.00 GiB free=0.89 GiB reserve=1.59 GiB total=31.86 GiB)
ds4: ROCm q8 fp16 cache budget exhausted; using q8 kernels (request=64.00 MiB cached=0.00 GiB free=0.89 GiB reserve=1.59 GiB total=31.86 GiB)
ds4: ROCm q8 fp16 cache budget exhausted; using q8 kernels (request=64.00 MiB cached=0.00 GiB free=0.89 GiB reserve=1.59 GiB total=31.86 GiB)
ds4: ROCm q8 fp16 cache budget exhausted; using q8 kernels (request=64.00 MiB cached=0.00 GiB free=0.89 GiB reserve=1.59 GiB total=31.86 GiB)
ds4: ROCm q8 fp16 cache budget exhausted; using q8 kernels (request=64.00 MiB cached=0.00 GiB free=0.89 GiB reserve=1.59 GiB total=31.86 GiB)
ds4: ROCm q8 fp16 cache budget exhausted; using q8 kernels (request=64.00 MiB cached=0.00 GiB free=0.89 GiB reserve=1.59 GiB total=31.86 GiB)
ds4: ROCm q8 fp16 cache budget exhausted; using q8 kernels (request=64.00 MiB cached=0.00 GiB free=0.89 GiB reserve=1.59 GiB total=31.86 GiB)
ds4: ROCm q8 fp16 cache budget exhausted; using q8 kernels (request=64.00 MiB cached=0.00 GiB free=0.89 GiB reserve=1.59 GiB total=31.86 GiB)
ds4: ROCm q8 fp16 cache budget exhausted; using q8 kernels (request=64.00 MiB cached=0.00 GiB free=0.89 GiB reserve=1.59 GiB total=31.86 GiB)
ds4: ROCm q8 fp16 cache budget exhausted; using q8 kernels (request=64.00 MiB cached=0.00 GiB free=0.89 GiB reserve=1.59 GiB total=31.86 GiB)
ds4: ROCm q8 fp16 cache budget exhausted; using q8 kernels (request=64.00 MiB cached=0.00 GiB free=0.89 GiB reserve=1.59 GiB total=31.86 GiB)
ds4: ROCm q8 fp16 cache budget exhausted; using q8 kernels (request=64.00 MiB cached=0.00 GiB free=0.89 GiB reserve=1.59 GiB total=31.86 GiB)
ds4: ROCm q8 fp16 cache budget exhausted; using q8 kernels (request=64.00 MiB cached=0.00 GiB free=0.89 GiB reserve=1.59 GiB total=31.86 GiB)
ds4: ROCm q8 fp16 cache budget exhausted; using q8 kernels (request=64.00 MiB cached=0.00 GiB free=0.89 GiB reserve=1.59 GiB total=31.86 GiB)
ds4: ROCm q8 fp16 cache budget exhausted; using q8 kernels (request=64.00 MiB cached=0.00 GiB free=0.89 GiB reserve=1.59 GiB total=31.86 GiB)
ds4: ROCm q8 fp16 cache budget exhausted; using q8 kernels (request=64.00 MiB cached=0.00 GiB free=0.89 GiB reserve=1.59 GiB total=31.86 GiB)
ds4: ROCm q8 fp16 cache budget exhausted; using q8 kernels (request=64.00 MiB cached=0.00 GiB free=0.89 GiB reserve=1.59 GiB total=31.86 GiB)
ds4: ROCm q8 fp16 cache budget exhausted; using q8 kernels (request=64.00 MiB cached=0.00 GiB free=0.89 GiB reserve=1.59 GiB total=31.86 GiB)
ds4: ROCm q8 fp16 cache budget exhausted; using q8 kernels (request=64.00 MiB cached=0.00 GiB free=0.89 GiB reserve=1.59 GiB total=31.86 GiB)
ds4: ROCm q8 fp16 cache budget exhausted; using q8 kernels (request=64.00 MiB cached=0.00 GiB free=0.89 GiB reserve=1.59 GiB total=31.86 GiB)
ds4: ROCm q8 fp16 cache budget exhausted; using q8 kernels (request=64.00 MiB cached=0.00 GiB free=0.89 GiB reserve=1.59 GiB total=31.86 GiB)
ds4: ROCm q8 fp16 cache budget exhausted; using q8 kernels (request=64.00 MiB cached=0.00 GiB free=0.89 GiB reserve=1.59 GiB total=31.86 GiB)
ds4: ROCm q8 fp16 cache budget exhausted; using q8 kernels (request=64.00 MiB cached=0.00 GiB free=0.89 GiB reserve=1.59 GiB total=31.86 GiB)
ds4: ROCm q8 fp16 cache budget exhausted; using q8 kernels (request=64.00 MiB cached=0.00 GiB free=0.89 GiB reserve=1.59 GiB total=31.86 GiB)
ds4: ROCm q8 fp16 cache budget exhausted; using q8 kernels (request=64.00 MiB cached=0.00 GiB free=0.89 GiB reserve=1.59 GiB total=31.86 GiB)
ds4: ROCm q8 fp16 cache budget exhausted; using q8 kernels (request=64.00 MiB cached=0.00 GiB free=0.89 GiB reserve=1.59 GiB total=31.86 GiB)
ds4: ROCm q8 fp16 cache budget exhausted; using q8 kernels (request=64.00 MiB cached=0.00 GiB free=0.89 GiB reserve=1.59 GiB total=31.86 GiB)
ds4: ROCm q8 fp16 cache budget exhausted; using q8 kernels (request=64.00 MiB cached=0.00 GiB free=0.89 GiB reserve=1.59 GiB total=31.86 GiB)
ds4: ROCm q8 fp16 cache budget exhausted; using q8 kernels (request=64.00 MiB cached=0.00 GiB free=0.89 GiB reserve=1.59 GiB total=31.86 GiB)
ds4: ROCm q8 fp16 cache budget exhausted; using q8 kernels (request=64.00 MiB cached=0.00 GiB free=0.89 GiB reserve=1.59 GiB total=31.86 GiB)
ds4: ROCm q8 fp16 cache budget exhausted; using q8 kernels (request=64.00 MiB cached=0.00 GiB free=0.89 GiB reserve=1.59 GiB total=31.86 GiB)
ds4: ROCm q8 fp16 cache budget exhausted; using q8 kernels (request=64.00 MiB cached=0.00 GiB free=0.89 GiB reserve=1.59 GiB total=31.86 GiB)
ds4: ROCm q8 fp16 cache budget exhausted; using q8 kernels (request=64.00 MiB cached=0.00 GiB free=0.89 GiB reserve=1.59 GiB total=31.86 GiB)
ds4: ROCm q8 fp16 cache budget exhausted; using q8 kernels (request=64.00 MiB cached=0.00 GiB free=0.89 GiB reserve=1.59 GiB total=31.86 GiB)
ds4: ROCm q8 fp16 cache budget exhausted; using q8 kernels (request=64.00 MiB cached=0.00 GiB free=0.89 GiB reserve=1.59 GiB total=31.86 GiB)
ds4: ROCm q8 fp16 cache budget exhausted; using q8 kernels (request=64.00 MiB cached=0.00 GiB free=0.89 GiB reserve=1.59 GiB total=31.86 GiB)
ds4: ROCm q8 fp16 cache budget exhausted; using q8 kernels (request=64.00 MiB cached=0.00 GiB free=0.89 GiB reserve=1.59 GiB total=31.86 GiB)
ds4: ROCm q8 fp16 cache budget exhausted; using q8 kernels (request=64.00 MiB cached=0.00 GiB free=0.89 GiB reserve=1.59 GiB total=31.86 GiB)
ds4: ROCm q8 fp16 cache budget exhausted; using q8 kernels (request=64.00 MiB cached=0.00 GiB free=0.89 GiB reserve=1.59 GiB total=31.86 GiB)
case_041 cases=42 prompt=15 target=24 avg_nll=0.637440 lcp=5 api_target_mae=0.637440 api_top_coverage=101/120 api_top1=0.750 api_topn=0.248 api_pair=0.987
ds4: ROCm q8 fp16 cache budget exhausted; using q8 kernels (request=64.00 MiB cached=0.00 GiB free=0.89 GiB reserve=1.59 GiB total=31.86 GiB)
ds4: ROCm q8 fp16 cache budget exhausted; using q8 kernels (request=64.00 MiB cached=0.00 GiB free=0.89 GiB reserve=1.59 GiB total=31.86 GiB)
ds4: ROCm q8 fp16 cache budget exhausted; using q8 kernels (request=64.00 MiB cached=0.00 GiB free=0.89 GiB reserve=1.59 GiB total=31.86 GiB)
ds4: ROCm q8 fp16 cache budget exhausted; using q8 kernels (request=64.00 MiB cached=0.00 GiB free=0.89 GiB reserve=1.59 GiB total=31.86 GiB)
ds4: ROCm q8 fp16 cache budget exhausted; using q8 kernels (request=64.00 MiB cached=0.00 GiB free=0.89 GiB reserve=1.59 GiB total=31.86 GiB)
ds4: ROCm q8 fp16 cache budget exhausted; using q8 kernels (request=64.00 MiB cached=0.00 GiB free=0.89 GiB reserve=1.59 GiB total=31.86 GiB)
ds4: ROCm q8 fp16 cache budget exhausted; using q8 kernels (request=64.00 MiB cached=0.00 GiB free=0.89 GiB reserve=1.59 GiB total=31.86 GiB)
ds4: ROCm q8 fp16 cache budget exhausted; using q8 kernels (request=64.00 MiB cached=0.00 GiB free=0.89 GiB reserve=1.59 GiB total=31.86 GiB)
ds4: ROCm q8 fp16 cache budget exhausted; using q8 kernels (request=64.00 MiB cached=0.00 GiB free=0.89 GiB reserve=1.59 GiB total=31.86 GiB)
ds4: ROCm q8 fp16 cache budget exhausted; using q8 kernels (request=64.00 MiB cached=0.00 GiB free=0.89 GiB reserve=1.59 GiB total=31.86 GiB)
ds4: ROCm q8 fp16 cache budget exhausted; using q8 kernels (request=64.00 MiB cached=0.00 GiB free=0.89 GiB reserve=1.59 GiB total=31.86 GiB)
ds4: ROCm q8 fp16 cache budget exhausted; using q8 kernels (request=64.00 MiB cached=0.00 GiB free=0.89 GiB reserve=1.59 GiB total=31.86 GiB)
ds4: ROCm q8 fp16 cache budget exhausted; using q8 kernels (request=64.00 MiB cached=0.00 GiB free=0.89 GiB reserve=1.59 GiB total=31.86 GiB)
ds4: ROCm q8 fp16 cache budget exhausted; using q8 kernels (request=64.00 MiB cached=0.00 GiB free=0.89 GiB reserve=1.59 GiB total=31.86 GiB)
ds4: ROCm q8 fp16 cache budget exhausted; using q8 kernels (request=64.00 MiB cached=0.00 GiB free=0.89 GiB reserve=1.59 GiB total=31.86 GiB)
ds4: ROCm q8 fp16 cache budget exhausted; using q8 kernels (request=64.00 MiB cached=0.00 GiB free=0.89 GiB reserve=1.59 GiB total=31.86 GiB)
ds4: ROCm q8 fp16 cache budget exhausted; using q8 kernels (request=64.00 MiB cached=0.00 GiB free=0.89 GiB reserve=1.59 GiB total=31.86 GiB)
ds4: ROCm q8 fp16 cache budget exhausted; using q8 kernels (request=64.00 MiB cached=0.00 GiB free=0.89 GiB reserve=1.59 GiB total=31.86 GiB)
ds4: ROCm q8 fp16 cache budget exhausted; using q8 kernels (request=64.00 MiB cached=0.00 GiB free=0.89 GiB reserve=1.59 GiB total=31.86 GiB)
ds4: ROCm q8 fp16 cache budget exhausted; using q8 kernels (request=64.00 MiB cached=0.00 GiB free=0.89 GiB reserve=1.59 GiB total=31.86 GiB)
ds4: ROCm q8 fp16 cache budget exhausted; using q8 kernels (request=64.00 MiB cached=0.00 GiB free=0.89 GiB reserve=1.59 GiB total=31.86 GiB)
ds4: ROCm q8 fp16 cache budget exhausted; using q8 kernels (request=64.00 MiB cached=0.00 GiB free=0.89 GiB reserve=1.59 GiB total=31.86 GiB)
ds4: ROCm q8 fp16 cache budget exhausted; using q8 kernels (request=64.00 MiB cached=0.00 GiB free=0.89 GiB reserve=1.59 GiB total=31.86 GiB)
ds4: ROCm q8 fp16 cache budget exhausted; using q8 kernels (request=64.00 MiB cached=0.00 GiB free=0.89 GiB reserve=1.59 GiB total=31.86 GiB)
ds4: ROCm q8 fp16 cache budget exhausted; using q8 kernels (request=64.00 MiB cached=0.00 GiB free=0.89 GiB reserve=1.59 GiB total=31.86 GiB)
ds4: ROCm q8 fp16 cache budget exhausted; using q8 kernels (request=64.00 MiB cached=0.00 GiB free=0.89 GiB reserve=1.59 GiB total=31.86 GiB)
ds4: ROCm q8 fp16 cache budget exhausted; using q8 kernels (request=64.00 MiB cached=0.00 GiB free=0.89 GiB reserve=1.59 GiB total=31.86 GiB)
ds4: ROCm q8 fp16 cache budget exhausted; using q8 kernels (request=64.00 MiB cached=0.00 GiB free=0.89 GiB reserve=1.59 GiB total=31.86 GiB)
ds4: ROCm q8 fp16 cache budget exhausted; using q8 kernels (request=64.00 MiB cached=0.00 GiB free=0.89 GiB reserve=1.59 GiB total=31.86 GiB)
ds4: ROCm q8 fp16 cache budget exhausted; using q8 kernels (request=64.00 MiB cached=0.00 GiB free=0.89 GiB reserve=1.59 GiB total=31.86 GiB)
ds4: ROCm q8 fp16 cache budget exhausted; using q8 kernels (request=64.00 MiB cached=0.00 GiB free=0.89 GiB reserve=1.59 GiB total=31.86 GiB)
ds4: ROCm q8 fp16 cache budget exhausted; using q8 kernels (request=64.00 MiB cached=0.00 GiB free=0.89 GiB reserve=1.59 GiB total=31.86 GiB)
ds4: ROCm q8 fp16 cache budget exhausted; using q8 kernels (request=64.00 MiB cached=0.00 GiB free=0.89 GiB reserve=1.59 GiB total=31.86 GiB)
ds4: ROCm q8 fp16 cache budget exhausted; using q8 kernels (request=64.00 MiB cached=0.00 GiB free=0.89 GiB reserve=1.59 GiB total=31.86 GiB)
ds4: ROCm q8 fp16 cache budget exhausted; using q8 kernels (request=64.00 MiB cached=0.00 GiB free=0.89 GiB reserve=1.59 GiB total=31.86 GiB)
ds4: ROCm q8 fp16 cache budget exhausted; using q8 kernels (request=64.00 MiB cached=0.00 GiB free=0.89 GiB reserve=1.59 GiB total=31.86 GiB)
ds4: ROCm q8 fp16 cache budget exhausted; using q8 kernels (request=64.00 MiB cached=0.00 GiB free=0.89 GiB reserve=1.59 GiB total=31.86 GiB)
ds4: ROCm q8 fp16 cache budget exhausted; using q8 kernels (request=64.00 MiB cached=0.00 GiB free=0.89 GiB reserve=1.59 GiB total=31.86 GiB)
ds4: ROCm q8 fp16 cache budget exhausted; using q8 kernels (request=64.00 MiB cached=0.00 GiB free=0.89 GiB reserve=1.59 GiB total=31.86 GiB)
ds4: ROCm q8 fp16 cache budget exhausted; using q8 kernels (request=64.00 MiB cached=0.00 GiB free=0.89 GiB reserve=1.59 GiB total=31.86 GiB)
ds4: ROCm q8 fp16 cache budget exhausted; using q8 kernels (request=64.00 MiB cached=0.00 GiB free=0.89 GiB reserve=1.59 GiB total=31.86 GiB)
ds4: ROCm q8 fp16 cache budget exhausted; using q8 kernels (request=64.00 MiB cached=0.00 GiB free=0.89 GiB reserve=1.59 GiB total=31.86 GiB)
ds4: ROCm q8 fp16 cache budget exhausted; using q8 kernels (request=64.00 MiB cached=0.00 GiB free=0.89 GiB reserve=1.59 GiB total=31.86 GiB)
case_042 cases=43 prompt=14 target=24 avg_nll=0.575492 lcp=1 api_target_mae=0.575492 api_top_coverage=100/120 api_top1=0.792 api_topn=0.280 api_pair=1.000
ds4: ROCm q8 fp16 cache budget exhausted; using q8 kernels (request=64.00 MiB cached=0.00 GiB free=0.89 GiB reserve=1.59 GiB total=31.86 GiB)
ds4: ROCm q8 fp16 cache budget exhausted; using q8 kernels (request=64.00 MiB cached=0.00 GiB free=0.89 GiB reserve=1.59 GiB total=31.86 GiB)
ds4: ROCm q8 fp16 cache budget exhausted; using q8 kernels (request=64.00 MiB cached=0.00 GiB free=0.89 GiB reserve=1.59 GiB total=31.86 GiB)
ds4: ROCm q8 fp16 cache budget exhausted; using q8 kernels (request=64.00 MiB cached=0.00 GiB free=0.89 GiB reserve=1.59 GiB total=31.86 GiB)
ds4: ROCm q8 fp16 cache budget exhausted; using q8 kernels (request=64.00 MiB cached=0.00 GiB free=0.89 GiB reserve=1.59 GiB total=31.86 GiB)
ds4: ROCm q8 fp16 cache budget exhausted; using q8 kernels (request=64.00 MiB cached=0.00 GiB free=0.89 GiB reserve=1.59 GiB total=31.86 GiB)
ds4: ROCm q8 fp16 cache budget exhausted; using q8 kernels (request=64.00 MiB cached=0.00 GiB free=0.89 GiB reserve=1.59 GiB total=31.86 GiB)
ds4: ROCm q8 fp16 cache budget exhausted; using q8 kernels (request=64.00 MiB cached=0.00 GiB free=0.89 GiB reserve=1.59 GiB total=31.86 GiB)
ds4: ROCm q8 fp16 cache budget exhausted; using q8 kernels (request=64.00 MiB cached=0.00 GiB free=0.89 GiB reserve=1.59 GiB total=31.86 GiB)
ds4: ROCm q8 fp16 cache budget exhausted; using q8 kernels (request=64.00 MiB cached=0.00 GiB free=0.89 GiB reserve=1.59 GiB total=31.86 GiB)
ds4: ROCm q8 fp16 cache budget exhausted; using q8 kernels (request=64.00 MiB cached=0.00 GiB free=0.89 GiB reserve=1.59 GiB total=31.86 GiB)
ds4: ROCm q8 fp16 cache budget exhausted; using q8 kernels (request=64.00 MiB cached=0.00 GiB free=0.89 GiB reserve=1.59 GiB total=31.86 GiB)
ds4: ROCm q8 fp16 cache budget exhausted; using q8 kernels (request=64.00 MiB cached=0.00 GiB free=0.89 GiB reserve=1.59 GiB total=31.86 GiB)
ds4: ROCm q8 fp16 cache budget exhausted; using q8 kernels (request=64.00 MiB cached=0.00 GiB free=0.89 GiB reserve=1.59 GiB total=31.86 GiB)
ds4: ROCm q8 fp16 cache budget exhausted; using q8 kernels (request=64.00 MiB cached=0.00 GiB free=0.89 GiB reserve=1.59 GiB total=31.86 GiB)
ds4: ROCm q8 fp16 cache budget exhausted; using q8 kernels (request=64.00 MiB cached=0.00 GiB free=0.89 GiB reserve=1.59 GiB total=31.86 GiB)
ds4: ROCm q8 fp16 cache budget exhausted; using q8 kernels (request=64.00 MiB cached=0.00 GiB free=0.89 GiB reserve=1.59 GiB total=31.86 GiB)
ds4: ROCm q8 fp16 cache budget exhausted; using q8 kernels (request=64.00 MiB cached=0.00 GiB free=0.89 GiB reserve=1.59 GiB total=31.86 GiB)
ds4: ROCm q8 fp16 cache budget exhausted; using q8 kernels (request=64.00 MiB cached=0.00 GiB free=0.89 GiB reserve=1.59 GiB total=31.86 GiB)
ds4: ROCm q8 fp16 cache budget exhausted; using q8 kernels (request=64.00 MiB cached=0.00 GiB free=0.89 GiB reserve=1.59 GiB total=31.86 GiB)
ds4: ROCm q8 fp16 cache budget exhausted; using q8 kernels (request=64.00 MiB cached=0.00 GiB free=0.89 GiB reserve=1.59 GiB total=31.86 GiB)
ds4: ROCm q8 fp16 cache budget exhausted; using q8 kernels (request=64.00 MiB cached=0.00 GiB free=0.89 GiB reserve=1.59 GiB total=31.86 GiB)
ds4: ROCm q8 fp16 cache budget exhausted; using q8 kernels (request=64.00 MiB cached=0.00 GiB free=0.89 GiB reserve=1.59 GiB total=31.86 GiB)
ds4: ROCm q8 fp16 cache budget exhausted; using q8 kernels (request=64.00 MiB cached=0.00 GiB free=0.89 GiB reserve=1.59 GiB total=31.86 GiB)
ds4: ROCm q8 fp16 cache budget exhausted; using q8 kernels (request=64.00 MiB cached=0.00 GiB free=0.89 GiB reserve=1.59 GiB total=31.86 GiB)
ds4: ROCm q8 fp16 cache budget exhausted; using q8 kernels (request=64.00 MiB cached=0.00 GiB free=0.89 GiB reserve=1.59 GiB total=31.86 GiB)
ds4: ROCm q8 fp16 cache budget exhausted; using q8 kernels (request=64.00 MiB cached=0.00 GiB free=0.89 GiB reserve=1.59 GiB total=31.86 GiB)
ds4: ROCm q8 fp16 cache budget exhausted; using q8 kernels (request=64.00 MiB cached=0.00 GiB free=0.89 GiB reserve=1.59 GiB total=31.86 GiB)
ds4: ROCm q8 fp16 cache budget exhausted; using q8 kernels (request=64.00 MiB cached=0.00 GiB free=0.89 GiB reserve=1.59 GiB total=31.86 GiB)
ds4: ROCm q8 fp16 cache budget exhausted; using q8 kernels (request=64.00 MiB cached=0.00 GiB free=0.89 GiB reserve=1.59 GiB total=31.86 GiB)
ds4: ROCm q8 fp16 cache budget exhausted; using q8 kernels (request=64.00 MiB cached=0.00 GiB free=0.89 GiB reserve=1.59 GiB total=31.86 GiB)
ds4: ROCm q8 fp16 cache budget exhausted; using q8 kernels (request=64.00 MiB cached=0.00 GiB free=0.89 GiB reserve=1.59 GiB total=31.86 GiB)
ds4: ROCm q8 fp16 cache budget exhausted; using q8 kernels (request=64.00 MiB cached=0.00 GiB free=0.89 GiB reserve=1.59 GiB total=31.86 GiB)
ds4: ROCm q8 fp16 cache budget exhausted; using q8 kernels (request=64.00 MiB cached=0.00 GiB free=0.89 GiB reserve=1.59 GiB total=31.86 GiB)
ds4: ROCm q8 fp16 cache budget exhausted; using q8 kernels (request=64.00 MiB cached=0.00 GiB free=0.89 GiB reserve=1.59 GiB total=31.86 GiB)
ds4: ROCm q8 fp16 cache budget exhausted; using q8 kernels (request=64.00 MiB cached=0.00 GiB free=0.89 GiB reserve=1.59 GiB total=31.86 GiB)
ds4: ROCm q8 fp16 cache budget exhausted; using q8 kernels (request=64.00 MiB cached=0.00 GiB free=0.89 GiB reserve=1.59 GiB total=31.86 GiB)
ds4: ROCm q8 fp16 cache budget exhausted; using q8 kernels (request=64.00 MiB cached=0.00 GiB free=0.89 GiB reserve=1.59 GiB total=31.86 GiB)
ds4: ROCm q8 fp16 cache budget exhausted; using q8 kernels (request=64.00 MiB cached=0.00 GiB free=0.89 GiB reserve=1.59 GiB total=31.86 GiB)
ds4: ROCm q8 fp16 cache budget exhausted; using q8 kernels (request=64.00 MiB cached=0.00 GiB free=0.89 GiB reserve=1.59 GiB total=31.86 GiB)
ds4: ROCm q8 fp16 cache budget exhausted; using q8 kernels (request=64.00 MiB cached=0.00 GiB free=0.89 GiB reserve=1.59 GiB total=31.86 GiB)
ds4: ROCm q8 fp16 cache budget exhausted; using q8 kernels (request=64.00 MiB cached=0.00 GiB free=0.89 GiB reserve=1.59 GiB total=31.86 GiB)
ds4: ROCm q8 fp16 cache budget exhausted; using q8 kernels (request=64.00 MiB cached=0.00 GiB free=0.89 GiB reserve=1.59 GiB total=31.86 GiB)
case_043 cases=44 prompt=18 target=24 avg_nll=0.082185 lcp=11 api_target_mae=0.082185 api_top_coverage=100/120 api_top1=0.958 api_topn=0.260 api_pair=1.000
ds4: ROCm q8 fp16 cache budget exhausted; using q8 kernels (request=64.00 MiB cached=0.00 GiB free=0.89 GiB reserve=1.59 GiB total=31.86 GiB)
ds4: ROCm q8 fp16 cache budget exhausted; using q8 kernels (request=64.00 MiB cached=0.00 GiB free=0.89 GiB reserve=1.59 GiB total=31.86 GiB)
ds4: ROCm q8 fp16 cache budget exhausted; using q8 kernels (request=64.00 MiB cached=0.00 GiB free=0.89 GiB reserve=1.59 GiB total=31.86 GiB)
ds4: ROCm q8 fp16 cache budget exhausted; using q8 kernels (request=64.00 MiB cached=0.00 GiB free=0.89 GiB reserve=1.59 GiB total=31.86 GiB)
ds4: ROCm q8 fp16 cache budget exhausted; using q8 kernels (request=64.00 MiB cached=0.00 GiB free=0.89 GiB reserve=1.59 GiB total=31.86 GiB)
ds4: ROCm q8 fp16 cache budget exhausted; using q8 kernels (request=64.00 MiB cached=0.00 GiB free=0.89 GiB reserve=1.59 GiB total=31.86 GiB)
ds4: ROCm q8 fp16 cache budget exhausted; using q8 kernels (request=64.00 MiB cached=0.00 GiB free=0.89 GiB reserve=1.59 GiB total=31.86 GiB)
ds4: ROCm q8 fp16 cache budget exhausted; using q8 kernels (request=64.00 MiB cached=0.00 GiB free=0.89 GiB reserve=1.59 GiB total=31.86 GiB)
ds4: ROCm q8 fp16 cache budget exhausted; using q8 kernels (request=64.00 MiB cached=0.00 GiB free=0.89 GiB reserve=1.59 GiB total=31.86 GiB)
ds4: ROCm q8 fp16 cache budget exhausted; using q8 kernels (request=64.00 MiB cached=0.00 GiB free=0.89 GiB reserve=1.59 GiB total=31.86 GiB)
ds4: ROCm q8 fp16 cache budget exhausted; using q8 kernels (request=64.00 MiB cached=0.00 GiB free=0.89 GiB reserve=1.59 GiB total=31.86 GiB)
ds4: ROCm q8 fp16 cache budget exhausted; using q8 kernels (request=64.00 MiB cached=0.00 GiB free=0.89 GiB reserve=1.59 GiB total=31.86 GiB)
ds4: ROCm q8 fp16 cache budget exhausted; using q8 kernels (request=64.00 MiB cached=0.00 GiB free=0.89 GiB reserve=1.59 GiB total=31.86 GiB)
ds4: ROCm q8 fp16 cache budget exhausted; using q8 kernels (request=64.00 MiB cached=0.00 GiB free=0.89 GiB reserve=1.59 GiB total=31.86 GiB)
ds4: ROCm q8 fp16 cache budget exhausted; using q8 kernels (request=64.00 MiB cached=0.00 GiB free=0.89 GiB reserve=1.59 GiB total=31.86 GiB)
ds4: ROCm q8 fp16 cache budget exhausted; using q8 kernels (request=64.00 MiB cached=0.00 GiB free=0.89 GiB reserve=1.59 GiB total=31.86 GiB)
ds4: ROCm q8 fp16 cache budget exhausted; using q8 kernels (request=64.00 MiB cached=0.00 GiB free=0.89 GiB reserve=1.59 GiB total=31.86 GiB)
ds4: ROCm q8 fp16 cache budget exhausted; using q8 kernels (request=64.00 MiB cached=0.00 GiB free=0.89 GiB reserve=1.59 GiB total=31.86 GiB)
ds4: ROCm q8 fp16 cache budget exhausted; using q8 kernels (request=64.00 MiB cached=0.00 GiB free=0.89 GiB reserve=1.59 GiB total=31.86 GiB)
ds4: ROCm q8 fp16 cache budget exhausted; using q8 kernels (request=64.00 MiB cached=0.00 GiB free=0.89 GiB reserve=1.59 GiB total=31.86 GiB)
ds4: ROCm q8 fp16 cache budget exhausted; using q8 kernels (request=64.00 MiB cached=0.00 GiB free=0.89 GiB reserve=1.59 GiB total=31.86 GiB)
ds4: ROCm q8 fp16 cache budget exhausted; using q8 kernels (request=64.00 MiB cached=0.00 GiB free=0.89 GiB reserve=1.59 GiB total=31.86 GiB)
ds4: ROCm q8 fp16 cache budget exhausted; using q8 kernels (request=64.00 MiB cached=0.00 GiB free=0.89 GiB reserve=1.59 GiB total=31.86 GiB)
ds4: ROCm q8 fp16 cache budget exhausted; using q8 kernels (request=64.00 MiB cached=0.00 GiB free=0.89 GiB reserve=1.59 GiB total=31.86 GiB)
ds4: ROCm q8 fp16 cache budget exhausted; using q8 kernels (request=64.00 MiB cached=0.00 GiB free=0.89 GiB reserve=1.59 GiB total=31.86 GiB)
ds4: ROCm q8 fp16 cache budget exhausted; using q8 kernels (request=64.00 MiB cached=0.00 GiB free=0.89 GiB reserve=1.59 GiB total=31.86 GiB)
ds4: ROCm q8 fp16 cache budget exhausted; using q8 kernels (request=64.00 MiB cached=0.00 GiB free=0.89 GiB reserve=1.59 GiB total=31.86 GiB)
ds4: ROCm q8 fp16 cache budget exhausted; using q8 kernels (request=64.00 MiB cached=0.00 GiB free=0.89 GiB reserve=1.59 GiB total=31.86 GiB)
ds4: ROCm q8 fp16 cache budget exhausted; using q8 kernels (request=64.00 MiB cached=0.00 GiB free=0.89 GiB reserve=1.59 GiB total=31.86 GiB)
ds4: ROCm q8 fp16 cache budget exhausted; using q8 kernels (request=64.00 MiB cached=0.00 GiB free=0.89 GiB reserve=1.59 GiB total=31.86 GiB)
ds4: ROCm q8 fp16 cache budget exhausted; using q8 kernels (request=64.00 MiB cached=0.00 GiB free=0.89 GiB reserve=1.59 GiB total=31.86 GiB)
ds4: ROCm q8 fp16 cache budget exhausted; using q8 kernels (request=64.00 MiB cached=0.00 GiB free=0.89 GiB reserve=1.59 GiB total=31.86 GiB)
ds4: ROCm q8 fp16 cache budget exhausted; using q8 kernels (request=64.00 MiB cached=0.00 GiB free=0.89 GiB reserve=1.59 GiB total=31.86 GiB)
ds4: ROCm q8 fp16 cache budget exhausted; using q8 kernels (request=64.00 MiB cached=0.00 GiB free=0.89 GiB reserve=1.59 GiB total=31.86 GiB)
ds4: ROCm q8 fp16 cache budget exhausted; using q8 kernels (request=64.00 MiB cached=0.00 GiB free=0.89 GiB reserve=1.59 GiB total=31.86 GiB)
ds4: ROCm q8 fp16 cache budget exhausted; using q8 kernels (request=64.00 MiB cached=0.00 GiB free=0.89 GiB reserve=1.59 GiB total=31.86 GiB)
ds4: ROCm q8 fp16 cache budget exhausted; using q8 kernels (request=64.00 MiB cached=0.00 GiB free=0.89 GiB reserve=1.59 GiB total=31.86 GiB)
ds4: ROCm q8 fp16 cache budget exhausted; using q8 kernels (request=64.00 MiB cached=0.00 GiB free=0.89 GiB reserve=1.59 GiB total=31.86 GiB)
ds4: ROCm q8 fp16 cache budget exhausted; using q8 kernels (request=64.00 MiB cached=0.00 GiB free=0.89 GiB reserve=1.59 GiB total=31.86 GiB)
ds4: ROCm q8 fp16 cache budget exhausted; using q8 kernels (request=64.00 MiB cached=0.00 GiB free=0.89 GiB reserve=1.59 GiB total=31.86 GiB)
ds4: ROCm q8 fp16 cache budget exhausted; using q8 kernels (request=64.00 MiB cached=0.00 GiB free=0.89 GiB reserve=1.59 GiB total=31.86 GiB)
ds4: ROCm q8 fp16 cache budget exhausted; using q8 kernels (request=64.00 MiB cached=0.00 GiB free=0.89 GiB reserve=1.59 GiB total=31.86 GiB)
ds4: ROCm q8 fp16 cache budget exhausted; using q8 kernels (request=64.00 MiB cached=0.00 GiB free=0.89 GiB reserve=1.59 GiB total=31.86 GiB)
case_044 cases=45 prompt=20 target=24 avg_nll=0.285776 lcp=0 api_target_mae=0.285776 api_top_coverage=98/120 api_top1=0.875 api_topn=0.265 api_pair=0.986
ds4: ROCm q8 fp16 cache budget exhausted; using q8 kernels (request=64.00 MiB cached=0.00 GiB free=0.89 GiB reserve=1.59 GiB total=31.86 GiB)
ds4: ROCm q8 fp16 cache budget exhausted; using q8 kernels (request=64.00 MiB cached=0.00 GiB free=0.89 GiB reserve=1.59 GiB total=31.86 GiB)
ds4: ROCm q8 fp16 cache budget exhausted; using q8 kernels (request=64.00 MiB cached=0.00 GiB free=0.89 GiB reserve=1.59 GiB total=31.86 GiB)
ds4: ROCm q8 fp16 cache budget exhausted; using q8 kernels (request=64.00 MiB cached=0.00 GiB free=0.89 GiB reserve=1.59 GiB total=31.86 GiB)
ds4: ROCm q8 fp16 cache budget exhausted; using q8 kernels (request=64.00 MiB cached=0.00 GiB free=0.89 GiB reserve=1.59 GiB total=31.86 GiB)
ds4: ROCm q8 fp16 cache budget exhausted; using q8 kernels (request=64.00 MiB cached=0.00 GiB free=0.89 GiB reserve=1.59 GiB total=31.86 GiB)
ds4: ROCm q8 fp16 cache budget exhausted; using q8 kernels (request=64.00 MiB cached=0.00 GiB free=0.89 GiB reserve=1.59 GiB total=31.86 GiB)
ds4: ROCm q8 fp16 cache budget exhausted; using q8 kernels (request=64.00 MiB cached=0.00 GiB free=0.89 GiB reserve=1.59 GiB total=31.86 GiB)
ds4: ROCm q8 fp16 cache budget exhausted; using q8 kernels (request=64.00 MiB cached=0.00 GiB free=0.89 GiB reserve=1.59 GiB total=31.86 GiB)
ds4: ROCm q8 fp16 cache budget exhausted; using q8 kernels (request=64.00 MiB cached=0.00 GiB free=0.89 GiB reserve=1.59 GiB total=31.86 GiB)
ds4: ROCm q8 fp16 cache budget exhausted; using q8 kernels (request=64.00 MiB cached=0.00 GiB free=0.89 GiB reserve=1.59 GiB total=31.86 GiB)
ds4: ROCm q8 fp16 cache budget exhausted; using q8 kernels (request=64.00 MiB cached=0.00 GiB free=0.89 GiB reserve=1.59 GiB total=31.86 GiB)
ds4: ROCm q8 fp16 cache budget exhausted; using q8 kernels (request=64.00 MiB cached=0.00 GiB free=0.89 GiB reserve=1.59 GiB total=31.86 GiB)
ds4: ROCm q8 fp16 cache budget exhausted; using q8 kernels (request=64.00 MiB cached=0.00 GiB free=0.89 GiB reserve=1.59 GiB total=31.86 GiB)
ds4: ROCm q8 fp16 cache budget exhausted; using q8 kernels (request=64.00 MiB cached=0.00 GiB free=0.89 GiB reserve=1.59 GiB total=31.86 GiB)
ds4: ROCm q8 fp16 cache budget exhausted; using q8 kernels (request=64.00 MiB cached=0.00 GiB free=0.89 GiB reserve=1.59 GiB total=31.86 GiB)
ds4: ROCm q8 fp16 cache budget exhausted; using q8 kernels (request=64.00 MiB cached=0.00 GiB free=0.89 GiB reserve=1.59 GiB total=31.86 GiB)
ds4: ROCm q8 fp16 cache budget exhausted; using q8 kernels (request=64.00 MiB cached=0.00 GiB free=0.89 GiB reserve=1.59 GiB total=31.86 GiB)
ds4: ROCm q8 fp16 cache budget exhausted; using q8 kernels (request=64.00 MiB cached=0.00 GiB free=0.89 GiB reserve=1.59 GiB total=31.86 GiB)
ds4: ROCm q8 fp16 cache budget exhausted; using q8 kernels (request=64.00 MiB cached=0.00 GiB free=0.89 GiB reserve=1.59 GiB total=31.86 GiB)
ds4: ROCm q8 fp16 cache budget exhausted; using q8 kernels (request=64.00 MiB cached=0.00 GiB free=0.89 GiB reserve=1.59 GiB total=31.86 GiB)
ds4: ROCm q8 fp16 cache budget exhausted; using q8 kernels (request=64.00 MiB cached=0.00 GiB free=0.89 GiB reserve=1.59 GiB total=31.86 GiB)
ds4: ROCm q8 fp16 cache budget exhausted; using q8 kernels (request=64.00 MiB cached=0.00 GiB free=0.89 GiB reserve=1.59 GiB total=31.86 GiB)
ds4: ROCm q8 fp16 cache budget exhausted; using q8 kernels (request=64.00 MiB cached=0.00 GiB free=0.89 GiB reserve=1.59 GiB total=31.86 GiB)
ds4: ROCm q8 fp16 cache budget exhausted; using q8 kernels (request=64.00 MiB cached=0.00 GiB free=0.89 GiB reserve=1.59 GiB total=31.86 GiB)
ds4: ROCm q8 fp16 cache budget exhausted; using q8 kernels (request=64.00 MiB cached=0.00 GiB free=0.89 GiB reserve=1.59 GiB total=31.86 GiB)
ds4: ROCm q8 fp16 cache budget exhausted; using q8 kernels (request=64.00 MiB cached=0.00 GiB free=0.89 GiB reserve=1.59 GiB total=31.86 GiB)
ds4: ROCm q8 fp16 cache budget exhausted; using q8 kernels (request=64.00 MiB cached=0.00 GiB free=0.89 GiB reserve=1.59 GiB total=31.86 GiB)
ds4: ROCm q8 fp16 cache budget exhausted; using q8 kernels (request=64.00 MiB cached=0.00 GiB free=0.89 GiB reserve=1.59 GiB total=31.86 GiB)
ds4: ROCm q8 fp16 cache budget exhausted; using q8 kernels (request=64.00 MiB cached=0.00 GiB free=0.89 GiB reserve=1.59 GiB total=31.86 GiB)
ds4: ROCm q8 fp16 cache budget exhausted; using q8 kernels (request=64.00 MiB cached=0.00 GiB free=0.89 GiB reserve=1.59 GiB total=31.86 GiB)
ds4: ROCm q8 fp16 cache budget exhausted; using q8 kernels (request=64.00 MiB cached=0.00 GiB free=0.89 GiB reserve=1.59 GiB total=31.86 GiB)
ds4: ROCm q8 fp16 cache budget exhausted; using q8 kernels (request=64.00 MiB cached=0.00 GiB free=0.89 GiB reserve=1.59 GiB total=31.86 GiB)
ds4: ROCm q8 fp16 cache budget exhausted; using q8 kernels (request=64.00 MiB cached=0.00 GiB free=0.89 GiB reserve=1.59 GiB total=31.86 GiB)
ds4: ROCm q8 fp16 cache budget exhausted; using q8 kernels (request=64.00 MiB cached=0.00 GiB free=0.89 GiB reserve=1.59 GiB total=31.86 GiB)
ds4: ROCm q8 fp16 cache budget exhausted; using q8 kernels (request=64.00 MiB cached=0.00 GiB free=0.89 GiB reserve=1.59 GiB total=31.86 GiB)
ds4: ROCm q8 fp16 cache budget exhausted; using q8 kernels (request=64.00 MiB cached=0.00 GiB free=0.89 GiB reserve=1.59 GiB total=31.86 GiB)
ds4: ROCm q8 fp16 cache budget exhausted; using q8 kernels (request=64.00 MiB cached=0.00 GiB free=0.89 GiB reserve=1.59 GiB total=31.86 GiB)
ds4: ROCm q8 fp16 cache budget exhausted; using q8 kernels (request=64.00 MiB cached=0.00 GiB free=0.89 GiB reserve=1.59 GiB total=31.86 GiB)
ds4: ROCm q8 fp16 cache budget exhausted; using q8 kernels (request=64.00 MiB cached=0.00 GiB free=0.89 GiB reserve=1.59 GiB total=31.86 GiB)
ds4: ROCm q8 fp16 cache budget exhausted; using q8 kernels (request=64.00 MiB cached=0.00 GiB free=0.89 GiB reserve=1.59 GiB total=31.86 GiB)
ds4: ROCm q8 fp16 cache budget exhausted; using q8 kernels (request=64.00 MiB cached=0.00 GiB free=0.89 GiB reserve=1.59 GiB total=31.86 GiB)
ds4: ROCm q8 fp16 cache budget exhausted; using q8 kernels (request=64.00 MiB cached=0.00 GiB free=0.89 GiB reserve=1.59 GiB total=31.86 GiB)
case_045 cases=46 prompt=18 target=24 avg_nll=0.560500 lcp=3 api_target_mae=0.560500 api_top_coverage=100/120 api_top1=0.667 api_topn=0.250 api_pair=1.000
ds4: ROCm q8 fp16 cache budget exhausted; using q8 kernels (request=64.00 MiB cached=0.00 GiB free=0.89 GiB reserve=1.59 GiB total=31.86 GiB)
ds4: ROCm q8 fp16 cache budget exhausted; using q8 kernels (request=64.00 MiB cached=0.00 GiB free=0.89 GiB reserve=1.59 GiB total=31.86 GiB)
ds4: ROCm q8 fp16 cache budget exhausted; using q8 kernels (request=64.00 MiB cached=0.00 GiB free=0.89 GiB reserve=1.59 GiB total=31.86 GiB)
ds4: ROCm q8 fp16 cache budget exhausted; using q8 kernels (request=64.00 MiB cached=0.00 GiB free=0.89 GiB reserve=1.59 GiB total=31.86 GiB)
ds4: ROCm q8 fp16 cache budget exhausted; using q8 kernels (request=64.00 MiB cached=0.00 GiB free=0.89 GiB reserve=1.59 GiB total=31.86 GiB)
ds4: ROCm q8 fp16 cache budget exhausted; using q8 kernels (request=64.00 MiB cached=0.00 GiB free=0.89 GiB reserve=1.59 GiB total=31.86 GiB)
ds4: ROCm q8 fp16 cache budget exhausted; using q8 kernels (request=64.00 MiB cached=0.00 GiB free=0.89 GiB reserve=1.59 GiB total=31.86 GiB)
ds4: ROCm q8 fp16 cache budget exhausted; using q8 kernels (request=64.00 MiB cached=0.00 GiB free=0.89 GiB reserve=1.59 GiB total=31.86 GiB)
ds4: ROCm q8 fp16 cache budget exhausted; using q8 kernels (request=64.00 MiB cached=0.00 GiB free=0.89 GiB reserve=1.59 GiB total=31.86 GiB)
ds4: ROCm q8 fp16 cache budget exhausted; using q8 kernels (request=64.00 MiB cached=0.00 GiB free=0.89 GiB reserve=1.59 GiB total=31.86 GiB)
ds4: ROCm q8 fp16 cache budget exhausted; using q8 kernels (request=64.00 MiB cached=0.00 GiB free=0.89 GiB reserve=1.59 GiB total=31.86 GiB)
ds4: ROCm q8 fp16 cache budget exhausted; using q8 kernels (request=64.00 MiB cached=0.00 GiB free=0.89 GiB reserve=1.59 GiB total=31.86 GiB)
ds4: ROCm q8 fp16 cache budget exhausted; using q8 kernels (request=64.00 MiB cached=0.00 GiB free=0.89 GiB reserve=1.59 GiB total=31.86 GiB)
ds4: ROCm q8 fp16 cache budget exhausted; using q8 kernels (request=64.00 MiB cached=0.00 GiB free=0.89 GiB reserve=1.59 GiB total=31.86 GiB)
ds4: ROCm q8 fp16 cache budget exhausted; using q8 kernels (request=64.00 MiB cached=0.00 GiB free=0.89 GiB reserve=1.59 GiB total=31.86 GiB)
ds4: ROCm q8 fp16 cache budget exhausted; using q8 kernels (request=64.00 MiB cached=0.00 GiB free=0.89 GiB reserve=1.59 GiB total=31.86 GiB)
ds4: ROCm q8 fp16 cache budget exhausted; using q8 kernels (request=64.00 MiB cached=0.00 GiB free=0.89 GiB reserve=1.59 GiB total=31.86 GiB)
ds4: ROCm q8 fp16 cache budget exhausted; using q8 kernels (request=64.00 MiB cached=0.00 GiB free=0.89 GiB reserve=1.59 GiB total=31.86 GiB)
ds4: ROCm q8 fp16 cache budget exhausted; using q8 kernels (request=64.00 MiB cached=0.00 GiB free=0.89 GiB reserve=1.59 GiB total=31.86 GiB)
ds4: ROCm q8 fp16 cache budget exhausted; using q8 kernels (request=64.00 MiB cached=0.00 GiB free=0.89 GiB reserve=1.59 GiB total=31.86 GiB)
ds4: ROCm q8 fp16 cache budget exhausted; using q8 kernels (request=64.00 MiB cached=0.00 GiB free=0.89 GiB reserve=1.59 GiB total=31.86 GiB)
ds4: ROCm q8 fp16 cache budget exhausted; using q8 kernels (request=64.00 MiB cached=0.00 GiB free=0.89 GiB reserve=1.59 GiB total=31.86 GiB)
ds4: ROCm q8 fp16 cache budget exhausted; using q8 kernels (request=64.00 MiB cached=0.00 GiB free=0.89 GiB reserve=1.59 GiB total=31.86 GiB)
ds4: ROCm q8 fp16 cache budget exhausted; using q8 kernels (request=64.00 MiB cached=0.00 GiB free=0.89 GiB reserve=1.59 GiB total=31.86 GiB)
ds4: ROCm q8 fp16 cache budget exhausted; using q8 kernels (request=64.00 MiB cached=0.00 GiB free=0.89 GiB reserve=1.59 GiB total=31.86 GiB)
ds4: ROCm q8 fp16 cache budget exhausted; using q8 kernels (request=64.00 MiB cached=0.00 GiB free=0.89 GiB reserve=1.59 GiB total=31.86 GiB)
ds4: ROCm q8 fp16 cache budget exhausted; using q8 kernels (request=64.00 MiB cached=0.00 GiB free=0.89 GiB reserve=1.59 GiB total=31.86 GiB)
ds4: ROCm q8 fp16 cache budget exhausted; using q8 kernels (request=64.00 MiB cached=0.00 GiB free=0.89 GiB reserve=1.59 GiB total=31.86 GiB)
ds4: ROCm q8 fp16 cache budget exhausted; using q8 kernels (request=64.00 MiB cached=0.00 GiB free=0.89 GiB reserve=1.59 GiB total=31.86 GiB)
ds4: ROCm q8 fp16 cache budget exhausted; using q8 kernels (request=64.00 MiB cached=0.00 GiB free=0.89 GiB reserve=1.59 GiB total=31.86 GiB)
ds4: ROCm q8 fp16 cache budget exhausted; using q8 kernels (request=64.00 MiB cached=0.00 GiB free=0.89 GiB reserve=1.59 GiB total=31.86 GiB)
ds4: ROCm q8 fp16 cache budget exhausted; using q8 kernels (request=64.00 MiB cached=0.00 GiB free=0.89 GiB reserve=1.59 GiB total=31.86 GiB)
ds4: ROCm q8 fp16 cache budget exhausted; using q8 kernels (request=64.00 MiB cached=0.00 GiB free=0.89 GiB reserve=1.59 GiB total=31.86 GiB)
ds4: ROCm q8 fp16 cache budget exhausted; using q8 kernels (request=64.00 MiB cached=0.00 GiB free=0.89 GiB reserve=1.59 GiB total=31.86 GiB)
ds4: ROCm q8 fp16 cache budget exhausted; using q8 kernels (request=64.00 MiB cached=0.00 GiB free=0.89 GiB reserve=1.59 GiB total=31.86 GiB)
ds4: ROCm q8 fp16 cache budget exhausted; using q8 kernels (request=64.00 MiB cached=0.00 GiB free=0.89 GiB reserve=1.59 GiB total=31.86 GiB)
ds4: ROCm q8 fp16 cache budget exhausted; using q8 kernels (request=64.00 MiB cached=0.00 GiB free=0.89 GiB reserve=1.59 GiB total=31.86 GiB)
ds4: ROCm q8 fp16 cache budget exhausted; using q8 kernels (request=64.00 MiB cached=0.00 GiB free=0.89 GiB reserve=1.59 GiB total=31.86 GiB)
ds4: ROCm q8 fp16 cache budget exhausted; using q8 kernels (request=64.00 MiB cached=0.00 GiB free=0.89 GiB reserve=1.59 GiB total=31.86 GiB)
ds4: ROCm q8 fp16 cache budget exhausted; using q8 kernels (request=64.00 MiB cached=0.00 GiB free=0.89 GiB reserve=1.59 GiB total=31.86 GiB)
ds4: ROCm q8 fp16 cache budget exhausted; using q8 kernels (request=64.00 MiB cached=0.00 GiB free=0.89 GiB reserve=1.59 GiB total=31.86 GiB)
ds4: ROCm q8 fp16 cache budget exhausted; using q8 kernels (request=64.00 MiB cached=0.00 GiB free=0.89 GiB reserve=1.59 GiB total=31.86 GiB)
ds4: ROCm q8 fp16 cache budget exhausted; using q8 kernels (request=64.00 MiB cached=0.00 GiB free=0.89 GiB reserve=1.59 GiB total=31.86 GiB)
case_046 cases=47 prompt=19 target=24 avg_nll=0.538974 lcp=0 api_target_mae=0.538974 api_top_coverage=99/120 api_top1=0.833 api_topn=0.283 api_pair=0.974
ds4: ROCm q8 fp16 cache budget exhausted; using q8 kernels (request=64.00 MiB cached=0.00 GiB free=0.89 GiB reserve=1.59 GiB total=31.86 GiB)
ds4: ROCm q8 fp16 cache budget exhausted; using q8 kernels (request=64.00 MiB cached=0.00 GiB free=0.89 GiB reserve=1.59 GiB total=31.86 GiB)
ds4: ROCm q8 fp16 cache budget exhausted; using q8 kernels (request=64.00 MiB cached=0.00 GiB free=0.89 GiB reserve=1.59 GiB total=31.86 GiB)
ds4: ROCm q8 fp16 cache budget exhausted; using q8 kernels (request=64.00 MiB cached=0.00 GiB free=0.89 GiB reserve=1.59 GiB total=31.86 GiB)
ds4: ROCm q8 fp16 cache budget exhausted; using q8 kernels (request=64.00 MiB cached=0.00 GiB free=0.89 GiB reserve=1.59 GiB total=31.86 GiB)
ds4: ROCm q8 fp16 cache budget exhausted; using q8 kernels (request=64.00 MiB cached=0.00 GiB free=0.89 GiB reserve=1.59 GiB total=31.86 GiB)
ds4: ROCm q8 fp16 cache budget exhausted; using q8 kernels (request=64.00 MiB cached=0.00 GiB free=0.89 GiB reserve=1.59 GiB total=31.86 GiB)
ds4: ROCm q8 fp16 cache budget exhausted; using q8 kernels (request=64.00 MiB cached=0.00 GiB free=0.89 GiB reserve=1.59 GiB total=31.86 GiB)
ds4: ROCm q8 fp16 cache budget exhausted; using q8 kernels (request=64.00 MiB cached=0.00 GiB free=0.89 GiB reserve=1.59 GiB total=31.86 GiB)
ds4: ROCm q8 fp16 cache budget exhausted; using q8 kernels (request=64.00 MiB cached=0.00 GiB free=0.89 GiB reserve=1.59 GiB total=31.86 GiB)
ds4: ROCm q8 fp16 cache budget exhausted; using q8 kernels (request=64.00 MiB cached=0.00 GiB free=0.89 GiB reserve=1.59 GiB total=31.86 GiB)
ds4: ROCm q8 fp16 cache budget exhausted; using q8 kernels (request=64.00 MiB cached=0.00 GiB free=0.89 GiB reserve=1.59 GiB total=31.86 GiB)
ds4: ROCm q8 fp16 cache budget exhausted; using q8 kernels (request=64.00 MiB cached=0.00 GiB free=0.89 GiB reserve=1.59 GiB total=31.86 GiB)
ds4: ROCm q8 fp16 cache budget exhausted; using q8 kernels (request=64.00 MiB cached=0.00 GiB free=0.89 GiB reserve=1.59 GiB total=31.86 GiB)
ds4: ROCm q8 fp16 cache budget exhausted; using q8 kernels (request=64.00 MiB cached=0.00 GiB free=0.89 GiB reserve=1.59 GiB total=31.86 GiB)
ds4: ROCm q8 fp16 cache budget exhausted; using q8 kernels (request=64.00 MiB cached=0.00 GiB free=0.89 GiB reserve=1.59 GiB total=31.86 GiB)
ds4: ROCm q8 fp16 cache budget exhausted; using q8 kernels (request=64.00 MiB cached=0.00 GiB free=0.89 GiB reserve=1.59 GiB total=31.86 GiB)
ds4: ROCm q8 fp16 cache budget exhausted; using q8 kernels (request=64.00 MiB cached=0.00 GiB free=0.89 GiB reserve=1.59 GiB total=31.86 GiB)
ds4: ROCm q8 fp16 cache budget exhausted; using q8 kernels (request=64.00 MiB cached=0.00 GiB free=0.89 GiB reserve=1.59 GiB total=31.86 GiB)
ds4: ROCm q8 fp16 cache budget exhausted; using q8 kernels (request=64.00 MiB cached=0.00 GiB free=0.89 GiB reserve=1.59 GiB total=31.86 GiB)
ds4: ROCm q8 fp16 cache budget exhausted; using q8 kernels (request=64.00 MiB cached=0.00 GiB free=0.89 GiB reserve=1.59 GiB total=31.86 GiB)
ds4: ROCm q8 fp16 cache budget exhausted; using q8 kernels (request=64.00 MiB cached=0.00 GiB free=0.89 GiB reserve=1.59 GiB total=31.86 GiB)
ds4: ROCm q8 fp16 cache budget exhausted; using q8 kernels (request=64.00 MiB cached=0.00 GiB free=0.89 GiB reserve=1.59 GiB total=31.86 GiB)
ds4: ROCm q8 fp16 cache budget exhausted; using q8 kernels (request=64.00 MiB cached=0.00 GiB free=0.89 GiB reserve=1.59 GiB total=31.86 GiB)
ds4: ROCm q8 fp16 cache budget exhausted; using q8 kernels (request=64.00 MiB cached=0.00 GiB free=0.89 GiB reserve=1.59 GiB total=31.86 GiB)
ds4: ROCm q8 fp16 cache budget exhausted; using q8 kernels (request=64.00 MiB cached=0.00 GiB free=0.89 GiB reserve=1.59 GiB total=31.86 GiB)
ds4: ROCm q8 fp16 cache budget exhausted; using q8 kernels (request=64.00 MiB cached=0.00 GiB free=0.89 GiB reserve=1.59 GiB total=31.86 GiB)
ds4: ROCm q8 fp16 cache budget exhausted; using q8 kernels (request=64.00 MiB cached=0.00 GiB free=0.89 GiB reserve=1.59 GiB total=31.86 GiB)
ds4: ROCm q8 fp16 cache budget exhausted; using q8 kernels (request=64.00 MiB cached=0.00 GiB free=0.89 GiB reserve=1.59 GiB total=31.86 GiB)
ds4: ROCm q8 fp16 cache budget exhausted; using q8 kernels (request=64.00 MiB cached=0.00 GiB free=0.89 GiB reserve=1.59 GiB total=31.86 GiB)
ds4: ROCm q8 fp16 cache budget exhausted; using q8 kernels (request=64.00 MiB cached=0.00 GiB free=0.89 GiB reserve=1.59 GiB total=31.86 GiB)
ds4: ROCm q8 fp16 cache budget exhausted; using q8 kernels (request=64.00 MiB cached=0.00 GiB free=0.89 GiB reserve=1.59 GiB total=31.86 GiB)
ds4: ROCm q8 fp16 cache budget exhausted; using q8 kernels (request=64.00 MiB cached=0.00 GiB free=0.89 GiB reserve=1.59 GiB total=31.86 GiB)
ds4: ROCm q8 fp16 cache budget exhausted; using q8 kernels (request=64.00 MiB cached=0.00 GiB free=0.89 GiB reserve=1.59 GiB total=31.86 GiB)
ds4: ROCm q8 fp16 cache budget exhausted; using q8 kernels (request=64.00 MiB cached=0.00 GiB free=0.89 GiB reserve=1.59 GiB total=31.86 GiB)
ds4: ROCm q8 fp16 cache budget exhausted; using q8 kernels (request=64.00 MiB cached=0.00 GiB free=0.89 GiB reserve=1.59 GiB total=31.86 GiB)
ds4: ROCm q8 fp16 cache budget exhausted; using q8 kernels (request=64.00 MiB cached=0.00 GiB free=0.89 GiB reserve=1.59 GiB total=31.86 GiB)
ds4: ROCm q8 fp16 cache budget exhausted; using q8 kernels (request=64.00 MiB cached=0.00 GiB free=0.89 GiB reserve=1.59 GiB total=31.86 GiB)
ds4: ROCm q8 fp16 cache budget exhausted; using q8 kernels (request=64.00 MiB cached=0.00 GiB free=0.89 GiB reserve=1.59 GiB total=31.86 GiB)
ds4: ROCm q8 fp16 cache budget exhausted; using q8 kernels (request=64.00 MiB cached=0.00 GiB free=0.89 GiB reserve=1.59 GiB total=31.86 GiB)
ds4: ROCm q8 fp16 cache budget exhausted; using q8 kernels (request=64.00 MiB cached=0.00 GiB free=0.89 GiB reserve=1.59 GiB total=31.86 GiB)
ds4: ROCm q8 fp16 cache budget exhausted; using q8 kernels (request=64.00 MiB cached=0.00 GiB free=0.89 GiB reserve=1.59 GiB total=31.86 GiB)
ds4: ROCm q8 fp16 cache budget exhausted; using q8 kernels (request=64.00 MiB cached=0.00 GiB free=0.89 GiB reserve=1.59 GiB total=31.86 GiB)
case_047 cases=48 prompt=16 target=24 avg_nll=0.348950 lcp=0 api_target_mae=0.348950 api_top_coverage=100/120 api_top1=0.875 api_topn=0.280 api_pair=0.987
ds4: ROCm q8 fp16 cache budget exhausted; using q8 kernels (request=64.00 MiB cached=0.00 GiB free=0.89 GiB reserve=1.59 GiB total=31.86 GiB)
ds4: ROCm q8 fp16 cache budget exhausted; using q8 kernels (request=64.00 MiB cached=0.00 GiB free=0.89 GiB reserve=1.59 GiB total=31.86 GiB)
ds4: ROCm q8 fp16 cache budget exhausted; using q8 kernels (request=64.00 MiB cached=0.00 GiB free=0.89 GiB reserve=1.59 GiB total=31.86 GiB)
ds4: ROCm q8 fp16 cache budget exhausted; using q8 kernels (request=64.00 MiB cached=0.00 GiB free=0.89 GiB reserve=1.59 GiB total=31.86 GiB)
ds4: ROCm q8 fp16 cache budget exhausted; using q8 kernels (request=64.00 MiB cached=0.00 GiB free=0.89 GiB reserve=1.59 GiB total=31.86 GiB)
ds4: ROCm q8 fp16 cache budget exhausted; using q8 kernels (request=64.00 MiB cached=0.00 GiB free=0.89 GiB reserve=1.59 GiB total=31.86 GiB)
ds4: ROCm q8 fp16 cache budget exhausted; using q8 kernels (request=64.00 MiB cached=0.00 GiB free=0.89 GiB reserve=1.59 GiB total=31.86 GiB)
ds4: ROCm q8 fp16 cache budget exhausted; using q8 kernels (request=64.00 MiB cached=0.00 GiB free=0.89 GiB reserve=1.59 GiB total=31.86 GiB)
ds4: ROCm q8 fp16 cache budget exhausted; using q8 kernels (request=64.00 MiB cached=0.00 GiB free=0.89 GiB reserve=1.59 GiB total=31.86 GiB)
ds4: ROCm q8 fp16 cache budget exhausted; using q8 kernels (request=64.00 MiB cached=0.00 GiB free=0.89 GiB reserve=1.59 GiB total=31.86 GiB)
ds4: ROCm q8 fp16 cache budget exhausted; using q8 kernels (request=64.00 MiB cached=0.00 GiB free=0.89 GiB reserve=1.59 GiB total=31.86 GiB)
ds4: ROCm q8 fp16 cache budget exhausted; using q8 kernels (request=64.00 MiB cached=0.00 GiB free=0.89 GiB reserve=1.59 GiB total=31.86 GiB)
ds4: ROCm q8 fp16 cache budget exhausted; using q8 kernels (request=64.00 MiB cached=0.00 GiB free=0.89 GiB reserve=1.59 GiB total=31.86 GiB)
ds4: ROCm q8 fp16 cache budget exhausted; using q8 kernels (request=64.00 MiB cached=0.00 GiB free=0.89 GiB reserve=1.59 GiB total=31.86 GiB)
ds4: ROCm q8 fp16 cache budget exhausted; using q8 kernels (request=64.00 MiB cached=0.00 GiB free=0.89 GiB reserve=1.59 GiB total=31.86 GiB)
ds4: ROCm q8 fp16 cache budget exhausted; using q8 kernels (request=64.00 MiB cached=0.00 GiB free=0.89 GiB reserve=1.59 GiB total=31.86 GiB)
ds4: ROCm q8 fp16 cache budget exhausted; using q8 kernels (request=64.00 MiB cached=0.00 GiB free=0.89 GiB reserve=1.59 GiB total=31.86 GiB)
ds4: ROCm q8 fp16 cache budget exhausted; using q8 kernels (request=64.00 MiB cached=0.00 GiB free=0.89 GiB reserve=1.59 GiB total=31.86 GiB)
ds4: ROCm q8 fp16 cache budget exhausted; using q8 kernels (request=64.00 MiB cached=0.00 GiB free=0.89 GiB reserve=1.59 GiB total=31.86 GiB)
ds4: ROCm q8 fp16 cache budget exhausted; using q8 kernels (request=64.00 MiB cached=0.00 GiB free=0.89 GiB reserve=1.59 GiB total=31.86 GiB)
ds4: ROCm q8 fp16 cache budget exhausted; using q8 kernels (request=64.00 MiB cached=0.00 GiB free=0.89 GiB reserve=1.59 GiB total=31.86 GiB)
ds4: ROCm q8 fp16 cache budget exhausted; using q8 kernels (request=64.00 MiB cached=0.00 GiB free=0.89 GiB reserve=1.59 GiB total=31.86 GiB)
ds4: ROCm q8 fp16 cache budget exhausted; using q8 kernels (request=64.00 MiB cached=0.00 GiB free=0.89 GiB reserve=1.59 GiB total=31.86 GiB)
ds4: ROCm q8 fp16 cache budget exhausted; using q8 kernels (request=64.00 MiB cached=0.00 GiB free=0.89 GiB reserve=1.59 GiB total=31.86 GiB)
ds4: ROCm q8 fp16 cache budget exhausted; using q8 kernels (request=64.00 MiB cached=0.00 GiB free=0.89 GiB reserve=1.59 GiB total=31.86 GiB)
ds4: ROCm q8 fp16 cache budget exhausted; using q8 kernels (request=64.00 MiB cached=0.00 GiB free=0.89 GiB reserve=1.59 GiB total=31.86 GiB)
ds4: ROCm q8 fp16 cache budget exhausted; using q8 kernels (request=64.00 MiB cached=0.00 GiB free=0.89 GiB reserve=1.59 GiB total=31.86 GiB)
ds4: ROCm q8 fp16 cache budget exhausted; using q8 kernels (request=64.00 MiB cached=0.00 GiB free=0.89 GiB reserve=1.59 GiB total=31.86 GiB)
ds4: ROCm q8 fp16 cache budget exhausted; using q8 kernels (request=64.00 MiB cached=0.00 GiB free=0.89 GiB reserve=1.59 GiB total=31.86 GiB)
ds4: ROCm q8 fp16 cache budget exhausted; using q8 kernels (request=64.00 MiB cached=0.00 GiB free=0.89 GiB reserve=1.59 GiB total=31.86 GiB)
ds4: ROCm q8 fp16 cache budget exhausted; using q8 kernels (request=64.00 MiB cached=0.00 GiB free=0.89 GiB reserve=1.59 GiB total=31.86 GiB)
ds4: ROCm q8 fp16 cache budget exhausted; using q8 kernels (request=64.00 MiB cached=0.00 GiB free=0.89 GiB reserve=1.59 GiB total=31.86 GiB)
ds4: ROCm q8 fp16 cache budget exhausted; using q8 kernels (request=64.00 MiB cached=0.00 GiB free=0.89 GiB reserve=1.59 GiB total=31.86 GiB)
ds4: ROCm q8 fp16 cache budget exhausted; using q8 kernels (request=64.00 MiB cached=0.00 GiB free=0.89 GiB reserve=1.59 GiB total=31.86 GiB)
ds4: ROCm q8 fp16 cache budget exhausted; using q8 kernels (request=64.00 MiB cached=0.00 GiB free=0.89 GiB reserve=1.59 GiB total=31.86 GiB)
ds4: ROCm q8 fp16 cache budget exhausted; using q8 kernels (request=64.00 MiB cached=0.00 GiB free=0.89 GiB reserve=1.59 GiB total=31.86 GiB)
ds4: ROCm q8 fp16 cache budget exhausted; using q8 kernels (request=64.00 MiB cached=0.00 GiB free=0.89 GiB reserve=1.59 GiB total=31.86 GiB)
ds4: ROCm q8 fp16 cache budget exhausted; using q8 kernels (request=64.00 MiB cached=0.00 GiB free=0.89 GiB reserve=1.59 GiB total=31.86 GiB)
ds4: ROCm q8 fp16 cache budget exhausted; using q8 kernels (request=64.00 MiB cached=0.00 GiB free=0.89 GiB reserve=1.59 GiB total=31.86 GiB)
ds4: ROCm q8 fp16 cache budget exhausted; using q8 kernels (request=64.00 MiB cached=0.00 GiB free=0.89 GiB reserve=1.59 GiB total=31.86 GiB)
ds4: ROCm q8 fp16 cache budget exhausted; using q8 kernels (request=64.00 MiB cached=0.00 GiB free=0.89 GiB reserve=1.59 GiB total=31.86 GiB)
ds4: ROCm q8 fp16 cache budget exhausted; using q8 kernels (request=64.00 MiB cached=0.00 GiB free=0.89 GiB reserve=1.59 GiB total=31.86 GiB)
ds4: ROCm q8 fp16 cache budget exhausted; using q8 kernels (request=64.00 MiB cached=0.00 GiB free=0.89 GiB reserve=1.59 GiB total=31.86 GiB)
case_048 cases=49 prompt=18 target=24 avg_nll=0.259983 lcp=3 api_target_mae=0.259983 api_top_coverage=96/120 api_top1=0.917 api_topn=0.250 api_pair=1.000
ds4: ROCm q8 fp16 cache budget exhausted; using q8 kernels (request=64.00 MiB cached=0.00 GiB free=0.89 GiB reserve=1.59 GiB total=31.86 GiB)
ds4: ROCm q8 fp16 cache budget exhausted; using q8 kernels (request=64.00 MiB cached=0.00 GiB free=0.89 GiB reserve=1.59 GiB total=31.86 GiB)
ds4: ROCm q8 fp16 cache budget exhausted; using q8 kernels (request=64.00 MiB cached=0.00 GiB free=0.89 GiB reserve=1.59 GiB total=31.86 GiB)
ds4: ROCm q8 fp16 cache budget exhausted; using q8 kernels (request=64.00 MiB cached=0.00 GiB free=0.89 GiB reserve=1.59 GiB total=31.86 GiB)
ds4: ROCm q8 fp16 cache budget exhausted; using q8 kernels (request=64.00 MiB cached=0.00 GiB free=0.89 GiB reserve=1.59 GiB total=31.86 GiB)
ds4: ROCm q8 fp16 cache budget exhausted; using q8 kernels (request=64.00 MiB cached=0.00 GiB free=0.89 GiB reserve=1.59 GiB total=31.86 GiB)
ds4: ROCm q8 fp16 cache budget exhausted; using q8 kernels (request=64.00 MiB cached=0.00 GiB free=0.89 GiB reserve=1.59 GiB total=31.86 GiB)
ds4: ROCm q8 fp16 cache budget exhausted; using q8 kernels (request=64.00 MiB cached=0.00 GiB free=0.89 GiB reserve=1.59 GiB total=31.86 GiB)
ds4: ROCm q8 fp16 cache budget exhausted; using q8 kernels (request=64.00 MiB cached=0.00 GiB free=0.89 GiB reserve=1.59 GiB total=31.86 GiB)
ds4: ROCm q8 fp16 cache budget exhausted; using q8 kernels (request=64.00 MiB cached=0.00 GiB free=0.89 GiB reserve=1.59 GiB total=31.86 GiB)
ds4: ROCm q8 fp16 cache budget exhausted; using q8 kernels (request=64.00 MiB cached=0.00 GiB free=0.89 GiB reserve=1.59 GiB total=31.86 GiB)
ds4: ROCm q8 fp16 cache budget exhausted; using q8 kernels (request=64.00 MiB cached=0.00 GiB free=0.89 GiB reserve=1.59 GiB total=31.86 GiB)
ds4: ROCm q8 fp16 cache budget exhausted; using q8 kernels (request=64.00 MiB cached=0.00 GiB free=0.89 GiB reserve=1.59 GiB total=31.86 GiB)
ds4: ROCm q8 fp16 cache budget exhausted; using q8 kernels (request=64.00 MiB cached=0.00 GiB free=0.89 GiB reserve=1.59 GiB total=31.86 GiB)
ds4: ROCm q8 fp16 cache budget exhausted; using q8 kernels (request=64.00 MiB cached=0.00 GiB free=0.89 GiB reserve=1.59 GiB total=31.86 GiB)
ds4: ROCm q8 fp16 cache budget exhausted; using q8 kernels (request=64.00 MiB cached=0.00 GiB free=0.89 GiB reserve=1.59 GiB total=31.86 GiB)
ds4: ROCm q8 fp16 cache budget exhausted; using q8 kernels (request=64.00 MiB cached=0.00 GiB free=0.89 GiB reserve=1.59 GiB total=31.86 GiB)
ds4: ROCm q8 fp16 cache budget exhausted; using q8 kernels (request=64.00 MiB cached=0.00 GiB free=0.89 GiB reserve=1.59 GiB total=31.86 GiB)
ds4: ROCm q8 fp16 cache budget exhausted; using q8 kernels (request=64.00 MiB cached=0.00 GiB free=0.89 GiB reserve=1.59 GiB total=31.86 GiB)
ds4: ROCm q8 fp16 cache budget exhausted; using q8 kernels (request=64.00 MiB cached=0.00 GiB free=0.89 GiB reserve=1.59 GiB total=31.86 GiB)
ds4: ROCm q8 fp16 cache budget exhausted; using q8 kernels (request=64.00 MiB cached=0.00 GiB free=0.89 GiB reserve=1.59 GiB total=31.86 GiB)
ds4: ROCm q8 fp16 cache budget exhausted; using q8 kernels (request=64.00 MiB cached=0.00 GiB free=0.89 GiB reserve=1.59 GiB total=31.86 GiB)
ds4: ROCm q8 fp16 cache budget exhausted; using q8 kernels (request=64.00 MiB cached=0.00 GiB free=0.89 GiB reserve=1.59 GiB total=31.86 GiB)
ds4: ROCm q8 fp16 cache budget exhausted; using q8 kernels (request=64.00 MiB cached=0.00 GiB free=0.89 GiB reserve=1.59 GiB total=31.86 GiB)
ds4: ROCm q8 fp16 cache budget exhausted; using q8 kernels (request=64.00 MiB cached=0.00 GiB free=0.89 GiB reserve=1.59 GiB total=31.86 GiB)
ds4: ROCm q8 fp16 cache budget exhausted; using q8 kernels (request=64.00 MiB cached=0.00 GiB free=0.89 GiB reserve=1.59 GiB total=31.86 GiB)
ds4: ROCm q8 fp16 cache budget exhausted; using q8 kernels (request=64.00 MiB cached=0.00 GiB free=0.89 GiB reserve=1.59 GiB total=31.86 GiB)
ds4: ROCm q8 fp16 cache budget exhausted; using q8 kernels (request=64.00 MiB cached=0.00 GiB free=0.89 GiB reserve=1.59 GiB total=31.86 GiB)
ds4: ROCm q8 fp16 cache budget exhausted; using q8 kernels (request=64.00 MiB cached=0.00 GiB free=0.89 GiB reserve=1.59 GiB total=31.86 GiB)
ds4: ROCm q8 fp16 cache budget exhausted; using q8 kernels (request=64.00 MiB cached=0.00 GiB free=0.89 GiB reserve=1.59 GiB total=31.86 GiB)
ds4: ROCm q8 fp16 cache budget exhausted; using q8 kernels (request=64.00 MiB cached=0.00 GiB free=0.89 GiB reserve=1.59 GiB total=31.86 GiB)
ds4: ROCm q8 fp16 cache budget exhausted; using q8 kernels (request=64.00 MiB cached=0.00 GiB free=0.89 GiB reserve=1.59 GiB total=31.86 GiB)
ds4: ROCm q8 fp16 cache budget exhausted; using q8 kernels (request=64.00 MiB cached=0.00 GiB free=0.89 GiB reserve=1.59 GiB total=31.86 GiB)
ds4: ROCm q8 fp16 cache budget exhausted; using q8 kernels (request=64.00 MiB cached=0.00 GiB free=0.89 GiB reserve=1.59 GiB total=31.86 GiB)
ds4: ROCm q8 fp16 cache budget exhausted; using q8 kernels (request=64.00 MiB cached=0.00 GiB free=0.89 GiB reserve=1.59 GiB total=31.86 GiB)
ds4: ROCm q8 fp16 cache budget exhausted; using q8 kernels (request=64.00 MiB cached=0.00 GiB free=0.89 GiB reserve=1.59 GiB total=31.86 GiB)
ds4: ROCm q8 fp16 cache budget exhausted; using q8 kernels (request=64.00 MiB cached=0.00 GiB free=0.89 GiB reserve=1.59 GiB total=31.86 GiB)
ds4: ROCm q8 fp16 cache budget exhausted; using q8 kernels (request=64.00 MiB cached=0.00 GiB free=0.89 GiB reserve=1.59 GiB total=31.86 GiB)
ds4: ROCm q8 fp16 cache budget exhausted; using q8 kernels (request=64.00 MiB cached=0.00 GiB free=0.89 GiB reserve=1.59 GiB total=31.86 GiB)
ds4: ROCm q8 fp16 cache budget exhausted; using q8 kernels (request=64.00 MiB cached=0.00 GiB free=0.89 GiB reserve=1.59 GiB total=31.86 GiB)
ds4: ROCm q8 fp16 cache budget exhausted; using q8 kernels (request=64.00 MiB cached=0.00 GiB free=0.89 GiB reserve=1.59 GiB total=31.86 GiB)
ds4: ROCm q8 fp16 cache budget exhausted; using q8 kernels (request=64.00 MiB cached=0.00 GiB free=0.89 GiB reserve=1.59 GiB total=31.86 GiB)
ds4: ROCm q8 fp16 cache budget exhausted; using q8 kernels (request=64.00 MiB cached=0.00 GiB free=0.89 GiB reserve=1.59 GiB total=31.86 GiB)
case_049 cases=50 prompt=18 target=24 avg_nll=0.425447 lcp=7 api_target_mae=0.425447 api_top_coverage=96/120 api_top1=0.792 api_topn=0.250 api_pair=1.000
ds4: ROCm q8 fp16 cache budget exhausted; using q8 kernels (request=64.00 MiB cached=0.00 GiB free=0.89 GiB reserve=1.59 GiB total=31.86 GiB)
ds4: ROCm q8 fp16 cache budget exhausted; using q8 kernels (request=64.00 MiB cached=0.00 GiB free=0.89 GiB reserve=1.59 GiB total=31.86 GiB)
ds4: ROCm q8 fp16 cache budget exhausted; using q8 kernels (request=64.00 MiB cached=0.00 GiB free=0.89 GiB reserve=1.59 GiB total=31.86 GiB)
ds4: ROCm q8 fp16 cache budget exhausted; using q8 kernels (request=64.00 MiB cached=0.00 GiB free=0.89 GiB reserve=1.59 GiB total=31.86 GiB)
ds4: ROCm q8 fp16 cache budget exhausted; using q8 kernels (request=64.00 MiB cached=0.00 GiB free=0.89 GiB reserve=1.59 GiB total=31.86 GiB)
ds4: ROCm q8 fp16 cache budget exhausted; using q8 kernels (request=64.00 MiB cached=0.00 GiB free=0.89 GiB reserve=1.59 GiB total=31.86 GiB)
ds4: ROCm q8 fp16 cache budget exhausted; using q8 kernels (request=64.00 MiB cached=0.00 GiB free=0.89 GiB reserve=1.59 GiB total=31.86 GiB)
ds4: ROCm q8 fp16 cache budget exhausted; using q8 kernels (request=64.00 MiB cached=0.00 GiB free=0.89 GiB reserve=1.59 GiB total=31.86 GiB)
ds4: ROCm q8 fp16 cache budget exhausted; using q8 kernels (request=64.00 MiB cached=0.00 GiB free=0.89 GiB reserve=1.59 GiB total=31.86 GiB)
ds4: ROCm q8 fp16 cache budget exhausted; using q8 kernels (request=64.00 MiB cached=0.00 GiB free=0.89 GiB reserve=1.59 GiB total=31.86 GiB)
ds4: ROCm q8 fp16 cache budget exhausted; using q8 kernels (request=64.00 MiB cached=0.00 GiB free=0.89 GiB reserve=1.59 GiB total=31.86 GiB)
ds4: ROCm q8 fp16 cache budget exhausted; using q8 kernels (request=64.00 MiB cached=0.00 GiB free=0.89 GiB reserve=1.59 GiB total=31.86 GiB)
ds4: ROCm q8 fp16 cache budget exhausted; using q8 kernels (request=64.00 MiB cached=0.00 GiB free=0.89 GiB reserve=1.59 GiB total=31.86 GiB)
ds4: ROCm q8 fp16 cache budget exhausted; using q8 kernels (request=64.00 MiB cached=0.00 GiB free=0.89 GiB reserve=1.59 GiB total=31.86 GiB)
ds4: ROCm q8 fp16 cache budget exhausted; using q8 kernels (request=64.00 MiB cached=0.00 GiB free=0.89 GiB reserve=1.59 GiB total=31.86 GiB)
ds4: ROCm q8 fp16 cache budget exhausted; using q8 kernels (request=64.00 MiB cached=0.00 GiB free=0.89 GiB reserve=1.59 GiB total=31.86 GiB)
ds4: ROCm q8 fp16 cache budget exhausted; using q8 kernels (request=64.00 MiB cached=0.00 GiB free=0.89 GiB reserve=1.59 GiB total=31.86 GiB)
ds4: ROCm q8 fp16 cache budget exhausted; using q8 kernels (request=64.00 MiB cached=0.00 GiB free=0.89 GiB reserve=1.59 GiB total=31.86 GiB)
ds4: ROCm q8 fp16 cache budget exhausted; using q8 kernels (request=64.00 MiB cached=0.00 GiB free=0.89 GiB reserve=1.59 GiB total=31.86 GiB)
ds4: ROCm q8 fp16 cache budget exhausted; using q8 kernels (request=64.00 MiB cached=0.00 GiB free=0.89 GiB reserve=1.59 GiB total=31.86 GiB)
ds4: ROCm q8 fp16 cache budget exhausted; using q8 kernels (request=64.00 MiB cached=0.00 GiB free=0.89 GiB reserve=1.59 GiB total=31.86 GiB)
ds4: ROCm q8 fp16 cache budget exhausted; using q8 kernels (request=64.00 MiB cached=0.00 GiB free=0.89 GiB reserve=1.59 GiB total=31.86 GiB)
ds4: ROCm q8 fp16 cache budget exhausted; using q8 kernels (request=64.00 MiB cached=0.00 GiB free=0.89 GiB reserve=1.59 GiB total=31.86 GiB)
ds4: ROCm q8 fp16 cache budget exhausted; using q8 kernels (request=64.00 MiB cached=0.00 GiB free=0.89 GiB reserve=1.59 GiB total=31.86 GiB)
ds4: ROCm q8 fp16 cache budget exhausted; using q8 kernels (request=64.00 MiB cached=0.00 GiB free=0.89 GiB reserve=1.59 GiB total=31.86 GiB)
ds4: ROCm q8 fp16 cache budget exhausted; using q8 kernels (request=64.00 MiB cached=0.00 GiB free=0.89 GiB reserve=1.59 GiB total=31.86 GiB)
ds4: ROCm q8 fp16 cache budget exhausted; using q8 kernels (request=64.00 MiB cached=0.00 GiB free=0.89 GiB reserve=1.59 GiB total=31.86 GiB)
ds4: ROCm q8 fp16 cache budget exhausted; using q8 kernels (request=64.00 MiB cached=0.00 GiB free=0.89 GiB reserve=1.59 GiB total=31.86 GiB)
ds4: ROCm q8 fp16 cache budget exhausted; using q8 kernels (request=64.00 MiB cached=0.00 GiB free=0.89 GiB reserve=1.59 GiB total=31.86 GiB)
ds4: ROCm q8 fp16 cache budget exhausted; using q8 kernels (request=64.00 MiB cached=0.00 GiB free=0.89 GiB reserve=1.59 GiB total=31.86 GiB)
ds4: ROCm q8 fp16 cache budget exhausted; using q8 kernels (request=64.00 MiB cached=0.00 GiB free=0.89 GiB reserve=1.59 GiB total=31.86 GiB)
ds4: ROCm q8 fp16 cache budget exhausted; using q8 kernels (request=64.00 MiB cached=0.00 GiB free=0.89 GiB reserve=1.59 GiB total=31.86 GiB)
ds4: ROCm q8 fp16 cache budget exhausted; using q8 kernels (request=64.00 MiB cached=0.00 GiB free=0.89 GiB reserve=1.59 GiB total=31.86 GiB)
ds4: ROCm q8 fp16 cache budget exhausted; using q8 kernels (request=64.00 MiB cached=0.00 GiB free=0.89 GiB reserve=1.59 GiB total=31.86 GiB)
ds4: ROCm q8 fp16 cache budget exhausted; using q8 kernels (request=64.00 MiB cached=0.00 GiB free=0.89 GiB reserve=1.59 GiB total=31.86 GiB)
ds4: ROCm q8 fp16 cache budget exhausted; using q8 kernels (request=64.00 MiB cached=0.00 GiB free=0.89 GiB reserve=1.59 GiB total=31.86 GiB)
ds4: ROCm q8 fp16 cache budget exhausted; using q8 kernels (request=64.00 MiB cached=0.00 GiB free=0.89 GiB reserve=1.59 GiB total=31.86 GiB)
ds4: ROCm q8 fp16 cache budget exhausted; using q8 kernels (request=64.00 MiB cached=0.00 GiB free=0.89 GiB reserve=1.59 GiB total=31.86 GiB)
ds4: ROCm q8 fp16 cache budget exhausted; using q8 kernels (request=64.00 MiB cached=0.00 GiB free=0.89 GiB reserve=1.59 GiB total=31.86 GiB)
ds4: ROCm q8 fp16 cache budget exhausted; using q8 kernels (request=64.00 MiB cached=0.00 GiB free=0.89 GiB reserve=1.59 GiB total=31.86 GiB)
ds4: ROCm q8 fp16 cache budget exhausted; using q8 kernels (request=64.00 MiB cached=0.00 GiB free=0.89 GiB reserve=1.59 GiB total=31.86 GiB)
ds4: ROCm q8 fp16 cache budget exhausted; using q8 kernels (request=64.00 MiB cached=0.00 GiB free=0.89 GiB reserve=1.59 GiB total=31.86 GiB)
ds4: ROCm q8 fp16 cache budget exhausted; using q8 kernels (request=64.00 MiB cached=0.00 GiB free=0.89 GiB reserve=1.59 GiB total=31.86 GiB)
case_050 cases=51 prompt=27 target=24 avg_nll=0.291887 lcp=22 api_target_mae=0.291887 api_top_coverage=97/120 api_top1=0.958 api_topn=0.258 api_pair=1.000
ds4: ROCm q8 fp16 cache budget exhausted; using q8 kernels (request=64.00 MiB cached=0.00 GiB free=0.89 GiB reserve=1.59 GiB total=31.86 GiB)
ds4: ROCm q8 fp16 cache budget exhausted; using q8 kernels (request=64.00 MiB cached=0.00 GiB free=0.89 GiB reserve=1.59 GiB total=31.86 GiB)
ds4: ROCm q8 fp16 cache budget exhausted; using q8 kernels (request=64.00 MiB cached=0.00 GiB free=0.89 GiB reserve=1.59 GiB total=31.86 GiB)
ds4: ROCm q8 fp16 cache budget exhausted; using q8 kernels (request=64.00 MiB cached=0.00 GiB free=0.89 GiB reserve=1.59 GiB total=31.86 GiB)
ds4: ROCm q8 fp16 cache budget exhausted; using q8 kernels (request=64.00 MiB cached=0.00 GiB free=0.89 GiB reserve=1.59 GiB total=31.86 GiB)
ds4: ROCm q8 fp16 cache budget exhausted; using q8 kernels (request=64.00 MiB cached=0.00 GiB free=0.89 GiB reserve=1.59 GiB total=31.86 GiB)
ds4: ROCm q8 fp16 cache budget exhausted; using q8 kernels (request=64.00 MiB cached=0.00 GiB free=0.89 GiB reserve=1.59 GiB total=31.86 GiB)
ds4: ROCm q8 fp16 cache budget exhausted; using q8 kernels (request=64.00 MiB cached=0.00 GiB free=0.89 GiB reserve=1.59 GiB total=31.86 GiB)
ds4: ROCm q8 fp16 cache budget exhausted; using q8 kernels (request=64.00 MiB cached=0.00 GiB free=0.89 GiB reserve=1.59 GiB total=31.86 GiB)
ds4: ROCm q8 fp16 cache budget exhausted; using q8 kernels (request=64.00 MiB cached=0.00 GiB free=0.89 GiB reserve=1.59 GiB total=31.86 GiB)
ds4: ROCm q8 fp16 cache budget exhausted; using q8 kernels (request=64.00 MiB cached=0.00 GiB free=0.89 GiB reserve=1.59 GiB total=31.86 GiB)
ds4: ROCm q8 fp16 cache budget exhausted; using q8 kernels (request=64.00 MiB cached=0.00 GiB free=0.89 GiB reserve=1.59 GiB total=31.86 GiB)
ds4: ROCm q8 fp16 cache budget exhausted; using q8 kernels (request=64.00 MiB cached=0.00 GiB free=0.89 GiB reserve=1.59 GiB total=31.86 GiB)
ds4: ROCm q8 fp16 cache budget exhausted; using q8 kernels (request=64.00 MiB cached=0.00 GiB free=0.89 GiB reserve=1.59 GiB total=31.86 GiB)
ds4: ROCm q8 fp16 cache budget exhausted; using q8 kernels (request=64.00 MiB cached=0.00 GiB free=0.89 GiB reserve=1.59 GiB total=31.86 GiB)
ds4: ROCm q8 fp16 cache budget exhausted; using q8 kernels (request=64.00 MiB cached=0.00 GiB free=0.89 GiB reserve=1.59 GiB total=31.86 GiB)
ds4: ROCm q8 fp16 cache budget exhausted; using q8 kernels (request=64.00 MiB cached=0.00 GiB free=0.89 GiB reserve=1.59 GiB total=31.86 GiB)
ds4: ROCm q8 fp16 cache budget exhausted; using q8 kernels (request=64.00 MiB cached=0.00 GiB free=0.89 GiB reserve=1.59 GiB total=31.86 GiB)
ds4: ROCm q8 fp16 cache budget exhausted; using q8 kernels (request=64.00 MiB cached=0.00 GiB free=0.89 GiB reserve=1.59 GiB total=31.86 GiB)
ds4: ROCm q8 fp16 cache budget exhausted; using q8 kernels (request=64.00 MiB cached=0.00 GiB free=0.89 GiB reserve=1.59 GiB total=31.86 GiB)
ds4: ROCm q8 fp16 cache budget exhausted; using q8 kernels (request=64.00 MiB cached=0.00 GiB free=0.89 GiB reserve=1.59 GiB total=31.86 GiB)
ds4: ROCm q8 fp16 cache budget exhausted; using q8 kernels (request=64.00 MiB cached=0.00 GiB free=0.89 GiB reserve=1.59 GiB total=31.86 GiB)
ds4: ROCm q8 fp16 cache budget exhausted; using q8 kernels (request=64.00 MiB cached=0.00 GiB free=0.89 GiB reserve=1.59 GiB total=31.86 GiB)
ds4: ROCm q8 fp16 cache budget exhausted; using q8 kernels (request=64.00 MiB cached=0.00 GiB free=0.89 GiB reserve=1.59 GiB total=31.86 GiB)
ds4: ROCm q8 fp16 cache budget exhausted; using q8 kernels (request=64.00 MiB cached=0.00 GiB free=0.89 GiB reserve=1.59 GiB total=31.86 GiB)
ds4: ROCm q8 fp16 cache budget exhausted; using q8 kernels (request=64.00 MiB cached=0.00 GiB free=0.89 GiB reserve=1.59 GiB total=31.86 GiB)
ds4: ROCm q8 fp16 cache budget exhausted; using q8 kernels (request=64.00 MiB cached=0.00 GiB free=0.89 GiB reserve=1.59 GiB total=31.86 GiB)
ds4: ROCm q8 fp16 cache budget exhausted; using q8 kernels (request=64.00 MiB cached=0.00 GiB free=0.89 GiB reserve=1.59 GiB total=31.86 GiB)
ds4: ROCm q8 fp16 cache budget exhausted; using q8 kernels (request=64.00 MiB cached=0.00 GiB free=0.89 GiB reserve=1.59 GiB total=31.86 GiB)
ds4: ROCm q8 fp16 cache budget exhausted; using q8 kernels (request=64.00 MiB cached=0.00 GiB free=0.89 GiB reserve=1.59 GiB total=31.86 GiB)
ds4: ROCm q8 fp16 cache budget exhausted; using q8 kernels (request=64.00 MiB cached=0.00 GiB free=0.89 GiB reserve=1.59 GiB total=31.86 GiB)
ds4: ROCm q8 fp16 cache budget exhausted; using q8 kernels (request=64.00 MiB cached=0.00 GiB free=0.89 GiB reserve=1.59 GiB total=31.86 GiB)
ds4: ROCm q8 fp16 cache budget exhausted; using q8 kernels (request=64.00 MiB cached=0.00 GiB free=0.89 GiB reserve=1.59 GiB total=31.86 GiB)
ds4: ROCm q8 fp16 cache budget exhausted; using q8 kernels (request=64.00 MiB cached=0.00 GiB free=0.89 GiB reserve=1.59 GiB total=31.86 GiB)
ds4: ROCm q8 fp16 cache budget exhausted; using q8 kernels (request=64.00 MiB cached=0.00 GiB free=0.89 GiB reserve=1.59 GiB total=31.86 GiB)
ds4: ROCm q8 fp16 cache budget exhausted; using q8 kernels (request=64.00 MiB cached=0.00 GiB free=0.89 GiB reserve=1.59 GiB total=31.86 GiB)
ds4: ROCm q8 fp16 cache budget exhausted; using q8 kernels (request=64.00 MiB cached=0.00 GiB free=0.89 GiB reserve=1.59 GiB total=31.86 GiB)
ds4: ROCm q8 fp16 cache budget exhausted; using q8 kernels (request=64.00 MiB cached=0.00 GiB free=0.89 GiB reserve=1.59 GiB total=31.86 GiB)
ds4: ROCm q8 fp16 cache budget exhausted; using q8 kernels (request=64.00 MiB cached=0.00 GiB free=0.89 GiB reserve=1.59 GiB total=31.86 GiB)
ds4: ROCm q8 fp16 cache budget exhausted; using q8 kernels (request=64.00 MiB cached=0.00 GiB free=0.89 GiB reserve=1.59 GiB total=31.86 GiB)
ds4: ROCm q8 fp16 cache budget exhausted; using q8 kernels (request=64.00 MiB cached=0.00 GiB free=0.89 GiB reserve=1.59 GiB total=31.86 GiB)
ds4: ROCm q8 fp16 cache budget exhausted; using q8 kernels (request=64.00 MiB cached=0.00 GiB free=0.89 GiB reserve=1.59 GiB total=31.86 GiB)
ds4: ROCm q8 fp16 cache budget exhausted; using q8 kernels (request=64.00 MiB cached=0.00 GiB free=0.89 GiB reserve=1.59 GiB total=31.86 GiB)
case_051 cases=52 prompt=21 target=24 avg_nll=0.250620 lcp=6 api_target_mae=0.250620 api_top_coverage=120/120 api_top1=0.917 api_topn=0.717 api_pair=0.979
ds4: ROCm q8 fp16 cache budget exhausted; using q8 kernels (request=64.00 MiB cached=0.00 GiB free=0.89 GiB reserve=1.59 GiB total=31.86 GiB)
ds4: ROCm q8 fp16 cache budget exhausted; using q8 kernels (request=64.00 MiB cached=0.00 GiB free=0.89 GiB reserve=1.59 GiB total=31.86 GiB)
ds4: ROCm q8 fp16 cache budget exhausted; using q8 kernels (request=64.00 MiB cached=0.00 GiB free=0.89 GiB reserve=1.59 GiB total=31.86 GiB)
ds4: ROCm q8 fp16 cache budget exhausted; using q8 kernels (request=64.00 MiB cached=0.00 GiB free=0.89 GiB reserve=1.59 GiB total=31.86 GiB)
ds4: ROCm q8 fp16 cache budget exhausted; using q8 kernels (request=64.00 MiB cached=0.00 GiB free=0.89 GiB reserve=1.59 GiB total=31.86 GiB)
ds4: ROCm q8 fp16 cache budget exhausted; using q8 kernels (request=64.00 MiB cached=0.00 GiB free=0.89 GiB reserve=1.59 GiB total=31.86 GiB)
ds4: ROCm q8 fp16 cache budget exhausted; using q8 kernels (request=64.00 MiB cached=0.00 GiB free=0.89 GiB reserve=1.59 GiB total=31.86 GiB)
ds4: ROCm q8 fp16 cache budget exhausted; using q8 kernels (request=64.00 MiB cached=0.00 GiB free=0.89 GiB reserve=1.59 GiB total=31.86 GiB)
ds4: ROCm q8 fp16 cache budget exhausted; using q8 kernels (request=64.00 MiB cached=0.00 GiB free=0.89 GiB reserve=1.59 GiB total=31.86 GiB)
ds4: ROCm q8 fp16 cache budget exhausted; using q8 kernels (request=64.00 MiB cached=0.00 GiB free=0.89 GiB reserve=1.59 GiB total=31.86 GiB)
ds4: ROCm q8 fp16 cache budget exhausted; using q8 kernels (request=64.00 MiB cached=0.00 GiB free=0.89 GiB reserve=1.59 GiB total=31.86 GiB)
ds4: ROCm q8 fp16 cache budget exhausted; using q8 kernels (request=64.00 MiB cached=0.00 GiB free=0.89 GiB reserve=1.59 GiB total=31.86 GiB)
ds4: ROCm q8 fp16 cache budget exhausted; using q8 kernels (request=64.00 MiB cached=0.00 GiB free=0.89 GiB reserve=1.59 GiB total=31.86 GiB)
ds4: ROCm q8 fp16 cache budget exhausted; using q8 kernels (request=64.00 MiB cached=0.00 GiB free=0.89 GiB reserve=1.59 GiB total=31.86 GiB)
ds4: ROCm q8 fp16 cache budget exhausted; using q8 kernels (request=64.00 MiB cached=0.00 GiB free=0.89 GiB reserve=1.59 GiB total=31.86 GiB)
ds4: ROCm q8 fp16 cache budget exhausted; using q8 kernels (request=64.00 MiB cached=0.00 GiB free=0.89 GiB reserve=1.59 GiB total=31.86 GiB)
ds4: ROCm q8 fp16 cache budget exhausted; using q8 kernels (request=64.00 MiB cached=0.00 GiB free=0.89 GiB reserve=1.59 GiB total=31.86 GiB)
ds4: ROCm q8 fp16 cache budget exhausted; using q8 kernels (request=64.00 MiB cached=0.00 GiB free=0.89 GiB reserve=1.59 GiB total=31.86 GiB)
ds4: ROCm q8 fp16 cache budget exhausted; using q8 kernels (request=64.00 MiB cached=0.00 GiB free=0.89 GiB reserve=1.59 GiB total=31.86 GiB)
ds4: ROCm q8 fp16 cache budget exhausted; using q8 kernels (request=64.00 MiB cached=0.00 GiB free=0.89 GiB reserve=1.59 GiB total=31.86 GiB)
ds4: ROCm q8 fp16 cache budget exhausted; using q8 kernels (request=64.00 MiB cached=0.00 GiB free=0.89 GiB reserve=1.59 GiB total=31.86 GiB)
ds4: ROCm q8 fp16 cache budget exhausted; using q8 kernels (request=64.00 MiB cached=0.00 GiB free=0.89 GiB reserve=1.59 GiB total=31.86 GiB)
ds4: ROCm q8 fp16 cache budget exhausted; using q8 kernels (request=64.00 MiB cached=0.00 GiB free=0.89 GiB reserve=1.59 GiB total=31.86 GiB)
ds4: ROCm q8 fp16 cache budget exhausted; using q8 kernels (request=64.00 MiB cached=0.00 GiB free=0.89 GiB reserve=1.59 GiB total=31.86 GiB)
ds4: ROCm q8 fp16 cache budget exhausted; using q8 kernels (request=64.00 MiB cached=0.00 GiB free=0.89 GiB reserve=1.59 GiB total=31.86 GiB)
ds4: ROCm q8 fp16 cache budget exhausted; using q8 kernels (request=64.00 MiB cached=0.00 GiB free=0.89 GiB reserve=1.59 GiB total=31.86 GiB)
ds4: ROCm q8 fp16 cache budget exhausted; using q8 kernels (request=64.00 MiB cached=0.00 GiB free=0.89 GiB reserve=1.59 GiB total=31.86 GiB)
ds4: ROCm q8 fp16 cache budget exhausted; using q8 kernels (request=64.00 MiB cached=0.00 GiB free=0.89 GiB reserve=1.59 GiB total=31.86 GiB)
ds4: ROCm q8 fp16 cache budget exhausted; using q8 kernels (request=64.00 MiB cached=0.00 GiB free=0.89 GiB reserve=1.59 GiB total=31.86 GiB)
ds4: ROCm q8 fp16 cache budget exhausted; using q8 kernels (request=64.00 MiB cached=0.00 GiB free=0.89 GiB reserve=1.59 GiB total=31.86 GiB)
ds4: ROCm q8 fp16 cache budget exhausted; using q8 kernels (request=64.00 MiB cached=0.00 GiB free=0.89 GiB reserve=1.59 GiB total=31.86 GiB)
ds4: ROCm q8 fp16 cache budget exhausted; using q8 kernels (request=64.00 MiB cached=0.00 GiB free=0.89 GiB reserve=1.59 GiB total=31.86 GiB)
ds4: ROCm q8 fp16 cache budget exhausted; using q8 kernels (request=64.00 MiB cached=0.00 GiB free=0.89 GiB reserve=1.59 GiB total=31.86 GiB)
ds4: ROCm q8 fp16 cache budget exhausted; using q8 kernels (request=64.00 MiB cached=0.00 GiB free=0.89 GiB reserve=1.59 GiB total=31.86 GiB)
ds4: ROCm q8 fp16 cache budget exhausted; using q8 kernels (request=64.00 MiB cached=0.00 GiB free=0.89 GiB reserve=1.59 GiB total=31.86 GiB)
ds4: ROCm q8 fp16 cache budget exhausted; using q8 kernels (request=64.00 MiB cached=0.00 GiB free=0.89 GiB reserve=1.59 GiB total=31.86 GiB)
ds4: ROCm q8 fp16 cache budget exhausted; using q8 kernels (request=64.00 MiB cached=0.00 GiB free=0.89 GiB reserve=1.59 GiB total=31.86 GiB)
ds4: ROCm q8 fp16 cache budget exhausted; using q8 kernels (request=64.00 MiB cached=0.00 GiB free=0.89 GiB reserve=1.59 GiB total=31.86 GiB)
ds4: ROCm q8 fp16 cache budget exhausted; using q8 kernels (request=64.00 MiB cached=0.00 GiB free=0.89 GiB reserve=1.59 GiB total=31.86 GiB)
ds4: ROCm q8 fp16 cache budget exhausted; using q8 kernels (request=64.00 MiB cached=0.00 GiB free=0.89 GiB reserve=1.59 GiB total=31.86 GiB)
ds4: ROCm q8 fp16 cache budget exhausted; using q8 kernels (request=64.00 MiB cached=0.00 GiB free=0.89 GiB reserve=1.59 GiB total=31.86 GiB)
ds4: ROCm q8 fp16 cache budget exhausted; using q8 kernels (request=64.00 MiB cached=0.00 GiB free=0.89 GiB reserve=1.59 GiB total=31.86 GiB)
ds4: ROCm q8 fp16 cache budget exhausted; using q8 kernels (request=64.00 MiB cached=0.00 GiB free=0.89 GiB reserve=1.59 GiB total=31.86 GiB)
case_052 cases=53 prompt=19 target=24 avg_nll=0.548971 lcp=0 api_target_mae=0.548971 api_top_coverage=119/120 api_top1=0.625 api_topn=0.807 api_pair=0.908
ds4: ROCm q8 fp16 cache budget exhausted; using q8 kernels (request=64.00 MiB cached=0.00 GiB free=0.89 GiB reserve=1.59 GiB total=31.86 GiB)
ds4: ROCm q8 fp16 cache budget exhausted; using q8 kernels (request=64.00 MiB cached=0.00 GiB free=0.89 GiB reserve=1.59 GiB total=31.86 GiB)
ds4: ROCm q8 fp16 cache budget exhausted; using q8 kernels (request=64.00 MiB cached=0.00 GiB free=0.89 GiB reserve=1.59 GiB total=31.86 GiB)
ds4: ROCm q8 fp16 cache budget exhausted; using q8 kernels (request=64.00 MiB cached=0.00 GiB free=0.89 GiB reserve=1.59 GiB total=31.86 GiB)
ds4: ROCm q8 fp16 cache budget exhausted; using q8 kernels (request=64.00 MiB cached=0.00 GiB free=0.89 GiB reserve=1.59 GiB total=31.86 GiB)
ds4: ROCm q8 fp16 cache budget exhausted; using q8 kernels (request=64.00 MiB cached=0.00 GiB free=0.89 GiB reserve=1.59 GiB total=31.86 GiB)
ds4: ROCm q8 fp16 cache budget exhausted; using q8 kernels (request=64.00 MiB cached=0.00 GiB free=0.89 GiB reserve=1.59 GiB total=31.86 GiB)
ds4: ROCm q8 fp16 cache budget exhausted; using q8 kernels (request=64.00 MiB cached=0.00 GiB free=0.89 GiB reserve=1.59 GiB total=31.86 GiB)
ds4: ROCm q8 fp16 cache budget exhausted; using q8 kernels (request=64.00 MiB cached=0.00 GiB free=0.89 GiB reserve=1.59 GiB total=31.86 GiB)
ds4: ROCm q8 fp16 cache budget exhausted; using q8 kernels (request=64.00 MiB cached=0.00 GiB free=0.89 GiB reserve=1.59 GiB total=31.86 GiB)
ds4: ROCm q8 fp16 cache budget exhausted; using q8 kernels (request=64.00 MiB cached=0.00 GiB free=0.89 GiB reserve=1.59 GiB total=31.86 GiB)
ds4: ROCm q8 fp16 cache budget exhausted; using q8 kernels (request=64.00 MiB cached=0.00 GiB free=0.89 GiB reserve=1.59 GiB total=31.86 GiB)
ds4: ROCm q8 fp16 cache budget exhausted; using q8 kernels (request=64.00 MiB cached=0.00 GiB free=0.89 GiB reserve=1.59 GiB total=31.86 GiB)
ds4: ROCm q8 fp16 cache budget exhausted; using q8 kernels (request=64.00 MiB cached=0.00 GiB free=0.89 GiB reserve=1.59 GiB total=31.86 GiB)
ds4: ROCm q8 fp16 cache budget exhausted; using q8 kernels (request=64.00 MiB cached=0.00 GiB free=0.89 GiB reserve=1.59 GiB total=31.86 GiB)
ds4: ROCm q8 fp16 cache budget exhausted; using q8 kernels (request=64.00 MiB cached=0.00 GiB free=0.89 GiB reserve=1.59 GiB total=31.86 GiB)
ds4: ROCm q8 fp16 cache budget exhausted; using q8 kernels (request=64.00 MiB cached=0.00 GiB free=0.89 GiB reserve=1.59 GiB total=31.86 GiB)
ds4: ROCm q8 fp16 cache budget exhausted; using q8 kernels (request=64.00 MiB cached=0.00 GiB free=0.89 GiB reserve=1.59 GiB total=31.86 GiB)
ds4: ROCm q8 fp16 cache budget exhausted; using q8 kernels (request=64.00 MiB cached=0.00 GiB free=0.89 GiB reserve=1.59 GiB total=31.86 GiB)
ds4: ROCm q8 fp16 cache budget exhausted; using q8 kernels (request=64.00 MiB cached=0.00 GiB free=0.89 GiB reserve=1.59 GiB total=31.86 GiB)
ds4: ROCm q8 fp16 cache budget exhausted; using q8 kernels (request=64.00 MiB cached=0.00 GiB free=0.89 GiB reserve=1.59 GiB total=31.86 GiB)
ds4: ROCm q8 fp16 cache budget exhausted; using q8 kernels (request=64.00 MiB cached=0.00 GiB free=0.89 GiB reserve=1.59 GiB total=31.86 GiB)
ds4: ROCm q8 fp16 cache budget exhausted; using q8 kernels (request=64.00 MiB cached=0.00 GiB free=0.89 GiB reserve=1.59 GiB total=31.86 GiB)
ds4: ROCm q8 fp16 cache budget exhausted; using q8 kernels (request=64.00 MiB cached=0.00 GiB free=0.89 GiB reserve=1.59 GiB total=31.86 GiB)
ds4: ROCm q8 fp16 cache budget exhausted; using q8 kernels (request=64.00 MiB cached=0.00 GiB free=0.89 GiB reserve=1.59 GiB total=31.86 GiB)
ds4: ROCm q8 fp16 cache budget exhausted; using q8 kernels (request=64.00 MiB cached=0.00 GiB free=0.89 GiB reserve=1.59 GiB total=31.86 GiB)
ds4: ROCm q8 fp16 cache budget exhausted; using q8 kernels (request=64.00 MiB cached=0.00 GiB free=0.89 GiB reserve=1.59 GiB total=31.86 GiB)
ds4: ROCm q8 fp16 cache budget exhausted; using q8 kernels (request=64.00 MiB cached=0.00 GiB free=0.89 GiB reserve=1.59 GiB total=31.86 GiB)
ds4: ROCm q8 fp16 cache budget exhausted; using q8 kernels (request=64.00 MiB cached=0.00 GiB free=0.89 GiB reserve=1.59 GiB total=31.86 GiB)
ds4: ROCm q8 fp16 cache budget exhausted; using q8 kernels (request=64.00 MiB cached=0.00 GiB free=0.89 GiB reserve=1.59 GiB total=31.86 GiB)
ds4: ROCm q8 fp16 cache budget exhausted; using q8 kernels (request=64.00 MiB cached=0.00 GiB free=0.89 GiB reserve=1.59 GiB total=31.86 GiB)
ds4: ROCm q8 fp16 cache budget exhausted; using q8 kernels (request=64.00 MiB cached=0.00 GiB free=0.89 GiB reserve=1.59 GiB total=31.86 GiB)
ds4: ROCm q8 fp16 cache budget exhausted; using q8 kernels (request=64.00 MiB cached=0.00 GiB free=0.89 GiB reserve=1.59 GiB total=31.86 GiB)
ds4: ROCm q8 fp16 cache budget exhausted; using q8 kernels (request=64.00 MiB cached=0.00 GiB free=0.89 GiB reserve=1.59 GiB total=31.86 GiB)
ds4: ROCm q8 fp16 cache budget exhausted; using q8 kernels (request=64.00 MiB cached=0.00 GiB free=0.89 GiB reserve=1.59 GiB total=31.86 GiB)
ds4: ROCm q8 fp16 cache budget exhausted; using q8 kernels (request=64.00 MiB cached=0.00 GiB free=0.89 GiB reserve=1.59 GiB total=31.86 GiB)
ds4: ROCm q8 fp16 cache budget exhausted; using q8 kernels (request=64.00 MiB cached=0.00 GiB free=0.89 GiB reserve=1.59 GiB total=31.86 GiB)
ds4: ROCm q8 fp16 cache budget exhausted; using q8 kernels (request=64.00 MiB cached=0.00 GiB free=0.89 GiB reserve=1.59 GiB total=31.86 GiB)
ds4: ROCm q8 fp16 cache budget exhausted; using q8 kernels (request=64.00 MiB cached=0.00 GiB free=0.89 GiB reserve=1.59 GiB total=31.86 GiB)
ds4: ROCm q8 fp16 cache budget exhausted; using q8 kernels (request=64.00 MiB cached=0.00 GiB free=0.89 GiB reserve=1.59 GiB total=31.86 GiB)
ds4: ROCm q8 fp16 cache budget exhausted; using q8 kernels (request=64.00 MiB cached=0.00 GiB free=0.89 GiB reserve=1.59 GiB total=31.86 GiB)
ds4: ROCm q8 fp16 cache budget exhausted; using q8 kernels (request=64.00 MiB cached=0.00 GiB free=0.89 GiB reserve=1.59 GiB total=31.86 GiB)
ds4: ROCm q8 fp16 cache budget exhausted; using q8 kernels (request=64.00 MiB cached=0.00 GiB free=0.89 GiB reserve=1.59 GiB total=31.86 GiB)
case_053 cases=54 prompt=22 target=24 avg_nll=0.216321 lcp=11 api_target_mae=0.216321 api_top_coverage=120/120 api_top1=0.917 api_topn=0.775 api_pair=0.979
ds4: ROCm q8 fp16 cache budget exhausted; using q8 kernels (request=64.00 MiB cached=0.00 GiB free=0.89 GiB reserve=1.59 GiB total=31.86 GiB)
ds4: ROCm q8 fp16 cache budget exhausted; using q8 kernels (request=64.00 MiB cached=0.00 GiB free=0.89 GiB reserve=1.59 GiB total=31.86 GiB)
ds4: ROCm q8 fp16 cache budget exhausted; using q8 kernels (request=64.00 MiB cached=0.00 GiB free=0.89 GiB reserve=1.59 GiB total=31.86 GiB)
ds4: ROCm q8 fp16 cache budget exhausted; using q8 kernels (request=64.00 MiB cached=0.00 GiB free=0.89 GiB reserve=1.59 GiB total=31.86 GiB)
ds4: ROCm q8 fp16 cache budget exhausted; using q8 kernels (request=64.00 MiB cached=0.00 GiB free=0.89 GiB reserve=1.59 GiB total=31.86 GiB)
ds4: ROCm q8 fp16 cache budget exhausted; using q8 kernels (request=64.00 MiB cached=0.00 GiB free=0.89 GiB reserve=1.59 GiB total=31.86 GiB)
ds4: ROCm q8 fp16 cache budget exhausted; using q8 kernels (request=64.00 MiB cached=0.00 GiB free=0.89 GiB reserve=1.59 GiB total=31.86 GiB)
ds4: ROCm q8 fp16 cache budget exhausted; using q8 kernels (request=64.00 MiB cached=0.00 GiB free=0.89 GiB reserve=1.59 GiB total=31.86 GiB)
ds4: ROCm q8 fp16 cache budget exhausted; using q8 kernels (request=64.00 MiB cached=0.00 GiB free=0.89 GiB reserve=1.59 GiB total=31.86 GiB)
ds4: ROCm q8 fp16 cache budget exhausted; using q8 kernels (request=64.00 MiB cached=0.00 GiB free=0.89 GiB reserve=1.59 GiB total=31.86 GiB)
ds4: ROCm q8 fp16 cache budget exhausted; using q8 kernels (request=64.00 MiB cached=0.00 GiB free=0.89 GiB reserve=1.59 GiB total=31.86 GiB)
ds4: ROCm q8 fp16 cache budget exhausted; using q8 kernels (request=64.00 MiB cached=0.00 GiB free=0.89 GiB reserve=1.59 GiB total=31.86 GiB)
ds4: ROCm q8 fp16 cache budget exhausted; using q8 kernels (request=64.00 MiB cached=0.00 GiB free=0.89 GiB reserve=1.59 GiB total=31.86 GiB)
ds4: ROCm q8 fp16 cache budget exhausted; using q8 kernels (request=64.00 MiB cached=0.00 GiB free=0.89 GiB reserve=1.59 GiB total=31.86 GiB)
ds4: ROCm q8 fp16 cache budget exhausted; using q8 kernels (request=64.00 MiB cached=0.00 GiB free=0.89 GiB reserve=1.59 GiB total=31.86 GiB)
ds4: ROCm q8 fp16 cache budget exhausted; using q8 kernels (request=64.00 MiB cached=0.00 GiB free=0.89 GiB reserve=1.59 GiB total=31.86 GiB)
ds4: ROCm q8 fp16 cache budget exhausted; using q8 kernels (request=64.00 MiB cached=0.00 GiB free=0.89 GiB reserve=1.59 GiB total=31.86 GiB)
ds4: ROCm q8 fp16 cache budget exhausted; using q8 kernels (request=64.00 MiB cached=0.00 GiB free=0.89 GiB reserve=1.59 GiB total=31.86 GiB)
ds4: ROCm q8 fp16 cache budget exhausted; using q8 kernels (request=64.00 MiB cached=0.00 GiB free=0.89 GiB reserve=1.59 GiB total=31.86 GiB)
ds4: ROCm q8 fp16 cache budget exhausted; using q8 kernels (request=64.00 MiB cached=0.00 GiB free=0.89 GiB reserve=1.59 GiB total=31.86 GiB)
ds4: ROCm q8 fp16 cache budget exhausted; using q8 kernels (request=64.00 MiB cached=0.00 GiB free=0.89 GiB reserve=1.59 GiB total=31.86 GiB)
ds4: ROCm q8 fp16 cache budget exhausted; using q8 kernels (request=64.00 MiB cached=0.00 GiB free=0.89 GiB reserve=1.59 GiB total=31.86 GiB)
ds4: ROCm q8 fp16 cache budget exhausted; using q8 kernels (request=64.00 MiB cached=0.00 GiB free=0.89 GiB reserve=1.59 GiB total=31.86 GiB)
ds4: ROCm q8 fp16 cache budget exhausted; using q8 kernels (request=64.00 MiB cached=0.00 GiB free=0.89 GiB reserve=1.59 GiB total=31.86 GiB)
ds4: ROCm q8 fp16 cache budget exhausted; using q8 kernels (request=64.00 MiB cached=0.00 GiB free=0.89 GiB reserve=1.59 GiB total=31.86 GiB)
ds4: ROCm q8 fp16 cache budget exhausted; using q8 kernels (request=64.00 MiB cached=0.00 GiB free=0.89 GiB reserve=1.59 GiB total=31.86 GiB)
ds4: ROCm q8 fp16 cache budget exhausted; using q8 kernels (request=64.00 MiB cached=0.00 GiB free=0.89 GiB reserve=1.59 GiB total=31.86 GiB)
ds4: ROCm q8 fp16 cache budget exhausted; using q8 kernels (request=64.00 MiB cached=0.00 GiB free=0.89 GiB reserve=1.59 GiB total=31.86 GiB)
ds4: ROCm q8 fp16 cache budget exhausted; using q8 kernels (request=64.00 MiB cached=0.00 GiB free=0.89 GiB reserve=1.59 GiB total=31.86 GiB)
ds4: ROCm q8 fp16 cache budget exhausted; using q8 kernels (request=64.00 MiB cached=0.00 GiB free=0.89 GiB reserve=1.59 GiB total=31.86 GiB)
ds4: ROCm q8 fp16 cache budget exhausted; using q8 kernels (request=64.00 MiB cached=0.00 GiB free=0.89 GiB reserve=1.59 GiB total=31.86 GiB)
ds4: ROCm q8 fp16 cache budget exhausted; using q8 kernels (request=64.00 MiB cached=0.00 GiB free=0.89 GiB reserve=1.59 GiB total=31.86 GiB)
ds4: ROCm q8 fp16 cache budget exhausted; using q8 kernels (request=64.00 MiB cached=0.00 GiB free=0.89 GiB reserve=1.59 GiB total=31.86 GiB)
ds4: ROCm q8 fp16 cache budget exhausted; using q8 kernels (request=64.00 MiB cached=0.00 GiB free=0.89 GiB reserve=1.59 GiB total=31.86 GiB)
ds4: ROCm q8 fp16 cache budget exhausted; using q8 kernels (request=64.00 MiB cached=0.00 GiB free=0.89 GiB reserve=1.59 GiB total=31.86 GiB)
ds4: ROCm q8 fp16 cache budget exhausted; using q8 kernels (request=64.00 MiB cached=0.00 GiB free=0.89 GiB reserve=1.59 GiB total=31.86 GiB)
ds4: ROCm q8 fp16 cache budget exhausted; using q8 kernels (request=64.00 MiB cached=0.00 GiB free=0.89 GiB reserve=1.59 GiB total=31.86 GiB)
ds4: ROCm q8 fp16 cache budget exhausted; using q8 kernels (request=64.00 MiB cached=0.00 GiB free=0.89 GiB reserve=1.59 GiB total=31.86 GiB)
ds4: ROCm q8 fp16 cache budget exhausted; using q8 kernels (request=64.00 MiB cached=0.00 GiB free=0.89 GiB reserve=1.59 GiB total=31.86 GiB)
ds4: ROCm q8 fp16 cache budget exhausted; using q8 kernels (request=64.00 MiB cached=0.00 GiB free=0.89 GiB reserve=1.59 GiB total=31.86 GiB)
ds4: ROCm q8 fp16 cache budget exhausted; using q8 kernels (request=64.00 MiB cached=0.00 GiB free=0.89 GiB reserve=1.59 GiB total=31.86 GiB)
ds4: ROCm q8 fp16 cache budget exhausted; using q8 kernels (request=64.00 MiB cached=0.00 GiB free=0.89 GiB reserve=1.59 GiB total=31.86 GiB)
ds4: ROCm q8 fp16 cache budget exhausted; using q8 kernels (request=64.00 MiB cached=0.00 GiB free=0.89 GiB reserve=1.59 GiB total=31.86 GiB)
case_054 cases=55 prompt=24 target=24 avg_nll=0.077759 lcp=24 api_target_mae=0.077759 api_top_coverage=96/120 api_top1=1.000 api_topn=0.250 api_pair=1.000
ds4: ROCm q8 fp16 cache budget exhausted; using q8 kernels (request=64.00 MiB cached=0.00 GiB free=0.89 GiB reserve=1.59 GiB total=31.86 GiB)
ds4: ROCm q8 fp16 cache budget exhausted; using q8 kernels (request=64.00 MiB cached=0.00 GiB free=0.89 GiB reserve=1.59 GiB total=31.86 GiB)
ds4: ROCm q8 fp16 cache budget exhausted; using q8 kernels (request=64.00 MiB cached=0.00 GiB free=0.89 GiB reserve=1.59 GiB total=31.86 GiB)
ds4: ROCm q8 fp16 cache budget exhausted; using q8 kernels (request=64.00 MiB cached=0.00 GiB free=0.89 GiB reserve=1.59 GiB total=31.86 GiB)
ds4: ROCm q8 fp16 cache budget exhausted; using q8 kernels (request=64.00 MiB cached=0.00 GiB free=0.89 GiB reserve=1.59 GiB total=31.86 GiB)
ds4: ROCm q8 fp16 cache budget exhausted; using q8 kernels (request=64.00 MiB cached=0.00 GiB free=0.89 GiB reserve=1.59 GiB total=31.86 GiB)
ds4: ROCm q8 fp16 cache budget exhausted; using q8 kernels (request=64.00 MiB cached=0.00 GiB free=0.89 GiB reserve=1.59 GiB total=31.86 GiB)
ds4: ROCm q8 fp16 cache budget exhausted; using q8 kernels (request=64.00 MiB cached=0.00 GiB free=0.89 GiB reserve=1.59 GiB total=31.86 GiB)
ds4: ROCm q8 fp16 cache budget exhausted; using q8 kernels (request=64.00 MiB cached=0.00 GiB free=0.89 GiB reserve=1.59 GiB total=31.86 GiB)
ds4: ROCm q8 fp16 cache budget exhausted; using q8 kernels (request=64.00 MiB cached=0.00 GiB free=0.89 GiB reserve=1.59 GiB total=31.86 GiB)
ds4: ROCm q8 fp16 cache budget exhausted; using q8 kernels (request=64.00 MiB cached=0.00 GiB free=0.89 GiB reserve=1.59 GiB total=31.86 GiB)
ds4: ROCm q8 fp16 cache budget exhausted; using q8 kernels (request=64.00 MiB cached=0.00 GiB free=0.89 GiB reserve=1.59 GiB total=31.86 GiB)
ds4: ROCm q8 fp16 cache budget exhausted; using q8 kernels (request=64.00 MiB cached=0.00 GiB free=0.89 GiB reserve=1.59 GiB total=31.86 GiB)
ds4: ROCm q8 fp16 cache budget exhausted; using q8 kernels (request=64.00 MiB cached=0.00 GiB free=0.89 GiB reserve=1.59 GiB total=31.86 GiB)
ds4: ROCm q8 fp16 cache budget exhausted; using q8 kernels (request=64.00 MiB cached=0.00 GiB free=0.89 GiB reserve=1.59 GiB total=31.86 GiB)
ds4: ROCm q8 fp16 cache budget exhausted; using q8 kernels (request=64.00 MiB cached=0.00 GiB free=0.89 GiB reserve=1.59 GiB total=31.86 GiB)
ds4: ROCm q8 fp16 cache budget exhausted; using q8 kernels (request=64.00 MiB cached=0.00 GiB free=0.89 GiB reserve=1.59 GiB total=31.86 GiB)
ds4: ROCm q8 fp16 cache budget exhausted; using q8 kernels (request=64.00 MiB cached=0.00 GiB free=0.89 GiB reserve=1.59 GiB total=31.86 GiB)
ds4: ROCm q8 fp16 cache budget exhausted; using q8 kernels (request=64.00 MiB cached=0.00 GiB free=0.89 GiB reserve=1.59 GiB total=31.86 GiB)
ds4: ROCm q8 fp16 cache budget exhausted; using q8 kernels (request=64.00 MiB cached=0.00 GiB free=0.89 GiB reserve=1.59 GiB total=31.86 GiB)
ds4: ROCm q8 fp16 cache budget exhausted; using q8 kernels (request=64.00 MiB cached=0.00 GiB free=0.89 GiB reserve=1.59 GiB total=31.86 GiB)
ds4: ROCm q8 fp16 cache budget exhausted; using q8 kernels (request=64.00 MiB cached=0.00 GiB free=0.89 GiB reserve=1.59 GiB total=31.86 GiB)
ds4: ROCm q8 fp16 cache budget exhausted; using q8 kernels (request=64.00 MiB cached=0.00 GiB free=0.89 GiB reserve=1.59 GiB total=31.86 GiB)
ds4: ROCm q8 fp16 cache budget exhausted; using q8 kernels (request=64.00 MiB cached=0.00 GiB free=0.89 GiB reserve=1.59 GiB total=31.86 GiB)
ds4: ROCm q8 fp16 cache budget exhausted; using q8 kernels (request=64.00 MiB cached=0.00 GiB free=0.89 GiB reserve=1.59 GiB total=31.86 GiB)
ds4: ROCm q8 fp16 cache budget exhausted; using q8 kernels (request=64.00 MiB cached=0.00 GiB free=0.89 GiB reserve=1.59 GiB total=31.86 GiB)
ds4: ROCm q8 fp16 cache budget exhausted; using q8 kernels (request=64.00 MiB cached=0.00 GiB free=0.89 GiB reserve=1.59 GiB total=31.86 GiB)
ds4: ROCm q8 fp16 cache budget exhausted; using q8 kernels (request=64.00 MiB cached=0.00 GiB free=0.89 GiB reserve=1.59 GiB total=31.86 GiB)
ds4: ROCm q8 fp16 cache budget exhausted; using q8 kernels (request=64.00 MiB cached=0.00 GiB free=0.89 GiB reserve=1.59 GiB total=31.86 GiB)
ds4: ROCm q8 fp16 cache budget exhausted; using q8 kernels (request=64.00 MiB cached=0.00 GiB free=0.89 GiB reserve=1.59 GiB total=31.86 GiB)
ds4: ROCm q8 fp16 cache budget exhausted; using q8 kernels (request=64.00 MiB cached=0.00 GiB free=0.89 GiB reserve=1.59 GiB total=31.86 GiB)
ds4: ROCm q8 fp16 cache budget exhausted; using q8 kernels (request=64.00 MiB cached=0.00 GiB free=0.89 GiB reserve=1.59 GiB total=31.86 GiB)
ds4: ROCm q8 fp16 cache budget exhausted; using q8 kernels (request=64.00 MiB cached=0.00 GiB free=0.89 GiB reserve=1.59 GiB total=31.86 GiB)
ds4: ROCm q8 fp16 cache budget exhausted; using q8 kernels (request=64.00 MiB cached=0.00 GiB free=0.89 GiB reserve=1.59 GiB total=31.86 GiB)
ds4: ROCm q8 fp16 cache budget exhausted; using q8 kernels (request=64.00 MiB cached=0.00 GiB free=0.89 GiB reserve=1.59 GiB total=31.86 GiB)
ds4: ROCm q8 fp16 cache budget exhausted; using q8 kernels (request=64.00 MiB cached=0.00 GiB free=0.89 GiB reserve=1.59 GiB total=31.86 GiB)
ds4: ROCm q8 fp16 cache budget exhausted; using q8 kernels (request=64.00 MiB cached=0.00 GiB free=0.89 GiB reserve=1.59 GiB total=31.86 GiB)
ds4: ROCm q8 fp16 cache budget exhausted; using q8 kernels (request=64.00 MiB cached=0.00 GiB free=0.89 GiB reserve=1.59 GiB total=31.86 GiB)
ds4: ROCm q8 fp16 cache budget exhausted; using q8 kernels (request=64.00 MiB cached=0.00 GiB free=0.89 GiB reserve=1.59 GiB total=31.86 GiB)
ds4: ROCm q8 fp16 cache budget exhausted; using q8 kernels (request=64.00 MiB cached=0.00 GiB free=0.89 GiB reserve=1.59 GiB total=31.86 GiB)
ds4: ROCm q8 fp16 cache budget exhausted; using q8 kernels (request=64.00 MiB cached=0.00 GiB free=0.89 GiB reserve=1.59 GiB total=31.86 GiB)
ds4: ROCm q8 fp16 cache budget exhausted; using q8 kernels (request=64.00 MiB cached=0.00 GiB free=0.89 GiB reserve=1.59 GiB total=31.86 GiB)
ds4: ROCm q8 fp16 cache budget exhausted; using q8 kernels (request=64.00 MiB cached=0.00 GiB free=0.89 GiB reserve=1.59 GiB total=31.86 GiB)
case_055 cases=56 prompt=25 target=24 avg_nll=1.050277 lcp=0 api_target_mae=1.050277 api_top_coverage=96/120 api_top1=0.708 api_topn=0.250 api_pair=0.986
ds4: ROCm q8 fp16 cache budget exhausted; using q8 kernels (request=64.00 MiB cached=0.00 GiB free=0.89 GiB reserve=1.59 GiB total=31.86 GiB)
ds4: ROCm q8 fp16 cache budget exhausted; using q8 kernels (request=64.00 MiB cached=0.00 GiB free=0.89 GiB reserve=1.59 GiB total=31.86 GiB)
ds4: ROCm q8 fp16 cache budget exhausted; using q8 kernels (request=64.00 MiB cached=0.00 GiB free=0.89 GiB reserve=1.59 GiB total=31.86 GiB)
ds4: ROCm q8 fp16 cache budget exhausted; using q8 kernels (request=64.00 MiB cached=0.00 GiB free=0.89 GiB reserve=1.59 GiB total=31.86 GiB)
ds4: ROCm q8 fp16 cache budget exhausted; using q8 kernels (request=64.00 MiB cached=0.00 GiB free=0.89 GiB reserve=1.59 GiB total=31.86 GiB)
ds4: ROCm q8 fp16 cache budget exhausted; using q8 kernels (request=64.00 MiB cached=0.00 GiB free=0.89 GiB reserve=1.59 GiB total=31.86 GiB)
ds4: ROCm q8 fp16 cache budget exhausted; using q8 kernels (request=64.00 MiB cached=0.00 GiB free=0.89 GiB reserve=1.59 GiB total=31.86 GiB)
ds4: ROCm q8 fp16 cache budget exhausted; using q8 kernels (request=64.00 MiB cached=0.00 GiB free=0.89 GiB reserve=1.59 GiB total=31.86 GiB)
ds4: ROCm q8 fp16 cache budget exhausted; using q8 kernels (request=64.00 MiB cached=0.00 GiB free=0.89 GiB reserve=1.59 GiB total=31.86 GiB)
ds4: ROCm q8 fp16 cache budget exhausted; using q8 kernels (request=64.00 MiB cached=0.00 GiB free=0.89 GiB reserve=1.59 GiB total=31.86 GiB)
ds4: ROCm q8 fp16 cache budget exhausted; using q8 kernels (request=64.00 MiB cached=0.00 GiB free=0.89 GiB reserve=1.59 GiB total=31.86 GiB)
ds4: ROCm q8 fp16 cache budget exhausted; using q8 kernels (request=64.00 MiB cached=0.00 GiB free=0.89 GiB reserve=1.59 GiB total=31.86 GiB)
ds4: ROCm q8 fp16 cache budget exhausted; using q8 kernels (request=64.00 MiB cached=0.00 GiB free=0.89 GiB reserve=1.59 GiB total=31.86 GiB)
ds4: ROCm q8 fp16 cache budget exhausted; using q8 kernels (request=64.00 MiB cached=0.00 GiB free=0.89 GiB reserve=1.59 GiB total=31.86 GiB)
ds4: ROCm q8 fp16 cache budget exhausted; using q8 kernels (request=64.00 MiB cached=0.00 GiB free=0.89 GiB reserve=1.59 GiB total=31.86 GiB)
ds4: ROCm q8 fp16 cache budget exhausted; using q8 kernels (request=64.00 MiB cached=0.00 GiB free=0.89 GiB reserve=1.59 GiB total=31.86 GiB)
ds4: ROCm q8 fp16 cache budget exhausted; using q8 kernels (request=64.00 MiB cached=0.00 GiB free=0.89 GiB reserve=1.59 GiB total=31.86 GiB)
ds4: ROCm q8 fp16 cache budget exhausted; using q8 kernels (request=64.00 MiB cached=0.00 GiB free=0.89 GiB reserve=1.59 GiB total=31.86 GiB)
ds4: ROCm q8 fp16 cache budget exhausted; using q8 kernels (request=64.00 MiB cached=0.00 GiB free=0.89 GiB reserve=1.59 GiB total=31.86 GiB)
ds4: ROCm q8 fp16 cache budget exhausted; using q8 kernels (request=64.00 MiB cached=0.00 GiB free=0.89 GiB reserve=1.59 GiB total=31.86 GiB)
ds4: ROCm q8 fp16 cache budget exhausted; using q8 kernels (request=64.00 MiB cached=0.00 GiB free=0.89 GiB reserve=1.59 GiB total=31.86 GiB)
ds4: ROCm q8 fp16 cache budget exhausted; using q8 kernels (request=64.00 MiB cached=0.00 GiB free=0.89 GiB reserve=1.59 GiB total=31.86 GiB)
ds4: ROCm q8 fp16 cache budget exhausted; using q8 kernels (request=64.00 MiB cached=0.00 GiB free=0.89 GiB reserve=1.59 GiB total=31.86 GiB)
ds4: ROCm q8 fp16 cache budget exhausted; using q8 kernels (request=64.00 MiB cached=0.00 GiB free=0.89 GiB reserve=1.59 GiB total=31.86 GiB)
ds4: ROCm q8 fp16 cache budget exhausted; using q8 kernels (request=64.00 MiB cached=0.00 GiB free=0.89 GiB reserve=1.59 GiB total=31.86 GiB)
ds4: ROCm q8 fp16 cache budget exhausted; using q8 kernels (request=64.00 MiB cached=0.00 GiB free=0.89 GiB reserve=1.59 GiB total=31.86 GiB)
ds4: ROCm q8 fp16 cache budget exhausted; using q8 kernels (request=64.00 MiB cached=0.00 GiB free=0.89 GiB reserve=1.59 GiB total=31.86 GiB)
ds4: ROCm q8 fp16 cache budget exhausted; using q8 kernels (request=64.00 MiB cached=0.00 GiB free=0.89 GiB reserve=1.59 GiB total=31.86 GiB)
ds4: ROCm q8 fp16 cache budget exhausted; using q8 kernels (request=64.00 MiB cached=0.00 GiB free=0.89 GiB reserve=1.59 GiB total=31.86 GiB)
ds4: ROCm q8 fp16 cache budget exhausted; using q8 kernels (request=64.00 MiB cached=0.00 GiB free=0.89 GiB reserve=1.59 GiB total=31.86 GiB)
ds4: ROCm q8 fp16 cache budget exhausted; using q8 kernels (request=64.00 MiB cached=0.00 GiB free=0.89 GiB reserve=1.59 GiB total=31.86 GiB)
ds4: ROCm q8 fp16 cache budget exhausted; using q8 kernels (request=64.00 MiB cached=0.00 GiB free=0.89 GiB reserve=1.59 GiB total=31.86 GiB)
ds4: ROCm q8 fp16 cache budget exhausted; using q8 kernels (request=64.00 MiB cached=0.00 GiB free=0.89 GiB reserve=1.59 GiB total=31.86 GiB)
ds4: ROCm q8 fp16 cache budget exhausted; using q8 kernels (request=64.00 MiB cached=0.00 GiB free=0.89 GiB reserve=1.59 GiB total=31.86 GiB)
ds4: ROCm q8 fp16 cache budget exhausted; using q8 kernels (request=64.00 MiB cached=0.00 GiB free=0.89 GiB reserve=1.59 GiB total=31.86 GiB)
ds4: ROCm q8 fp16 cache budget exhausted; using q8 kernels (request=64.00 MiB cached=0.00 GiB free=0.89 GiB reserve=1.59 GiB total=31.86 GiB)
ds4: ROCm q8 fp16 cache budget exhausted; using q8 kernels (request=64.00 MiB cached=0.00 GiB free=0.89 GiB reserve=1.59 GiB total=31.86 GiB)
ds4: ROCm q8 fp16 cache budget exhausted; using q8 kernels (request=64.00 MiB cached=0.00 GiB free=0.89 GiB reserve=1.59 GiB total=31.86 GiB)
ds4: ROCm q8 fp16 cache budget exhausted; using q8 kernels (request=64.00 MiB cached=0.00 GiB free=0.89 GiB reserve=1.59 GiB total=31.86 GiB)
ds4: ROCm q8 fp16 cache budget exhausted; using q8 kernels (request=64.00 MiB cached=0.00 GiB free=0.89 GiB reserve=1.59 GiB total=31.86 GiB)
ds4: ROCm q8 fp16 cache budget exhausted; using q8 kernels (request=64.00 MiB cached=0.00 GiB free=0.89 GiB reserve=1.59 GiB total=31.86 GiB)
ds4: ROCm q8 fp16 cache budget exhausted; using q8 kernels (request=64.00 MiB cached=0.00 GiB free=0.89 GiB reserve=1.59 GiB total=31.86 GiB)
ds4: ROCm q8 fp16 cache budget exhausted; using q8 kernels (request=64.00 MiB cached=0.00 GiB free=0.89 GiB reserve=1.59 GiB total=31.86 GiB)
case_056 cases=57 prompt=18 target=24 avg_nll=0.550149 lcp=0 api_target_mae=0.550149 api_top_coverage=97/120 api_top1=0.792 api_topn=0.237 api_pair=1.000
ds4: ROCm q8 fp16 cache budget exhausted; using q8 kernels (request=64.00 MiB cached=0.00 GiB free=0.89 GiB reserve=1.59 GiB total=31.86 GiB)
ds4: ROCm q8 fp16 cache budget exhausted; using q8 kernels (request=64.00 MiB cached=0.00 GiB free=0.89 GiB reserve=1.59 GiB total=31.86 GiB)
ds4: ROCm q8 fp16 cache budget exhausted; using q8 kernels (request=64.00 MiB cached=0.00 GiB free=0.89 GiB reserve=1.59 GiB total=31.86 GiB)
ds4: ROCm q8 fp16 cache budget exhausted; using q8 kernels (request=64.00 MiB cached=0.00 GiB free=0.89 GiB reserve=1.59 GiB total=31.86 GiB)
ds4: ROCm q8 fp16 cache budget exhausted; using q8 kernels (request=64.00 MiB cached=0.00 GiB free=0.89 GiB reserve=1.59 GiB total=31.86 GiB)
ds4: ROCm q8 fp16 cache budget exhausted; using q8 kernels (request=64.00 MiB cached=0.00 GiB free=0.89 GiB reserve=1.59 GiB total=31.86 GiB)
ds4: ROCm q8 fp16 cache budget exhausted; using q8 kernels (request=64.00 MiB cached=0.00 GiB free=0.89 GiB reserve=1.59 GiB total=31.86 GiB)
ds4: ROCm q8 fp16 cache budget exhausted; using q8 kernels (request=64.00 MiB cached=0.00 GiB free=0.89 GiB reserve=1.59 GiB total=31.86 GiB)
ds4: ROCm q8 fp16 cache budget exhausted; using q8 kernels (request=64.00 MiB cached=0.00 GiB free=0.89 GiB reserve=1.59 GiB total=31.86 GiB)
ds4: ROCm q8 fp16 cache budget exhausted; using q8 kernels (request=64.00 MiB cached=0.00 GiB free=0.89 GiB reserve=1.59 GiB total=31.86 GiB)
ds4: ROCm q8 fp16 cache budget exhausted; using q8 kernels (request=64.00 MiB cached=0.00 GiB free=0.89 GiB reserve=1.59 GiB total=31.86 GiB)
ds4: ROCm q8 fp16 cache budget exhausted; using q8 kernels (request=64.00 MiB cached=0.00 GiB free=0.89 GiB reserve=1.59 GiB total=31.86 GiB)
ds4: ROCm q8 fp16 cache budget exhausted; using q8 kernels (request=64.00 MiB cached=0.00 GiB free=0.89 GiB reserve=1.59 GiB total=31.86 GiB)
ds4: ROCm q8 fp16 cache budget exhausted; using q8 kernels (request=64.00 MiB cached=0.00 GiB free=0.89 GiB reserve=1.59 GiB total=31.86 GiB)
ds4: ROCm q8 fp16 cache budget exhausted; using q8 kernels (request=64.00 MiB cached=0.00 GiB free=0.89 GiB reserve=1.59 GiB total=31.86 GiB)
ds4: ROCm q8 fp16 cache budget exhausted; using q8 kernels (request=64.00 MiB cached=0.00 GiB free=0.89 GiB reserve=1.59 GiB total=31.86 GiB)
ds4: ROCm q8 fp16 cache budget exhausted; using q8 kernels (request=64.00 MiB cached=0.00 GiB free=0.89 GiB reserve=1.59 GiB total=31.86 GiB)
ds4: ROCm q8 fp16 cache budget exhausted; using q8 kernels (request=64.00 MiB cached=0.00 GiB free=0.89 GiB reserve=1.59 GiB total=31.86 GiB)
ds4: ROCm q8 fp16 cache budget exhausted; using q8 kernels (request=64.00 MiB cached=0.00 GiB free=0.89 GiB reserve=1.59 GiB total=31.86 GiB)
ds4: ROCm q8 fp16 cache budget exhausted; using q8 kernels (request=64.00 MiB cached=0.00 GiB free=0.89 GiB reserve=1.59 GiB total=31.86 GiB)
ds4: ROCm q8 fp16 cache budget exhausted; using q8 kernels (request=64.00 MiB cached=0.00 GiB free=0.89 GiB reserve=1.59 GiB total=31.86 GiB)
ds4: ROCm q8 fp16 cache budget exhausted; using q8 kernels (request=64.00 MiB cached=0.00 GiB free=0.89 GiB reserve=1.59 GiB total=31.86 GiB)
ds4: ROCm q8 fp16 cache budget exhausted; using q8 kernels (request=64.00 MiB cached=0.00 GiB free=0.89 GiB reserve=1.59 GiB total=31.86 GiB)
ds4: ROCm q8 fp16 cache budget exhausted; using q8 kernels (request=64.00 MiB cached=0.00 GiB free=0.89 GiB reserve=1.59 GiB total=31.86 GiB)
ds4: ROCm q8 fp16 cache budget exhausted; using q8 kernels (request=64.00 MiB cached=0.00 GiB free=0.89 GiB reserve=1.59 GiB total=31.86 GiB)
ds4: ROCm q8 fp16 cache budget exhausted; using q8 kernels (request=64.00 MiB cached=0.00 GiB free=0.89 GiB reserve=1.59 GiB total=31.86 GiB)
ds4: ROCm q8 fp16 cache budget exhausted; using q8 kernels (request=64.00 MiB cached=0.00 GiB free=0.89 GiB reserve=1.59 GiB total=31.86 GiB)
ds4: ROCm q8 fp16 cache budget exhausted; using q8 kernels (request=64.00 MiB cached=0.00 GiB free=0.89 GiB reserve=1.59 GiB total=31.86 GiB)
ds4: ROCm q8 fp16 cache budget exhausted; using q8 kernels (request=64.00 MiB cached=0.00 GiB free=0.89 GiB reserve=1.59 GiB total=31.86 GiB)
ds4: ROCm q8 fp16 cache budget exhausted; using q8 kernels (request=64.00 MiB cached=0.00 GiB free=0.89 GiB reserve=1.59 GiB total=31.86 GiB)
ds4: ROCm q8 fp16 cache budget exhausted; using q8 kernels (request=64.00 MiB cached=0.00 GiB free=0.89 GiB reserve=1.59 GiB total=31.86 GiB)
ds4: ROCm q8 fp16 cache budget exhausted; using q8 kernels (request=64.00 MiB cached=0.00 GiB free=0.89 GiB reserve=1.59 GiB total=31.86 GiB)
ds4: ROCm q8 fp16 cache budget exhausted; using q8 kernels (request=64.00 MiB cached=0.00 GiB free=0.89 GiB reserve=1.59 GiB total=31.86 GiB)
ds4: ROCm q8 fp16 cache budget exhausted; using q8 kernels (request=64.00 MiB cached=0.00 GiB free=0.89 GiB reserve=1.59 GiB total=31.86 GiB)
ds4: ROCm q8 fp16 cache budget exhausted; using q8 kernels (request=64.00 MiB cached=0.00 GiB free=0.89 GiB reserve=1.59 GiB total=31.86 GiB)
ds4: ROCm q8 fp16 cache budget exhausted; using q8 kernels (request=64.00 MiB cached=0.00 GiB free=0.89 GiB reserve=1.59 GiB total=31.86 GiB)
ds4: ROCm q8 fp16 cache budget exhausted; using q8 kernels (request=64.00 MiB cached=0.00 GiB free=0.89 GiB reserve=1.59 GiB total=31.86 GiB)
ds4: ROCm q8 fp16 cache budget exhausted; using q8 kernels (request=64.00 MiB cached=0.00 GiB free=0.89 GiB reserve=1.59 GiB total=31.86 GiB)
ds4: ROCm q8 fp16 cache budget exhausted; using q8 kernels (request=64.00 MiB cached=0.00 GiB free=0.89 GiB reserve=1.59 GiB total=31.86 GiB)
ds4: ROCm q8 fp16 cache budget exhausted; using q8 kernels (request=64.00 MiB cached=0.00 GiB free=0.89 GiB reserve=1.59 GiB total=31.86 GiB)
ds4: ROCm q8 fp16 cache budget exhausted; using q8 kernels (request=64.00 MiB cached=0.00 GiB free=0.89 GiB reserve=1.59 GiB total=31.86 GiB)
ds4: ROCm q8 fp16 cache budget exhausted; using q8 kernels (request=64.00 MiB cached=0.00 GiB free=0.89 GiB reserve=1.59 GiB total=31.86 GiB)
ds4: ROCm q8 fp16 cache budget exhausted; using q8 kernels (request=64.00 MiB cached=0.00 GiB free=0.89 GiB reserve=1.59 GiB total=31.86 GiB)
case_057 cases=58 prompt=22 target=24 avg_nll=0.502500 lcp=0 api_target_mae=0.502500 api_top_coverage=98/120 api_top1=0.875 api_topn=0.265 api_pair=0.973
ds4: ROCm q8 fp16 cache budget exhausted; using q8 kernels (request=64.00 MiB cached=0.00 GiB free=0.89 GiB reserve=1.59 GiB total=31.86 GiB)
ds4: ROCm q8 fp16 cache budget exhausted; using q8 kernels (request=64.00 MiB cached=0.00 GiB free=0.89 GiB reserve=1.59 GiB total=31.86 GiB)
ds4: ROCm q8 fp16 cache budget exhausted; using q8 kernels (request=64.00 MiB cached=0.00 GiB free=0.89 GiB reserve=1.59 GiB total=31.86 GiB)
ds4: ROCm q8 fp16 cache budget exhausted; using q8 kernels (request=64.00 MiB cached=0.00 GiB free=0.89 GiB reserve=1.59 GiB total=31.86 GiB)
ds4: ROCm q8 fp16 cache budget exhausted; using q8 kernels (request=64.00 MiB cached=0.00 GiB free=0.89 GiB reserve=1.59 GiB total=31.86 GiB)
ds4: ROCm q8 fp16 cache budget exhausted; using q8 kernels (request=64.00 MiB cached=0.00 GiB free=0.89 GiB reserve=1.59 GiB total=31.86 GiB)
ds4: ROCm q8 fp16 cache budget exhausted; using q8 kernels (request=64.00 MiB cached=0.00 GiB free=0.89 GiB reserve=1.59 GiB total=31.86 GiB)
ds4: ROCm q8 fp16 cache budget exhausted; using q8 kernels (request=64.00 MiB cached=0.00 GiB free=0.89 GiB reserve=1.59 GiB total=31.86 GiB)
ds4: ROCm q8 fp16 cache budget exhausted; using q8 kernels (request=64.00 MiB cached=0.00 GiB free=0.89 GiB reserve=1.59 GiB total=31.86 GiB)
ds4: ROCm q8 fp16 cache budget exhausted; using q8 kernels (request=64.00 MiB cached=0.00 GiB free=0.89 GiB reserve=1.59 GiB total=31.86 GiB)
ds4: ROCm q8 fp16 cache budget exhausted; using q8 kernels (request=64.00 MiB cached=0.00 GiB free=0.89 GiB reserve=1.59 GiB total=31.86 GiB)
ds4: ROCm q8 fp16 cache budget exhausted; using q8 kernels (request=64.00 MiB cached=0.00 GiB free=0.89 GiB reserve=1.59 GiB total=31.86 GiB)
ds4: ROCm q8 fp16 cache budget exhausted; using q8 kernels (request=64.00 MiB cached=0.00 GiB free=0.89 GiB reserve=1.59 GiB total=31.86 GiB)
ds4: ROCm q8 fp16 cache budget exhausted; using q8 kernels (request=64.00 MiB cached=0.00 GiB free=0.89 GiB reserve=1.59 GiB total=31.86 GiB)
ds4: ROCm q8 fp16 cache budget exhausted; using q8 kernels (request=64.00 MiB cached=0.00 GiB free=0.89 GiB reserve=1.59 GiB total=31.86 GiB)
ds4: ROCm q8 fp16 cache budget exhausted; using q8 kernels (request=64.00 MiB cached=0.00 GiB free=0.89 GiB reserve=1.59 GiB total=31.86 GiB)
ds4: ROCm q8 fp16 cache budget exhausted; using q8 kernels (request=64.00 MiB cached=0.00 GiB free=0.89 GiB reserve=1.59 GiB total=31.86 GiB)
ds4: ROCm q8 fp16 cache budget exhausted; using q8 kernels (request=64.00 MiB cached=0.00 GiB free=0.89 GiB reserve=1.59 GiB total=31.86 GiB)
ds4: ROCm q8 fp16 cache budget exhausted; using q8 kernels (request=64.00 MiB cached=0.00 GiB free=0.89 GiB reserve=1.59 GiB total=31.86 GiB)
ds4: ROCm q8 fp16 cache budget exhausted; using q8 kernels (request=64.00 MiB cached=0.00 GiB free=0.89 GiB reserve=1.59 GiB total=31.86 GiB)
ds4: ROCm q8 fp16 cache budget exhausted; using q8 kernels (request=64.00 MiB cached=0.00 GiB free=0.89 GiB reserve=1.59 GiB total=31.86 GiB)
ds4: ROCm q8 fp16 cache budget exhausted; using q8 kernels (request=64.00 MiB cached=0.00 GiB free=0.89 GiB reserve=1.59 GiB total=31.86 GiB)
ds4: ROCm q8 fp16 cache budget exhausted; using q8 kernels (request=64.00 MiB cached=0.00 GiB free=0.89 GiB reserve=1.59 GiB total=31.86 GiB)
ds4: ROCm q8 fp16 cache budget exhausted; using q8 kernels (request=64.00 MiB cached=0.00 GiB free=0.89 GiB reserve=1.59 GiB total=31.86 GiB)
ds4: ROCm q8 fp16 cache budget exhausted; using q8 kernels (request=64.00 MiB cached=0.00 GiB free=0.89 GiB reserve=1.59 GiB total=31.86 GiB)
ds4: ROCm q8 fp16 cache budget exhausted; using q8 kernels (request=64.00 MiB cached=0.00 GiB free=0.89 GiB reserve=1.59 GiB total=31.86 GiB)
ds4: ROCm q8 fp16 cache budget exhausted; using q8 kernels (request=64.00 MiB cached=0.00 GiB free=0.89 GiB reserve=1.59 GiB total=31.86 GiB)
ds4: ROCm q8 fp16 cache budget exhausted; using q8 kernels (request=64.00 MiB cached=0.00 GiB free=0.89 GiB reserve=1.59 GiB total=31.86 GiB)
ds4: ROCm q8 fp16 cache budget exhausted; using q8 kernels (request=64.00 MiB cached=0.00 GiB free=0.89 GiB reserve=1.59 GiB total=31.86 GiB)
ds4: ROCm q8 fp16 cache budget exhausted; using q8 kernels (request=64.00 MiB cached=0.00 GiB free=0.89 GiB reserve=1.59 GiB total=31.86 GiB)
ds4: ROCm q8 fp16 cache budget exhausted; using q8 kernels (request=64.00 MiB cached=0.00 GiB free=0.89 GiB reserve=1.59 GiB total=31.86 GiB)
ds4: ROCm q8 fp16 cache budget exhausted; using q8 kernels (request=64.00 MiB cached=0.00 GiB free=0.89 GiB reserve=1.59 GiB total=31.86 GiB)
ds4: ROCm q8 fp16 cache budget exhausted; using q8 kernels (request=64.00 MiB cached=0.00 GiB free=0.89 GiB reserve=1.59 GiB total=31.86 GiB)
ds4: ROCm q8 fp16 cache budget exhausted; using q8 kernels (request=64.00 MiB cached=0.00 GiB free=0.89 GiB reserve=1.59 GiB total=31.86 GiB)
ds4: ROCm q8 fp16 cache budget exhausted; using q8 kernels (request=64.00 MiB cached=0.00 GiB free=0.89 GiB reserve=1.59 GiB total=31.86 GiB)
ds4: ROCm q8 fp16 cache budget exhausted; using q8 kernels (request=64.00 MiB cached=0.00 GiB free=0.89 GiB reserve=1.59 GiB total=31.86 GiB)
ds4: ROCm q8 fp16 cache budget exhausted; using q8 kernels (request=64.00 MiB cached=0.00 GiB free=0.89 GiB reserve=1.59 GiB total=31.86 GiB)
ds4: ROCm q8 fp16 cache budget exhausted; using q8 kernels (request=64.00 MiB cached=0.00 GiB free=0.89 GiB reserve=1.59 GiB total=31.86 GiB)
ds4: ROCm q8 fp16 cache budget exhausted; using q8 kernels (request=64.00 MiB cached=0.00 GiB free=0.89 GiB reserve=1.59 GiB total=31.86 GiB)
ds4: ROCm q8 fp16 cache budget exhausted; using q8 kernels (request=64.00 MiB cached=0.00 GiB free=0.89 GiB reserve=1.59 GiB total=31.86 GiB)
ds4: ROCm q8 fp16 cache budget exhausted; using q8 kernels (request=64.00 MiB cached=0.00 GiB free=0.89 GiB reserve=1.59 GiB total=31.86 GiB)
ds4: ROCm q8 fp16 cache budget exhausted; using q8 kernels (request=64.00 MiB cached=0.00 GiB free=0.89 GiB reserve=1.59 GiB total=31.86 GiB)
ds4: ROCm q8 fp16 cache budget exhausted; using q8 kernels (request=64.00 MiB cached=0.00 GiB free=0.89 GiB reserve=1.59 GiB total=31.86 GiB)
case_058 cases=59 prompt=25 target=24 avg_nll=0.238790 lcp=4 api_target_mae=0.238790 api_top_coverage=97/120 api_top1=0.875 api_topn=0.268 api_pair=1.000
ds4: ROCm q8 fp16 cache budget exhausted; using q8 kernels (request=64.00 MiB cached=0.00 GiB free=0.89 GiB reserve=1.59 GiB total=31.86 GiB)
ds4: ROCm q8 fp16 cache budget exhausted; using q8 kernels (request=64.00 MiB cached=0.00 GiB free=0.89 GiB reserve=1.59 GiB total=31.86 GiB)
ds4: ROCm q8 fp16 cache budget exhausted; using q8 kernels (request=64.00 MiB cached=0.00 GiB free=0.89 GiB reserve=1.59 GiB total=31.86 GiB)
ds4: ROCm q8 fp16 cache budget exhausted; using q8 kernels (request=64.00 MiB cached=0.00 GiB free=0.89 GiB reserve=1.59 GiB total=31.86 GiB)
ds4: ROCm q8 fp16 cache budget exhausted; using q8 kernels (request=64.00 MiB cached=0.00 GiB free=0.89 GiB reserve=1.59 GiB total=31.86 GiB)
ds4: ROCm q8 fp16 cache budget exhausted; using q8 kernels (request=64.00 MiB cached=0.00 GiB free=0.89 GiB reserve=1.59 GiB total=31.86 GiB)
ds4: ROCm q8 fp16 cache budget exhausted; using q8 kernels (request=64.00 MiB cached=0.00 GiB free=0.89 GiB reserve=1.59 GiB total=31.86 GiB)
ds4: ROCm q8 fp16 cache budget exhausted; using q8 kernels (request=64.00 MiB cached=0.00 GiB free=0.89 GiB reserve=1.59 GiB total=31.86 GiB)
ds4: ROCm q8 fp16 cache budget exhausted; using q8 kernels (request=64.00 MiB cached=0.00 GiB free=0.89 GiB reserve=1.59 GiB total=31.86 GiB)
ds4: ROCm q8 fp16 cache budget exhausted; using q8 kernels (request=64.00 MiB cached=0.00 GiB free=0.89 GiB reserve=1.59 GiB total=31.86 GiB)
ds4: ROCm q8 fp16 cache budget exhausted; using q8 kernels (request=64.00 MiB cached=0.00 GiB free=0.89 GiB reserve=1.59 GiB total=31.86 GiB)
ds4: ROCm q8 fp16 cache budget exhausted; using q8 kernels (request=64.00 MiB cached=0.00 GiB free=0.89 GiB reserve=1.59 GiB total=31.86 GiB)
ds4: ROCm q8 fp16 cache budget exhausted; using q8 kernels (request=64.00 MiB cached=0.00 GiB free=0.89 GiB reserve=1.59 GiB total=31.86 GiB)
ds4: ROCm q8 fp16 cache budget exhausted; using q8 kernels (request=64.00 MiB cached=0.00 GiB free=0.89 GiB reserve=1.59 GiB total=31.86 GiB)
ds4: ROCm q8 fp16 cache budget exhausted; using q8 kernels (request=64.00 MiB cached=0.00 GiB free=0.89 GiB reserve=1.59 GiB total=31.86 GiB)
ds4: ROCm q8 fp16 cache budget exhausted; using q8 kernels (request=64.00 MiB cached=0.00 GiB free=0.89 GiB reserve=1.59 GiB total=31.86 GiB)
ds4: ROCm q8 fp16 cache budget exhausted; using q8 kernels (request=64.00 MiB cached=0.00 GiB free=0.89 GiB reserve=1.59 GiB total=31.86 GiB)
ds4: ROCm q8 fp16 cache budget exhausted; using q8 kernels (request=64.00 MiB cached=0.00 GiB free=0.89 GiB reserve=1.59 GiB total=31.86 GiB)
ds4: ROCm q8 fp16 cache budget exhausted; using q8 kernels (request=64.00 MiB cached=0.00 GiB free=0.89 GiB reserve=1.59 GiB total=31.86 GiB)
ds4: ROCm q8 fp16 cache budget exhausted; using q8 kernels (request=64.00 MiB cached=0.00 GiB free=0.89 GiB reserve=1.59 GiB total=31.86 GiB)
ds4: ROCm q8 fp16 cache budget exhausted; using q8 kernels (request=64.00 MiB cached=0.00 GiB free=0.89 GiB reserve=1.59 GiB total=31.86 GiB)
ds4: ROCm q8 fp16 cache budget exhausted; using q8 kernels (request=64.00 MiB cached=0.00 GiB free=0.89 GiB reserve=1.59 GiB total=31.86 GiB)
ds4: ROCm q8 fp16 cache budget exhausted; using q8 kernels (request=64.00 MiB cached=0.00 GiB free=0.89 GiB reserve=1.59 GiB total=31.86 GiB)
ds4: ROCm q8 fp16 cache budget exhausted; using q8 kernels (request=64.00 MiB cached=0.00 GiB free=0.89 GiB reserve=1.59 GiB total=31.86 GiB)
ds4: ROCm q8 fp16 cache budget exhausted; using q8 kernels (request=64.00 MiB cached=0.00 GiB free=0.89 GiB reserve=1.59 GiB total=31.86 GiB)
ds4: ROCm q8 fp16 cache budget exhausted; using q8 kernels (request=64.00 MiB cached=0.00 GiB free=0.89 GiB reserve=1.59 GiB total=31.86 GiB)
ds4: ROCm q8 fp16 cache budget exhausted; using q8 kernels (request=64.00 MiB cached=0.00 GiB free=0.89 GiB reserve=1.59 GiB total=31.86 GiB)
ds4: ROCm q8 fp16 cache budget exhausted; using q8 kernels (request=64.00 MiB cached=0.00 GiB free=0.89 GiB reserve=1.59 GiB total=31.86 GiB)
ds4: ROCm q8 fp16 cache budget exhausted; using q8 kernels (request=64.00 MiB cached=0.00 GiB free=0.89 GiB reserve=1.59 GiB total=31.86 GiB)
ds4: ROCm q8 fp16 cache budget exhausted; using q8 kernels (request=64.00 MiB cached=0.00 GiB free=0.89 GiB reserve=1.59 GiB total=31.86 GiB)
ds4: ROCm q8 fp16 cache budget exhausted; using q8 kernels (request=64.00 MiB cached=0.00 GiB free=0.89 GiB reserve=1.59 GiB total=31.86 GiB)
ds4: ROCm q8 fp16 cache budget exhausted; using q8 kernels (request=64.00 MiB cached=0.00 GiB free=0.89 GiB reserve=1.59 GiB total=31.86 GiB)
ds4: ROCm q8 fp16 cache budget exhausted; using q8 kernels (request=64.00 MiB cached=0.00 GiB free=0.89 GiB reserve=1.59 GiB total=31.86 GiB)
ds4: ROCm q8 fp16 cache budget exhausted; using q8 kernels (request=64.00 MiB cached=0.00 GiB free=0.89 GiB reserve=1.59 GiB total=31.86 GiB)
ds4: ROCm q8 fp16 cache budget exhausted; using q8 kernels (request=64.00 MiB cached=0.00 GiB free=0.89 GiB reserve=1.59 GiB total=31.86 GiB)
ds4: ROCm q8 fp16 cache budget exhausted; using q8 kernels (request=64.00 MiB cached=0.00 GiB free=0.89 GiB reserve=1.59 GiB total=31.86 GiB)
ds4: ROCm q8 fp16 cache budget exhausted; using q8 kernels (request=64.00 MiB cached=0.00 GiB free=0.89 GiB reserve=1.59 GiB total=31.86 GiB)
ds4: ROCm q8 fp16 cache budget exhausted; using q8 kernels (request=64.00 MiB cached=0.00 GiB free=0.89 GiB reserve=1.59 GiB total=31.86 GiB)
ds4: ROCm q8 fp16 cache budget exhausted; using q8 kernels (request=64.00 MiB cached=0.00 GiB free=0.89 GiB reserve=1.59 GiB total=31.86 GiB)
ds4: ROCm q8 fp16 cache budget exhausted; using q8 kernels (request=64.00 MiB cached=0.00 GiB free=0.89 GiB reserve=1.59 GiB total=31.86 GiB)
ds4: ROCm q8 fp16 cache budget exhausted; using q8 kernels (request=64.00 MiB cached=0.00 GiB free=0.89 GiB reserve=1.59 GiB total=31.86 GiB)
ds4: ROCm q8 fp16 cache budget exhausted; using q8 kernels (request=64.00 MiB cached=0.00 GiB free=0.89 GiB reserve=1.59 GiB total=31.86 GiB)
ds4: ROCm q8 fp16 cache budget exhausted; using q8 kernels (request=64.00 MiB cached=0.00 GiB free=0.89 GiB reserve=1.59 GiB total=31.86 GiB)
case_059 cases=60 prompt=23 target=24 avg_nll=0.446030 lcp=0 api_target_mae=0.446030 api_top_coverage=96/120 api_top1=0.833 api_topn=0.250 api_pair=1.000
ds4: ROCm q8 fp16 cache budget exhausted; using q8 kernels (request=64.00 MiB cached=0.00 GiB free=0.89 GiB reserve=1.59 GiB total=31.86 GiB)
ds4: ROCm q8 fp16 cache budget exhausted; using q8 kernels (request=64.00 MiB cached=0.00 GiB free=0.89 GiB reserve=1.59 GiB total=31.86 GiB)
ds4: ROCm q8 fp16 cache budget exhausted; using q8 kernels (request=64.00 MiB cached=0.00 GiB free=0.89 GiB reserve=1.59 GiB total=31.86 GiB)
ds4: ROCm q8 fp16 cache budget exhausted; using q8 kernels (request=64.00 MiB cached=0.00 GiB free=0.89 GiB reserve=1.59 GiB total=31.86 GiB)
ds4: ROCm q8 fp16 cache budget exhausted; using q8 kernels (request=64.00 MiB cached=0.00 GiB free=0.89 GiB reserve=1.59 GiB total=31.86 GiB)
ds4: ROCm q8 fp16 cache budget exhausted; using q8 kernels (request=64.00 MiB cached=0.00 GiB free=0.89 GiB reserve=1.59 GiB total=31.86 GiB)
ds4: ROCm q8 fp16 cache budget exhausted; using q8 kernels (request=64.00 MiB cached=0.00 GiB free=0.89 GiB reserve=1.59 GiB total=31.86 GiB)
ds4: ROCm q8 fp16 cache budget exhausted; using q8 kernels (request=64.00 MiB cached=0.00 GiB free=0.89 GiB reserve=1.59 GiB total=31.86 GiB)
ds4: ROCm q8 fp16 cache budget exhausted; using q8 kernels (request=64.00 MiB cached=0.00 GiB free=0.89 GiB reserve=1.59 GiB total=31.86 GiB)
ds4: ROCm q8 fp16 cache budget exhausted; using q8 kernels (request=64.00 MiB cached=0.00 GiB free=0.89 GiB reserve=1.59 GiB total=31.86 GiB)
ds4: ROCm q8 fp16 cache budget exhausted; using q8 kernels (request=64.00 MiB cached=0.00 GiB free=0.89 GiB reserve=1.59 GiB total=31.86 GiB)
ds4: ROCm q8 fp16 cache budget exhausted; using q8 kernels (request=64.00 MiB cached=0.00 GiB free=0.89 GiB reserve=1.59 GiB total=31.86 GiB)
ds4: ROCm q8 fp16 cache budget exhausted; using q8 kernels (request=64.00 MiB cached=0.00 GiB free=0.89 GiB reserve=1.59 GiB total=31.86 GiB)
ds4: ROCm q8 fp16 cache budget exhausted; using q8 kernels (request=64.00 MiB cached=0.00 GiB free=0.89 GiB reserve=1.59 GiB total=31.86 GiB)
ds4: ROCm q8 fp16 cache budget exhausted; using q8 kernels (request=64.00 MiB cached=0.00 GiB free=0.89 GiB reserve=1.59 GiB total=31.86 GiB)
ds4: ROCm q8 fp16 cache budget exhausted; using q8 kernels (request=64.00 MiB cached=0.00 GiB free=0.89 GiB reserve=1.59 GiB total=31.86 GiB)
ds4: ROCm q8 fp16 cache budget exhausted; using q8 kernels (request=64.00 MiB cached=0.00 GiB free=0.89 GiB reserve=1.59 GiB total=31.86 GiB)
ds4: ROCm q8 fp16 cache budget exhausted; using q8 kernels (request=64.00 MiB cached=0.00 GiB free=0.89 GiB reserve=1.59 GiB total=31.86 GiB)
ds4: ROCm q8 fp16 cache budget exhausted; using q8 kernels (request=64.00 MiB cached=0.00 GiB free=0.89 GiB reserve=1.59 GiB total=31.86 GiB)
ds4: ROCm q8 fp16 cache budget exhausted; using q8 kernels (request=64.00 MiB cached=0.00 GiB free=0.89 GiB reserve=1.59 GiB total=31.86 GiB)
ds4: ROCm q8 fp16 cache budget exhausted; using q8 kernels (request=64.00 MiB cached=0.00 GiB free=0.89 GiB reserve=1.59 GiB total=31.86 GiB)
ds4: ROCm q8 fp16 cache budget exhausted; using q8 kernels (request=64.00 MiB cached=0.00 GiB free=0.89 GiB reserve=1.59 GiB total=31.86 GiB)
ds4: ROCm q8 fp16 cache budget exhausted; using q8 kernels (request=64.00 MiB cached=0.00 GiB free=0.89 GiB reserve=1.59 GiB total=31.86 GiB)
ds4: ROCm q8 fp16 cache budget exhausted; using q8 kernels (request=64.00 MiB cached=0.00 GiB free=0.89 GiB reserve=1.59 GiB total=31.86 GiB)
ds4: ROCm q8 fp16 cache budget exhausted; using q8 kernels (request=64.00 MiB cached=0.00 GiB free=0.89 GiB reserve=1.59 GiB total=31.86 GiB)
ds4: ROCm q8 fp16 cache budget exhausted; using q8 kernels (request=64.00 MiB cached=0.00 GiB free=0.89 GiB reserve=1.59 GiB total=31.86 GiB)
ds4: ROCm q8 fp16 cache budget exhausted; using q8 kernels (request=64.00 MiB cached=0.00 GiB free=0.89 GiB reserve=1.59 GiB total=31.86 GiB)
ds4: ROCm q8 fp16 cache budget exhausted; using q8 kernels (request=64.00 MiB cached=0.00 GiB free=0.89 GiB reserve=1.59 GiB total=31.86 GiB)
ds4: ROCm q8 fp16 cache budget exhausted; using q8 kernels (request=64.00 MiB cached=0.00 GiB free=0.89 GiB reserve=1.59 GiB total=31.86 GiB)
ds4: ROCm q8 fp16 cache budget exhausted; using q8 kernels (request=64.00 MiB cached=0.00 GiB free=0.89 GiB reserve=1.59 GiB total=31.86 GiB)
ds4: ROCm q8 fp16 cache budget exhausted; using q8 kernels (request=64.00 MiB cached=0.00 GiB free=0.89 GiB reserve=1.59 GiB total=31.86 GiB)
ds4: ROCm q8 fp16 cache budget exhausted; using q8 kernels (request=64.00 MiB cached=0.00 GiB free=0.89 GiB reserve=1.59 GiB total=31.86 GiB)
ds4: ROCm q8 fp16 cache budget exhausted; using q8 kernels (request=64.00 MiB cached=0.00 GiB free=0.89 GiB reserve=1.59 GiB total=31.86 GiB)
ds4: ROCm q8 fp16 cache budget exhausted; using q8 kernels (request=64.00 MiB cached=0.00 GiB free=0.89 GiB reserve=1.59 GiB total=31.86 GiB)
ds4: ROCm q8 fp16 cache budget exhausted; using q8 kernels (request=64.00 MiB cached=0.00 GiB free=0.89 GiB reserve=1.59 GiB total=31.86 GiB)
ds4: ROCm q8 fp16 cache budget exhausted; using q8 kernels (request=64.00 MiB cached=0.00 GiB free=0.89 GiB reserve=1.59 GiB total=31.86 GiB)
ds4: ROCm q8 fp16 cache budget exhausted; using q8 kernels (request=64.00 MiB cached=0.00 GiB free=0.89 GiB reserve=1.59 GiB total=31.86 GiB)
ds4: ROCm q8 fp16 cache budget exhausted; using q8 kernels (request=64.00 MiB cached=0.00 GiB free=0.89 GiB reserve=1.59 GiB total=31.86 GiB)
ds4: ROCm q8 fp16 cache budget exhausted; using q8 kernels (request=64.00 MiB cached=0.00 GiB free=0.89 GiB reserve=1.59 GiB total=31.86 GiB)
ds4: ROCm q8 fp16 cache budget exhausted; using q8 kernels (request=64.00 MiB cached=0.00 GiB free=0.89 GiB reserve=1.59 GiB total=31.86 GiB)
ds4: ROCm q8 fp16 cache budget exhausted; using q8 kernels (request=64.00 MiB cached=0.00 GiB free=0.89 GiB reserve=1.59 GiB total=31.86 GiB)
ds4: ROCm q8 fp16 cache budget exhausted; using q8 kernels (request=64.00 MiB cached=0.00 GiB free=0.89 GiB reserve=1.59 GiB total=31.86 GiB)
ds4: ROCm q8 fp16 cache budget exhausted; using q8 kernels (request=64.00 MiB cached=0.00 GiB free=0.89 GiB reserve=1.59 GiB total=31.86 GiB)
case_060 cases=61 prompt=17 target=24 avg_nll=0.054240 lcp=19 api_target_mae=0.054240 api_top_coverage=97/120 api_top1=0.958 api_topn=0.278 api_pair=1.000
ds4: ROCm q8 fp16 cache budget exhausted; using q8 kernels (request=64.00 MiB cached=0.00 GiB free=0.89 GiB reserve=1.59 GiB total=31.86 GiB)
ds4: ROCm q8 fp16 cache budget exhausted; using q8 kernels (request=64.00 MiB cached=0.00 GiB free=0.89 GiB reserve=1.59 GiB total=31.86 GiB)
ds4: ROCm q8 fp16 cache budget exhausted; using q8 kernels (request=64.00 MiB cached=0.00 GiB free=0.89 GiB reserve=1.59 GiB total=31.86 GiB)
ds4: ROCm q8 fp16 cache budget exhausted; using q8 kernels (request=64.00 MiB cached=0.00 GiB free=0.89 GiB reserve=1.59 GiB total=31.86 GiB)
ds4: ROCm q8 fp16 cache budget exhausted; using q8 kernels (request=64.00 MiB cached=0.00 GiB free=0.89 GiB reserve=1.59 GiB total=31.86 GiB)
ds4: ROCm q8 fp16 cache budget exhausted; using q8 kernels (request=64.00 MiB cached=0.00 GiB free=0.89 GiB reserve=1.59 GiB total=31.86 GiB)
ds4: ROCm q8 fp16 cache budget exhausted; using q8 kernels (request=64.00 MiB cached=0.00 GiB free=0.89 GiB reserve=1.59 GiB total=31.86 GiB)
ds4: ROCm q8 fp16 cache budget exhausted; using q8 kernels (request=64.00 MiB cached=0.00 GiB free=0.89 GiB reserve=1.59 GiB total=31.86 GiB)
ds4: ROCm q8 fp16 cache budget exhausted; using q8 kernels (request=64.00 MiB cached=0.00 GiB free=0.89 GiB reserve=1.59 GiB total=31.86 GiB)
ds4: ROCm q8 fp16 cache budget exhausted; using q8 kernels (request=64.00 MiB cached=0.00 GiB free=0.89 GiB reserve=1.59 GiB total=31.86 GiB)
ds4: ROCm q8 fp16 cache budget exhausted; using q8 kernels (request=64.00 MiB cached=0.00 GiB free=0.89 GiB reserve=1.59 GiB total=31.86 GiB)
ds4: ROCm q8 fp16 cache budget exhausted; using q8 kernels (request=64.00 MiB cached=0.00 GiB free=0.89 GiB reserve=1.59 GiB total=31.86 GiB)
ds4: ROCm q8 fp16 cache budget exhausted; using q8 kernels (request=64.00 MiB cached=0.00 GiB free=0.89 GiB reserve=1.59 GiB total=31.86 GiB)
ds4: ROCm q8 fp16 cache budget exhausted; using q8 kernels (request=64.00 MiB cached=0.00 GiB free=0.89 GiB reserve=1.59 GiB total=31.86 GiB)
ds4: ROCm q8 fp16 cache budget exhausted; using q8 kernels (request=64.00 MiB cached=0.00 GiB free=0.89 GiB reserve=1.59 GiB total=31.86 GiB)
ds4: ROCm q8 fp16 cache budget exhausted; using q8 kernels (request=64.00 MiB cached=0.00 GiB free=0.89 GiB reserve=1.59 GiB total=31.86 GiB)
ds4: ROCm q8 fp16 cache budget exhausted; using q8 kernels (request=64.00 MiB cached=0.00 GiB free=0.89 GiB reserve=1.59 GiB total=31.86 GiB)
ds4: ROCm q8 fp16 cache budget exhausted; using q8 kernels (request=64.00 MiB cached=0.00 GiB free=0.89 GiB reserve=1.59 GiB total=31.86 GiB)
ds4: ROCm q8 fp16 cache budget exhausted; using q8 kernels (request=64.00 MiB cached=0.00 GiB free=0.89 GiB reserve=1.59 GiB total=31.86 GiB)
ds4: ROCm q8 fp16 cache budget exhausted; using q8 kernels (request=64.00 MiB cached=0.00 GiB free=0.89 GiB reserve=1.59 GiB total=31.86 GiB)
ds4: ROCm q8 fp16 cache budget exhausted; using q8 kernels (request=64.00 MiB cached=0.00 GiB free=0.89 GiB reserve=1.59 GiB total=31.86 GiB)
ds4: ROCm q8 fp16 cache budget exhausted; using q8 kernels (request=64.00 MiB cached=0.00 GiB free=0.89 GiB reserve=1.59 GiB total=31.86 GiB)
ds4: ROCm q8 fp16 cache budget exhausted; using q8 kernels (request=64.00 MiB cached=0.00 GiB free=0.89 GiB reserve=1.59 GiB total=31.86 GiB)
ds4: ROCm q8 fp16 cache budget exhausted; using q8 kernels (request=64.00 MiB cached=0.00 GiB free=0.89 GiB reserve=1.59 GiB total=31.86 GiB)
ds4: ROCm q8 fp16 cache budget exhausted; using q8 kernels (request=64.00 MiB cached=0.00 GiB free=0.89 GiB reserve=1.59 GiB total=31.86 GiB)
ds4: ROCm q8 fp16 cache budget exhausted; using q8 kernels (request=64.00 MiB cached=0.00 GiB free=0.89 GiB reserve=1.59 GiB total=31.86 GiB)
ds4: ROCm q8 fp16 cache budget exhausted; using q8 kernels (request=64.00 MiB cached=0.00 GiB free=0.89 GiB reserve=1.59 GiB total=31.86 GiB)
ds4: ROCm q8 fp16 cache budget exhausted; using q8 kernels (request=64.00 MiB cached=0.00 GiB free=0.89 GiB reserve=1.59 GiB total=31.86 GiB)
ds4: ROCm q8 fp16 cache budget exhausted; using q8 kernels (request=64.00 MiB cached=0.00 GiB free=0.89 GiB reserve=1.59 GiB total=31.86 GiB)
ds4: ROCm q8 fp16 cache budget exhausted; using q8 kernels (request=64.00 MiB cached=0.00 GiB free=0.89 GiB reserve=1.59 GiB total=31.86 GiB)
ds4: ROCm q8 fp16 cache budget exhausted; using q8 kernels (request=64.00 MiB cached=0.00 GiB free=0.89 GiB reserve=1.59 GiB total=31.86 GiB)
ds4: ROCm q8 fp16 cache budget exhausted; using q8 kernels (request=64.00 MiB cached=0.00 GiB free=0.89 GiB reserve=1.59 GiB total=31.86 GiB)
ds4: ROCm q8 fp16 cache budget exhausted; using q8 kernels (request=64.00 MiB cached=0.00 GiB free=0.89 GiB reserve=1.59 GiB total=31.86 GiB)
ds4: ROCm q8 fp16 cache budget exhausted; using q8 kernels (request=64.00 MiB cached=0.00 GiB free=0.89 GiB reserve=1.59 GiB total=31.86 GiB)
ds4: ROCm q8 fp16 cache budget exhausted; using q8 kernels (request=64.00 MiB cached=0.00 GiB free=0.89 GiB reserve=1.59 GiB total=31.86 GiB)
ds4: ROCm q8 fp16 cache budget exhausted; using q8 kernels (request=64.00 MiB cached=0.00 GiB free=0.89 GiB reserve=1.59 GiB total=31.86 GiB)
ds4: ROCm q8 fp16 cache budget exhausted; using q8 kernels (request=64.00 MiB cached=0.00 GiB free=0.89 GiB reserve=1.59 GiB total=31.86 GiB)
ds4: ROCm q8 fp16 cache budget exhausted; using q8 kernels (request=64.00 MiB cached=0.00 GiB free=0.89 GiB reserve=1.59 GiB total=31.86 GiB)
ds4: ROCm q8 fp16 cache budget exhausted; using q8 kernels (request=64.00 MiB cached=0.00 GiB free=0.89 GiB reserve=1.59 GiB total=31.86 GiB)
ds4: ROCm q8 fp16 cache budget exhausted; using q8 kernels (request=64.00 MiB cached=0.00 GiB free=0.89 GiB reserve=1.59 GiB total=31.86 GiB)
ds4: ROCm q8 fp16 cache budget exhausted; using q8 kernels (request=64.00 MiB cached=0.00 GiB free=0.89 GiB reserve=1.59 GiB total=31.86 GiB)
ds4: ROCm q8 fp16 cache budget exhausted; using q8 kernels (request=64.00 MiB cached=0.00 GiB free=0.89 GiB reserve=1.59 GiB total=31.86 GiB)
ds4: ROCm q8 fp16 cache budget exhausted; using q8 kernels (request=64.00 MiB cached=0.00 GiB free=0.89 GiB reserve=1.59 GiB total=31.86 GiB)
case_061 cases=62 prompt=16 target=24 avg_nll=0.459914 lcp=5 api_target_mae=0.459914 api_top_coverage=97/120 api_top1=0.833 api_topn=0.268 api_pair=0.986
ds4: ROCm q8 fp16 cache budget exhausted; using q8 kernels (request=64.00 MiB cached=0.00 GiB free=0.89 GiB reserve=1.59 GiB total=31.86 GiB)
ds4: ROCm q8 fp16 cache budget exhausted; using q8 kernels (request=64.00 MiB cached=0.00 GiB free=0.89 GiB reserve=1.59 GiB total=31.86 GiB)
ds4: ROCm q8 fp16 cache budget exhausted; using q8 kernels (request=64.00 MiB cached=0.00 GiB free=0.89 GiB reserve=1.59 GiB total=31.86 GiB)
ds4: ROCm q8 fp16 cache budget exhausted; using q8 kernels (request=64.00 MiB cached=0.00 GiB free=0.89 GiB reserve=1.59 GiB total=31.86 GiB)
ds4: ROCm q8 fp16 cache budget exhausted; using q8 kernels (request=64.00 MiB cached=0.00 GiB free=0.89 GiB reserve=1.59 GiB total=31.86 GiB)
ds4: ROCm q8 fp16 cache budget exhausted; using q8 kernels (request=64.00 MiB cached=0.00 GiB free=0.89 GiB reserve=1.59 GiB total=31.86 GiB)
ds4: ROCm q8 fp16 cache budget exhausted; using q8 kernels (request=64.00 MiB cached=0.00 GiB free=0.89 GiB reserve=1.59 GiB total=31.86 GiB)
ds4: ROCm q8 fp16 cache budget exhausted; using q8 kernels (request=64.00 MiB cached=0.00 GiB free=0.89 GiB reserve=1.59 GiB total=31.86 GiB)
ds4: ROCm q8 fp16 cache budget exhausted; using q8 kernels (request=64.00 MiB cached=0.00 GiB free=0.89 GiB reserve=1.59 GiB total=31.86 GiB)
ds4: ROCm q8 fp16 cache budget exhausted; using q8 kernels (request=64.00 MiB cached=0.00 GiB free=0.89 GiB reserve=1.59 GiB total=31.86 GiB)
ds4: ROCm q8 fp16 cache budget exhausted; using q8 kernels (request=64.00 MiB cached=0.00 GiB free=0.89 GiB reserve=1.59 GiB total=31.86 GiB)
ds4: ROCm q8 fp16 cache budget exhausted; using q8 kernels (request=64.00 MiB cached=0.00 GiB free=0.89 GiB reserve=1.59 GiB total=31.86 GiB)
ds4: ROCm q8 fp16 cache budget exhausted; using q8 kernels (request=64.00 MiB cached=0.00 GiB free=0.89 GiB reserve=1.59 GiB total=31.86 GiB)
ds4: ROCm q8 fp16 cache budget exhausted; using q8 kernels (request=64.00 MiB cached=0.00 GiB free=0.89 GiB reserve=1.59 GiB total=31.86 GiB)
ds4: ROCm q8 fp16 cache budget exhausted; using q8 kernels (request=64.00 MiB cached=0.00 GiB free=0.89 GiB reserve=1.59 GiB total=31.86 GiB)
ds4: ROCm q8 fp16 cache budget exhausted; using q8 kernels (request=64.00 MiB cached=0.00 GiB free=0.89 GiB reserve=1.59 GiB total=31.86 GiB)
ds4: ROCm q8 fp16 cache budget exhausted; using q8 kernels (request=64.00 MiB cached=0.00 GiB free=0.89 GiB reserve=1.59 GiB total=31.86 GiB)
ds4: ROCm q8 fp16 cache budget exhausted; using q8 kernels (request=64.00 MiB cached=0.00 GiB free=0.89 GiB reserve=1.59 GiB total=31.86 GiB)
ds4: ROCm q8 fp16 cache budget exhausted; using q8 kernels (request=64.00 MiB cached=0.00 GiB free=0.89 GiB reserve=1.59 GiB total=31.86 GiB)
ds4: ROCm q8 fp16 cache budget exhausted; using q8 kernels (request=64.00 MiB cached=0.00 GiB free=0.89 GiB reserve=1.59 GiB total=31.86 GiB)
ds4: ROCm q8 fp16 cache budget exhausted; using q8 kernels (request=64.00 MiB cached=0.00 GiB free=0.89 GiB reserve=1.59 GiB total=31.86 GiB)
ds4: ROCm q8 fp16 cache budget exhausted; using q8 kernels (request=64.00 MiB cached=0.00 GiB free=0.89 GiB reserve=1.59 GiB total=31.86 GiB)
ds4: ROCm q8 fp16 cache budget exhausted; using q8 kernels (request=64.00 MiB cached=0.00 GiB free=0.89 GiB reserve=1.59 GiB total=31.86 GiB)
ds4: ROCm q8 fp16 cache budget exhausted; using q8 kernels (request=64.00 MiB cached=0.00 GiB free=0.89 GiB reserve=1.59 GiB total=31.86 GiB)
ds4: ROCm q8 fp16 cache budget exhausted; using q8 kernels (request=64.00 MiB cached=0.00 GiB free=0.89 GiB reserve=1.59 GiB total=31.86 GiB)
ds4: ROCm q8 fp16 cache budget exhausted; using q8 kernels (request=64.00 MiB cached=0.00 GiB free=0.89 GiB reserve=1.59 GiB total=31.86 GiB)
ds4: ROCm q8 fp16 cache budget exhausted; using q8 kernels (request=64.00 MiB cached=0.00 GiB free=0.89 GiB reserve=1.59 GiB total=31.86 GiB)
ds4: ROCm q8 fp16 cache budget exhausted; using q8 kernels (request=64.00 MiB cached=0.00 GiB free=0.89 GiB reserve=1.59 GiB total=31.86 GiB)
ds4: ROCm q8 fp16 cache budget exhausted; using q8 kernels (request=64.00 MiB cached=0.00 GiB free=0.89 GiB reserve=1.59 GiB total=31.86 GiB)
ds4: ROCm q8 fp16 cache budget exhausted; using q8 kernels (request=64.00 MiB cached=0.00 GiB free=0.89 GiB reserve=1.59 GiB total=31.86 GiB)
ds4: ROCm q8 fp16 cache budget exhausted; using q8 kernels (request=64.00 MiB cached=0.00 GiB free=0.89 GiB reserve=1.59 GiB total=31.86 GiB)
ds4: ROCm q8 fp16 cache budget exhausted; using q8 kernels (request=64.00 MiB cached=0.00 GiB free=0.89 GiB reserve=1.59 GiB total=31.86 GiB)
ds4: ROCm q8 fp16 cache budget exhausted; using q8 kernels (request=64.00 MiB cached=0.00 GiB free=0.89 GiB reserve=1.59 GiB total=31.86 GiB)
ds4: ROCm q8 fp16 cache budget exhausted; using q8 kernels (request=64.00 MiB cached=0.00 GiB free=0.89 GiB reserve=1.59 GiB total=31.86 GiB)
ds4: ROCm q8 fp16 cache budget exhausted; using q8 kernels (request=64.00 MiB cached=0.00 GiB free=0.89 GiB reserve=1.59 GiB total=31.86 GiB)
ds4: ROCm q8 fp16 cache budget exhausted; using q8 kernels (request=64.00 MiB cached=0.00 GiB free=0.89 GiB reserve=1.59 GiB total=31.86 GiB)
ds4: ROCm q8 fp16 cache budget exhausted; using q8 kernels (request=64.00 MiB cached=0.00 GiB free=0.89 GiB reserve=1.59 GiB total=31.86 GiB)
ds4: ROCm q8 fp16 cache budget exhausted; using q8 kernels (request=64.00 MiB cached=0.00 GiB free=0.89 GiB reserve=1.59 GiB total=31.86 GiB)
ds4: ROCm q8 fp16 cache budget exhausted; using q8 kernels (request=64.00 MiB cached=0.00 GiB free=0.89 GiB reserve=1.59 GiB total=31.86 GiB)
ds4: ROCm q8 fp16 cache budget exhausted; using q8 kernels (request=64.00 MiB cached=0.00 GiB free=0.89 GiB reserve=1.59 GiB total=31.86 GiB)
ds4: ROCm q8 fp16 cache budget exhausted; using q8 kernels (request=64.00 MiB cached=0.00 GiB free=0.89 GiB reserve=1.59 GiB total=31.86 GiB)
ds4: ROCm q8 fp16 cache budget exhausted; using q8 kernels (request=64.00 MiB cached=0.00 GiB free=0.89 GiB reserve=1.59 GiB total=31.86 GiB)
ds4: ROCm q8 fp16 cache budget exhausted; using q8 kernels (request=64.00 MiB cached=0.00 GiB free=0.89 GiB reserve=1.59 GiB total=31.86 GiB)
case_062 cases=63 prompt=14 target=24 avg_nll=0.442499 lcp=14 api_target_mae=0.442499 api_top_coverage=97/120 api_top1=0.833 api_topn=0.289 api_pair=1.000
ds4: ROCm q8 fp16 cache budget exhausted; using q8 kernels (request=64.00 MiB cached=0.00 GiB free=0.89 GiB reserve=1.59 GiB total=31.86 GiB)
ds4: ROCm q8 fp16 cache budget exhausted; using q8 kernels (request=64.00 MiB cached=0.00 GiB free=0.89 GiB reserve=1.59 GiB total=31.86 GiB)
ds4: ROCm q8 fp16 cache budget exhausted; using q8 kernels (request=64.00 MiB cached=0.00 GiB free=0.89 GiB reserve=1.59 GiB total=31.86 GiB)
ds4: ROCm q8 fp16 cache budget exhausted; using q8 kernels (request=64.00 MiB cached=0.00 GiB free=0.89 GiB reserve=1.59 GiB total=31.86 GiB)
ds4: ROCm q8 fp16 cache budget exhausted; using q8 kernels (request=64.00 MiB cached=0.00 GiB free=0.89 GiB reserve=1.59 GiB total=31.86 GiB)
ds4: ROCm q8 fp16 cache budget exhausted; using q8 kernels (request=64.00 MiB cached=0.00 GiB free=0.89 GiB reserve=1.59 GiB total=31.86 GiB)
ds4: ROCm q8 fp16 cache budget exhausted; using q8 kernels (request=64.00 MiB cached=0.00 GiB free=0.89 GiB reserve=1.59 GiB total=31.86 GiB)
ds4: ROCm q8 fp16 cache budget exhausted; using q8 kernels (request=64.00 MiB cached=0.00 GiB free=0.89 GiB reserve=1.59 GiB total=31.86 GiB)
ds4: ROCm q8 fp16 cache budget exhausted; using q8 kernels (request=64.00 MiB cached=0.00 GiB free=0.89 GiB reserve=1.59 GiB total=31.86 GiB)
ds4: ROCm q8 fp16 cache budget exhausted; using q8 kernels (request=64.00 MiB cached=0.00 GiB free=0.89 GiB reserve=1.59 GiB total=31.86 GiB)
ds4: ROCm q8 fp16 cache budget exhausted; using q8 kernels (request=64.00 MiB cached=0.00 GiB free=0.89 GiB reserve=1.59 GiB total=31.86 GiB)
ds4: ROCm q8 fp16 cache budget exhausted; using q8 kernels (request=64.00 MiB cached=0.00 GiB free=0.89 GiB reserve=1.59 GiB total=31.86 GiB)
ds4: ROCm q8 fp16 cache budget exhausted; using q8 kernels (request=64.00 MiB cached=0.00 GiB free=0.89 GiB reserve=1.59 GiB total=31.86 GiB)
ds4: ROCm q8 fp16 cache budget exhausted; using q8 kernels (request=64.00 MiB cached=0.00 GiB free=0.89 GiB reserve=1.59 GiB total=31.86 GiB)
ds4: ROCm q8 fp16 cache budget exhausted; using q8 kernels (request=64.00 MiB cached=0.00 GiB free=0.89 GiB reserve=1.59 GiB total=31.86 GiB)
ds4: ROCm q8 fp16 cache budget exhausted; using q8 kernels (request=64.00 MiB cached=0.00 GiB free=0.89 GiB reserve=1.59 GiB total=31.86 GiB)
ds4: ROCm q8 fp16 cache budget exhausted; using q8 kernels (request=64.00 MiB cached=0.00 GiB free=0.89 GiB reserve=1.59 GiB total=31.86 GiB)
ds4: ROCm q8 fp16 cache budget exhausted; using q8 kernels (request=64.00 MiB cached=0.00 GiB free=0.89 GiB reserve=1.59 GiB total=31.86 GiB)
ds4: ROCm q8 fp16 cache budget exhausted; using q8 kernels (request=64.00 MiB cached=0.00 GiB free=0.89 GiB reserve=1.59 GiB total=31.86 GiB)
ds4: ROCm q8 fp16 cache budget exhausted; using q8 kernels (request=64.00 MiB cached=0.00 GiB free=0.89 GiB reserve=1.59 GiB total=31.86 GiB)
ds4: ROCm q8 fp16 cache budget exhausted; using q8 kernels (request=64.00 MiB cached=0.00 GiB free=0.89 GiB reserve=1.59 GiB total=31.86 GiB)
ds4: ROCm q8 fp16 cache budget exhausted; using q8 kernels (request=64.00 MiB cached=0.00 GiB free=0.89 GiB reserve=1.59 GiB total=31.86 GiB)
ds4: ROCm q8 fp16 cache budget exhausted; using q8 kernels (request=64.00 MiB cached=0.00 GiB free=0.89 GiB reserve=1.59 GiB total=31.86 GiB)
ds4: ROCm q8 fp16 cache budget exhausted; using q8 kernels (request=64.00 MiB cached=0.00 GiB free=0.89 GiB reserve=1.59 GiB total=31.86 GiB)
ds4: ROCm q8 fp16 cache budget exhausted; using q8 kernels (request=64.00 MiB cached=0.00 GiB free=0.89 GiB reserve=1.59 GiB total=31.86 GiB)
ds4: ROCm q8 fp16 cache budget exhausted; using q8 kernels (request=64.00 MiB cached=0.00 GiB free=0.89 GiB reserve=1.59 GiB total=31.86 GiB)
ds4: ROCm q8 fp16 cache budget exhausted; using q8 kernels (request=64.00 MiB cached=0.00 GiB free=0.89 GiB reserve=1.59 GiB total=31.86 GiB)
ds4: ROCm q8 fp16 cache budget exhausted; using q8 kernels (request=64.00 MiB cached=0.00 GiB free=0.89 GiB reserve=1.59 GiB total=31.86 GiB)
ds4: ROCm q8 fp16 cache budget exhausted; using q8 kernels (request=64.00 MiB cached=0.00 GiB free=0.89 GiB reserve=1.59 GiB total=31.86 GiB)
ds4: ROCm q8 fp16 cache budget exhausted; using q8 kernels (request=64.00 MiB cached=0.00 GiB free=0.89 GiB reserve=1.59 GiB total=31.86 GiB)
ds4: ROCm q8 fp16 cache budget exhausted; using q8 kernels (request=64.00 MiB cached=0.00 GiB free=0.89 GiB reserve=1.59 GiB total=31.86 GiB)
ds4: ROCm q8 fp16 cache budget exhausted; using q8 kernels (request=64.00 MiB cached=0.00 GiB free=0.89 GiB reserve=1.59 GiB total=31.86 GiB)
ds4: ROCm q8 fp16 cache budget exhausted; using q8 kernels (request=64.00 MiB cached=0.00 GiB free=0.89 GiB reserve=1.59 GiB total=31.86 GiB)
ds4: ROCm q8 fp16 cache budget exhausted; using q8 kernels (request=64.00 MiB cached=0.00 GiB free=0.89 GiB reserve=1.59 GiB total=31.86 GiB)
ds4: ROCm q8 fp16 cache budget exhausted; using q8 kernels (request=64.00 MiB cached=0.00 GiB free=0.89 GiB reserve=1.59 GiB total=31.86 GiB)
ds4: ROCm q8 fp16 cache budget exhausted; using q8 kernels (request=64.00 MiB cached=0.00 GiB free=0.89 GiB reserve=1.59 GiB total=31.86 GiB)
ds4: ROCm q8 fp16 cache budget exhausted; using q8 kernels (request=64.00 MiB cached=0.00 GiB free=0.89 GiB reserve=1.59 GiB total=31.86 GiB)
ds4: ROCm q8 fp16 cache budget exhausted; using q8 kernels (request=64.00 MiB cached=0.00 GiB free=0.89 GiB reserve=1.59 GiB total=31.86 GiB)
ds4: ROCm q8 fp16 cache budget exhausted; using q8 kernels (request=64.00 MiB cached=0.00 GiB free=0.89 GiB reserve=1.59 GiB total=31.86 GiB)
ds4: ROCm q8 fp16 cache budget exhausted; using q8 kernels (request=64.00 MiB cached=0.00 GiB free=0.89 GiB reserve=1.59 GiB total=31.86 GiB)
ds4: ROCm q8 fp16 cache budget exhausted; using q8 kernels (request=64.00 MiB cached=0.00 GiB free=0.89 GiB reserve=1.59 GiB total=31.86 GiB)
ds4: ROCm q8 fp16 cache budget exhausted; using q8 kernels (request=64.00 MiB cached=0.00 GiB free=0.89 GiB reserve=1.59 GiB total=31.86 GiB)
ds4: ROCm q8 fp16 cache budget exhausted; using q8 kernels (request=64.00 MiB cached=0.00 GiB free=0.89 GiB reserve=1.59 GiB total=31.86 GiB)
case_063 cases=64 prompt=15 target=24 avg_nll=0.153235 lcp=11 api_target_mae=0.153235 api_top_coverage=97/120 api_top1=0.917 api_topn=0.268 api_pair=1.000
ds4: ROCm q8 fp16 cache budget exhausted; using q8 kernels (request=64.00 MiB cached=0.00 GiB free=0.89 GiB reserve=1.59 GiB total=31.86 GiB)
ds4: ROCm q8 fp16 cache budget exhausted; using q8 kernels (request=64.00 MiB cached=0.00 GiB free=0.89 GiB reserve=1.59 GiB total=31.86 GiB)
ds4: ROCm q8 fp16 cache budget exhausted; using q8 kernels (request=64.00 MiB cached=0.00 GiB free=0.89 GiB reserve=1.59 GiB total=31.86 GiB)
ds4: ROCm q8 fp16 cache budget exhausted; using q8 kernels (request=64.00 MiB cached=0.00 GiB free=0.89 GiB reserve=1.59 GiB total=31.86 GiB)
ds4: ROCm q8 fp16 cache budget exhausted; using q8 kernels (request=64.00 MiB cached=0.00 GiB free=0.89 GiB reserve=1.59 GiB total=31.86 GiB)
ds4: ROCm q8 fp16 cache budget exhausted; using q8 kernels (request=64.00 MiB cached=0.00 GiB free=0.89 GiB reserve=1.59 GiB total=31.86 GiB)
ds4: ROCm q8 fp16 cache budget exhausted; using q8 kernels (request=64.00 MiB cached=0.00 GiB free=0.89 GiB reserve=1.59 GiB total=31.86 GiB)
ds4: ROCm q8 fp16 cache budget exhausted; using q8 kernels (request=64.00 MiB cached=0.00 GiB free=0.89 GiB reserve=1.59 GiB total=31.86 GiB)
ds4: ROCm q8 fp16 cache budget exhausted; using q8 kernels (request=64.00 MiB cached=0.00 GiB free=0.89 GiB reserve=1.59 GiB total=31.86 GiB)
ds4: ROCm q8 fp16 cache budget exhausted; using q8 kernels (request=64.00 MiB cached=0.00 GiB free=0.89 GiB reserve=1.59 GiB total=31.86 GiB)
ds4: ROCm q8 fp16 cache budget exhausted; using q8 kernels (request=64.00 MiB cached=0.00 GiB free=0.89 GiB reserve=1.59 GiB total=31.86 GiB)
ds4: ROCm q8 fp16 cache budget exhausted; using q8 kernels (request=64.00 MiB cached=0.00 GiB free=0.89 GiB reserve=1.59 GiB total=31.86 GiB)
ds4: ROCm q8 fp16 cache budget exhausted; using q8 kernels (request=64.00 MiB cached=0.00 GiB free=0.89 GiB reserve=1.59 GiB total=31.86 GiB)
ds4: ROCm q8 fp16 cache budget exhausted; using q8 kernels (request=64.00 MiB cached=0.00 GiB free=0.89 GiB reserve=1.59 GiB total=31.86 GiB)
ds4: ROCm q8 fp16 cache budget exhausted; using q8 kernels (request=64.00 MiB cached=0.00 GiB free=0.89 GiB reserve=1.59 GiB total=31.86 GiB)
ds4: ROCm q8 fp16 cache budget exhausted; using q8 kernels (request=64.00 MiB cached=0.00 GiB free=0.89 GiB reserve=1.59 GiB total=31.86 GiB)
ds4: ROCm q8 fp16 cache budget exhausted; using q8 kernels (request=64.00 MiB cached=0.00 GiB free=0.89 GiB reserve=1.59 GiB total=31.86 GiB)
ds4: ROCm q8 fp16 cache budget exhausted; using q8 kernels (request=64.00 MiB cached=0.00 GiB free=0.89 GiB reserve=1.59 GiB total=31.86 GiB)
ds4: ROCm q8 fp16 cache budget exhausted; using q8 kernels (request=64.00 MiB cached=0.00 GiB free=0.89 GiB reserve=1.59 GiB total=31.86 GiB)
ds4: ROCm q8 fp16 cache budget exhausted; using q8 kernels (request=64.00 MiB cached=0.00 GiB free=0.89 GiB reserve=1.59 GiB total=31.86 GiB)
ds4: ROCm q8 fp16 cache budget exhausted; using q8 kernels (request=64.00 MiB cached=0.00 GiB free=0.89 GiB reserve=1.59 GiB total=31.86 GiB)
ds4: ROCm q8 fp16 cache budget exhausted; using q8 kernels (request=64.00 MiB cached=0.00 GiB free=0.89 GiB reserve=1.59 GiB total=31.86 GiB)
ds4: ROCm q8 fp16 cache budget exhausted; using q8 kernels (request=64.00 MiB cached=0.00 GiB free=0.89 GiB reserve=1.59 GiB total=31.86 GiB)
ds4: ROCm q8 fp16 cache budget exhausted; using q8 kernels (request=64.00 MiB cached=0.00 GiB free=0.89 GiB reserve=1.59 GiB total=31.86 GiB)
ds4: ROCm q8 fp16 cache budget exhausted; using q8 kernels (request=64.00 MiB cached=0.00 GiB free=0.89 GiB reserve=1.59 GiB total=31.86 GiB)
ds4: ROCm q8 fp16 cache budget exhausted; using q8 kernels (request=64.00 MiB cached=0.00 GiB free=0.89 GiB reserve=1.59 GiB total=31.86 GiB)
ds4: ROCm q8 fp16 cache budget exhausted; using q8 kernels (request=64.00 MiB cached=0.00 GiB free=0.89 GiB reserve=1.59 GiB total=31.86 GiB)
ds4: ROCm q8 fp16 cache budget exhausted; using q8 kernels (request=64.00 MiB cached=0.00 GiB free=0.89 GiB reserve=1.59 GiB total=31.86 GiB)
ds4: ROCm q8 fp16 cache budget exhausted; using q8 kernels (request=64.00 MiB cached=0.00 GiB free=0.89 GiB reserve=1.59 GiB total=31.86 GiB)
ds4: ROCm q8 fp16 cache budget exhausted; using q8 kernels (request=64.00 MiB cached=0.00 GiB free=0.89 GiB reserve=1.59 GiB total=31.86 GiB)
ds4: ROCm q8 fp16 cache budget exhausted; using q8 kernels (request=64.00 MiB cached=0.00 GiB free=0.89 GiB reserve=1.59 GiB total=31.86 GiB)
ds4: ROCm q8 fp16 cache budget exhausted; using q8 kernels (request=64.00 MiB cached=0.00 GiB free=0.89 GiB reserve=1.59 GiB total=31.86 GiB)
ds4: ROCm q8 fp16 cache budget exhausted; using q8 kernels (request=64.00 MiB cached=0.00 GiB free=0.89 GiB reserve=1.59 GiB total=31.86 GiB)
ds4: ROCm q8 fp16 cache budget exhausted; using q8 kernels (request=64.00 MiB cached=0.00 GiB free=0.89 GiB reserve=1.59 GiB total=31.86 GiB)
ds4: ROCm q8 fp16 cache budget exhausted; using q8 kernels (request=64.00 MiB cached=0.00 GiB free=0.89 GiB reserve=1.59 GiB total=31.86 GiB)
ds4: ROCm q8 fp16 cache budget exhausted; using q8 kernels (request=64.00 MiB cached=0.00 GiB free=0.89 GiB reserve=1.59 GiB total=31.86 GiB)
ds4: ROCm q8 fp16 cache budget exhausted; using q8 kernels (request=64.00 MiB cached=0.00 GiB free=0.89 GiB reserve=1.59 GiB total=31.86 GiB)
ds4: ROCm q8 fp16 cache budget exhausted; using q8 kernels (request=64.00 MiB cached=0.00 GiB free=0.89 GiB reserve=1.59 GiB total=31.86 GiB)
ds4: ROCm q8 fp16 cache budget exhausted; using q8 kernels (request=64.00 MiB cached=0.00 GiB free=0.89 GiB reserve=1.59 GiB total=31.86 GiB)
ds4: ROCm q8 fp16 cache budget exhausted; using q8 kernels (request=64.00 MiB cached=0.00 GiB free=0.89 GiB reserve=1.59 GiB total=31.86 GiB)
ds4: ROCm q8 fp16 cache budget exhausted; using q8 kernels (request=64.00 MiB cached=0.00 GiB free=0.89 GiB reserve=1.59 GiB total=31.86 GiB)
ds4: ROCm q8 fp16 cache budget exhausted; using q8 kernels (request=64.00 MiB cached=0.00 GiB free=0.89 GiB reserve=1.59 GiB total=31.86 GiB)
ds4: ROCm q8 fp16 cache budget exhausted; using q8 kernels (request=64.00 MiB cached=0.00 GiB free=0.89 GiB reserve=1.59 GiB total=31.86 GiB)
case_064 cases=65 prompt=12 target=24 avg_nll=0.431270 lcp=7 api_target_mae=0.431270 api_top_coverage=97/120 api_top1=0.875 api_topn=0.247 api_pair=1.000
ds4: ROCm q8 fp16 cache budget exhausted; using q8 kernels (request=64.00 MiB cached=0.00 GiB free=0.89 GiB reserve=1.59 GiB total=31.86 GiB)
ds4: ROCm q8 fp16 cache budget exhausted; using q8 kernels (request=64.00 MiB cached=0.00 GiB free=0.89 GiB reserve=1.59 GiB total=31.86 GiB)
ds4: ROCm q8 fp16 cache budget exhausted; using q8 kernels (request=64.00 MiB cached=0.00 GiB free=0.89 GiB reserve=1.59 GiB total=31.86 GiB)
ds4: ROCm q8 fp16 cache budget exhausted; using q8 kernels (request=64.00 MiB cached=0.00 GiB free=0.89 GiB reserve=1.59 GiB total=31.86 GiB)
ds4: ROCm q8 fp16 cache budget exhausted; using q8 kernels (request=64.00 MiB cached=0.00 GiB free=0.89 GiB reserve=1.59 GiB total=31.86 GiB)
ds4: ROCm q8 fp16 cache budget exhausted; using q8 kernels (request=64.00 MiB cached=0.00 GiB free=0.89 GiB reserve=1.59 GiB total=31.86 GiB)
ds4: ROCm q8 fp16 cache budget exhausted; using q8 kernels (request=64.00 MiB cached=0.00 GiB free=0.89 GiB reserve=1.59 GiB total=31.86 GiB)
ds4: ROCm q8 fp16 cache budget exhausted; using q8 kernels (request=64.00 MiB cached=0.00 GiB free=0.89 GiB reserve=1.59 GiB total=31.86 GiB)
ds4: ROCm q8 fp16 cache budget exhausted; using q8 kernels (request=64.00 MiB cached=0.00 GiB free=0.89 GiB reserve=1.59 GiB total=31.86 GiB)
ds4: ROCm q8 fp16 cache budget exhausted; using q8 kernels (request=64.00 MiB cached=0.00 GiB free=0.89 GiB reserve=1.59 GiB total=31.86 GiB)
ds4: ROCm q8 fp16 cache budget exhausted; using q8 kernels (request=64.00 MiB cached=0.00 GiB free=0.89 GiB reserve=1.59 GiB total=31.86 GiB)
ds4: ROCm q8 fp16 cache budget exhausted; using q8 kernels (request=64.00 MiB cached=0.00 GiB free=0.89 GiB reserve=1.59 GiB total=31.86 GiB)
ds4: ROCm q8 fp16 cache budget exhausted; using q8 kernels (request=64.00 MiB cached=0.00 GiB free=0.89 GiB reserve=1.59 GiB total=31.86 GiB)
ds4: ROCm q8 fp16 cache budget exhausted; using q8 kernels (request=64.00 MiB cached=0.00 GiB free=0.89 GiB reserve=1.59 GiB total=31.86 GiB)
ds4: ROCm q8 fp16 cache budget exhausted; using q8 kernels (request=64.00 MiB cached=0.00 GiB free=0.89 GiB reserve=1.59 GiB total=31.86 GiB)
ds4: ROCm q8 fp16 cache budget exhausted; using q8 kernels (request=64.00 MiB cached=0.00 GiB free=0.89 GiB reserve=1.59 GiB total=31.86 GiB)
ds4: ROCm q8 fp16 cache budget exhausted; using q8 kernels (request=64.00 MiB cached=0.00 GiB free=0.89 GiB reserve=1.59 GiB total=31.86 GiB)
ds4: ROCm q8 fp16 cache budget exhausted; using q8 kernels (request=64.00 MiB cached=0.00 GiB free=0.89 GiB reserve=1.59 GiB total=31.86 GiB)
ds4: ROCm q8 fp16 cache budget exhausted; using q8 kernels (request=64.00 MiB cached=0.00 GiB free=0.89 GiB reserve=1.59 GiB total=31.86 GiB)
ds4: ROCm q8 fp16 cache budget exhausted; using q8 kernels (request=64.00 MiB cached=0.00 GiB free=0.89 GiB reserve=1.59 GiB total=31.86 GiB)
ds4: ROCm q8 fp16 cache budget exhausted; using q8 kernels (request=64.00 MiB cached=0.00 GiB free=0.89 GiB reserve=1.59 GiB total=31.86 GiB)
ds4: ROCm q8 fp16 cache budget exhausted; using q8 kernels (request=64.00 MiB cached=0.00 GiB free=0.89 GiB reserve=1.59 GiB total=31.86 GiB)
ds4: ROCm q8 fp16 cache budget exhausted; using q8 kernels (request=64.00 MiB cached=0.00 GiB free=0.89 GiB reserve=1.59 GiB total=31.86 GiB)
ds4: ROCm q8 fp16 cache budget exhausted; using q8 kernels (request=64.00 MiB cached=0.00 GiB free=0.89 GiB reserve=1.59 GiB total=31.86 GiB)
ds4: ROCm q8 fp16 cache budget exhausted; using q8 kernels (request=64.00 MiB cached=0.00 GiB free=0.89 GiB reserve=1.59 GiB total=31.86 GiB)
ds4: ROCm q8 fp16 cache budget exhausted; using q8 kernels (request=64.00 MiB cached=0.00 GiB free=0.89 GiB reserve=1.59 GiB total=31.86 GiB)
ds4: ROCm q8 fp16 cache budget exhausted; using q8 kernels (request=64.00 MiB cached=0.00 GiB free=0.89 GiB reserve=1.59 GiB total=31.86 GiB)
ds4: ROCm q8 fp16 cache budget exhausted; using q8 kernels (request=64.00 MiB cached=0.00 GiB free=0.89 GiB reserve=1.59 GiB total=31.86 GiB)
ds4: ROCm q8 fp16 cache budget exhausted; using q8 kernels (request=64.00 MiB cached=0.00 GiB free=0.89 GiB reserve=1.59 GiB total=31.86 GiB)
ds4: ROCm q8 fp16 cache budget exhausted; using q8 kernels (request=64.00 MiB cached=0.00 GiB free=0.89 GiB reserve=1.59 GiB total=31.86 GiB)
ds4: ROCm q8 fp16 cache budget exhausted; using q8 kernels (request=64.00 MiB cached=0.00 GiB free=0.89 GiB reserve=1.59 GiB total=31.86 GiB)
ds4: ROCm q8 fp16 cache budget exhausted; using q8 kernels (request=64.00 MiB cached=0.00 GiB free=0.89 GiB reserve=1.59 GiB total=31.86 GiB)
ds4: ROCm q8 fp16 cache budget exhausted; using q8 kernels (request=64.00 MiB cached=0.00 GiB free=0.89 GiB reserve=1.59 GiB total=31.86 GiB)
ds4: ROCm q8 fp16 cache budget exhausted; using q8 kernels (request=64.00 MiB cached=0.00 GiB free=0.89 GiB reserve=1.59 GiB total=31.86 GiB)
ds4: ROCm q8 fp16 cache budget exhausted; using q8 kernels (request=64.00 MiB cached=0.00 GiB free=0.89 GiB reserve=1.59 GiB total=31.86 GiB)
ds4: ROCm q8 fp16 cache budget exhausted; using q8 kernels (request=64.00 MiB cached=0.00 GiB free=0.89 GiB reserve=1.59 GiB total=31.86 GiB)
ds4: ROCm q8 fp16 cache budget exhausted; using q8 kernels (request=64.00 MiB cached=0.00 GiB free=0.89 GiB reserve=1.59 GiB total=31.86 GiB)
ds4: ROCm q8 fp16 cache budget exhausted; using q8 kernels (request=64.00 MiB cached=0.00 GiB free=0.89 GiB reserve=1.59 GiB total=31.86 GiB)
ds4: ROCm q8 fp16 cache budget exhausted; using q8 kernels (request=64.00 MiB cached=0.00 GiB free=0.89 GiB reserve=1.59 GiB total=31.86 GiB)
ds4: ROCm q8 fp16 cache budget exhausted; using q8 kernels (request=64.00 MiB cached=0.00 GiB free=0.89 GiB reserve=1.59 GiB total=31.86 GiB)
ds4: ROCm q8 fp16 cache budget exhausted; using q8 kernels (request=64.00 MiB cached=0.00 GiB free=0.89 GiB reserve=1.59 GiB total=31.86 GiB)
ds4: ROCm q8 fp16 cache budget exhausted; using q8 kernels (request=64.00 MiB cached=0.00 GiB free=0.89 GiB reserve=1.59 GiB total=31.86 GiB)
ds4: ROCm q8 fp16 cache budget exhausted; using q8 kernels (request=64.00 MiB cached=0.00 GiB free=0.89 GiB reserve=1.59 GiB total=31.86 GiB)
case_065 cases=66 prompt=15 target=24 avg_nll=0.318007 lcp=1 api_target_mae=0.318007 api_top_coverage=97/120 api_top1=0.875 api_topn=0.247 api_pair=1.000
ds4: ROCm q8 fp16 cache budget exhausted; using q8 kernels (request=64.00 MiB cached=0.00 GiB free=0.89 GiB reserve=1.59 GiB total=31.86 GiB)
ds4: ROCm q8 fp16 cache budget exhausted; using q8 kernels (request=64.00 MiB cached=0.00 GiB free=0.89 GiB reserve=1.59 GiB total=31.86 GiB)
ds4: ROCm q8 fp16 cache budget exhausted; using q8 kernels (request=64.00 MiB cached=0.00 GiB free=0.89 GiB reserve=1.59 GiB total=31.86 GiB)
ds4: ROCm q8 fp16 cache budget exhausted; using q8 kernels (request=64.00 MiB cached=0.00 GiB free=0.89 GiB reserve=1.59 GiB total=31.86 GiB)
ds4: ROCm q8 fp16 cache budget exhausted; using q8 kernels (request=64.00 MiB cached=0.00 GiB free=0.89 GiB reserve=1.59 GiB total=31.86 GiB)
ds4: ROCm q8 fp16 cache budget exhausted; using q8 kernels (request=64.00 MiB cached=0.00 GiB free=0.89 GiB reserve=1.59 GiB total=31.86 GiB)
ds4: ROCm q8 fp16 cache budget exhausted; using q8 kernels (request=64.00 MiB cached=0.00 GiB free=0.89 GiB reserve=1.59 GiB total=31.86 GiB)
ds4: ROCm q8 fp16 cache budget exhausted; using q8 kernels (request=64.00 MiB cached=0.00 GiB free=0.89 GiB reserve=1.59 GiB total=31.86 GiB)
ds4: ROCm q8 fp16 cache budget exhausted; using q8 kernels (request=64.00 MiB cached=0.00 GiB free=0.89 GiB reserve=1.59 GiB total=31.86 GiB)
ds4: ROCm q8 fp16 cache budget exhausted; using q8 kernels (request=64.00 MiB cached=0.00 GiB free=0.89 GiB reserve=1.59 GiB total=31.86 GiB)
ds4: ROCm q8 fp16 cache budget exhausted; using q8 kernels (request=64.00 MiB cached=0.00 GiB free=0.89 GiB reserve=1.59 GiB total=31.86 GiB)
ds4: ROCm q8 fp16 cache budget exhausted; using q8 kernels (request=64.00 MiB cached=0.00 GiB free=0.89 GiB reserve=1.59 GiB total=31.86 GiB)
ds4: ROCm q8 fp16 cache budget exhausted; using q8 kernels (request=64.00 MiB cached=0.00 GiB free=0.89 GiB reserve=1.59 GiB total=31.86 GiB)
ds4: ROCm q8 fp16 cache budget exhausted; using q8 kernels (request=64.00 MiB cached=0.00 GiB free=0.89 GiB reserve=1.59 GiB total=31.86 GiB)
ds4: ROCm q8 fp16 cache budget exhausted; using q8 kernels (request=64.00 MiB cached=0.00 GiB free=0.89 GiB reserve=1.59 GiB total=31.86 GiB)
ds4: ROCm q8 fp16 cache budget exhausted; using q8 kernels (request=64.00 MiB cached=0.00 GiB free=0.89 GiB reserve=1.59 GiB total=31.86 GiB)
ds4: ROCm q8 fp16 cache budget exhausted; using q8 kernels (request=64.00 MiB cached=0.00 GiB free=0.89 GiB reserve=1.59 GiB total=31.86 GiB)
ds4: ROCm q8 fp16 cache budget exhausted; using q8 kernels (request=64.00 MiB cached=0.00 GiB free=0.89 GiB reserve=1.59 GiB total=31.86 GiB)
ds4: ROCm q8 fp16 cache budget exhausted; using q8 kernels (request=64.00 MiB cached=0.00 GiB free=0.89 GiB reserve=1.59 GiB total=31.86 GiB)
ds4: ROCm q8 fp16 cache budget exhausted; using q8 kernels (request=64.00 MiB cached=0.00 GiB free=0.89 GiB reserve=1.59 GiB total=31.86 GiB)
ds4: ROCm q8 fp16 cache budget exhausted; using q8 kernels (request=64.00 MiB cached=0.00 GiB free=0.89 GiB reserve=1.59 GiB total=31.86 GiB)
ds4: ROCm q8 fp16 cache budget exhausted; using q8 kernels (request=64.00 MiB cached=0.00 GiB free=0.89 GiB reserve=1.59 GiB total=31.86 GiB)
ds4: ROCm q8 fp16 cache budget exhausted; using q8 kernels (request=64.00 MiB cached=0.00 GiB free=0.89 GiB reserve=1.59 GiB total=31.86 GiB)
ds4: ROCm q8 fp16 cache budget exhausted; using q8 kernels (request=64.00 MiB cached=0.00 GiB free=0.89 GiB reserve=1.59 GiB total=31.86 GiB)
ds4: ROCm q8 fp16 cache budget exhausted; using q8 kernels (request=64.00 MiB cached=0.00 GiB free=0.89 GiB reserve=1.59 GiB total=31.86 GiB)
ds4: ROCm q8 fp16 cache budget exhausted; using q8 kernels (request=64.00 MiB cached=0.00 GiB free=0.89 GiB reserve=1.59 GiB total=31.86 GiB)
ds4: ROCm q8 fp16 cache budget exhausted; using q8 kernels (request=64.00 MiB cached=0.00 GiB free=0.89 GiB reserve=1.59 GiB total=31.86 GiB)
ds4: ROCm q8 fp16 cache budget exhausted; using q8 kernels (request=64.00 MiB cached=0.00 GiB free=0.89 GiB reserve=1.59 GiB total=31.86 GiB)
ds4: ROCm q8 fp16 cache budget exhausted; using q8 kernels (request=64.00 MiB cached=0.00 GiB free=0.89 GiB reserve=1.59 GiB total=31.86 GiB)
ds4: ROCm q8 fp16 cache budget exhausted; using q8 kernels (request=64.00 MiB cached=0.00 GiB free=0.89 GiB reserve=1.59 GiB total=31.86 GiB)
ds4: ROCm q8 fp16 cache budget exhausted; using q8 kernels (request=64.00 MiB cached=0.00 GiB free=0.89 GiB reserve=1.59 GiB total=31.86 GiB)
ds4: ROCm q8 fp16 cache budget exhausted; using q8 kernels (request=64.00 MiB cached=0.00 GiB free=0.89 GiB reserve=1.59 GiB total=31.86 GiB)
ds4: ROCm q8 fp16 cache budget exhausted; using q8 kernels (request=64.00 MiB cached=0.00 GiB free=0.89 GiB reserve=1.59 GiB total=31.86 GiB)
ds4: ROCm q8 fp16 cache budget exhausted; using q8 kernels (request=64.00 MiB cached=0.00 GiB free=0.89 GiB reserve=1.59 GiB total=31.86 GiB)
ds4: ROCm q8 fp16 cache budget exhausted; using q8 kernels (request=64.00 MiB cached=0.00 GiB free=0.89 GiB reserve=1.59 GiB total=31.86 GiB)
ds4: ROCm q8 fp16 cache budget exhausted; using q8 kernels (request=64.00 MiB cached=0.00 GiB free=0.89 GiB reserve=1.59 GiB total=31.86 GiB)
ds4: ROCm q8 fp16 cache budget exhausted; using q8 kernels (request=64.00 MiB cached=0.00 GiB free=0.89 GiB reserve=1.59 GiB total=31.86 GiB)
ds4: ROCm q8 fp16 cache budget exhausted; using q8 kernels (request=64.00 MiB cached=0.00 GiB free=0.89 GiB reserve=1.59 GiB total=31.86 GiB)
ds4: ROCm q8 fp16 cache budget exhausted; using q8 kernels (request=64.00 MiB cached=0.00 GiB free=0.89 GiB reserve=1.59 GiB total=31.86 GiB)
ds4: ROCm q8 fp16 cache budget exhausted; using q8 kernels (request=64.00 MiB cached=0.00 GiB free=0.89 GiB reserve=1.59 GiB total=31.86 GiB)
ds4: ROCm q8 fp16 cache budget exhausted; using q8 kernels (request=64.00 MiB cached=0.00 GiB free=0.89 GiB reserve=1.59 GiB total=31.86 GiB)
ds4: ROCm q8 fp16 cache budget exhausted; using q8 kernels (request=64.00 MiB cached=0.00 GiB free=0.89 GiB reserve=1.59 GiB total=31.86 GiB)
ds4: ROCm q8 fp16 cache budget exhausted; using q8 kernels (request=64.00 MiB cached=0.00 GiB free=0.89 GiB reserve=1.59 GiB total=31.86 GiB)
case_066 cases=67 prompt=16 target=24 avg_nll=0.541719 lcp=8 api_target_mae=0.541719 api_top_coverage=99/120 api_top1=0.792 api_topn=0.263 api_pair=1.000
ds4: ROCm q8 fp16 cache budget exhausted; using q8 kernels (request=64.00 MiB cached=0.00 GiB free=0.89 GiB reserve=1.59 GiB total=31.86 GiB)
ds4: ROCm q8 fp16 cache budget exhausted; using q8 kernels (request=64.00 MiB cached=0.00 GiB free=0.89 GiB reserve=1.59 GiB total=31.86 GiB)
ds4: ROCm q8 fp16 cache budget exhausted; using q8 kernels (request=64.00 MiB cached=0.00 GiB free=0.89 GiB reserve=1.59 GiB total=31.86 GiB)
ds4: ROCm q8 fp16 cache budget exhausted; using q8 kernels (request=64.00 MiB cached=0.00 GiB free=0.89 GiB reserve=1.59 GiB total=31.86 GiB)
ds4: ROCm q8 fp16 cache budget exhausted; using q8 kernels (request=64.00 MiB cached=0.00 GiB free=0.89 GiB reserve=1.59 GiB total=31.86 GiB)
ds4: ROCm q8 fp16 cache budget exhausted; using q8 kernels (request=64.00 MiB cached=0.00 GiB free=0.89 GiB reserve=1.59 GiB total=31.86 GiB)
ds4: ROCm q8 fp16 cache budget exhausted; using q8 kernels (request=64.00 MiB cached=0.00 GiB free=0.89 GiB reserve=1.59 GiB total=31.86 GiB)
ds4: ROCm q8 fp16 cache budget exhausted; using q8 kernels (request=64.00 MiB cached=0.00 GiB free=0.89 GiB reserve=1.59 GiB total=31.86 GiB)
ds4: ROCm q8 fp16 cache budget exhausted; using q8 kernels (request=64.00 MiB cached=0.00 GiB free=0.89 GiB reserve=1.59 GiB total=31.86 GiB)
ds4: ROCm q8 fp16 cache budget exhausted; using q8 kernels (request=64.00 MiB cached=0.00 GiB free=0.89 GiB reserve=1.59 GiB total=31.86 GiB)
ds4: ROCm q8 fp16 cache budget exhausted; using q8 kernels (request=64.00 MiB cached=0.00 GiB free=0.89 GiB reserve=1.59 GiB total=31.86 GiB)
ds4: ROCm q8 fp16 cache budget exhausted; using q8 kernels (request=64.00 MiB cached=0.00 GiB free=0.89 GiB reserve=1.59 GiB total=31.86 GiB)
ds4: ROCm q8 fp16 cache budget exhausted; using q8 kernels (request=64.00 MiB cached=0.00 GiB free=0.89 GiB reserve=1.59 GiB total=31.86 GiB)
ds4: ROCm q8 fp16 cache budget exhausted; using q8 kernels (request=64.00 MiB cached=0.00 GiB free=0.89 GiB reserve=1.59 GiB total=31.86 GiB)
ds4: ROCm q8 fp16 cache budget exhausted; using q8 kernels (request=64.00 MiB cached=0.00 GiB free=0.89 GiB reserve=1.59 GiB total=31.86 GiB)
ds4: ROCm q8 fp16 cache budget exhausted; using q8 kernels (request=64.00 MiB cached=0.00 GiB free=0.89 GiB reserve=1.59 GiB total=31.86 GiB)
ds4: ROCm q8 fp16 cache budget exhausted; using q8 kernels (request=64.00 MiB cached=0.00 GiB free=0.89 GiB reserve=1.59 GiB total=31.86 GiB)
ds4: ROCm q8 fp16 cache budget exhausted; using q8 kernels (request=64.00 MiB cached=0.00 GiB free=0.89 GiB reserve=1.59 GiB total=31.86 GiB)
ds4: ROCm q8 fp16 cache budget exhausted; using q8 kernels (request=64.00 MiB cached=0.00 GiB free=0.89 GiB reserve=1.59 GiB total=31.86 GiB)
ds4: ROCm q8 fp16 cache budget exhausted; using q8 kernels (request=64.00 MiB cached=0.00 GiB free=0.89 GiB reserve=1.59 GiB total=31.86 GiB)
ds4: ROCm q8 fp16 cache budget exhausted; using q8 kernels (request=64.00 MiB cached=0.00 GiB free=0.89 GiB reserve=1.59 GiB total=31.86 GiB)
ds4: ROCm q8 fp16 cache budget exhausted; using q8 kernels (request=64.00 MiB cached=0.00 GiB free=0.89 GiB reserve=1.59 GiB total=31.86 GiB)
ds4: ROCm q8 fp16 cache budget exhausted; using q8 kernels (request=64.00 MiB cached=0.00 GiB free=0.89 GiB reserve=1.59 GiB total=31.86 GiB)
ds4: ROCm q8 fp16 cache budget exhausted; using q8 kernels (request=64.00 MiB cached=0.00 GiB free=0.89 GiB reserve=1.59 GiB total=31.86 GiB)
ds4: ROCm q8 fp16 cache budget exhausted; using q8 kernels (request=64.00 MiB cached=0.00 GiB free=0.89 GiB reserve=1.59 GiB total=31.86 GiB)
ds4: ROCm q8 fp16 cache budget exhausted; using q8 kernels (request=64.00 MiB cached=0.00 GiB free=0.89 GiB reserve=1.59 GiB total=31.86 GiB)
ds4: ROCm q8 fp16 cache budget exhausted; using q8 kernels (request=64.00 MiB cached=0.00 GiB free=0.89 GiB reserve=1.59 GiB total=31.86 GiB)
ds4: ROCm q8 fp16 cache budget exhausted; using q8 kernels (request=64.00 MiB cached=0.00 GiB free=0.89 GiB reserve=1.59 GiB total=31.86 GiB)
ds4: ROCm q8 fp16 cache budget exhausted; using q8 kernels (request=64.00 MiB cached=0.00 GiB free=0.89 GiB reserve=1.59 GiB total=31.86 GiB)
ds4: ROCm q8 fp16 cache budget exhausted; using q8 kernels (request=64.00 MiB cached=0.00 GiB free=0.89 GiB reserve=1.59 GiB total=31.86 GiB)
ds4: ROCm q8 fp16 cache budget exhausted; using q8 kernels (request=64.00 MiB cached=0.00 GiB free=0.89 GiB reserve=1.59 GiB total=31.86 GiB)
ds4: ROCm q8 fp16 cache budget exhausted; using q8 kernels (request=64.00 MiB cached=0.00 GiB free=0.89 GiB reserve=1.59 GiB total=31.86 GiB)
ds4: ROCm q8 fp16 cache budget exhausted; using q8 kernels (request=64.00 MiB cached=0.00 GiB free=0.89 GiB reserve=1.59 GiB total=31.86 GiB)
ds4: ROCm q8 fp16 cache budget exhausted; using q8 kernels (request=64.00 MiB cached=0.00 GiB free=0.89 GiB reserve=1.59 GiB total=31.86 GiB)
ds4: ROCm q8 fp16 cache budget exhausted; using q8 kernels (request=64.00 MiB cached=0.00 GiB free=0.89 GiB reserve=1.59 GiB total=31.86 GiB)
ds4: ROCm q8 fp16 cache budget exhausted; using q8 kernels (request=64.00 MiB cached=0.00 GiB free=0.89 GiB reserve=1.59 GiB total=31.86 GiB)
ds4: ROCm q8 fp16 cache budget exhausted; using q8 kernels (request=64.00 MiB cached=0.00 GiB free=0.89 GiB reserve=1.59 GiB total=31.86 GiB)
ds4: ROCm q8 fp16 cache budget exhausted; using q8 kernels (request=64.00 MiB cached=0.00 GiB free=0.89 GiB reserve=1.59 GiB total=31.86 GiB)
ds4: ROCm q8 fp16 cache budget exhausted; using q8 kernels (request=64.00 MiB cached=0.00 GiB free=0.89 GiB reserve=1.59 GiB total=31.86 GiB)
ds4: ROCm q8 fp16 cache budget exhausted; using q8 kernels (request=64.00 MiB cached=0.00 GiB free=0.89 GiB reserve=1.59 GiB total=31.86 GiB)
ds4: ROCm q8 fp16 cache budget exhausted; using q8 kernels (request=64.00 MiB cached=0.00 GiB free=0.89 GiB reserve=1.59 GiB total=31.86 GiB)
ds4: ROCm q8 fp16 cache budget exhausted; using q8 kernels (request=64.00 MiB cached=0.00 GiB free=0.89 GiB reserve=1.59 GiB total=31.86 GiB)
ds4: ROCm q8 fp16 cache budget exhausted; using q8 kernels (request=64.00 MiB cached=0.00 GiB free=0.89 GiB reserve=1.59 GiB total=31.86 GiB)
case_067 cases=68 prompt=17 target=24 avg_nll=0.305554 lcp=6 api_target_mae=0.305554 api_top_coverage=98/120 api_top1=0.833 api_topn=0.296 api_pair=1.000
ds4: ROCm q8 fp16 cache budget exhausted; using q8 kernels (request=64.00 MiB cached=0.00 GiB free=0.89 GiB reserve=1.59 GiB total=31.86 GiB)
ds4: ROCm q8 fp16 cache budget exhausted; using q8 kernels (request=64.00 MiB cached=0.00 GiB free=0.89 GiB reserve=1.59 GiB total=31.86 GiB)
ds4: ROCm q8 fp16 cache budget exhausted; using q8 kernels (request=64.00 MiB cached=0.00 GiB free=0.89 GiB reserve=1.59 GiB total=31.86 GiB)
ds4: ROCm q8 fp16 cache budget exhausted; using q8 kernels (request=64.00 MiB cached=0.00 GiB free=0.89 GiB reserve=1.59 GiB total=31.86 GiB)
ds4: ROCm q8 fp16 cache budget exhausted; using q8 kernels (request=64.00 MiB cached=0.00 GiB free=0.89 GiB reserve=1.59 GiB total=31.86 GiB)
ds4: ROCm q8 fp16 cache budget exhausted; using q8 kernels (request=64.00 MiB cached=0.00 GiB free=0.89 GiB reserve=1.59 GiB total=31.86 GiB)
ds4: ROCm q8 fp16 cache budget exhausted; using q8 kernels (request=64.00 MiB cached=0.00 GiB free=0.89 GiB reserve=1.59 GiB total=31.86 GiB)
ds4: ROCm q8 fp16 cache budget exhausted; using q8 kernels (request=64.00 MiB cached=0.00 GiB free=0.89 GiB reserve=1.59 GiB total=31.86 GiB)
ds4: ROCm q8 fp16 cache budget exhausted; using q8 kernels (request=64.00 MiB cached=0.00 GiB free=0.89 GiB reserve=1.59 GiB total=31.86 GiB)
ds4: ROCm q8 fp16 cache budget exhausted; using q8 kernels (request=64.00 MiB cached=0.00 GiB free=0.89 GiB reserve=1.59 GiB total=31.86 GiB)
ds4: ROCm q8 fp16 cache budget exhausted; using q8 kernels (request=64.00 MiB cached=0.00 GiB free=0.89 GiB reserve=1.59 GiB total=31.86 GiB)
ds4: ROCm q8 fp16 cache budget exhausted; using q8 kernels (request=64.00 MiB cached=0.00 GiB free=0.89 GiB reserve=1.59 GiB total=31.86 GiB)
ds4: ROCm q8 fp16 cache budget exhausted; using q8 kernels (request=64.00 MiB cached=0.00 GiB free=0.89 GiB reserve=1.59 GiB total=31.86 GiB)
ds4: ROCm q8 fp16 cache budget exhausted; using q8 kernels (request=64.00 MiB cached=0.00 GiB free=0.89 GiB reserve=1.59 GiB total=31.86 GiB)
ds4: ROCm q8 fp16 cache budget exhausted; using q8 kernels (request=64.00 MiB cached=0.00 GiB free=0.89 GiB reserve=1.59 GiB total=31.86 GiB)
ds4: ROCm q8 fp16 cache budget exhausted; using q8 kernels (request=64.00 MiB cached=0.00 GiB free=0.89 GiB reserve=1.59 GiB total=31.86 GiB)
ds4: ROCm q8 fp16 cache budget exhausted; using q8 kernels (request=64.00 MiB cached=0.00 GiB free=0.89 GiB reserve=1.59 GiB total=31.86 GiB)
ds4: ROCm q8 fp16 cache budget exhausted; using q8 kernels (request=64.00 MiB cached=0.00 GiB free=0.89 GiB reserve=1.59 GiB total=31.86 GiB)
ds4: ROCm q8 fp16 cache budget exhausted; using q8 kernels (request=64.00 MiB cached=0.00 GiB free=0.89 GiB reserve=1.59 GiB total=31.86 GiB)
ds4: ROCm q8 fp16 cache budget exhausted; using q8 kernels (request=64.00 MiB cached=0.00 GiB free=0.89 GiB reserve=1.59 GiB total=31.86 GiB)
ds4: ROCm q8 fp16 cache budget exhausted; using q8 kernels (request=64.00 MiB cached=0.00 GiB free=0.89 GiB reserve=1.59 GiB total=31.86 GiB)
ds4: ROCm q8 fp16 cache budget exhausted; using q8 kernels (request=64.00 MiB cached=0.00 GiB free=0.89 GiB reserve=1.59 GiB total=31.86 GiB)
ds4: ROCm q8 fp16 cache budget exhausted; using q8 kernels (request=64.00 MiB cached=0.00 GiB free=0.89 GiB reserve=1.59 GiB total=31.86 GiB)
ds4: ROCm q8 fp16 cache budget exhausted; using q8 kernels (request=64.00 MiB cached=0.00 GiB free=0.89 GiB reserve=1.59 GiB total=31.86 GiB)
ds4: ROCm q8 fp16 cache budget exhausted; using q8 kernels (request=64.00 MiB cached=0.00 GiB free=0.89 GiB reserve=1.59 GiB total=31.86 GiB)
ds4: ROCm q8 fp16 cache budget exhausted; using q8 kernels (request=64.00 MiB cached=0.00 GiB free=0.89 GiB reserve=1.59 GiB total=31.86 GiB)
ds4: ROCm q8 fp16 cache budget exhausted; using q8 kernels (request=64.00 MiB cached=0.00 GiB free=0.89 GiB reserve=1.59 GiB total=31.86 GiB)
ds4: ROCm q8 fp16 cache budget exhausted; using q8 kernels (request=64.00 MiB cached=0.00 GiB free=0.89 GiB reserve=1.59 GiB total=31.86 GiB)
ds4: ROCm q8 fp16 cache budget exhausted; using q8 kernels (request=64.00 MiB cached=0.00 GiB free=0.89 GiB reserve=1.59 GiB total=31.86 GiB)
ds4: ROCm q8 fp16 cache budget exhausted; using q8 kernels (request=64.00 MiB cached=0.00 GiB free=0.89 GiB reserve=1.59 GiB total=31.86 GiB)
ds4: ROCm q8 fp16 cache budget exhausted; using q8 kernels (request=64.00 MiB cached=0.00 GiB free=0.89 GiB reserve=1.59 GiB total=31.86 GiB)
ds4: ROCm q8 fp16 cache budget exhausted; using q8 kernels (request=64.00 MiB cached=0.00 GiB free=0.89 GiB reserve=1.59 GiB total=31.86 GiB)
ds4: ROCm q8 fp16 cache budget exhausted; using q8 kernels (request=64.00 MiB cached=0.00 GiB free=0.89 GiB reserve=1.59 GiB total=31.86 GiB)
ds4: ROCm q8 fp16 cache budget exhausted; using q8 kernels (request=64.00 MiB cached=0.00 GiB free=0.89 GiB reserve=1.59 GiB total=31.86 GiB)
ds4: ROCm q8 fp16 cache budget exhausted; using q8 kernels (request=64.00 MiB cached=0.00 GiB free=0.89 GiB reserve=1.59 GiB total=31.86 GiB)
ds4: ROCm q8 fp16 cache budget exhausted; using q8 kernels (request=64.00 MiB cached=0.00 GiB free=0.89 GiB reserve=1.59 GiB total=31.86 GiB)
ds4: ROCm q8 fp16 cache budget exhausted; using q8 kernels (request=64.00 MiB cached=0.00 GiB free=0.89 GiB reserve=1.59 GiB total=31.86 GiB)
ds4: ROCm q8 fp16 cache budget exhausted; using q8 kernels (request=64.00 MiB cached=0.00 GiB free=0.89 GiB reserve=1.59 GiB total=31.86 GiB)
ds4: ROCm q8 fp16 cache budget exhausted; using q8 kernels (request=64.00 MiB cached=0.00 GiB free=0.89 GiB reserve=1.59 GiB total=31.86 GiB)
ds4: ROCm q8 fp16 cache budget exhausted; using q8 kernels (request=64.00 MiB cached=0.00 GiB free=0.89 GiB reserve=1.59 GiB total=31.86 GiB)
ds4: ROCm q8 fp16 cache budget exhausted; using q8 kernels (request=64.00 MiB cached=0.00 GiB free=0.89 GiB reserve=1.59 GiB total=31.86 GiB)
ds4: ROCm q8 fp16 cache budget exhausted; using q8 kernels (request=64.00 MiB cached=0.00 GiB free=0.89 GiB reserve=1.59 GiB total=31.86 GiB)
ds4: ROCm q8 fp16 cache budget exhausted; using q8 kernels (request=64.00 MiB cached=0.00 GiB free=0.89 GiB reserve=1.59 GiB total=31.86 GiB)
case_068 cases=69 prompt=17 target=24 avg_nll=0.746302 lcp=3 api_target_mae=0.746302 api_top_coverage=99/120 api_top1=0.708 api_topn=0.242 api_pair=1.000
ds4: ROCm q8 fp16 cache budget exhausted; using q8 kernels (request=64.00 MiB cached=0.00 GiB free=0.89 GiB reserve=1.59 GiB total=31.86 GiB)
ds4: ROCm q8 fp16 cache budget exhausted; using q8 kernels (request=64.00 MiB cached=0.00 GiB free=0.89 GiB reserve=1.59 GiB total=31.86 GiB)
ds4: ROCm q8 fp16 cache budget exhausted; using q8 kernels (request=64.00 MiB cached=0.00 GiB free=0.89 GiB reserve=1.59 GiB total=31.86 GiB)
ds4: ROCm q8 fp16 cache budget exhausted; using q8 kernels (request=64.00 MiB cached=0.00 GiB free=0.89 GiB reserve=1.59 GiB total=31.86 GiB)
ds4: ROCm q8 fp16 cache budget exhausted; using q8 kernels (request=64.00 MiB cached=0.00 GiB free=0.89 GiB reserve=1.59 GiB total=31.86 GiB)
ds4: ROCm q8 fp16 cache budget exhausted; using q8 kernels (request=64.00 MiB cached=0.00 GiB free=0.89 GiB reserve=1.59 GiB total=31.86 GiB)
ds4: ROCm q8 fp16 cache budget exhausted; using q8 kernels (request=64.00 MiB cached=0.00 GiB free=0.89 GiB reserve=1.59 GiB total=31.86 GiB)
ds4: ROCm q8 fp16 cache budget exhausted; using q8 kernels (request=64.00 MiB cached=0.00 GiB free=0.89 GiB reserve=1.59 GiB total=31.86 GiB)
ds4: ROCm q8 fp16 cache budget exhausted; using q8 kernels (request=64.00 MiB cached=0.00 GiB free=0.89 GiB reserve=1.59 GiB total=31.86 GiB)
ds4: ROCm q8 fp16 cache budget exhausted; using q8 kernels (request=64.00 MiB cached=0.00 GiB free=0.89 GiB reserve=1.59 GiB total=31.86 GiB)
ds4: ROCm q8 fp16 cache budget exhausted; using q8 kernels (request=64.00 MiB cached=0.00 GiB free=0.89 GiB reserve=1.59 GiB total=31.86 GiB)
ds4: ROCm q8 fp16 cache budget exhausted; using q8 kernels (request=64.00 MiB cached=0.00 GiB free=0.89 GiB reserve=1.59 GiB total=31.86 GiB)
ds4: ROCm q8 fp16 cache budget exhausted; using q8 kernels (request=64.00 MiB cached=0.00 GiB free=0.89 GiB reserve=1.59 GiB total=31.86 GiB)
ds4: ROCm q8 fp16 cache budget exhausted; using q8 kernels (request=64.00 MiB cached=0.00 GiB free=0.89 GiB reserve=1.59 GiB total=31.86 GiB)
ds4: ROCm q8 fp16 cache budget exhausted; using q8 kernels (request=64.00 MiB cached=0.00 GiB free=0.89 GiB reserve=1.59 GiB total=31.86 GiB)
ds4: ROCm q8 fp16 cache budget exhausted; using q8 kernels (request=64.00 MiB cached=0.00 GiB free=0.89 GiB reserve=1.59 GiB total=31.86 GiB)
ds4: ROCm q8 fp16 cache budget exhausted; using q8 kernels (request=64.00 MiB cached=0.00 GiB free=0.89 GiB reserve=1.59 GiB total=31.86 GiB)
ds4: ROCm q8 fp16 cache budget exhausted; using q8 kernels (request=64.00 MiB cached=0.00 GiB free=0.89 GiB reserve=1.59 GiB total=31.86 GiB)
ds4: ROCm q8 fp16 cache budget exhausted; using q8 kernels (request=64.00 MiB cached=0.00 GiB free=0.89 GiB reserve=1.59 GiB total=31.86 GiB)
ds4: ROCm q8 fp16 cache budget exhausted; using q8 kernels (request=64.00 MiB cached=0.00 GiB free=0.89 GiB reserve=1.59 GiB total=31.86 GiB)
ds4: ROCm q8 fp16 cache budget exhausted; using q8 kernels (request=64.00 MiB cached=0.00 GiB free=0.89 GiB reserve=1.59 GiB total=31.86 GiB)
ds4: ROCm q8 fp16 cache budget exhausted; using q8 kernels (request=64.00 MiB cached=0.00 GiB free=0.89 GiB reserve=1.59 GiB total=31.86 GiB)
ds4: ROCm q8 fp16 cache budget exhausted; using q8 kernels (request=64.00 MiB cached=0.00 GiB free=0.89 GiB reserve=1.59 GiB total=31.86 GiB)
ds4: ROCm q8 fp16 cache budget exhausted; using q8 kernels (request=64.00 MiB cached=0.00 GiB free=0.89 GiB reserve=1.59 GiB total=31.86 GiB)
ds4: ROCm q8 fp16 cache budget exhausted; using q8 kernels (request=64.00 MiB cached=0.00 GiB free=0.89 GiB reserve=1.59 GiB total=31.86 GiB)
ds4: ROCm q8 fp16 cache budget exhausted; using q8 kernels (request=64.00 MiB cached=0.00 GiB free=0.89 GiB reserve=1.59 GiB total=31.86 GiB)
ds4: ROCm q8 fp16 cache budget exhausted; using q8 kernels (request=64.00 MiB cached=0.00 GiB free=0.89 GiB reserve=1.59 GiB total=31.86 GiB)
ds4: ROCm q8 fp16 cache budget exhausted; using q8 kernels (request=64.00 MiB cached=0.00 GiB free=0.89 GiB reserve=1.59 GiB total=31.86 GiB)
ds4: ROCm q8 fp16 cache budget exhausted; using q8 kernels (request=64.00 MiB cached=0.00 GiB free=0.89 GiB reserve=1.59 GiB total=31.86 GiB)
ds4: ROCm q8 fp16 cache budget exhausted; using q8 kernels (request=64.00 MiB cached=0.00 GiB free=0.89 GiB reserve=1.59 GiB total=31.86 GiB)
ds4: ROCm q8 fp16 cache budget exhausted; using q8 kernels (request=64.00 MiB cached=0.00 GiB free=0.89 GiB reserve=1.59 GiB total=31.86 GiB)
ds4: ROCm q8 fp16 cache budget exhausted; using q8 kernels (request=64.00 MiB cached=0.00 GiB free=0.89 GiB reserve=1.59 GiB total=31.86 GiB)
ds4: ROCm q8 fp16 cache budget exhausted; using q8 kernels (request=64.00 MiB cached=0.00 GiB free=0.89 GiB reserve=1.59 GiB total=31.86 GiB)
ds4: ROCm q8 fp16 cache budget exhausted; using q8 kernels (request=64.00 MiB cached=0.00 GiB free=0.89 GiB reserve=1.59 GiB total=31.86 GiB)
ds4: ROCm q8 fp16 cache budget exhausted; using q8 kernels (request=64.00 MiB cached=0.00 GiB free=0.89 GiB reserve=1.59 GiB total=31.86 GiB)
ds4: ROCm q8 fp16 cache budget exhausted; using q8 kernels (request=64.00 MiB cached=0.00 GiB free=0.89 GiB reserve=1.59 GiB total=31.86 GiB)
ds4: ROCm q8 fp16 cache budget exhausted; using q8 kernels (request=64.00 MiB cached=0.00 GiB free=0.89 GiB reserve=1.59 GiB total=31.86 GiB)
ds4: ROCm q8 fp16 cache budget exhausted; using q8 kernels (request=64.00 MiB cached=0.00 GiB free=0.89 GiB reserve=1.59 GiB total=31.86 GiB)
ds4: ROCm q8 fp16 cache budget exhausted; using q8 kernels (request=64.00 MiB cached=0.00 GiB free=0.89 GiB reserve=1.59 GiB total=31.86 GiB)
ds4: ROCm q8 fp16 cache budget exhausted; using q8 kernels (request=64.00 MiB cached=0.00 GiB free=0.89 GiB reserve=1.59 GiB total=31.86 GiB)
ds4: ROCm q8 fp16 cache budget exhausted; using q8 kernels (request=64.00 MiB cached=0.00 GiB free=0.89 GiB reserve=1.59 GiB total=31.86 GiB)
ds4: ROCm q8 fp16 cache budget exhausted; using q8 kernels (request=64.00 MiB cached=0.00 GiB free=0.89 GiB reserve=1.59 GiB total=31.86 GiB)
ds4: ROCm q8 fp16 cache budget exhausted; using q8 kernels (request=64.00 MiB cached=0.00 GiB free=0.89 GiB reserve=1.59 GiB total=31.86 GiB)
case_069 cases=70 prompt=18 target=24 avg_nll=0.407431 lcp=1 api_target_mae=0.407431 api_top_coverage=99/120 api_top1=0.875 api_topn=0.273 api_pair=1.000
ds4: ROCm q8 fp16 cache budget exhausted; using q8 kernels (request=64.00 MiB cached=0.00 GiB free=0.89 GiB reserve=1.59 GiB total=31.86 GiB)
ds4: ROCm q8 fp16 cache budget exhausted; using q8 kernels (request=64.00 MiB cached=0.00 GiB free=0.89 GiB reserve=1.59 GiB total=31.86 GiB)
ds4: ROCm q8 fp16 cache budget exhausted; using q8 kernels (request=64.00 MiB cached=0.00 GiB free=0.89 GiB reserve=1.59 GiB total=31.86 GiB)
ds4: ROCm q8 fp16 cache budget exhausted; using q8 kernels (request=64.00 MiB cached=0.00 GiB free=0.89 GiB reserve=1.59 GiB total=31.86 GiB)
ds4: ROCm q8 fp16 cache budget exhausted; using q8 kernels (request=64.00 MiB cached=0.00 GiB free=0.89 GiB reserve=1.59 GiB total=31.86 GiB)
ds4: ROCm q8 fp16 cache budget exhausted; using q8 kernels (request=64.00 MiB cached=0.00 GiB free=0.89 GiB reserve=1.59 GiB total=31.86 GiB)
ds4: ROCm q8 fp16 cache budget exhausted; using q8 kernels (request=64.00 MiB cached=0.00 GiB free=0.89 GiB reserve=1.59 GiB total=31.86 GiB)
ds4: ROCm q8 fp16 cache budget exhausted; using q8 kernels (request=64.00 MiB cached=0.00 GiB free=0.89 GiB reserve=1.59 GiB total=31.86 GiB)
ds4: ROCm q8 fp16 cache budget exhausted; using q8 kernels (request=64.00 MiB cached=0.00 GiB free=0.89 GiB reserve=1.59 GiB total=31.86 GiB)
ds4: ROCm q8 fp16 cache budget exhausted; using q8 kernels (request=64.00 MiB cached=0.00 GiB free=0.89 GiB reserve=1.59 GiB total=31.86 GiB)
ds4: ROCm q8 fp16 cache budget exhausted; using q8 kernels (request=64.00 MiB cached=0.00 GiB free=0.89 GiB reserve=1.59 GiB total=31.86 GiB)
ds4: ROCm q8 fp16 cache budget exhausted; using q8 kernels (request=64.00 MiB cached=0.00 GiB free=0.89 GiB reserve=1.59 GiB total=31.86 GiB)
ds4: ROCm q8 fp16 cache budget exhausted; using q8 kernels (request=64.00 MiB cached=0.00 GiB free=0.89 GiB reserve=1.59 GiB total=31.86 GiB)
ds4: ROCm q8 fp16 cache budget exhausted; using q8 kernels (request=64.00 MiB cached=0.00 GiB free=0.89 GiB reserve=1.59 GiB total=31.86 GiB)
ds4: ROCm q8 fp16 cache budget exhausted; using q8 kernels (request=64.00 MiB cached=0.00 GiB free=0.89 GiB reserve=1.59 GiB total=31.86 GiB)
ds4: ROCm q8 fp16 cache budget exhausted; using q8 kernels (request=64.00 MiB cached=0.00 GiB free=0.89 GiB reserve=1.59 GiB total=31.86 GiB)
ds4: ROCm q8 fp16 cache budget exhausted; using q8 kernels (request=64.00 MiB cached=0.00 GiB free=0.89 GiB reserve=1.59 GiB total=31.86 GiB)
ds4: ROCm q8 fp16 cache budget exhausted; using q8 kernels (request=64.00 MiB cached=0.00 GiB free=0.89 GiB reserve=1.59 GiB total=31.86 GiB)
ds4: ROCm q8 fp16 cache budget exhausted; using q8 kernels (request=64.00 MiB cached=0.00 GiB free=0.89 GiB reserve=1.59 GiB total=31.86 GiB)
ds4: ROCm q8 fp16 cache budget exhausted; using q8 kernels (request=64.00 MiB cached=0.00 GiB free=0.89 GiB reserve=1.59 GiB total=31.86 GiB)
ds4: ROCm q8 fp16 cache budget exhausted; using q8 kernels (request=64.00 MiB cached=0.00 GiB free=0.89 GiB reserve=1.59 GiB total=31.86 GiB)
ds4: ROCm q8 fp16 cache budget exhausted; using q8 kernels (request=64.00 MiB cached=0.00 GiB free=0.89 GiB reserve=1.59 GiB total=31.86 GiB)
ds4: ROCm q8 fp16 cache budget exhausted; using q8 kernels (request=64.00 MiB cached=0.00 GiB free=0.89 GiB reserve=1.59 GiB total=31.86 GiB)
ds4: ROCm q8 fp16 cache budget exhausted; using q8 kernels (request=64.00 MiB cached=0.00 GiB free=0.89 GiB reserve=1.59 GiB total=31.86 GiB)
ds4: ROCm q8 fp16 cache budget exhausted; using q8 kernels (request=64.00 MiB cached=0.00 GiB free=0.89 GiB reserve=1.59 GiB total=31.86 GiB)
ds4: ROCm q8 fp16 cache budget exhausted; using q8 kernels (request=64.00 MiB cached=0.00 GiB free=0.89 GiB reserve=1.59 GiB total=31.86 GiB)
ds4: ROCm q8 fp16 cache budget exhausted; using q8 kernels (request=64.00 MiB cached=0.00 GiB free=0.89 GiB reserve=1.59 GiB total=31.86 GiB)
ds4: ROCm q8 fp16 cache budget exhausted; using q8 kernels (request=64.00 MiB cached=0.00 GiB free=0.89 GiB reserve=1.59 GiB total=31.86 GiB)
ds4: ROCm q8 fp16 cache budget exhausted; using q8 kernels (request=64.00 MiB cached=0.00 GiB free=0.89 GiB reserve=1.59 GiB total=31.86 GiB)
ds4: ROCm q8 fp16 cache budget exhausted; using q8 kernels (request=64.00 MiB cached=0.00 GiB free=0.89 GiB reserve=1.59 GiB total=31.86 GiB)
ds4: ROCm q8 fp16 cache budget exhausted; using q8 kernels (request=64.00 MiB cached=0.00 GiB free=0.89 GiB reserve=1.59 GiB total=31.86 GiB)
ds4: ROCm q8 fp16 cache budget exhausted; using q8 kernels (request=64.00 MiB cached=0.00 GiB free=0.89 GiB reserve=1.59 GiB total=31.86 GiB)
ds4: ROCm q8 fp16 cache budget exhausted; using q8 kernels (request=64.00 MiB cached=0.00 GiB free=0.89 GiB reserve=1.59 GiB total=31.86 GiB)
ds4: ROCm q8 fp16 cache budget exhausted; using q8 kernels (request=64.00 MiB cached=0.00 GiB free=0.89 GiB reserve=1.59 GiB total=31.86 GiB)
ds4: ROCm q8 fp16 cache budget exhausted; using q8 kernels (request=64.00 MiB cached=0.00 GiB free=0.89 GiB reserve=1.59 GiB total=31.86 GiB)
ds4: ROCm q8 fp16 cache budget exhausted; using q8 kernels (request=64.00 MiB cached=0.00 GiB free=0.89 GiB reserve=1.59 GiB total=31.86 GiB)
ds4: ROCm q8 fp16 cache budget exhausted; using q8 kernels (request=64.00 MiB cached=0.00 GiB free=0.89 GiB reserve=1.59 GiB total=31.86 GiB)
ds4: ROCm q8 fp16 cache budget exhausted; using q8 kernels (request=64.00 MiB cached=0.00 GiB free=0.89 GiB reserve=1.59 GiB total=31.86 GiB)
ds4: ROCm q8 fp16 cache budget exhausted; using q8 kernels (request=64.00 MiB cached=0.00 GiB free=0.89 GiB reserve=1.59 GiB total=31.86 GiB)
ds4: ROCm q8 fp16 cache budget exhausted; using q8 kernels (request=64.00 MiB cached=0.00 GiB free=0.89 GiB reserve=1.59 GiB total=31.86 GiB)
ds4: ROCm q8 fp16 cache budget exhausted; using q8 kernels (request=64.00 MiB cached=0.00 GiB free=0.89 GiB reserve=1.59 GiB total=31.86 GiB)
ds4: ROCm q8 fp16 cache budget exhausted; using q8 kernels (request=64.00 MiB cached=0.00 GiB free=0.89 GiB reserve=1.59 GiB total=31.86 GiB)
ds4: ROCm q8 fp16 cache budget exhausted; using q8 kernels (request=64.00 MiB cached=0.00 GiB free=0.89 GiB reserve=1.59 GiB total=31.86 GiB)
case_070 cases=71 prompt=24 target=24 avg_nll=0.161283 lcp=3 api_target_mae=0.161283 api_top_coverage=97/120 api_top1=0.917 api_topn=0.278 api_pair=1.000
ds4: ROCm q8 fp16 cache budget exhausted; using q8 kernels (request=64.00 MiB cached=0.00 GiB free=0.89 GiB reserve=1.59 GiB total=31.86 GiB)
ds4: ROCm q8 fp16 cache budget exhausted; using q8 kernels (request=64.00 MiB cached=0.00 GiB free=0.89 GiB reserve=1.59 GiB total=31.86 GiB)
ds4: ROCm q8 fp16 cache budget exhausted; using q8 kernels (request=64.00 MiB cached=0.00 GiB free=0.89 GiB reserve=1.59 GiB total=31.86 GiB)
ds4: ROCm q8 fp16 cache budget exhausted; using q8 kernels (request=64.00 MiB cached=0.00 GiB free=0.89 GiB reserve=1.59 GiB total=31.86 GiB)
ds4: ROCm q8 fp16 cache budget exhausted; using q8 kernels (request=64.00 MiB cached=0.00 GiB free=0.89 GiB reserve=1.59 GiB total=31.86 GiB)
ds4: ROCm q8 fp16 cache budget exhausted; using q8 kernels (request=64.00 MiB cached=0.00 GiB free=0.89 GiB reserve=1.59 GiB total=31.86 GiB)
ds4: ROCm q8 fp16 cache budget exhausted; using q8 kernels (request=64.00 MiB cached=0.00 GiB free=0.89 GiB reserve=1.59 GiB total=31.86 GiB)
ds4: ROCm q8 fp16 cache budget exhausted; using q8 kernels (request=64.00 MiB cached=0.00 GiB free=0.89 GiB reserve=1.59 GiB total=31.86 GiB)
ds4: ROCm q8 fp16 cache budget exhausted; using q8 kernels (request=64.00 MiB cached=0.00 GiB free=0.89 GiB reserve=1.59 GiB total=31.86 GiB)
ds4: ROCm q8 fp16 cache budget exhausted; using q8 kernels (request=64.00 MiB cached=0.00 GiB free=0.89 GiB reserve=1.59 GiB total=31.86 GiB)
ds4: ROCm q8 fp16 cache budget exhausted; using q8 kernels (request=64.00 MiB cached=0.00 GiB free=0.89 GiB reserve=1.59 GiB total=31.86 GiB)
ds4: ROCm q8 fp16 cache budget exhausted; using q8 kernels (request=64.00 MiB cached=0.00 GiB free=0.89 GiB reserve=1.59 GiB total=31.86 GiB)
ds4: ROCm q8 fp16 cache budget exhausted; using q8 kernels (request=64.00 MiB cached=0.00 GiB free=0.89 GiB reserve=1.59 GiB total=31.86 GiB)
ds4: ROCm q8 fp16 cache budget exhausted; using q8 kernels (request=64.00 MiB cached=0.00 GiB free=0.89 GiB reserve=1.59 GiB total=31.86 GiB)
ds4: ROCm q8 fp16 cache budget exhausted; using q8 kernels (request=64.00 MiB cached=0.00 GiB free=0.89 GiB reserve=1.59 GiB total=31.86 GiB)
ds4: ROCm q8 fp16 cache budget exhausted; using q8 kernels (request=64.00 MiB cached=0.00 GiB free=0.89 GiB reserve=1.59 GiB total=31.86 GiB)
ds4: ROCm q8 fp16 cache budget exhausted; using q8 kernels (request=64.00 MiB cached=0.00 GiB free=0.89 GiB reserve=1.59 GiB total=31.86 GiB)
ds4: ROCm q8 fp16 cache budget exhausted; using q8 kernels (request=64.00 MiB cached=0.00 GiB free=0.89 GiB reserve=1.59 GiB total=31.86 GiB)
ds4: ROCm q8 fp16 cache budget exhausted; using q8 kernels (request=64.00 MiB cached=0.00 GiB free=0.89 GiB reserve=1.59 GiB total=31.86 GiB)
ds4: ROCm q8 fp16 cache budget exhausted; using q8 kernels (request=64.00 MiB cached=0.00 GiB free=0.89 GiB reserve=1.59 GiB total=31.86 GiB)
ds4: ROCm q8 fp16 cache budget exhausted; using q8 kernels (request=64.00 MiB cached=0.00 GiB free=0.89 GiB reserve=1.59 GiB total=31.86 GiB)
ds4: ROCm q8 fp16 cache budget exhausted; using q8 kernels (request=64.00 MiB cached=0.00 GiB free=0.89 GiB reserve=1.59 GiB total=31.86 GiB)
ds4: ROCm q8 fp16 cache budget exhausted; using q8 kernels (request=64.00 MiB cached=0.00 GiB free=0.89 GiB reserve=1.59 GiB total=31.86 GiB)
ds4: ROCm q8 fp16 cache budget exhausted; using q8 kernels (request=64.00 MiB cached=0.00 GiB free=0.89 GiB reserve=1.59 GiB total=31.86 GiB)
ds4: ROCm q8 fp16 cache budget exhausted; using q8 kernels (request=64.00 MiB cached=0.00 GiB free=0.89 GiB reserve=1.59 GiB total=31.86 GiB)
ds4: ROCm q8 fp16 cache budget exhausted; using q8 kernels (request=64.00 MiB cached=0.00 GiB free=0.89 GiB reserve=1.59 GiB total=31.86 GiB)
ds4: ROCm q8 fp16 cache budget exhausted; using q8 kernels (request=64.00 MiB cached=0.00 GiB free=0.89 GiB reserve=1.59 GiB total=31.86 GiB)
ds4: ROCm q8 fp16 cache budget exhausted; using q8 kernels (request=64.00 MiB cached=0.00 GiB free=0.89 GiB reserve=1.59 GiB total=31.86 GiB)
ds4: ROCm q8 fp16 cache budget exhausted; using q8 kernels (request=64.00 MiB cached=0.00 GiB free=0.89 GiB reserve=1.59 GiB total=31.86 GiB)
ds4: ROCm q8 fp16 cache budget exhausted; using q8 kernels (request=64.00 MiB cached=0.00 GiB free=0.89 GiB reserve=1.59 GiB total=31.86 GiB)
ds4: ROCm q8 fp16 cache budget exhausted; using q8 kernels (request=64.00 MiB cached=0.00 GiB free=0.89 GiB reserve=1.59 GiB total=31.86 GiB)
ds4: ROCm q8 fp16 cache budget exhausted; using q8 kernels (request=64.00 MiB cached=0.00 GiB free=0.89 GiB reserve=1.59 GiB total=31.86 GiB)
ds4: ROCm q8 fp16 cache budget exhausted; using q8 kernels (request=64.00 MiB cached=0.00 GiB free=0.89 GiB reserve=1.59 GiB total=31.86 GiB)
ds4: ROCm q8 fp16 cache budget exhausted; using q8 kernels (request=64.00 MiB cached=0.00 GiB free=0.89 GiB reserve=1.59 GiB total=31.86 GiB)
ds4: ROCm q8 fp16 cache budget exhausted; using q8 kernels (request=64.00 MiB cached=0.00 GiB free=0.89 GiB reserve=1.59 GiB total=31.86 GiB)
ds4: ROCm q8 fp16 cache budget exhausted; using q8 kernels (request=64.00 MiB cached=0.00 GiB free=0.89 GiB reserve=1.59 GiB total=31.86 GiB)
ds4: ROCm q8 fp16 cache budget exhausted; using q8 kernels (request=64.00 MiB cached=0.00 GiB free=0.89 GiB reserve=1.59 GiB total=31.86 GiB)
ds4: ROCm q8 fp16 cache budget exhausted; using q8 kernels (request=64.00 MiB cached=0.00 GiB free=0.89 GiB reserve=1.59 GiB total=31.86 GiB)
ds4: ROCm q8 fp16 cache budget exhausted; using q8 kernels (request=64.00 MiB cached=0.00 GiB free=0.89 GiB reserve=1.59 GiB total=31.86 GiB)
ds4: ROCm q8 fp16 cache budget exhausted; using q8 kernels (request=64.00 MiB cached=0.00 GiB free=0.89 GiB reserve=1.59 GiB total=31.86 GiB)
ds4: ROCm q8 fp16 cache budget exhausted; using q8 kernels (request=64.00 MiB cached=0.00 GiB free=0.89 GiB reserve=1.59 GiB total=31.86 GiB)
ds4: ROCm q8 fp16 cache budget exhausted; using q8 kernels (request=64.00 MiB cached=0.00 GiB free=0.89 GiB reserve=1.59 GiB total=31.86 GiB)
ds4: ROCm q8 fp16 cache budget exhausted; using q8 kernels (request=64.00 MiB cached=0.00 GiB free=0.89 GiB reserve=1.59 GiB total=31.86 GiB)
case_071 cases=72 prompt=24 target=24 avg_nll=0.544720 lcp=0 api_target_mae=0.544720 api_top_coverage=97/120 api_top1=0.750 api_topn=0.258 api_pair=0.986
ds4: ROCm q8 fp16 cache budget exhausted; using q8 kernels (request=64.00 MiB cached=0.00 GiB free=0.89 GiB reserve=1.59 GiB total=31.86 GiB)
ds4: ROCm q8 fp16 cache budget exhausted; using q8 kernels (request=64.00 MiB cached=0.00 GiB free=0.89 GiB reserve=1.59 GiB total=31.86 GiB)
ds4: ROCm q8 fp16 cache budget exhausted; using q8 kernels (request=64.00 MiB cached=0.00 GiB free=0.89 GiB reserve=1.59 GiB total=31.86 GiB)
ds4: ROCm q8 fp16 cache budget exhausted; using q8 kernels (request=64.00 MiB cached=0.00 GiB free=0.89 GiB reserve=1.59 GiB total=31.86 GiB)
ds4: ROCm q8 fp16 cache budget exhausted; using q8 kernels (request=64.00 MiB cached=0.00 GiB free=0.89 GiB reserve=1.59 GiB total=31.86 GiB)
ds4: ROCm q8 fp16 cache budget exhausted; using q8 kernels (request=64.00 MiB cached=0.00 GiB free=0.89 GiB reserve=1.59 GiB total=31.86 GiB)
ds4: ROCm q8 fp16 cache budget exhausted; using q8 kernels (request=64.00 MiB cached=0.00 GiB free=0.89 GiB reserve=1.59 GiB total=31.86 GiB)
ds4: ROCm q8 fp16 cache budget exhausted; using q8 kernels (request=64.00 MiB cached=0.00 GiB free=0.89 GiB reserve=1.59 GiB total=31.86 GiB)
ds4: ROCm q8 fp16 cache budget exhausted; using q8 kernels (request=64.00 MiB cached=0.00 GiB free=0.89 GiB reserve=1.59 GiB total=31.86 GiB)
ds4: ROCm q8 fp16 cache budget exhausted; using q8 kernels (request=64.00 MiB cached=0.00 GiB free=0.89 GiB reserve=1.59 GiB total=31.86 GiB)
ds4: ROCm q8 fp16 cache budget exhausted; using q8 kernels (request=64.00 MiB cached=0.00 GiB free=0.89 GiB reserve=1.59 GiB total=31.86 GiB)
ds4: ROCm q8 fp16 cache budget exhausted; using q8 kernels (request=64.00 MiB cached=0.00 GiB free=0.89 GiB reserve=1.59 GiB total=31.86 GiB)
ds4: ROCm q8 fp16 cache budget exhausted; using q8 kernels (request=64.00 MiB cached=0.00 GiB free=0.89 GiB reserve=1.59 GiB total=31.86 GiB)
ds4: ROCm q8 fp16 cache budget exhausted; using q8 kernels (request=64.00 MiB cached=0.00 GiB free=0.89 GiB reserve=1.59 GiB total=31.86 GiB)
ds4: ROCm q8 fp16 cache budget exhausted; using q8 kernels (request=64.00 MiB cached=0.00 GiB free=0.89 GiB reserve=1.59 GiB total=31.86 GiB)
ds4: ROCm q8 fp16 cache budget exhausted; using q8 kernels (request=64.00 MiB cached=0.00 GiB free=0.89 GiB reserve=1.59 GiB total=31.86 GiB)
ds4: ROCm q8 fp16 cache budget exhausted; using q8 kernels (request=64.00 MiB cached=0.00 GiB free=0.89 GiB reserve=1.59 GiB total=31.86 GiB)
ds4: ROCm q8 fp16 cache budget exhausted; using q8 kernels (request=64.00 MiB cached=0.00 GiB free=0.89 GiB reserve=1.59 GiB total=31.86 GiB)
ds4: ROCm q8 fp16 cache budget exhausted; using q8 kernels (request=64.00 MiB cached=0.00 GiB free=0.89 GiB reserve=1.59 GiB total=31.86 GiB)
ds4: ROCm q8 fp16 cache budget exhausted; using q8 kernels (request=64.00 MiB cached=0.00 GiB free=0.89 GiB reserve=1.59 GiB total=31.86 GiB)
ds4: ROCm q8 fp16 cache budget exhausted; using q8 kernels (request=64.00 MiB cached=0.00 GiB free=0.89 GiB reserve=1.59 GiB total=31.86 GiB)
ds4: ROCm q8 fp16 cache budget exhausted; using q8 kernels (request=64.00 MiB cached=0.00 GiB free=0.89 GiB reserve=1.59 GiB total=31.86 GiB)
ds4: ROCm q8 fp16 cache budget exhausted; using q8 kernels (request=64.00 MiB cached=0.00 GiB free=0.89 GiB reserve=1.59 GiB total=31.86 GiB)
ds4: ROCm q8 fp16 cache budget exhausted; using q8 kernels (request=64.00 MiB cached=0.00 GiB free=0.89 GiB reserve=1.59 GiB total=31.86 GiB)
ds4: ROCm q8 fp16 cache budget exhausted; using q8 kernels (request=64.00 MiB cached=0.00 GiB free=0.89 GiB reserve=1.59 GiB total=31.86 GiB)
ds4: ROCm q8 fp16 cache budget exhausted; using q8 kernels (request=64.00 MiB cached=0.00 GiB free=0.89 GiB reserve=1.59 GiB total=31.86 GiB)
ds4: ROCm q8 fp16 cache budget exhausted; using q8 kernels (request=64.00 MiB cached=0.00 GiB free=0.89 GiB reserve=1.59 GiB total=31.86 GiB)
ds4: ROCm q8 fp16 cache budget exhausted; using q8 kernels (request=64.00 MiB cached=0.00 GiB free=0.89 GiB reserve=1.59 GiB total=31.86 GiB)
ds4: ROCm q8 fp16 cache budget exhausted; using q8 kernels (request=64.00 MiB cached=0.00 GiB free=0.89 GiB reserve=1.59 GiB total=31.86 GiB)
ds4: ROCm q8 fp16 cache budget exhausted; using q8 kernels (request=64.00 MiB cached=0.00 GiB free=0.89 GiB reserve=1.59 GiB total=31.86 GiB)
ds4: ROCm q8 fp16 cache budget exhausted; using q8 kernels (request=64.00 MiB cached=0.00 GiB free=0.89 GiB reserve=1.59 GiB total=31.86 GiB)
ds4: ROCm q8 fp16 cache budget exhausted; using q8 kernels (request=64.00 MiB cached=0.00 GiB free=0.89 GiB reserve=1.59 GiB total=31.86 GiB)
ds4: ROCm q8 fp16 cache budget exhausted; using q8 kernels (request=64.00 MiB cached=0.00 GiB free=0.89 GiB reserve=1.59 GiB total=31.86 GiB)
ds4: ROCm q8 fp16 cache budget exhausted; using q8 kernels (request=64.00 MiB cached=0.00 GiB free=0.89 GiB reserve=1.59 GiB total=31.86 GiB)
ds4: ROCm q8 fp16 cache budget exhausted; using q8 kernels (request=64.00 MiB cached=0.00 GiB free=0.89 GiB reserve=1.59 GiB total=31.86 GiB)
ds4: ROCm q8 fp16 cache budget exhausted; using q8 kernels (request=64.00 MiB cached=0.00 GiB free=0.89 GiB reserve=1.59 GiB total=31.86 GiB)
ds4: ROCm q8 fp16 cache budget exhausted; using q8 kernels (request=64.00 MiB cached=0.00 GiB free=0.89 GiB reserve=1.59 GiB total=31.86 GiB)
ds4: ROCm q8 fp16 cache budget exhausted; using q8 kernels (request=64.00 MiB cached=0.00 GiB free=0.89 GiB reserve=1.59 GiB total=31.86 GiB)
ds4: ROCm q8 fp16 cache budget exhausted; using q8 kernels (request=64.00 MiB cached=0.00 GiB free=0.89 GiB reserve=1.59 GiB total=31.86 GiB)
ds4: ROCm q8 fp16 cache budget exhausted; using q8 kernels (request=64.00 MiB cached=0.00 GiB free=0.89 GiB reserve=1.59 GiB total=31.86 GiB)
ds4: ROCm q8 fp16 cache budget exhausted; using q8 kernels (request=64.00 MiB cached=0.00 GiB free=0.89 GiB reserve=1.59 GiB total=31.86 GiB)
ds4: ROCm q8 fp16 cache budget exhausted; using q8 kernels (request=64.00 MiB cached=0.00 GiB free=0.89 GiB reserve=1.59 GiB total=31.86 GiB)
ds4: ROCm q8 fp16 cache budget exhausted; using q8 kernels (request=64.00 MiB cached=0.00 GiB free=0.89 GiB reserve=1.59 GiB total=31.86 GiB)
case_072 cases=73 prompt=17 target=24 avg_nll=0.258890 lcp=0 api_target_mae=0.258890 api_top_coverage=97/120 api_top1=0.917 api_topn=0.289 api_pair=0.959
ds4: ROCm q8 fp16 cache budget exhausted; using q8 kernels (request=64.00 MiB cached=0.00 GiB free=0.89 GiB reserve=1.59 GiB total=31.86 GiB)
ds4: ROCm q8 fp16 cache budget exhausted; using q8 kernels (request=64.00 MiB cached=0.00 GiB free=0.89 GiB reserve=1.59 GiB total=31.86 GiB)
ds4: ROCm q8 fp16 cache budget exhausted; using q8 kernels (request=64.00 MiB cached=0.00 GiB free=0.89 GiB reserve=1.59 GiB total=31.86 GiB)
ds4: ROCm q8 fp16 cache budget exhausted; using q8 kernels (request=64.00 MiB cached=0.00 GiB free=0.89 GiB reserve=1.59 GiB total=31.86 GiB)
ds4: ROCm q8 fp16 cache budget exhausted; using q8 kernels (request=64.00 MiB cached=0.00 GiB free=0.89 GiB reserve=1.59 GiB total=31.86 GiB)
ds4: ROCm q8 fp16 cache budget exhausted; using q8 kernels (request=64.00 MiB cached=0.00 GiB free=0.89 GiB reserve=1.59 GiB total=31.86 GiB)
ds4: ROCm q8 fp16 cache budget exhausted; using q8 kernels (request=64.00 MiB cached=0.00 GiB free=0.89 GiB reserve=1.59 GiB total=31.86 GiB)
ds4: ROCm q8 fp16 cache budget exhausted; using q8 kernels (request=64.00 MiB cached=0.00 GiB free=0.89 GiB reserve=1.59 GiB total=31.86 GiB)
ds4: ROCm q8 fp16 cache budget exhausted; using q8 kernels (request=64.00 MiB cached=0.00 GiB free=0.89 GiB reserve=1.59 GiB total=31.86 GiB)
ds4: ROCm q8 fp16 cache budget exhausted; using q8 kernels (request=64.00 MiB cached=0.00 GiB free=0.89 GiB reserve=1.59 GiB total=31.86 GiB)
ds4: ROCm q8 fp16 cache budget exhausted; using q8 kernels (request=64.00 MiB cached=0.00 GiB free=0.89 GiB reserve=1.59 GiB total=31.86 GiB)
ds4: ROCm q8 fp16 cache budget exhausted; using q8 kernels (request=64.00 MiB cached=0.00 GiB free=0.89 GiB reserve=1.59 GiB total=31.86 GiB)
ds4: ROCm q8 fp16 cache budget exhausted; using q8 kernels (request=64.00 MiB cached=0.00 GiB free=0.89 GiB reserve=1.59 GiB total=31.86 GiB)
ds4: ROCm q8 fp16 cache budget exhausted; using q8 kernels (request=64.00 MiB cached=0.00 GiB free=0.89 GiB reserve=1.59 GiB total=31.86 GiB)
ds4: ROCm q8 fp16 cache budget exhausted; using q8 kernels (request=64.00 MiB cached=0.00 GiB free=0.89 GiB reserve=1.59 GiB total=31.86 GiB)
ds4: ROCm q8 fp16 cache budget exhausted; using q8 kernels (request=64.00 MiB cached=0.00 GiB free=0.89 GiB reserve=1.59 GiB total=31.86 GiB)
ds4: ROCm q8 fp16 cache budget exhausted; using q8 kernels (request=64.00 MiB cached=0.00 GiB free=0.89 GiB reserve=1.59 GiB total=31.86 GiB)
ds4: ROCm q8 fp16 cache budget exhausted; using q8 kernels (request=64.00 MiB cached=0.00 GiB free=0.89 GiB reserve=1.59 GiB total=31.86 GiB)
ds4: ROCm q8 fp16 cache budget exhausted; using q8 kernels (request=64.00 MiB cached=0.00 GiB free=0.89 GiB reserve=1.59 GiB total=31.86 GiB)
ds4: ROCm q8 fp16 cache budget exhausted; using q8 kernels (request=64.00 MiB cached=0.00 GiB free=0.89 GiB reserve=1.59 GiB total=31.86 GiB)
ds4: ROCm q8 fp16 cache budget exhausted; using q8 kernels (request=64.00 MiB cached=0.00 GiB free=0.89 GiB reserve=1.59 GiB total=31.86 GiB)
ds4: ROCm q8 fp16 cache budget exhausted; using q8 kernels (request=64.00 MiB cached=0.00 GiB free=0.89 GiB reserve=1.59 GiB total=31.86 GiB)
ds4: ROCm q8 fp16 cache budget exhausted; using q8 kernels (request=64.00 MiB cached=0.00 GiB free=0.89 GiB reserve=1.59 GiB total=31.86 GiB)
ds4: ROCm q8 fp16 cache budget exhausted; using q8 kernels (request=64.00 MiB cached=0.00 GiB free=0.89 GiB reserve=1.59 GiB total=31.86 GiB)
ds4: ROCm q8 fp16 cache budget exhausted; using q8 kernels (request=64.00 MiB cached=0.00 GiB free=0.89 GiB reserve=1.59 GiB total=31.86 GiB)
ds4: ROCm q8 fp16 cache budget exhausted; using q8 kernels (request=64.00 MiB cached=0.00 GiB free=0.89 GiB reserve=1.59 GiB total=31.86 GiB)
ds4: ROCm q8 fp16 cache budget exhausted; using q8 kernels (request=64.00 MiB cached=0.00 GiB free=0.89 GiB reserve=1.59 GiB total=31.86 GiB)
ds4: ROCm q8 fp16 cache budget exhausted; using q8 kernels (request=64.00 MiB cached=0.00 GiB free=0.89 GiB reserve=1.59 GiB total=31.86 GiB)
ds4: ROCm q8 fp16 cache budget exhausted; using q8 kernels (request=64.00 MiB cached=0.00 GiB free=0.89 GiB reserve=1.59 GiB total=31.86 GiB)
ds4: ROCm q8 fp16 cache budget exhausted; using q8 kernels (request=64.00 MiB cached=0.00 GiB free=0.89 GiB reserve=1.59 GiB total=31.86 GiB)
ds4: ROCm q8 fp16 cache budget exhausted; using q8 kernels (request=64.00 MiB cached=0.00 GiB free=0.89 GiB reserve=1.59 GiB total=31.86 GiB)
ds4: ROCm q8 fp16 cache budget exhausted; using q8 kernels (request=64.00 MiB cached=0.00 GiB free=0.89 GiB reserve=1.59 GiB total=31.86 GiB)
ds4: ROCm q8 fp16 cache budget exhausted; using q8 kernels (request=64.00 MiB cached=0.00 GiB free=0.89 GiB reserve=1.59 GiB total=31.86 GiB)
ds4: ROCm q8 fp16 cache budget exhausted; using q8 kernels (request=64.00 MiB cached=0.00 GiB free=0.89 GiB reserve=1.59 GiB total=31.86 GiB)
ds4: ROCm q8 fp16 cache budget exhausted; using q8 kernels (request=64.00 MiB cached=0.00 GiB free=0.89 GiB reserve=1.59 GiB total=31.86 GiB)
ds4: ROCm q8 fp16 cache budget exhausted; using q8 kernels (request=64.00 MiB cached=0.00 GiB free=0.89 GiB reserve=1.59 GiB total=31.86 GiB)
ds4: ROCm q8 fp16 cache budget exhausted; using q8 kernels (request=64.00 MiB cached=0.00 GiB free=0.89 GiB reserve=1.59 GiB total=31.86 GiB)
ds4: ROCm q8 fp16 cache budget exhausted; using q8 kernels (request=64.00 MiB cached=0.00 GiB free=0.89 GiB reserve=1.59 GiB total=31.86 GiB)
ds4: ROCm q8 fp16 cache budget exhausted; using q8 kernels (request=64.00 MiB cached=0.00 GiB free=0.89 GiB reserve=1.59 GiB total=31.86 GiB)
ds4: ROCm q8 fp16 cache budget exhausted; using q8 kernels (request=64.00 MiB cached=0.00 GiB free=0.89 GiB reserve=1.59 GiB total=31.86 GiB)
ds4: ROCm q8 fp16 cache budget exhausted; using q8 kernels (request=64.00 MiB cached=0.00 GiB free=0.89 GiB reserve=1.59 GiB total=31.86 GiB)
ds4: ROCm q8 fp16 cache budget exhausted; using q8 kernels (request=64.00 MiB cached=0.00 GiB free=0.89 GiB reserve=1.59 GiB total=31.86 GiB)
ds4: ROCm q8 fp16 cache budget exhausted; using q8 kernels (request=64.00 MiB cached=0.00 GiB free=0.89 GiB reserve=1.59 GiB total=31.86 GiB)
case_073 cases=74 prompt=15 target=24 avg_nll=0.243638 lcp=6 api_target_mae=0.243638 api_top_coverage=97/120 api_top1=0.917 api_topn=0.278 api_pair=1.000
ds4: ROCm q8 fp16 cache budget exhausted; using q8 kernels (request=64.00 MiB cached=0.00 GiB free=0.89 GiB reserve=1.59 GiB total=31.86 GiB)
ds4: ROCm q8 fp16 cache budget exhausted; using q8 kernels (request=64.00 MiB cached=0.00 GiB free=0.89 GiB reserve=1.59 GiB total=31.86 GiB)
ds4: ROCm q8 fp16 cache budget exhausted; using q8 kernels (request=64.00 MiB cached=0.00 GiB free=0.89 GiB reserve=1.59 GiB total=31.86 GiB)
ds4: ROCm q8 fp16 cache budget exhausted; using q8 kernels (request=64.00 MiB cached=0.00 GiB free=0.89 GiB reserve=1.59 GiB total=31.86 GiB)
ds4: ROCm q8 fp16 cache budget exhausted; using q8 kernels (request=64.00 MiB cached=0.00 GiB free=0.89 GiB reserve=1.59 GiB total=31.86 GiB)
ds4: ROCm q8 fp16 cache budget exhausted; using q8 kernels (request=64.00 MiB cached=0.00 GiB free=0.89 GiB reserve=1.59 GiB total=31.86 GiB)
ds4: ROCm q8 fp16 cache budget exhausted; using q8 kernels (request=64.00 MiB cached=0.00 GiB free=0.89 GiB reserve=1.59 GiB total=31.86 GiB)
ds4: ROCm q8 fp16 cache budget exhausted; using q8 kernels (request=64.00 MiB cached=0.00 GiB free=0.89 GiB reserve=1.59 GiB total=31.86 GiB)
ds4: ROCm q8 fp16 cache budget exhausted; using q8 kernels (request=64.00 MiB cached=0.00 GiB free=0.89 GiB reserve=1.59 GiB total=31.86 GiB)
ds4: ROCm q8 fp16 cache budget exhausted; using q8 kernels (request=64.00 MiB cached=0.00 GiB free=0.89 GiB reserve=1.59 GiB total=31.86 GiB)
ds4: ROCm q8 fp16 cache budget exhausted; using q8 kernels (request=64.00 MiB cached=0.00 GiB free=0.89 GiB reserve=1.59 GiB total=31.86 GiB)
ds4: ROCm q8 fp16 cache budget exhausted; using q8 kernels (request=64.00 MiB cached=0.00 GiB free=0.89 GiB reserve=1.59 GiB total=31.86 GiB)
ds4: ROCm q8 fp16 cache budget exhausted; using q8 kernels (request=64.00 MiB cached=0.00 GiB free=0.89 GiB reserve=1.59 GiB total=31.86 GiB)
ds4: ROCm q8 fp16 cache budget exhausted; using q8 kernels (request=64.00 MiB cached=0.00 GiB free=0.89 GiB reserve=1.59 GiB total=31.86 GiB)
ds4: ROCm q8 fp16 cache budget exhausted; using q8 kernels (request=64.00 MiB cached=0.00 GiB free=0.89 GiB reserve=1.59 GiB total=31.86 GiB)
ds4: ROCm q8 fp16 cache budget exhausted; using q8 kernels (request=64.00 MiB cached=0.00 GiB free=0.89 GiB reserve=1.59 GiB total=31.86 GiB)
ds4: ROCm q8 fp16 cache budget exhausted; using q8 kernels (request=64.00 MiB cached=0.00 GiB free=0.89 GiB reserve=1.59 GiB total=31.86 GiB)
ds4: ROCm q8 fp16 cache budget exhausted; using q8 kernels (request=64.00 MiB cached=0.00 GiB free=0.89 GiB reserve=1.59 GiB total=31.86 GiB)
ds4: ROCm q8 fp16 cache budget exhausted; using q8 kernels (request=64.00 MiB cached=0.00 GiB free=0.89 GiB reserve=1.59 GiB total=31.86 GiB)
ds4: ROCm q8 fp16 cache budget exhausted; using q8 kernels (request=64.00 MiB cached=0.00 GiB free=0.89 GiB reserve=1.59 GiB total=31.86 GiB)
ds4: ROCm q8 fp16 cache budget exhausted; using q8 kernels (request=64.00 MiB cached=0.00 GiB free=0.89 GiB reserve=1.59 GiB total=31.86 GiB)
ds4: ROCm q8 fp16 cache budget exhausted; using q8 kernels (request=64.00 MiB cached=0.00 GiB free=0.89 GiB reserve=1.59 GiB total=31.86 GiB)
ds4: ROCm q8 fp16 cache budget exhausted; using q8 kernels (request=64.00 MiB cached=0.00 GiB free=0.89 GiB reserve=1.59 GiB total=31.86 GiB)
ds4: ROCm q8 fp16 cache budget exhausted; using q8 kernels (request=64.00 MiB cached=0.00 GiB free=0.89 GiB reserve=1.59 GiB total=31.86 GiB)
ds4: ROCm q8 fp16 cache budget exhausted; using q8 kernels (request=64.00 MiB cached=0.00 GiB free=0.89 GiB reserve=1.59 GiB total=31.86 GiB)
ds4: ROCm q8 fp16 cache budget exhausted; using q8 kernels (request=64.00 MiB cached=0.00 GiB free=0.89 GiB reserve=1.59 GiB total=31.86 GiB)
ds4: ROCm q8 fp16 cache budget exhausted; using q8 kernels (request=64.00 MiB cached=0.00 GiB free=0.89 GiB reserve=1.59 GiB total=31.86 GiB)
ds4: ROCm q8 fp16 cache budget exhausted; using q8 kernels (request=64.00 MiB cached=0.00 GiB free=0.89 GiB reserve=1.59 GiB total=31.86 GiB)
ds4: ROCm q8 fp16 cache budget exhausted; using q8 kernels (request=64.00 MiB cached=0.00 GiB free=0.89 GiB reserve=1.59 GiB total=31.86 GiB)
ds4: ROCm q8 fp16 cache budget exhausted; using q8 kernels (request=64.00 MiB cached=0.00 GiB free=0.89 GiB reserve=1.59 GiB total=31.86 GiB)
ds4: ROCm q8 fp16 cache budget exhausted; using q8 kernels (request=64.00 MiB cached=0.00 GiB free=0.89 GiB reserve=1.59 GiB total=31.86 GiB)
ds4: ROCm q8 fp16 cache budget exhausted; using q8 kernels (request=64.00 MiB cached=0.00 GiB free=0.89 GiB reserve=1.59 GiB total=31.86 GiB)
ds4: ROCm q8 fp16 cache budget exhausted; using q8 kernels (request=64.00 MiB cached=0.00 GiB free=0.89 GiB reserve=1.59 GiB total=31.86 GiB)
ds4: ROCm q8 fp16 cache budget exhausted; using q8 kernels (request=64.00 MiB cached=0.00 GiB free=0.89 GiB reserve=1.59 GiB total=31.86 GiB)
ds4: ROCm q8 fp16 cache budget exhausted; using q8 kernels (request=64.00 MiB cached=0.00 GiB free=0.89 GiB reserve=1.59 GiB total=31.86 GiB)
ds4: ROCm q8 fp16 cache budget exhausted; using q8 kernels (request=64.00 MiB cached=0.00 GiB free=0.89 GiB reserve=1.59 GiB total=31.86 GiB)
ds4: ROCm q8 fp16 cache budget exhausted; using q8 kernels (request=64.00 MiB cached=0.00 GiB free=0.89 GiB reserve=1.59 GiB total=31.86 GiB)
ds4: ROCm q8 fp16 cache budget exhausted; using q8 kernels (request=64.00 MiB cached=0.00 GiB free=0.89 GiB reserve=1.59 GiB total=31.86 GiB)
ds4: ROCm q8 fp16 cache budget exhausted; using q8 kernels (request=64.00 MiB cached=0.00 GiB free=0.89 GiB reserve=1.59 GiB total=31.86 GiB)
ds4: ROCm q8 fp16 cache budget exhausted; using q8 kernels (request=64.00 MiB cached=0.00 GiB free=0.89 GiB reserve=1.59 GiB total=31.86 GiB)
ds4: ROCm q8 fp16 cache budget exhausted; using q8 kernels (request=64.00 MiB cached=0.00 GiB free=0.89 GiB reserve=1.59 GiB total=31.86 GiB)
ds4: ROCm q8 fp16 cache budget exhausted; using q8 kernels (request=64.00 MiB cached=0.00 GiB free=0.89 GiB reserve=1.59 GiB total=31.86 GiB)
ds4: ROCm q8 fp16 cache budget exhausted; using q8 kernels (request=64.00 MiB cached=0.00 GiB free=0.89 GiB reserve=1.59 GiB total=31.86 GiB)
case_074 cases=75 prompt=15 target=24 avg_nll=0.426744 lcp=0 api_target_mae=0.426744 api_top_coverage=96/120 api_top1=0.875 api_topn=0.260 api_pair=0.986
ds4: ROCm q8 fp16 cache budget exhausted; using q8 kernels (request=64.00 MiB cached=0.00 GiB free=0.89 GiB reserve=1.59 GiB total=31.86 GiB)
ds4: ROCm q8 fp16 cache budget exhausted; using q8 kernels (request=64.00 MiB cached=0.00 GiB free=0.89 GiB reserve=1.59 GiB total=31.86 GiB)
ds4: ROCm q8 fp16 cache budget exhausted; using q8 kernels (request=64.00 MiB cached=0.00 GiB free=0.89 GiB reserve=1.59 GiB total=31.86 GiB)
ds4: ROCm q8 fp16 cache budget exhausted; using q8 kernels (request=64.00 MiB cached=0.00 GiB free=0.89 GiB reserve=1.59 GiB total=31.86 GiB)
ds4: ROCm q8 fp16 cache budget exhausted; using q8 kernels (request=64.00 MiB cached=0.00 GiB free=0.89 GiB reserve=1.59 GiB total=31.86 GiB)
ds4: ROCm q8 fp16 cache budget exhausted; using q8 kernels (request=64.00 MiB cached=0.00 GiB free=0.89 GiB reserve=1.59 GiB total=31.86 GiB)
ds4: ROCm q8 fp16 cache budget exhausted; using q8 kernels (request=64.00 MiB cached=0.00 GiB free=0.89 GiB reserve=1.59 GiB total=31.86 GiB)
ds4: ROCm q8 fp16 cache budget exhausted; using q8 kernels (request=64.00 MiB cached=0.00 GiB free=0.89 GiB reserve=1.59 GiB total=31.86 GiB)
ds4: ROCm q8 fp16 cache budget exhausted; using q8 kernels (request=64.00 MiB cached=0.00 GiB free=0.89 GiB reserve=1.59 GiB total=31.86 GiB)
ds4: ROCm q8 fp16 cache budget exhausted; using q8 kernels (request=64.00 MiB cached=0.00 GiB free=0.89 GiB reserve=1.59 GiB total=31.86 GiB)
ds4: ROCm q8 fp16 cache budget exhausted; using q8 kernels (request=64.00 MiB cached=0.00 GiB free=0.89 GiB reserve=1.59 GiB total=31.86 GiB)
ds4: ROCm q8 fp16 cache budget exhausted; using q8 kernels (request=64.00 MiB cached=0.00 GiB free=0.89 GiB reserve=1.59 GiB total=31.86 GiB)
ds4: ROCm q8 fp16 cache budget exhausted; using q8 kernels (request=64.00 MiB cached=0.00 GiB free=0.89 GiB reserve=1.59 GiB total=31.86 GiB)
ds4: ROCm q8 fp16 cache budget exhausted; using q8 kernels (request=64.00 MiB cached=0.00 GiB free=0.89 GiB reserve=1.59 GiB total=31.86 GiB)
ds4: ROCm q8 fp16 cache budget exhausted; using q8 kernels (request=64.00 MiB cached=0.00 GiB free=0.89 GiB reserve=1.59 GiB total=31.86 GiB)
ds4: ROCm q8 fp16 cache budget exhausted; using q8 kernels (request=64.00 MiB cached=0.00 GiB free=0.89 GiB reserve=1.59 GiB total=31.86 GiB)
ds4: ROCm q8 fp16 cache budget exhausted; using q8 kernels (request=64.00 MiB cached=0.00 GiB free=0.89 GiB reserve=1.59 GiB total=31.86 GiB)
ds4: ROCm q8 fp16 cache budget exhausted; using q8 kernels (request=64.00 MiB cached=0.00 GiB free=0.89 GiB reserve=1.59 GiB total=31.86 GiB)
ds4: ROCm q8 fp16 cache budget exhausted; using q8 kernels (request=64.00 MiB cached=0.00 GiB free=0.89 GiB reserve=1.59 GiB total=31.86 GiB)
ds4: ROCm q8 fp16 cache budget exhausted; using q8 kernels (request=64.00 MiB cached=0.00 GiB free=0.89 GiB reserve=1.59 GiB total=31.86 GiB)
ds4: ROCm q8 fp16 cache budget exhausted; using q8 kernels (request=64.00 MiB cached=0.00 GiB free=0.89 GiB reserve=1.59 GiB total=31.86 GiB)
ds4: ROCm q8 fp16 cache budget exhausted; using q8 kernels (request=64.00 MiB cached=0.00 GiB free=0.89 GiB reserve=1.59 GiB total=31.86 GiB)
ds4: ROCm q8 fp16 cache budget exhausted; using q8 kernels (request=64.00 MiB cached=0.00 GiB free=0.89 GiB reserve=1.59 GiB total=31.86 GiB)
ds4: ROCm q8 fp16 cache budget exhausted; using q8 kernels (request=64.00 MiB cached=0.00 GiB free=0.89 GiB reserve=1.59 GiB total=31.86 GiB)
ds4: ROCm q8 fp16 cache budget exhausted; using q8 kernels (request=64.00 MiB cached=0.00 GiB free=0.89 GiB reserve=1.59 GiB total=31.86 GiB)
ds4: ROCm q8 fp16 cache budget exhausted; using q8 kernels (request=64.00 MiB cached=0.00 GiB free=0.89 GiB reserve=1.59 GiB total=31.86 GiB)
ds4: ROCm q8 fp16 cache budget exhausted; using q8 kernels (request=64.00 MiB cached=0.00 GiB free=0.89 GiB reserve=1.59 GiB total=31.86 GiB)
ds4: ROCm q8 fp16 cache budget exhausted; using q8 kernels (request=64.00 MiB cached=0.00 GiB free=0.89 GiB reserve=1.59 GiB total=31.86 GiB)
ds4: ROCm q8 fp16 cache budget exhausted; using q8 kernels (request=64.00 MiB cached=0.00 GiB free=0.89 GiB reserve=1.59 GiB total=31.86 GiB)
ds4: ROCm q8 fp16 cache budget exhausted; using q8 kernels (request=64.00 MiB cached=0.00 GiB free=0.89 GiB reserve=1.59 GiB total=31.86 GiB)
ds4: ROCm q8 fp16 cache budget exhausted; using q8 kernels (request=64.00 MiB cached=0.00 GiB free=0.89 GiB reserve=1.59 GiB total=31.86 GiB)
ds4: ROCm q8 fp16 cache budget exhausted; using q8 kernels (request=64.00 MiB cached=0.00 GiB free=0.89 GiB reserve=1.59 GiB total=31.86 GiB)
ds4: ROCm q8 fp16 cache budget exhausted; using q8 kernels (request=64.00 MiB cached=0.00 GiB free=0.89 GiB reserve=1.59 GiB total=31.86 GiB)
ds4: ROCm q8 fp16 cache budget exhausted; using q8 kernels (request=64.00 MiB cached=0.00 GiB free=0.89 GiB reserve=1.59 GiB total=31.86 GiB)
ds4: ROCm q8 fp16 cache budget exhausted; using q8 kernels (request=64.00 MiB cached=0.00 GiB free=0.89 GiB reserve=1.59 GiB total=31.86 GiB)
ds4: ROCm q8 fp16 cache budget exhausted; using q8 kernels (request=64.00 MiB cached=0.00 GiB free=0.89 GiB reserve=1.59 GiB total=31.86 GiB)
ds4: ROCm q8 fp16 cache budget exhausted; using q8 kernels (request=64.00 MiB cached=0.00 GiB free=0.89 GiB reserve=1.59 GiB total=31.86 GiB)
ds4: ROCm q8 fp16 cache budget exhausted; using q8 kernels (request=64.00 MiB cached=0.00 GiB free=0.89 GiB reserve=1.59 GiB total=31.86 GiB)
ds4: ROCm q8 fp16 cache budget exhausted; using q8 kernels (request=64.00 MiB cached=0.00 GiB free=0.89 GiB reserve=1.59 GiB total=31.86 GiB)
ds4: ROCm q8 fp16 cache budget exhausted; using q8 kernels (request=64.00 MiB cached=0.00 GiB free=0.89 GiB reserve=1.59 GiB total=31.86 GiB)
ds4: ROCm q8 fp16 cache budget exhausted; using q8 kernels (request=64.00 MiB cached=0.00 GiB free=0.89 GiB reserve=1.59 GiB total=31.86 GiB)
ds4: ROCm q8 fp16 cache budget exhausted; using q8 kernels (request=64.00 MiB cached=0.00 GiB free=0.89 GiB reserve=1.59 GiB total=31.86 GiB)
ds4: ROCm q8 fp16 cache budget exhausted; using q8 kernels (request=64.00 MiB cached=0.00 GiB free=0.89 GiB reserve=1.59 GiB total=31.86 GiB)
case_075 cases=76 prompt=16 target=24 avg_nll=0.139582 lcp=6 api_target_mae=0.139582 api_top_coverage=97/120 api_top1=0.917 api_topn=0.268 api_pair=1.000
ds4: ROCm q8 fp16 cache budget exhausted; using q8 kernels (request=64.00 MiB cached=0.00 GiB free=0.89 GiB reserve=1.59 GiB total=31.86 GiB)
ds4: ROCm q8 fp16 cache budget exhausted; using q8 kernels (request=64.00 MiB cached=0.00 GiB free=0.89 GiB reserve=1.59 GiB total=31.86 GiB)
ds4: ROCm q8 fp16 cache budget exhausted; using q8 kernels (request=64.00 MiB cached=0.00 GiB free=0.89 GiB reserve=1.59 GiB total=31.86 GiB)
ds4: ROCm q8 fp16 cache budget exhausted; using q8 kernels (request=64.00 MiB cached=0.00 GiB free=0.89 GiB reserve=1.59 GiB total=31.86 GiB)
ds4: ROCm q8 fp16 cache budget exhausted; using q8 kernels (request=64.00 MiB cached=0.00 GiB free=0.89 GiB reserve=1.59 GiB total=31.86 GiB)
ds4: ROCm q8 fp16 cache budget exhausted; using q8 kernels (request=64.00 MiB cached=0.00 GiB free=0.89 GiB reserve=1.59 GiB total=31.86 GiB)
ds4: ROCm q8 fp16 cache budget exhausted; using q8 kernels (request=64.00 MiB cached=0.00 GiB free=0.89 GiB reserve=1.59 GiB total=31.86 GiB)
ds4: ROCm q8 fp16 cache budget exhausted; using q8 kernels (request=64.00 MiB cached=0.00 GiB free=0.89 GiB reserve=1.59 GiB total=31.86 GiB)
ds4: ROCm q8 fp16 cache budget exhausted; using q8 kernels (request=64.00 MiB cached=0.00 GiB free=0.89 GiB reserve=1.59 GiB total=31.86 GiB)
ds4: ROCm q8 fp16 cache budget exhausted; using q8 kernels (request=64.00 MiB cached=0.00 GiB free=0.89 GiB reserve=1.59 GiB total=31.86 GiB)
ds4: ROCm q8 fp16 cache budget exhausted; using q8 kernels (request=64.00 MiB cached=0.00 GiB free=0.89 GiB reserve=1.59 GiB total=31.86 GiB)
ds4: ROCm q8 fp16 cache budget exhausted; using q8 kernels (request=64.00 MiB cached=0.00 GiB free=0.89 GiB reserve=1.59 GiB total=31.86 GiB)
ds4: ROCm q8 fp16 cache budget exhausted; using q8 kernels (request=64.00 MiB cached=0.00 GiB free=0.89 GiB reserve=1.59 GiB total=31.86 GiB)
ds4: ROCm q8 fp16 cache budget exhausted; using q8 kernels (request=64.00 MiB cached=0.00 GiB free=0.89 GiB reserve=1.59 GiB total=31.86 GiB)
ds4: ROCm q8 fp16 cache budget exhausted; using q8 kernels (request=64.00 MiB cached=0.00 GiB free=0.89 GiB reserve=1.59 GiB total=31.86 GiB)
ds4: ROCm q8 fp16 cache budget exhausted; using q8 kernels (request=64.00 MiB cached=0.00 GiB free=0.89 GiB reserve=1.59 GiB total=31.86 GiB)
ds4: ROCm q8 fp16 cache budget exhausted; using q8 kernels (request=64.00 MiB cached=0.00 GiB free=0.89 GiB reserve=1.59 GiB total=31.86 GiB)
ds4: ROCm q8 fp16 cache budget exhausted; using q8 kernels (request=64.00 MiB cached=0.00 GiB free=0.89 GiB reserve=1.59 GiB total=31.86 GiB)
ds4: ROCm q8 fp16 cache budget exhausted; using q8 kernels (request=64.00 MiB cached=0.00 GiB free=0.89 GiB reserve=1.59 GiB total=31.86 GiB)
ds4: ROCm q8 fp16 cache budget exhausted; using q8 kernels (request=64.00 MiB cached=0.00 GiB free=0.89 GiB reserve=1.59 GiB total=31.86 GiB)
ds4: ROCm q8 fp16 cache budget exhausted; using q8 kernels (request=64.00 MiB cached=0.00 GiB free=0.89 GiB reserve=1.59 GiB total=31.86 GiB)
ds4: ROCm q8 fp16 cache budget exhausted; using q8 kernels (request=64.00 MiB cached=0.00 GiB free=0.89 GiB reserve=1.59 GiB total=31.86 GiB)
ds4: ROCm q8 fp16 cache budget exhausted; using q8 kernels (request=64.00 MiB cached=0.00 GiB free=0.89 GiB reserve=1.59 GiB total=31.86 GiB)
ds4: ROCm q8 fp16 cache budget exhausted; using q8 kernels (request=64.00 MiB cached=0.00 GiB free=0.89 GiB reserve=1.59 GiB total=31.86 GiB)
ds4: ROCm q8 fp16 cache budget exhausted; using q8 kernels (request=64.00 MiB cached=0.00 GiB free=0.89 GiB reserve=1.59 GiB total=31.86 GiB)
ds4: ROCm q8 fp16 cache budget exhausted; using q8 kernels (request=64.00 MiB cached=0.00 GiB free=0.89 GiB reserve=1.59 GiB total=31.86 GiB)
ds4: ROCm q8 fp16 cache budget exhausted; using q8 kernels (request=64.00 MiB cached=0.00 GiB free=0.89 GiB reserve=1.59 GiB total=31.86 GiB)
ds4: ROCm q8 fp16 cache budget exhausted; using q8 kernels (request=64.00 MiB cached=0.00 GiB free=0.89 GiB reserve=1.59 GiB total=31.86 GiB)
ds4: ROCm q8 fp16 cache budget exhausted; using q8 kernels (request=64.00 MiB cached=0.00 GiB free=0.89 GiB reserve=1.59 GiB total=31.86 GiB)
ds4: ROCm q8 fp16 cache budget exhausted; using q8 kernels (request=64.00 MiB cached=0.00 GiB free=0.89 GiB reserve=1.59 GiB total=31.86 GiB)
ds4: ROCm q8 fp16 cache budget exhausted; using q8 kernels (request=64.00 MiB cached=0.00 GiB free=0.89 GiB reserve=1.59 GiB total=31.86 GiB)
ds4: ROCm q8 fp16 cache budget exhausted; using q8 kernels (request=64.00 MiB cached=0.00 GiB free=0.89 GiB reserve=1.59 GiB total=31.86 GiB)
ds4: ROCm q8 fp16 cache budget exhausted; using q8 kernels (request=64.00 MiB cached=0.00 GiB free=0.89 GiB reserve=1.59 GiB total=31.86 GiB)
ds4: ROCm q8 fp16 cache budget exhausted; using q8 kernels (request=64.00 MiB cached=0.00 GiB free=0.89 GiB reserve=1.59 GiB total=31.86 GiB)
ds4: ROCm q8 fp16 cache budget exhausted; using q8 kernels (request=64.00 MiB cached=0.00 GiB free=0.89 GiB reserve=1.59 GiB total=31.86 GiB)
ds4: ROCm q8 fp16 cache budget exhausted; using q8 kernels (request=64.00 MiB cached=0.00 GiB free=0.89 GiB reserve=1.59 GiB total=31.86 GiB)
ds4: ROCm q8 fp16 cache budget exhausted; using q8 kernels (request=64.00 MiB cached=0.00 GiB free=0.89 GiB reserve=1.59 GiB total=31.86 GiB)
ds4: ROCm q8 fp16 cache budget exhausted; using q8 kernels (request=64.00 MiB cached=0.00 GiB free=0.89 GiB reserve=1.59 GiB total=31.86 GiB)
ds4: ROCm q8 fp16 cache budget exhausted; using q8 kernels (request=64.00 MiB cached=0.00 GiB free=0.89 GiB reserve=1.59 GiB total=31.86 GiB)
ds4: ROCm q8 fp16 cache budget exhausted; using q8 kernels (request=64.00 MiB cached=0.00 GiB free=0.89 GiB reserve=1.59 GiB total=31.86 GiB)
ds4: ROCm q8 fp16 cache budget exhausted; using q8 kernels (request=64.00 MiB cached=0.00 GiB free=0.89 GiB reserve=1.59 GiB total=31.86 GiB)
ds4: ROCm q8 fp16 cache budget exhausted; using q8 kernels (request=64.00 MiB cached=0.00 GiB free=0.89 GiB reserve=1.59 GiB total=31.86 GiB)
ds4: ROCm q8 fp16 cache budget exhausted; using q8 kernels (request=64.00 MiB cached=0.00 GiB free=0.89 GiB reserve=1.59 GiB total=31.86 GiB)
case_076 cases=77 prompt=22 target=24 avg_nll=0.106403 lcp=11 api_target_mae=0.106403 api_top_coverage=97/120 api_top1=0.958 api_topn=0.289 api_pair=1.000
ds4: ROCm q8 fp16 cache budget exhausted; using q8 kernels (request=64.00 MiB cached=0.00 GiB free=0.89 GiB reserve=1.59 GiB total=31.86 GiB)
ds4: ROCm q8 fp16 cache budget exhausted; using q8 kernels (request=64.00 MiB cached=0.00 GiB free=0.89 GiB reserve=1.59 GiB total=31.86 GiB)
ds4: ROCm q8 fp16 cache budget exhausted; using q8 kernels (request=64.00 MiB cached=0.00 GiB free=0.89 GiB reserve=1.59 GiB total=31.86 GiB)
ds4: ROCm q8 fp16 cache budget exhausted; using q8 kernels (request=64.00 MiB cached=0.00 GiB free=0.89 GiB reserve=1.59 GiB total=31.86 GiB)
ds4: ROCm q8 fp16 cache budget exhausted; using q8 kernels (request=64.00 MiB cached=0.00 GiB free=0.89 GiB reserve=1.59 GiB total=31.86 GiB)
ds4: ROCm q8 fp16 cache budget exhausted; using q8 kernels (request=64.00 MiB cached=0.00 GiB free=0.89 GiB reserve=1.59 GiB total=31.86 GiB)
ds4: ROCm q8 fp16 cache budget exhausted; using q8 kernels (request=64.00 MiB cached=0.00 GiB free=0.89 GiB reserve=1.59 GiB total=31.86 GiB)
ds4: ROCm q8 fp16 cache budget exhausted; using q8 kernels (request=64.00 MiB cached=0.00 GiB free=0.89 GiB reserve=1.59 GiB total=31.86 GiB)
ds4: ROCm q8 fp16 cache budget exhausted; using q8 kernels (request=64.00 MiB cached=0.00 GiB free=0.89 GiB reserve=1.59 GiB total=31.86 GiB)
ds4: ROCm q8 fp16 cache budget exhausted; using q8 kernels (request=64.00 MiB cached=0.00 GiB free=0.89 GiB reserve=1.59 GiB total=31.86 GiB)
ds4: ROCm q8 fp16 cache budget exhausted; using q8 kernels (request=64.00 MiB cached=0.00 GiB free=0.89 GiB reserve=1.59 GiB total=31.86 GiB)
ds4: ROCm q8 fp16 cache budget exhausted; using q8 kernels (request=64.00 MiB cached=0.00 GiB free=0.89 GiB reserve=1.59 GiB total=31.86 GiB)
ds4: ROCm q8 fp16 cache budget exhausted; using q8 kernels (request=64.00 MiB cached=0.00 GiB free=0.89 GiB reserve=1.59 GiB total=31.86 GiB)
ds4: ROCm q8 fp16 cache budget exhausted; using q8 kernels (request=64.00 MiB cached=0.00 GiB free=0.89 GiB reserve=1.59 GiB total=31.86 GiB)
ds4: ROCm q8 fp16 cache budget exhausted; using q8 kernels (request=64.00 MiB cached=0.00 GiB free=0.89 GiB reserve=1.59 GiB total=31.86 GiB)
ds4: ROCm q8 fp16 cache budget exhausted; using q8 kernels (request=64.00 MiB cached=0.00 GiB free=0.89 GiB reserve=1.59 GiB total=31.86 GiB)
ds4: ROCm q8 fp16 cache budget exhausted; using q8 kernels (request=64.00 MiB cached=0.00 GiB free=0.89 GiB reserve=1.59 GiB total=31.86 GiB)
ds4: ROCm q8 fp16 cache budget exhausted; using q8 kernels (request=64.00 MiB cached=0.00 GiB free=0.89 GiB reserve=1.59 GiB total=31.86 GiB)
ds4: ROCm q8 fp16 cache budget exhausted; using q8 kernels (request=64.00 MiB cached=0.00 GiB free=0.89 GiB reserve=1.59 GiB total=31.86 GiB)
ds4: ROCm q8 fp16 cache budget exhausted; using q8 kernels (request=64.00 MiB cached=0.00 GiB free=0.89 GiB reserve=1.59 GiB total=31.86 GiB)
ds4: ROCm q8 fp16 cache budget exhausted; using q8 kernels (request=64.00 MiB cached=0.00 GiB free=0.89 GiB reserve=1.59 GiB total=31.86 GiB)
ds4: ROCm q8 fp16 cache budget exhausted; using q8 kernels (request=64.00 MiB cached=0.00 GiB free=0.89 GiB reserve=1.59 GiB total=31.86 GiB)
ds4: ROCm q8 fp16 cache budget exhausted; using q8 kernels (request=64.00 MiB cached=0.00 GiB free=0.89 GiB reserve=1.59 GiB total=31.86 GiB)
ds4: ROCm q8 fp16 cache budget exhausted; using q8 kernels (request=64.00 MiB cached=0.00 GiB free=0.89 GiB reserve=1.59 GiB total=31.86 GiB)
ds4: ROCm q8 fp16 cache budget exhausted; using q8 kernels (request=64.00 MiB cached=0.00 GiB free=0.89 GiB reserve=1.59 GiB total=31.86 GiB)
ds4: ROCm q8 fp16 cache budget exhausted; using q8 kernels (request=64.00 MiB cached=0.00 GiB free=0.89 GiB reserve=1.59 GiB total=31.86 GiB)
ds4: ROCm q8 fp16 cache budget exhausted; using q8 kernels (request=64.00 MiB cached=0.00 GiB free=0.89 GiB reserve=1.59 GiB total=31.86 GiB)
ds4: ROCm q8 fp16 cache budget exhausted; using q8 kernels (request=64.00 MiB cached=0.00 GiB free=0.89 GiB reserve=1.59 GiB total=31.86 GiB)
ds4: ROCm q8 fp16 cache budget exhausted; using q8 kernels (request=64.00 MiB cached=0.00 GiB free=0.89 GiB reserve=1.59 GiB total=31.86 GiB)
ds4: ROCm q8 fp16 cache budget exhausted; using q8 kernels (request=64.00 MiB cached=0.00 GiB free=0.89 GiB reserve=1.59 GiB total=31.86 GiB)
ds4: ROCm q8 fp16 cache budget exhausted; using q8 kernels (request=64.00 MiB cached=0.00 GiB free=0.89 GiB reserve=1.59 GiB total=31.86 GiB)
ds4: ROCm q8 fp16 cache budget exhausted; using q8 kernels (request=64.00 MiB cached=0.00 GiB free=0.89 GiB reserve=1.59 GiB total=31.86 GiB)
ds4: ROCm q8 fp16 cache budget exhausted; using q8 kernels (request=64.00 MiB cached=0.00 GiB free=0.89 GiB reserve=1.59 GiB total=31.86 GiB)
ds4: ROCm q8 fp16 cache budget exhausted; using q8 kernels (request=64.00 MiB cached=0.00 GiB free=0.89 GiB reserve=1.59 GiB total=31.86 GiB)
ds4: ROCm q8 fp16 cache budget exhausted; using q8 kernels (request=64.00 MiB cached=0.00 GiB free=0.89 GiB reserve=1.59 GiB total=31.86 GiB)
ds4: ROCm q8 fp16 cache budget exhausted; using q8 kernels (request=64.00 MiB cached=0.00 GiB free=0.89 GiB reserve=1.59 GiB total=31.86 GiB)
ds4: ROCm q8 fp16 cache budget exhausted; using q8 kernels (request=64.00 MiB cached=0.00 GiB free=0.89 GiB reserve=1.59 GiB total=31.86 GiB)
ds4: ROCm q8 fp16 cache budget exhausted; using q8 kernels (request=64.00 MiB cached=0.00 GiB free=0.89 GiB reserve=1.59 GiB total=31.86 GiB)
ds4: ROCm q8 fp16 cache budget exhausted; using q8 kernels (request=64.00 MiB cached=0.00 GiB free=0.89 GiB reserve=1.59 GiB total=31.86 GiB)
ds4: ROCm q8 fp16 cache budget exhausted; using q8 kernels (request=64.00 MiB cached=0.00 GiB free=0.89 GiB reserve=1.59 GiB total=31.86 GiB)
ds4: ROCm q8 fp16 cache budget exhausted; using q8 kernels (request=64.00 MiB cached=0.00 GiB free=0.89 GiB reserve=1.59 GiB total=31.86 GiB)
ds4: ROCm q8 fp16 cache budget exhausted; using q8 kernels (request=64.00 MiB cached=0.00 GiB free=0.89 GiB reserve=1.59 GiB total=31.86 GiB)
ds4: ROCm q8 fp16 cache budget exhausted; using q8 kernels (request=64.00 MiB cached=0.00 GiB free=0.89 GiB reserve=1.59 GiB total=31.86 GiB)
case_077 cases=78 prompt=24 target=24 avg_nll=0.199918 lcp=12 api_target_mae=0.199918 api_top_coverage=96/120 api_top1=0.958 api_topn=0.250 api_pair=1.000
ds4: ROCm q8 fp16 cache budget exhausted; using q8 kernels (request=64.00 MiB cached=0.00 GiB free=0.89 GiB reserve=1.59 GiB total=31.86 GiB)
ds4: ROCm q8 fp16 cache budget exhausted; using q8 kernels (request=64.00 MiB cached=0.00 GiB free=0.89 GiB reserve=1.59 GiB total=31.86 GiB)
ds4: ROCm q8 fp16 cache budget exhausted; using q8 kernels (request=64.00 MiB cached=0.00 GiB free=0.89 GiB reserve=1.59 GiB total=31.86 GiB)
ds4: ROCm q8 fp16 cache budget exhausted; using q8 kernels (request=64.00 MiB cached=0.00 GiB free=0.89 GiB reserve=1.59 GiB total=31.86 GiB)
ds4: ROCm q8 fp16 cache budget exhausted; using q8 kernels (request=64.00 MiB cached=0.00 GiB free=0.89 GiB reserve=1.59 GiB total=31.86 GiB)
ds4: ROCm q8 fp16 cache budget exhausted; using q8 kernels (request=64.00 MiB cached=0.00 GiB free=0.89 GiB reserve=1.59 GiB total=31.86 GiB)
ds4: ROCm q8 fp16 cache budget exhausted; using q8 kernels (request=64.00 MiB cached=0.00 GiB free=0.89 GiB reserve=1.59 GiB total=31.86 GiB)
ds4: ROCm q8 fp16 cache budget exhausted; using q8 kernels (request=64.00 MiB cached=0.00 GiB free=0.89 GiB reserve=1.59 GiB total=31.86 GiB)
ds4: ROCm q8 fp16 cache budget exhausted; using q8 kernels (request=64.00 MiB cached=0.00 GiB free=0.89 GiB reserve=1.59 GiB total=31.86 GiB)
ds4: ROCm q8 fp16 cache budget exhausted; using q8 kernels (request=64.00 MiB cached=0.00 GiB free=0.89 GiB reserve=1.59 GiB total=31.86 GiB)
ds4: ROCm q8 fp16 cache budget exhausted; using q8 kernels (request=64.00 MiB cached=0.00 GiB free=0.89 GiB reserve=1.59 GiB total=31.86 GiB)
ds4: ROCm q8 fp16 cache budget exhausted; using q8 kernels (request=64.00 MiB cached=0.00 GiB free=0.89 GiB reserve=1.59 GiB total=31.86 GiB)
ds4: ROCm q8 fp16 cache budget exhausted; using q8 kernels (request=64.00 MiB cached=0.00 GiB free=0.89 GiB reserve=1.59 GiB total=31.86 GiB)
ds4: ROCm q8 fp16 cache budget exhausted; using q8 kernels (request=64.00 MiB cached=0.00 GiB free=0.89 GiB reserve=1.59 GiB total=31.86 GiB)
ds4: ROCm q8 fp16 cache budget exhausted; using q8 kernels (request=64.00 MiB cached=0.00 GiB free=0.89 GiB reserve=1.59 GiB total=31.86 GiB)
ds4: ROCm q8 fp16 cache budget exhausted; using q8 kernels (request=64.00 MiB cached=0.00 GiB free=0.89 GiB reserve=1.59 GiB total=31.86 GiB)
ds4: ROCm q8 fp16 cache budget exhausted; using q8 kernels (request=64.00 MiB cached=0.00 GiB free=0.89 GiB reserve=1.59 GiB total=31.86 GiB)
ds4: ROCm q8 fp16 cache budget exhausted; using q8 kernels (request=64.00 MiB cached=0.00 GiB free=0.89 GiB reserve=1.59 GiB total=31.86 GiB)
ds4: ROCm q8 fp16 cache budget exhausted; using q8 kernels (request=64.00 MiB cached=0.00 GiB free=0.89 GiB reserve=1.59 GiB total=31.86 GiB)
ds4: ROCm q8 fp16 cache budget exhausted; using q8 kernels (request=64.00 MiB cached=0.00 GiB free=0.89 GiB reserve=1.59 GiB total=31.86 GiB)
ds4: ROCm q8 fp16 cache budget exhausted; using q8 kernels (request=64.00 MiB cached=0.00 GiB free=0.89 GiB reserve=1.59 GiB total=31.86 GiB)
ds4: ROCm q8 fp16 cache budget exhausted; using q8 kernels (request=64.00 MiB cached=0.00 GiB free=0.89 GiB reserve=1.59 GiB total=31.86 GiB)
ds4: ROCm q8 fp16 cache budget exhausted; using q8 kernels (request=64.00 MiB cached=0.00 GiB free=0.89 GiB reserve=1.59 GiB total=31.86 GiB)
ds4: ROCm q8 fp16 cache budget exhausted; using q8 kernels (request=64.00 MiB cached=0.00 GiB free=0.89 GiB reserve=1.59 GiB total=31.86 GiB)
ds4: ROCm q8 fp16 cache budget exhausted; using q8 kernels (request=64.00 MiB cached=0.00 GiB free=0.89 GiB reserve=1.59 GiB total=31.86 GiB)
ds4: ROCm q8 fp16 cache budget exhausted; using q8 kernels (request=64.00 MiB cached=0.00 GiB free=0.89 GiB reserve=1.59 GiB total=31.86 GiB)
ds4: ROCm q8 fp16 cache budget exhausted; using q8 kernels (request=64.00 MiB cached=0.00 GiB free=0.89 GiB reserve=1.59 GiB total=31.86 GiB)
ds4: ROCm q8 fp16 cache budget exhausted; using q8 kernels (request=64.00 MiB cached=0.00 GiB free=0.89 GiB reserve=1.59 GiB total=31.86 GiB)
ds4: ROCm q8 fp16 cache budget exhausted; using q8 kernels (request=64.00 MiB cached=0.00 GiB free=0.89 GiB reserve=1.59 GiB total=31.86 GiB)
ds4: ROCm q8 fp16 cache budget exhausted; using q8 kernels (request=64.00 MiB cached=0.00 GiB free=0.89 GiB reserve=1.59 GiB total=31.86 GiB)
ds4: ROCm q8 fp16 cache budget exhausted; using q8 kernels (request=64.00 MiB cached=0.00 GiB free=0.89 GiB reserve=1.59 GiB total=31.86 GiB)
ds4: ROCm q8 fp16 cache budget exhausted; using q8 kernels (request=64.00 MiB cached=0.00 GiB free=0.89 GiB reserve=1.59 GiB total=31.86 GiB)
ds4: ROCm q8 fp16 cache budget exhausted; using q8 kernels (request=64.00 MiB cached=0.00 GiB free=0.89 GiB reserve=1.59 GiB total=31.86 GiB)
ds4: ROCm q8 fp16 cache budget exhausted; using q8 kernels (request=64.00 MiB cached=0.00 GiB free=0.89 GiB reserve=1.59 GiB total=31.86 GiB)
ds4: ROCm q8 fp16 cache budget exhausted; using q8 kernels (request=64.00 MiB cached=0.00 GiB free=0.89 GiB reserve=1.59 GiB total=31.86 GiB)
ds4: ROCm q8 fp16 cache budget exhausted; using q8 kernels (request=64.00 MiB cached=0.00 GiB free=0.89 GiB reserve=1.59 GiB total=31.86 GiB)
ds4: ROCm q8 fp16 cache budget exhausted; using q8 kernels (request=64.00 MiB cached=0.00 GiB free=0.89 GiB reserve=1.59 GiB total=31.86 GiB)
ds4: ROCm q8 fp16 cache budget exhausted; using q8 kernels (request=64.00 MiB cached=0.00 GiB free=0.89 GiB reserve=1.59 GiB total=31.86 GiB)
ds4: ROCm q8 fp16 cache budget exhausted; using q8 kernels (request=64.00 MiB cached=0.00 GiB free=0.89 GiB reserve=1.59 GiB total=31.86 GiB)
ds4: ROCm q8 fp16 cache budget exhausted; using q8 kernels (request=64.00 MiB cached=0.00 GiB free=0.89 GiB reserve=1.59 GiB total=31.86 GiB)
ds4: ROCm q8 fp16 cache budget exhausted; using q8 kernels (request=64.00 MiB cached=0.00 GiB free=0.89 GiB reserve=1.59 GiB total=31.86 GiB)
ds4: ROCm q8 fp16 cache budget exhausted; using q8 kernels (request=64.00 MiB cached=0.00 GiB free=0.89 GiB reserve=1.59 GiB total=31.86 GiB)
ds4: ROCm q8 fp16 cache budget exhausted; using q8 kernels (request=64.00 MiB cached=0.00 GiB free=0.89 GiB reserve=1.59 GiB total=31.86 GiB)
case_078 cases=79 prompt=28 target=24 avg_nll=0.774057 lcp=0 api_target_mae=0.774057 api_top_coverage=97/120 api_top1=0.833 api_topn=0.289 api_pair=0.973
ds4: ROCm q8 fp16 cache budget exhausted; using q8 kernels (request=64.00 MiB cached=0.00 GiB free=0.89 GiB reserve=1.59 GiB total=31.86 GiB)
ds4: ROCm q8 fp16 cache budget exhausted; using q8 kernels (request=64.00 MiB cached=0.00 GiB free=0.89 GiB reserve=1.59 GiB total=31.86 GiB)
ds4: ROCm q8 fp16 cache budget exhausted; using q8 kernels (request=64.00 MiB cached=0.00 GiB free=0.89 GiB reserve=1.59 GiB total=31.86 GiB)
ds4: ROCm q8 fp16 cache budget exhausted; using q8 kernels (request=64.00 MiB cached=0.00 GiB free=0.89 GiB reserve=1.59 GiB total=31.86 GiB)
ds4: ROCm q8 fp16 cache budget exhausted; using q8 kernels (request=64.00 MiB cached=0.00 GiB free=0.89 GiB reserve=1.59 GiB total=31.86 GiB)
ds4: ROCm q8 fp16 cache budget exhausted; using q8 kernels (request=64.00 MiB cached=0.00 GiB free=0.89 GiB reserve=1.59 GiB total=31.86 GiB)
ds4: ROCm q8 fp16 cache budget exhausted; using q8 kernels (request=64.00 MiB cached=0.00 GiB free=0.89 GiB reserve=1.59 GiB total=31.86 GiB)
ds4: ROCm q8 fp16 cache budget exhausted; using q8 kernels (request=64.00 MiB cached=0.00 GiB free=0.89 GiB reserve=1.59 GiB total=31.86 GiB)
ds4: ROCm q8 fp16 cache budget exhausted; using q8 kernels (request=64.00 MiB cached=0.00 GiB free=0.89 GiB reserve=1.59 GiB total=31.86 GiB)
ds4: ROCm q8 fp16 cache budget exhausted; using q8 kernels (request=64.00 MiB cached=0.00 GiB free=0.89 GiB reserve=1.59 GiB total=31.86 GiB)
ds4: ROCm q8 fp16 cache budget exhausted; using q8 kernels (request=64.00 MiB cached=0.00 GiB free=0.89 GiB reserve=1.59 GiB total=31.86 GiB)
ds4: ROCm q8 fp16 cache budget exhausted; using q8 kernels (request=64.00 MiB cached=0.00 GiB free=0.89 GiB reserve=1.59 GiB total=31.86 GiB)
ds4: ROCm q8 fp16 cache budget exhausted; using q8 kernels (request=64.00 MiB cached=0.00 GiB free=0.89 GiB reserve=1.59 GiB total=31.86 GiB)
ds4: ROCm q8 fp16 cache budget exhausted; using q8 kernels (request=64.00 MiB cached=0.00 GiB free=0.89 GiB reserve=1.59 GiB total=31.86 GiB)
ds4: ROCm q8 fp16 cache budget exhausted; using q8 kernels (request=64.00 MiB cached=0.00 GiB free=0.89 GiB reserve=1.59 GiB total=31.86 GiB)
ds4: ROCm q8 fp16 cache budget exhausted; using q8 kernels (request=64.00 MiB cached=0.00 GiB free=0.89 GiB reserve=1.59 GiB total=31.86 GiB)
ds4: ROCm q8 fp16 cache budget exhausted; using q8 kernels (request=64.00 MiB cached=0.00 GiB free=0.89 GiB reserve=1.59 GiB total=31.86 GiB)
ds4: ROCm q8 fp16 cache budget exhausted; using q8 kernels (request=64.00 MiB cached=0.00 GiB free=0.89 GiB reserve=1.59 GiB total=31.86 GiB)
ds4: ROCm q8 fp16 cache budget exhausted; using q8 kernels (request=64.00 MiB cached=0.00 GiB free=0.89 GiB reserve=1.59 GiB total=31.86 GiB)
ds4: ROCm q8 fp16 cache budget exhausted; using q8 kernels (request=64.00 MiB cached=0.00 GiB free=0.89 GiB reserve=1.59 GiB total=31.86 GiB)
ds4: ROCm q8 fp16 cache budget exhausted; using q8 kernels (request=64.00 MiB cached=0.00 GiB free=0.89 GiB reserve=1.59 GiB total=31.86 GiB)
ds4: ROCm q8 fp16 cache budget exhausted; using q8 kernels (request=64.00 MiB cached=0.00 GiB free=0.89 GiB reserve=1.59 GiB total=31.86 GiB)
ds4: ROCm q8 fp16 cache budget exhausted; using q8 kernels (request=64.00 MiB cached=0.00 GiB free=0.89 GiB reserve=1.59 GiB total=31.86 GiB)
ds4: ROCm q8 fp16 cache budget exhausted; using q8 kernels (request=64.00 MiB cached=0.00 GiB free=0.89 GiB reserve=1.59 GiB total=31.86 GiB)
ds4: ROCm q8 fp16 cache budget exhausted; using q8 kernels (request=64.00 MiB cached=0.00 GiB free=0.89 GiB reserve=1.59 GiB total=31.86 GiB)
ds4: ROCm q8 fp16 cache budget exhausted; using q8 kernels (request=64.00 MiB cached=0.00 GiB free=0.89 GiB reserve=1.59 GiB total=31.86 GiB)
ds4: ROCm q8 fp16 cache budget exhausted; using q8 kernels (request=64.00 MiB cached=0.00 GiB free=0.89 GiB reserve=1.59 GiB total=31.86 GiB)
ds4: ROCm q8 fp16 cache budget exhausted; using q8 kernels (request=64.00 MiB cached=0.00 GiB free=0.89 GiB reserve=1.59 GiB total=31.86 GiB)
ds4: ROCm q8 fp16 cache budget exhausted; using q8 kernels (request=64.00 MiB cached=0.00 GiB free=0.89 GiB reserve=1.59 GiB total=31.86 GiB)
ds4: ROCm q8 fp16 cache budget exhausted; using q8 kernels (request=64.00 MiB cached=0.00 GiB free=0.89 GiB reserve=1.59 GiB total=31.86 GiB)
ds4: ROCm q8 fp16 cache budget exhausted; using q8 kernels (request=64.00 MiB cached=0.00 GiB free=0.89 GiB reserve=1.59 GiB total=31.86 GiB)
ds4: ROCm q8 fp16 cache budget exhausted; using q8 kernels (request=64.00 MiB cached=0.00 GiB free=0.89 GiB reserve=1.59 GiB total=31.86 GiB)
ds4: ROCm q8 fp16 cache budget exhausted; using q8 kernels (request=64.00 MiB cached=0.00 GiB free=0.89 GiB reserve=1.59 GiB total=31.86 GiB)
ds4: ROCm q8 fp16 cache budget exhausted; using q8 kernels (request=64.00 MiB cached=0.00 GiB free=0.89 GiB reserve=1.59 GiB total=31.86 GiB)
ds4: ROCm q8 fp16 cache budget exhausted; using q8 kernels (request=64.00 MiB cached=0.00 GiB free=0.89 GiB reserve=1.59 GiB total=31.86 GiB)
ds4: ROCm q8 fp16 cache budget exhausted; using q8 kernels (request=64.00 MiB cached=0.00 GiB free=0.89 GiB reserve=1.59 GiB total=31.86 GiB)
ds4: ROCm q8 fp16 cache budget exhausted; using q8 kernels (request=64.00 MiB cached=0.00 GiB free=0.89 GiB reserve=1.59 GiB total=31.86 GiB)
ds4: ROCm q8 fp16 cache budget exhausted; using q8 kernels (request=64.00 MiB cached=0.00 GiB free=0.89 GiB reserve=1.59 GiB total=31.86 GiB)
ds4: ROCm q8 fp16 cache budget exhausted; using q8 kernels (request=64.00 MiB cached=0.00 GiB free=0.89 GiB reserve=1.59 GiB total=31.86 GiB)
ds4: ROCm q8 fp16 cache budget exhausted; using q8 kernels (request=64.00 MiB cached=0.00 GiB free=0.89 GiB reserve=1.59 GiB total=31.86 GiB)
ds4: ROCm q8 fp16 cache budget exhausted; using q8 kernels (request=64.00 MiB cached=0.00 GiB free=0.89 GiB reserve=1.59 GiB total=31.86 GiB)
ds4: ROCm q8 fp16 cache budget exhausted; using q8 kernels (request=64.00 MiB cached=0.00 GiB free=0.89 GiB reserve=1.59 GiB total=31.86 GiB)
ds4: ROCm q8 fp16 cache budget exhausted; using q8 kernels (request=64.00 MiB cached=0.00 GiB free=0.89 GiB reserve=1.59 GiB total=31.86 GiB)
case_079 cases=80 prompt=20 target=24 avg_nll=0.442079 lcp=4 api_target_mae=0.442079 api_top_coverage=99/120 api_top1=0.875 api_topn=0.263 api_pair=1.000
ds4: ROCm q8 fp16 cache budget exhausted; using q8 kernels (request=64.00 MiB cached=0.00 GiB free=0.89 GiB reserve=1.59 GiB total=31.86 GiB)
ds4: ROCm q8 fp16 cache budget exhausted; using q8 kernels (request=64.00 MiB cached=0.00 GiB free=0.89 GiB reserve=1.59 GiB total=31.86 GiB)
ds4: ROCm q8 fp16 cache budget exhausted; using q8 kernels (request=64.00 MiB cached=0.00 GiB free=0.89 GiB reserve=1.59 GiB total=31.86 GiB)
ds4: ROCm q8 fp16 cache budget exhausted; using q8 kernels (request=64.00 MiB cached=0.00 GiB free=0.89 GiB reserve=1.59 GiB total=31.86 GiB)
ds4: ROCm q8 fp16 cache budget exhausted; using q8 kernels (request=64.00 MiB cached=0.00 GiB free=0.89 GiB reserve=1.59 GiB total=31.86 GiB)
ds4: ROCm q8 fp16 cache budget exhausted; using q8 kernels (request=64.00 MiB cached=0.00 GiB free=0.89 GiB reserve=1.59 GiB total=31.86 GiB)
ds4: ROCm q8 fp16 cache budget exhausted; using q8 kernels (request=64.00 MiB cached=0.00 GiB free=0.89 GiB reserve=1.59 GiB total=31.86 GiB)
ds4: ROCm q8 fp16 cache budget exhausted; using q8 kernels (request=64.00 MiB cached=0.00 GiB free=0.89 GiB reserve=1.59 GiB total=31.86 GiB)
ds4: ROCm q8 fp16 cache budget exhausted; using q8 kernels (request=64.00 MiB cached=0.00 GiB free=0.89 GiB reserve=1.59 GiB total=31.86 GiB)
ds4: ROCm q8 fp16 cache budget exhausted; using q8 kernels (request=64.00 MiB cached=0.00 GiB free=0.89 GiB reserve=1.59 GiB total=31.86 GiB)
ds4: ROCm q8 fp16 cache budget exhausted; using q8 kernels (request=64.00 MiB cached=0.00 GiB free=0.89 GiB reserve=1.59 GiB total=31.86 GiB)
ds4: ROCm q8 fp16 cache budget exhausted; using q8 kernels (request=64.00 MiB cached=0.00 GiB free=0.89 GiB reserve=1.59 GiB total=31.86 GiB)
ds4: ROCm q8 fp16 cache budget exhausted; using q8 kernels (request=64.00 MiB cached=0.00 GiB free=0.89 GiB reserve=1.59 GiB total=31.86 GiB)
ds4: ROCm q8 fp16 cache budget exhausted; using q8 kernels (request=64.00 MiB cached=0.00 GiB free=0.89 GiB reserve=1.59 GiB total=31.86 GiB)
ds4: ROCm q8 fp16 cache budget exhausted; using q8 kernels (request=64.00 MiB cached=0.00 GiB free=0.89 GiB reserve=1.59 GiB total=31.86 GiB)
ds4: ROCm q8 fp16 cache budget exhausted; using q8 kernels (request=64.00 MiB cached=0.00 GiB free=0.89 GiB reserve=1.59 GiB total=31.86 GiB)
ds4: ROCm q8 fp16 cache budget exhausted; using q8 kernels (request=64.00 MiB cached=0.00 GiB free=0.89 GiB reserve=1.59 GiB total=31.86 GiB)
ds4: ROCm q8 fp16 cache budget exhausted; using q8 kernels (request=64.00 MiB cached=0.00 GiB free=0.89 GiB reserve=1.59 GiB total=31.86 GiB)
ds4: ROCm q8 fp16 cache budget exhausted; using q8 kernels (request=64.00 MiB cached=0.00 GiB free=0.89 GiB reserve=1.59 GiB total=31.86 GiB)
ds4: ROCm q8 fp16 cache budget exhausted; using q8 kernels (request=64.00 MiB cached=0.00 GiB free=0.89 GiB reserve=1.59 GiB total=31.86 GiB)
ds4: ROCm q8 fp16 cache budget exhausted; using q8 kernels (request=64.00 MiB cached=0.00 GiB free=0.89 GiB reserve=1.59 GiB total=31.86 GiB)
ds4: ROCm q8 fp16 cache budget exhausted; using q8 kernels (request=64.00 MiB cached=0.00 GiB free=0.89 GiB reserve=1.59 GiB total=31.86 GiB)
ds4: ROCm q8 fp16 cache budget exhausted; using q8 kernels (request=64.00 MiB cached=0.00 GiB free=0.89 GiB reserve=1.59 GiB total=31.86 GiB)
ds4: ROCm q8 fp16 cache budget exhausted; using q8 kernels (request=64.00 MiB cached=0.00 GiB free=0.89 GiB reserve=1.59 GiB total=31.86 GiB)
ds4: ROCm q8 fp16 cache budget exhausted; using q8 kernels (request=64.00 MiB cached=0.00 GiB free=0.89 GiB reserve=1.59 GiB total=31.86 GiB)
ds4: ROCm q8 fp16 cache budget exhausted; using q8 kernels (request=64.00 MiB cached=0.00 GiB free=0.89 GiB reserve=1.59 GiB total=31.86 GiB)
ds4: ROCm q8 fp16 cache budget exhausted; using q8 kernels (request=64.00 MiB cached=0.00 GiB free=0.89 GiB reserve=1.59 GiB total=31.86 GiB)
ds4: ROCm q8 fp16 cache budget exhausted; using q8 kernels (request=64.00 MiB cached=0.00 GiB free=0.89 GiB reserve=1.59 GiB total=31.86 GiB)
ds4: ROCm q8 fp16 cache budget exhausted; using q8 kernels (request=64.00 MiB cached=0.00 GiB free=0.89 GiB reserve=1.59 GiB total=31.86 GiB)
ds4: ROCm q8 fp16 cache budget exhausted; using q8 kernels (request=64.00 MiB cached=0.00 GiB free=0.89 GiB reserve=1.59 GiB total=31.86 GiB)
ds4: ROCm q8 fp16 cache budget exhausted; using q8 kernels (request=64.00 MiB cached=0.00 GiB free=0.89 GiB reserve=1.59 GiB total=31.86 GiB)
ds4: ROCm q8 fp16 cache budget exhausted; using q8 kernels (request=64.00 MiB cached=0.00 GiB free=0.89 GiB reserve=1.59 GiB total=31.86 GiB)
ds4: ROCm q8 fp16 cache budget exhausted; using q8 kernels (request=64.00 MiB cached=0.00 GiB free=0.89 GiB reserve=1.59 GiB total=31.86 GiB)
ds4: ROCm q8 fp16 cache budget exhausted; using q8 kernels (request=64.00 MiB cached=0.00 GiB free=0.89 GiB reserve=1.59 GiB total=31.86 GiB)
ds4: ROCm q8 fp16 cache budget exhausted; using q8 kernels (request=64.00 MiB cached=0.00 GiB free=0.89 GiB reserve=1.59 GiB total=31.86 GiB)
ds4: ROCm q8 fp16 cache budget exhausted; using q8 kernels (request=64.00 MiB cached=0.00 GiB free=0.89 GiB reserve=1.59 GiB total=31.86 GiB)
ds4: ROCm q8 fp16 cache budget exhausted; using q8 kernels (request=64.00 MiB cached=0.00 GiB free=0.89 GiB reserve=1.59 GiB total=31.86 GiB)
ds4: ROCm q8 fp16 cache budget exhausted; using q8 kernels (request=64.00 MiB cached=0.00 GiB free=0.89 GiB reserve=1.59 GiB total=31.86 GiB)
ds4: ROCm q8 fp16 cache budget exhausted; using q8 kernels (request=64.00 MiB cached=0.00 GiB free=0.89 GiB reserve=1.59 GiB total=31.86 GiB)
ds4: ROCm q8 fp16 cache budget exhausted; using q8 kernels (request=64.00 MiB cached=0.00 GiB free=0.89 GiB reserve=1.59 GiB total=31.86 GiB)
ds4: ROCm q8 fp16 cache budget exhausted; using q8 kernels (request=64.00 MiB cached=0.00 GiB free=0.89 GiB reserve=1.59 GiB total=31.86 GiB)
ds4: ROCm q8 fp16 cache budget exhausted; using q8 kernels (request=64.00 MiB cached=0.00 GiB free=0.89 GiB reserve=1.59 GiB total=31.86 GiB)
ds4: ROCm q8 fp16 cache budget exhausted; using q8 kernels (request=64.00 MiB cached=0.00 GiB free=0.89 GiB reserve=1.59 GiB total=31.86 GiB)
case_080 cases=81 prompt=13 target=24 avg_nll=0.742207 lcp=5 api_target_mae=0.742207 api_top_coverage=119/120 api_top1=0.750 api_topn=0.756 api_pair=0.898
ds4: ROCm q8 fp16 cache budget exhausted; using q8 kernels (request=64.00 MiB cached=0.00 GiB free=0.89 GiB reserve=1.59 GiB total=31.86 GiB)
ds4: ROCm q8 fp16 cache budget exhausted; using q8 kernels (request=64.00 MiB cached=0.00 GiB free=0.89 GiB reserve=1.59 GiB total=31.86 GiB)
ds4: ROCm q8 fp16 cache budget exhausted; using q8 kernels (request=64.00 MiB cached=0.00 GiB free=0.89 GiB reserve=1.59 GiB total=31.86 GiB)
ds4: ROCm q8 fp16 cache budget exhausted; using q8 kernels (request=64.00 MiB cached=0.00 GiB free=0.89 GiB reserve=1.59 GiB total=31.86 GiB)
ds4: ROCm q8 fp16 cache budget exhausted; using q8 kernels (request=64.00 MiB cached=0.00 GiB free=0.89 GiB reserve=1.59 GiB total=31.86 GiB)
ds4: ROCm q8 fp16 cache budget exhausted; using q8 kernels (request=64.00 MiB cached=0.00 GiB free=0.89 GiB reserve=1.59 GiB total=31.86 GiB)
ds4: ROCm q8 fp16 cache budget exhausted; using q8 kernels (request=64.00 MiB cached=0.00 GiB free=0.89 GiB reserve=1.59 GiB total=31.86 GiB)
ds4: ROCm q8 fp16 cache budget exhausted; using q8 kernels (request=64.00 MiB cached=0.00 GiB free=0.89 GiB reserve=1.59 GiB total=31.86 GiB)
ds4: ROCm q8 fp16 cache budget exhausted; using q8 kernels (request=64.00 MiB cached=0.00 GiB free=0.89 GiB reserve=1.59 GiB total=31.86 GiB)
ds4: ROCm q8 fp16 cache budget exhausted; using q8 kernels (request=64.00 MiB cached=0.00 GiB free=0.89 GiB reserve=1.59 GiB total=31.86 GiB)
ds4: ROCm q8 fp16 cache budget exhausted; using q8 kernels (request=64.00 MiB cached=0.00 GiB free=0.89 GiB reserve=1.59 GiB total=31.86 GiB)
ds4: ROCm q8 fp16 cache budget exhausted; using q8 kernels (request=64.00 MiB cached=0.00 GiB free=0.89 GiB reserve=1.59 GiB total=31.86 GiB)
ds4: ROCm q8 fp16 cache budget exhausted; using q8 kernels (request=64.00 MiB cached=0.00 GiB free=0.89 GiB reserve=1.59 GiB total=31.86 GiB)
ds4: ROCm q8 fp16 cache budget exhausted; using q8 kernels (request=64.00 MiB cached=0.00 GiB free=0.89 GiB reserve=1.59 GiB total=31.86 GiB)
ds4: ROCm q8 fp16 cache budget exhausted; using q8 kernels (request=64.00 MiB cached=0.00 GiB free=0.89 GiB reserve=1.59 GiB total=31.86 GiB)
ds4: ROCm q8 fp16 cache budget exhausted; using q8 kernels (request=64.00 MiB cached=0.00 GiB free=0.89 GiB reserve=1.59 GiB total=31.86 GiB)
ds4: ROCm q8 fp16 cache budget exhausted; using q8 kernels (request=64.00 MiB cached=0.00 GiB free=0.89 GiB reserve=1.59 GiB total=31.86 GiB)
ds4: ROCm q8 fp16 cache budget exhausted; using q8 kernels (request=64.00 MiB cached=0.00 GiB free=0.89 GiB reserve=1.59 GiB total=31.86 GiB)
ds4: ROCm q8 fp16 cache budget exhausted; using q8 kernels (request=64.00 MiB cached=0.00 GiB free=0.89 GiB reserve=1.59 GiB total=31.86 GiB)
ds4: ROCm q8 fp16 cache budget exhausted; using q8 kernels (request=64.00 MiB cached=0.00 GiB free=0.89 GiB reserve=1.59 GiB total=31.86 GiB)
ds4: ROCm q8 fp16 cache budget exhausted; using q8 kernels (request=64.00 MiB cached=0.00 GiB free=0.89 GiB reserve=1.59 GiB total=31.86 GiB)
ds4: ROCm q8 fp16 cache budget exhausted; using q8 kernels (request=64.00 MiB cached=0.00 GiB free=0.89 GiB reserve=1.59 GiB total=31.86 GiB)
ds4: ROCm q8 fp16 cache budget exhausted; using q8 kernels (request=64.00 MiB cached=0.00 GiB free=0.89 GiB reserve=1.59 GiB total=31.86 GiB)
ds4: ROCm q8 fp16 cache budget exhausted; using q8 kernels (request=64.00 MiB cached=0.00 GiB free=0.89 GiB reserve=1.59 GiB total=31.86 GiB)
ds4: ROCm q8 fp16 cache budget exhausted; using q8 kernels (request=64.00 MiB cached=0.00 GiB free=0.89 GiB reserve=1.59 GiB total=31.86 GiB)
ds4: ROCm q8 fp16 cache budget exhausted; using q8 kernels (request=64.00 MiB cached=0.00 GiB free=0.89 GiB reserve=1.59 GiB total=31.86 GiB)
ds4: ROCm q8 fp16 cache budget exhausted; using q8 kernels (request=64.00 MiB cached=0.00 GiB free=0.89 GiB reserve=1.59 GiB total=31.86 GiB)
ds4: ROCm q8 fp16 cache budget exhausted; using q8 kernels (request=64.00 MiB cached=0.00 GiB free=0.89 GiB reserve=1.59 GiB total=31.86 GiB)
ds4: ROCm q8 fp16 cache budget exhausted; using q8 kernels (request=64.00 MiB cached=0.00 GiB free=0.89 GiB reserve=1.59 GiB total=31.86 GiB)
ds4: ROCm q8 fp16 cache budget exhausted; using q8 kernels (request=64.00 MiB cached=0.00 GiB free=0.89 GiB reserve=1.59 GiB total=31.86 GiB)
ds4: ROCm q8 fp16 cache budget exhausted; using q8 kernels (request=64.00 MiB cached=0.00 GiB free=0.89 GiB reserve=1.59 GiB total=31.86 GiB)
ds4: ROCm q8 fp16 cache budget exhausted; using q8 kernels (request=64.00 MiB cached=0.00 GiB free=0.89 GiB reserve=1.59 GiB total=31.86 GiB)
ds4: ROCm q8 fp16 cache budget exhausted; using q8 kernels (request=64.00 MiB cached=0.00 GiB free=0.89 GiB reserve=1.59 GiB total=31.86 GiB)
ds4: ROCm q8 fp16 cache budget exhausted; using q8 kernels (request=64.00 MiB cached=0.00 GiB free=0.89 GiB reserve=1.59 GiB total=31.86 GiB)
ds4: ROCm q8 fp16 cache budget exhausted; using q8 kernels (request=64.00 MiB cached=0.00 GiB free=0.89 GiB reserve=1.59 GiB total=31.86 GiB)
ds4: ROCm q8 fp16 cache budget exhausted; using q8 kernels (request=64.00 MiB cached=0.00 GiB free=0.89 GiB reserve=1.59 GiB total=31.86 GiB)
ds4: ROCm q8 fp16 cache budget exhausted; using q8 kernels (request=64.00 MiB cached=0.00 GiB free=0.89 GiB reserve=1.59 GiB total=31.86 GiB)
ds4: ROCm q8 fp16 cache budget exhausted; using q8 kernels (request=64.00 MiB cached=0.00 GiB free=0.89 GiB reserve=1.59 GiB total=31.86 GiB)
ds4: ROCm q8 fp16 cache budget exhausted; using q8 kernels (request=64.00 MiB cached=0.00 GiB free=0.89 GiB reserve=1.59 GiB total=31.86 GiB)
ds4: ROCm q8 fp16 cache budget exhausted; using q8 kernels (request=64.00 MiB cached=0.00 GiB free=0.89 GiB reserve=1.59 GiB total=31.86 GiB)
ds4: ROCm q8 fp16 cache budget exhausted; using q8 kernels (request=64.00 MiB cached=0.00 GiB free=0.89 GiB reserve=1.59 GiB total=31.86 GiB)
ds4: ROCm q8 fp16 cache budget exhausted; using q8 kernels (request=64.00 MiB cached=0.00 GiB free=0.89 GiB reserve=1.59 GiB total=31.86 GiB)
ds4: ROCm q8 fp16 cache budget exhausted; using q8 kernels (request=64.00 MiB cached=0.00 GiB free=0.89 GiB reserve=1.59 GiB total=31.86 GiB)
case_081 cases=82 prompt=13 target=24 avg_nll=0.527813 lcp=0 api_target_mae=0.527813 api_top_coverage=99/120 api_top1=0.792 api_topn=0.273 api_pair=0.987
ds4: ROCm q8 fp16 cache budget exhausted; using q8 kernels (request=64.00 MiB cached=0.00 GiB free=0.89 GiB reserve=1.59 GiB total=31.86 GiB)
ds4: ROCm q8 fp16 cache budget exhausted; using q8 kernels (request=64.00 MiB cached=0.00 GiB free=0.89 GiB reserve=1.59 GiB total=31.86 GiB)
ds4: ROCm q8 fp16 cache budget exhausted; using q8 kernels (request=64.00 MiB cached=0.00 GiB free=0.89 GiB reserve=1.59 GiB total=31.86 GiB)
ds4: ROCm q8 fp16 cache budget exhausted; using q8 kernels (request=64.00 MiB cached=0.00 GiB free=0.89 GiB reserve=1.59 GiB total=31.86 GiB)
ds4: ROCm q8 fp16 cache budget exhausted; using q8 kernels (request=64.00 MiB cached=0.00 GiB free=0.89 GiB reserve=1.59 GiB total=31.86 GiB)
ds4: ROCm q8 fp16 cache budget exhausted; using q8 kernels (request=64.00 MiB cached=0.00 GiB free=0.89 GiB reserve=1.59 GiB total=31.86 GiB)
ds4: ROCm q8 fp16 cache budget exhausted; using q8 kernels (request=64.00 MiB cached=0.00 GiB free=0.89 GiB reserve=1.59 GiB total=31.86 GiB)
ds4: ROCm q8 fp16 cache budget exhausted; using q8 kernels (request=64.00 MiB cached=0.00 GiB free=0.89 GiB reserve=1.59 GiB total=31.86 GiB)
ds4: ROCm q8 fp16 cache budget exhausted; using q8 kernels (request=64.00 MiB cached=0.00 GiB free=0.89 GiB reserve=1.59 GiB total=31.86 GiB)
ds4: ROCm q8 fp16 cache budget exhausted; using q8 kernels (request=64.00 MiB cached=0.00 GiB free=0.89 GiB reserve=1.59 GiB total=31.86 GiB)
ds4: ROCm q8 fp16 cache budget exhausted; using q8 kernels (request=64.00 MiB cached=0.00 GiB free=0.89 GiB reserve=1.59 GiB total=31.86 GiB)
ds4: ROCm q8 fp16 cache budget exhausted; using q8 kernels (request=64.00 MiB cached=0.00 GiB free=0.89 GiB reserve=1.59 GiB total=31.86 GiB)
ds4: ROCm q8 fp16 cache budget exhausted; using q8 kernels (request=64.00 MiB cached=0.00 GiB free=0.89 GiB reserve=1.59 GiB total=31.86 GiB)
ds4: ROCm q8 fp16 cache budget exhausted; using q8 kernels (request=64.00 MiB cached=0.00 GiB free=0.89 GiB reserve=1.59 GiB total=31.86 GiB)
ds4: ROCm q8 fp16 cache budget exhausted; using q8 kernels (request=64.00 MiB cached=0.00 GiB free=0.89 GiB reserve=1.59 GiB total=31.86 GiB)
ds4: ROCm q8 fp16 cache budget exhausted; using q8 kernels (request=64.00 MiB cached=0.00 GiB free=0.89 GiB reserve=1.59 GiB total=31.86 GiB)
ds4: ROCm q8 fp16 cache budget exhausted; using q8 kernels (request=64.00 MiB cached=0.00 GiB free=0.89 GiB reserve=1.59 GiB total=31.86 GiB)
ds4: ROCm q8 fp16 cache budget exhausted; using q8 kernels (request=64.00 MiB cached=0.00 GiB free=0.89 GiB reserve=1.59 GiB total=31.86 GiB)
ds4: ROCm q8 fp16 cache budget exhausted; using q8 kernels (request=64.00 MiB cached=0.00 GiB free=0.89 GiB reserve=1.59 GiB total=31.86 GiB)
ds4: ROCm q8 fp16 cache budget exhausted; using q8 kernels (request=64.00 MiB cached=0.00 GiB free=0.89 GiB reserve=1.59 GiB total=31.86 GiB)
ds4: ROCm q8 fp16 cache budget exhausted; using q8 kernels (request=64.00 MiB cached=0.00 GiB free=0.89 GiB reserve=1.59 GiB total=31.86 GiB)
ds4: ROCm q8 fp16 cache budget exhausted; using q8 kernels (request=64.00 MiB cached=0.00 GiB free=0.89 GiB reserve=1.59 GiB total=31.86 GiB)
ds4: ROCm q8 fp16 cache budget exhausted; using q8 kernels (request=64.00 MiB cached=0.00 GiB free=0.89 GiB reserve=1.59 GiB total=31.86 GiB)
ds4: ROCm q8 fp16 cache budget exhausted; using q8 kernels (request=64.00 MiB cached=0.00 GiB free=0.89 GiB reserve=1.59 GiB total=31.86 GiB)
ds4: ROCm q8 fp16 cache budget exhausted; using q8 kernels (request=64.00 MiB cached=0.00 GiB free=0.89 GiB reserve=1.59 GiB total=31.86 GiB)
ds4: ROCm q8 fp16 cache budget exhausted; using q8 kernels (request=64.00 MiB cached=0.00 GiB free=0.89 GiB reserve=1.59 GiB total=31.86 GiB)
ds4: ROCm q8 fp16 cache budget exhausted; using q8 kernels (request=64.00 MiB cached=0.00 GiB free=0.89 GiB reserve=1.59 GiB total=31.86 GiB)
ds4: ROCm q8 fp16 cache budget exhausted; using q8 kernels (request=64.00 MiB cached=0.00 GiB free=0.89 GiB reserve=1.59 GiB total=31.86 GiB)
ds4: ROCm q8 fp16 cache budget exhausted; using q8 kernels (request=64.00 MiB cached=0.00 GiB free=0.89 GiB reserve=1.59 GiB total=31.86 GiB)
ds4: ROCm q8 fp16 cache budget exhausted; using q8 kernels (request=64.00 MiB cached=0.00 GiB free=0.89 GiB reserve=1.59 GiB total=31.86 GiB)
ds4: ROCm q8 fp16 cache budget exhausted; using q8 kernels (request=64.00 MiB cached=0.00 GiB free=0.89 GiB reserve=1.59 GiB total=31.86 GiB)
ds4: ROCm q8 fp16 cache budget exhausted; using q8 kernels (request=64.00 MiB cached=0.00 GiB free=0.89 GiB reserve=1.59 GiB total=31.86 GiB)
ds4: ROCm q8 fp16 cache budget exhausted; using q8 kernels (request=64.00 MiB cached=0.00 GiB free=0.89 GiB reserve=1.59 GiB total=31.86 GiB)
ds4: ROCm q8 fp16 cache budget exhausted; using q8 kernels (request=64.00 MiB cached=0.00 GiB free=0.89 GiB reserve=1.59 GiB total=31.86 GiB)
ds4: ROCm q8 fp16 cache budget exhausted; using q8 kernels (request=64.00 MiB cached=0.00 GiB free=0.89 GiB reserve=1.59 GiB total=31.86 GiB)
ds4: ROCm q8 fp16 cache budget exhausted; using q8 kernels (request=64.00 MiB cached=0.00 GiB free=0.89 GiB reserve=1.59 GiB total=31.86 GiB)
ds4: ROCm q8 fp16 cache budget exhausted; using q8 kernels (request=64.00 MiB cached=0.00 GiB free=0.89 GiB reserve=1.59 GiB total=31.86 GiB)
ds4: ROCm q8 fp16 cache budget exhausted; using q8 kernels (request=64.00 MiB cached=0.00 GiB free=0.89 GiB reserve=1.59 GiB total=31.86 GiB)
ds4: ROCm q8 fp16 cache budget exhausted; using q8 kernels (request=64.00 MiB cached=0.00 GiB free=0.89 GiB reserve=1.59 GiB total=31.86 GiB)
ds4: ROCm q8 fp16 cache budget exhausted; using q8 kernels (request=64.00 MiB cached=0.00 GiB free=0.89 GiB reserve=1.59 GiB total=31.86 GiB)
ds4: ROCm q8 fp16 cache budget exhausted; using q8 kernels (request=64.00 MiB cached=0.00 GiB free=0.89 GiB reserve=1.59 GiB total=31.86 GiB)
ds4: ROCm q8 fp16 cache budget exhausted; using q8 kernels (request=64.00 MiB cached=0.00 GiB free=0.89 GiB reserve=1.59 GiB total=31.86 GiB)
ds4: ROCm q8 fp16 cache budget exhausted; using q8 kernels (request=64.00 MiB cached=0.00 GiB free=0.89 GiB reserve=1.59 GiB total=31.86 GiB)
case_082 cases=83 prompt=16 target=24 avg_nll=0.125174 lcp=24 api_target_mae=0.125174 api_top_coverage=97/120 api_top1=1.000 api_topn=0.289 api_pair=1.000
ds4: ROCm q8 fp16 cache budget exhausted; using q8 kernels (request=64.00 MiB cached=0.00 GiB free=0.89 GiB reserve=1.59 GiB total=31.86 GiB)
ds4: ROCm q8 fp16 cache budget exhausted; using q8 kernels (request=64.00 MiB cached=0.00 GiB free=0.89 GiB reserve=1.59 GiB total=31.86 GiB)
ds4: ROCm q8 fp16 cache budget exhausted; using q8 kernels (request=64.00 MiB cached=0.00 GiB free=0.89 GiB reserve=1.59 GiB total=31.86 GiB)
ds4: ROCm q8 fp16 cache budget exhausted; using q8 kernels (request=64.00 MiB cached=0.00 GiB free=0.89 GiB reserve=1.59 GiB total=31.86 GiB)
ds4: ROCm q8 fp16 cache budget exhausted; using q8 kernels (request=64.00 MiB cached=0.00 GiB free=0.89 GiB reserve=1.59 GiB total=31.86 GiB)
ds4: ROCm q8 fp16 cache budget exhausted; using q8 kernels (request=64.00 MiB cached=0.00 GiB free=0.89 GiB reserve=1.59 GiB total=31.86 GiB)
ds4: ROCm q8 fp16 cache budget exhausted; using q8 kernels (request=64.00 MiB cached=0.00 GiB free=0.89 GiB reserve=1.59 GiB total=31.86 GiB)
ds4: ROCm q8 fp16 cache budget exhausted; using q8 kernels (request=64.00 MiB cached=0.00 GiB free=0.89 GiB reserve=1.59 GiB total=31.86 GiB)
ds4: ROCm q8 fp16 cache budget exhausted; using q8 kernels (request=64.00 MiB cached=0.00 GiB free=0.89 GiB reserve=1.59 GiB total=31.86 GiB)
ds4: ROCm q8 fp16 cache budget exhausted; using q8 kernels (request=64.00 MiB cached=0.00 GiB free=0.89 GiB reserve=1.59 GiB total=31.86 GiB)
ds4: ROCm q8 fp16 cache budget exhausted; using q8 kernels (request=64.00 MiB cached=0.00 GiB free=0.89 GiB reserve=1.59 GiB total=31.86 GiB)
ds4: ROCm q8 fp16 cache budget exhausted; using q8 kernels (request=64.00 MiB cached=0.00 GiB free=0.89 GiB reserve=1.59 GiB total=31.86 GiB)
ds4: ROCm q8 fp16 cache budget exhausted; using q8 kernels (request=64.00 MiB cached=0.00 GiB free=0.89 GiB reserve=1.59 GiB total=31.86 GiB)
ds4: ROCm q8 fp16 cache budget exhausted; using q8 kernels (request=64.00 MiB cached=0.00 GiB free=0.89 GiB reserve=1.59 GiB total=31.86 GiB)
ds4: ROCm q8 fp16 cache budget exhausted; using q8 kernels (request=64.00 MiB cached=0.00 GiB free=0.89 GiB reserve=1.59 GiB total=31.86 GiB)
ds4: ROCm q8 fp16 cache budget exhausted; using q8 kernels (request=64.00 MiB cached=0.00 GiB free=0.89 GiB reserve=1.59 GiB total=31.86 GiB)
ds4: ROCm q8 fp16 cache budget exhausted; using q8 kernels (request=64.00 MiB cached=0.00 GiB free=0.89 GiB reserve=1.59 GiB total=31.86 GiB)
ds4: ROCm q8 fp16 cache budget exhausted; using q8 kernels (request=64.00 MiB cached=0.00 GiB free=0.89 GiB reserve=1.59 GiB total=31.86 GiB)
ds4: ROCm q8 fp16 cache budget exhausted; using q8 kernels (request=64.00 MiB cached=0.00 GiB free=0.89 GiB reserve=1.59 GiB total=31.86 GiB)
ds4: ROCm q8 fp16 cache budget exhausted; using q8 kernels (request=64.00 MiB cached=0.00 GiB free=0.89 GiB reserve=1.59 GiB total=31.86 GiB)
ds4: ROCm q8 fp16 cache budget exhausted; using q8 kernels (request=64.00 MiB cached=0.00 GiB free=0.89 GiB reserve=1.59 GiB total=31.86 GiB)
ds4: ROCm q8 fp16 cache budget exhausted; using q8 kernels (request=64.00 MiB cached=0.00 GiB free=0.89 GiB reserve=1.59 GiB total=31.86 GiB)
ds4: ROCm q8 fp16 cache budget exhausted; using q8 kernels (request=64.00 MiB cached=0.00 GiB free=0.89 GiB reserve=1.59 GiB total=31.86 GiB)
ds4: ROCm q8 fp16 cache budget exhausted; using q8 kernels (request=64.00 MiB cached=0.00 GiB free=0.89 GiB reserve=1.59 GiB total=31.86 GiB)
ds4: ROCm q8 fp16 cache budget exhausted; using q8 kernels (request=64.00 MiB cached=0.00 GiB free=0.89 GiB reserve=1.59 GiB total=31.86 GiB)
ds4: ROCm q8 fp16 cache budget exhausted; using q8 kernels (request=64.00 MiB cached=0.00 GiB free=0.89 GiB reserve=1.59 GiB total=31.86 GiB)
ds4: ROCm q8 fp16 cache budget exhausted; using q8 kernels (request=64.00 MiB cached=0.00 GiB free=0.89 GiB reserve=1.59 GiB total=31.86 GiB)
ds4: ROCm q8 fp16 cache budget exhausted; using q8 kernels (request=64.00 MiB cached=0.00 GiB free=0.89 GiB reserve=1.59 GiB total=31.86 GiB)
ds4: ROCm q8 fp16 cache budget exhausted; using q8 kernels (request=64.00 MiB cached=0.00 GiB free=0.89 GiB reserve=1.59 GiB total=31.86 GiB)
ds4: ROCm q8 fp16 cache budget exhausted; using q8 kernels (request=64.00 MiB cached=0.00 GiB free=0.89 GiB reserve=1.59 GiB total=31.86 GiB)
ds4: ROCm q8 fp16 cache budget exhausted; using q8 kernels (request=64.00 MiB cached=0.00 GiB free=0.89 GiB reserve=1.59 GiB total=31.86 GiB)
ds4: ROCm q8 fp16 cache budget exhausted; using q8 kernels (request=64.00 MiB cached=0.00 GiB free=0.89 GiB reserve=1.59 GiB total=31.86 GiB)
ds4: ROCm q8 fp16 cache budget exhausted; using q8 kernels (request=64.00 MiB cached=0.00 GiB free=0.89 GiB reserve=1.59 GiB total=31.86 GiB)
ds4: ROCm q8 fp16 cache budget exhausted; using q8 kernels (request=64.00 MiB cached=0.00 GiB free=0.89 GiB reserve=1.59 GiB total=31.86 GiB)
ds4: ROCm q8 fp16 cache budget exhausted; using q8 kernels (request=64.00 MiB cached=0.00 GiB free=0.89 GiB reserve=1.59 GiB total=31.86 GiB)
ds4: ROCm q8 fp16 cache budget exhausted; using q8 kernels (request=64.00 MiB cached=0.00 GiB free=0.89 GiB reserve=1.59 GiB total=31.86 GiB)
ds4: ROCm q8 fp16 cache budget exhausted; using q8 kernels (request=64.00 MiB cached=0.00 GiB free=0.89 GiB reserve=1.59 GiB total=31.86 GiB)
ds4: ROCm q8 fp16 cache budget exhausted; using q8 kernels (request=64.00 MiB cached=0.00 GiB free=0.89 GiB reserve=1.59 GiB total=31.86 GiB)
ds4: ROCm q8 fp16 cache budget exhausted; using q8 kernels (request=64.00 MiB cached=0.00 GiB free=0.89 GiB reserve=1.59 GiB total=31.86 GiB)
ds4: ROCm q8 fp16 cache budget exhausted; using q8 kernels (request=64.00 MiB cached=0.00 GiB free=0.89 GiB reserve=1.59 GiB total=31.86 GiB)
ds4: ROCm q8 fp16 cache budget exhausted; using q8 kernels (request=64.00 MiB cached=0.00 GiB free=0.89 GiB reserve=1.59 GiB total=31.86 GiB)
ds4: ROCm q8 fp16 cache budget exhausted; using q8 kernels (request=64.00 MiB cached=0.00 GiB free=0.89 GiB reserve=1.59 GiB total=31.86 GiB)
ds4: ROCm q8 fp16 cache budget exhausted; using q8 kernels (request=64.00 MiB cached=0.00 GiB free=0.89 GiB reserve=1.59 GiB total=31.86 GiB)
case_083 cases=84 prompt=19 target=17 avg_nll=0.003315 lcp=17 api_target_mae=0.003315 api_top_coverage=68/85 api_top1=1.000 api_topn=0.265 api_pair=1.000
ds4: ROCm q8 fp16 cache budget exhausted; using q8 kernels (request=64.00 MiB cached=0.00 GiB free=0.89 GiB reserve=1.59 GiB total=31.86 GiB)
ds4: ROCm q8 fp16 cache budget exhausted; using q8 kernels (request=64.00 MiB cached=0.00 GiB free=0.89 GiB reserve=1.59 GiB total=31.86 GiB)
ds4: ROCm q8 fp16 cache budget exhausted; using q8 kernels (request=64.00 MiB cached=0.00 GiB free=0.89 GiB reserve=1.59 GiB total=31.86 GiB)
ds4: ROCm q8 fp16 cache budget exhausted; using q8 kernels (request=64.00 MiB cached=0.00 GiB free=0.89 GiB reserve=1.59 GiB total=31.86 GiB)
ds4: ROCm q8 fp16 cache budget exhausted; using q8 kernels (request=64.00 MiB cached=0.00 GiB free=0.89 GiB reserve=1.59 GiB total=31.86 GiB)
ds4: ROCm q8 fp16 cache budget exhausted; using q8 kernels (request=64.00 MiB cached=0.00 GiB free=0.89 GiB reserve=1.59 GiB total=31.86 GiB)
ds4: ROCm q8 fp16 cache budget exhausted; using q8 kernels (request=64.00 MiB cached=0.00 GiB free=0.89 GiB reserve=1.59 GiB total=31.86 GiB)
ds4: ROCm q8 fp16 cache budget exhausted; using q8 kernels (request=64.00 MiB cached=0.00 GiB free=0.89 GiB reserve=1.59 GiB total=31.86 GiB)
ds4: ROCm q8 fp16 cache budget exhausted; using q8 kernels (request=64.00 MiB cached=0.00 GiB free=0.89 GiB reserve=1.59 GiB total=31.86 GiB)
ds4: ROCm q8 fp16 cache budget exhausted; using q8 kernels (request=64.00 MiB cached=0.00 GiB free=0.89 GiB reserve=1.59 GiB total=31.86 GiB)
ds4: ROCm q8 fp16 cache budget exhausted; using q8 kernels (request=64.00 MiB cached=0.00 GiB free=0.89 GiB reserve=1.59 GiB total=31.86 GiB)
ds4: ROCm q8 fp16 cache budget exhausted; using q8 kernels (request=64.00 MiB cached=0.00 GiB free=0.89 GiB reserve=1.59 GiB total=31.86 GiB)
ds4: ROCm q8 fp16 cache budget exhausted; using q8 kernels (request=64.00 MiB cached=0.00 GiB free=0.89 GiB reserve=1.59 GiB total=31.86 GiB)
ds4: ROCm q8 fp16 cache budget exhausted; using q8 kernels (request=64.00 MiB cached=0.00 GiB free=0.89 GiB reserve=1.59 GiB total=31.86 GiB)
ds4: ROCm q8 fp16 cache budget exhausted; using q8 kernels (request=64.00 MiB cached=0.00 GiB free=0.89 GiB reserve=1.59 GiB total=31.86 GiB)
ds4: ROCm q8 fp16 cache budget exhausted; using q8 kernels (request=64.00 MiB cached=0.00 GiB free=0.89 GiB reserve=1.59 GiB total=31.86 GiB)
ds4: ROCm q8 fp16 cache budget exhausted; using q8 kernels (request=64.00 MiB cached=0.00 GiB free=0.89 GiB reserve=1.59 GiB total=31.86 GiB)
ds4: ROCm q8 fp16 cache budget exhausted; using q8 kernels (request=64.00 MiB cached=0.00 GiB free=0.89 GiB reserve=1.59 GiB total=31.86 GiB)
ds4: ROCm q8 fp16 cache budget exhausted; using q8 kernels (request=64.00 MiB cached=0.00 GiB free=0.89 GiB reserve=1.59 GiB total=31.86 GiB)
ds4: ROCm q8 fp16 cache budget exhausted; using q8 kernels (request=64.00 MiB cached=0.00 GiB free=0.89 GiB reserve=1.59 GiB total=31.86 GiB)
ds4: ROCm q8 fp16 cache budget exhausted; using q8 kernels (request=64.00 MiB cached=0.00 GiB free=0.89 GiB reserve=1.59 GiB total=31.86 GiB)
ds4: ROCm q8 fp16 cache budget exhausted; using q8 kernels (request=64.00 MiB cached=0.00 GiB free=0.89 GiB reserve=1.59 GiB total=31.86 GiB)
ds4: ROCm q8 fp16 cache budget exhausted; using q8 kernels (request=64.00 MiB cached=0.00 GiB free=0.89 GiB reserve=1.59 GiB total=31.86 GiB)
ds4: ROCm q8 fp16 cache budget exhausted; using q8 kernels (request=64.00 MiB cached=0.00 GiB free=0.89 GiB reserve=1.59 GiB total=31.86 GiB)
ds4: ROCm q8 fp16 cache budget exhausted; using q8 kernels (request=64.00 MiB cached=0.00 GiB free=0.89 GiB reserve=1.59 GiB total=31.86 GiB)
ds4: ROCm q8 fp16 cache budget exhausted; using q8 kernels (request=64.00 MiB cached=0.00 GiB free=0.89 GiB reserve=1.59 GiB total=31.86 GiB)
ds4: ROCm q8 fp16 cache budget exhausted; using q8 kernels (request=64.00 MiB cached=0.00 GiB free=0.89 GiB reserve=1.59 GiB total=31.86 GiB)
ds4: ROCm q8 fp16 cache budget exhausted; using q8 kernels (request=64.00 MiB cached=0.00 GiB free=0.89 GiB reserve=1.59 GiB total=31.86 GiB)
ds4: ROCm q8 fp16 cache budget exhausted; using q8 kernels (request=64.00 MiB cached=0.00 GiB free=0.89 GiB reserve=1.59 GiB total=31.86 GiB)
ds4: ROCm q8 fp16 cache budget exhausted; using q8 kernels (request=64.00 MiB cached=0.00 GiB free=0.89 GiB reserve=1.59 GiB total=31.86 GiB)
ds4: ROCm q8 fp16 cache budget exhausted; using q8 kernels (request=64.00 MiB cached=0.00 GiB free=0.89 GiB reserve=1.59 GiB total=31.86 GiB)
ds4: ROCm q8 fp16 cache budget exhausted; using q8 kernels (request=64.00 MiB cached=0.00 GiB free=0.89 GiB reserve=1.59 GiB total=31.86 GiB)
ds4: ROCm q8 fp16 cache budget exhausted; using q8 kernels (request=64.00 MiB cached=0.00 GiB free=0.89 GiB reserve=1.59 GiB total=31.86 GiB)
ds4: ROCm q8 fp16 cache budget exhausted; using q8 kernels (request=64.00 MiB cached=0.00 GiB free=0.89 GiB reserve=1.59 GiB total=31.86 GiB)
ds4: ROCm q8 fp16 cache budget exhausted; using q8 kernels (request=64.00 MiB cached=0.00 GiB free=0.89 GiB reserve=1.59 GiB total=31.86 GiB)
ds4: ROCm q8 fp16 cache budget exhausted; using q8 kernels (request=64.00 MiB cached=0.00 GiB free=0.89 GiB reserve=1.59 GiB total=31.86 GiB)
ds4: ROCm q8 fp16 cache budget exhausted; using q8 kernels (request=64.00 MiB cached=0.00 GiB free=0.89 GiB reserve=1.59 GiB total=31.86 GiB)
ds4: ROCm q8 fp16 cache budget exhausted; using q8 kernels (request=64.00 MiB cached=0.00 GiB free=0.89 GiB reserve=1.59 GiB total=31.86 GiB)
ds4: ROCm q8 fp16 cache budget exhausted; using q8 kernels (request=64.00 MiB cached=0.00 GiB free=0.89 GiB reserve=1.59 GiB total=31.86 GiB)
ds4: ROCm q8 fp16 cache budget exhausted; using q8 kernels (request=64.00 MiB cached=0.00 GiB free=0.89 GiB reserve=1.59 GiB total=31.86 GiB)
ds4: ROCm q8 fp16 cache budget exhausted; using q8 kernels (request=64.00 MiB cached=0.00 GiB free=0.89 GiB reserve=1.59 GiB total=31.86 GiB)
ds4: ROCm q8 fp16 cache budget exhausted; using q8 kernels (request=64.00 MiB cached=0.00 GiB free=0.89 GiB reserve=1.59 GiB total=31.86 GiB)
ds4: ROCm q8 fp16 cache budget exhausted; using q8 kernels (request=64.00 MiB cached=0.00 GiB free=0.89 GiB reserve=1.59 GiB total=31.86 GiB)
case_084 cases=85 prompt=23 target=11 avg_nll=0.239281 lcp=0 api_target_mae=0.239281 api_top_coverage=45/55 api_top1=0.818 api_topn=0.289 api_pair=0.971
ds4: ROCm q8 fp16 cache budget exhausted; using q8 kernels (request=64.00 MiB cached=0.00 GiB free=0.89 GiB reserve=1.59 GiB total=31.86 GiB)
ds4: ROCm q8 fp16 cache budget exhausted; using q8 kernels (request=64.00 MiB cached=0.00 GiB free=0.89 GiB reserve=1.59 GiB total=31.86 GiB)
ds4: ROCm q8 fp16 cache budget exhausted; using q8 kernels (request=64.00 MiB cached=0.00 GiB free=0.89 GiB reserve=1.59 GiB total=31.86 GiB)
ds4: ROCm q8 fp16 cache budget exhausted; using q8 kernels (request=64.00 MiB cached=0.00 GiB free=0.89 GiB reserve=1.59 GiB total=31.86 GiB)
ds4: ROCm q8 fp16 cache budget exhausted; using q8 kernels (request=64.00 MiB cached=0.00 GiB free=0.89 GiB reserve=1.59 GiB total=31.86 GiB)
ds4: ROCm q8 fp16 cache budget exhausted; using q8 kernels (request=64.00 MiB cached=0.00 GiB free=0.89 GiB reserve=1.59 GiB total=31.86 GiB)
ds4: ROCm q8 fp16 cache budget exhausted; using q8 kernels (request=64.00 MiB cached=0.00 GiB free=0.89 GiB reserve=1.59 GiB total=31.86 GiB)
ds4: ROCm q8 fp16 cache budget exhausted; using q8 kernels (request=64.00 MiB cached=0.00 GiB free=0.89 GiB reserve=1.59 GiB total=31.86 GiB)
ds4: ROCm q8 fp16 cache budget exhausted; using q8 kernels (request=64.00 MiB cached=0.00 GiB free=0.89 GiB reserve=1.59 GiB total=31.86 GiB)
ds4: ROCm q8 fp16 cache budget exhausted; using q8 kernels (request=64.00 MiB cached=0.00 GiB free=0.89 GiB reserve=1.59 GiB total=31.86 GiB)
ds4: ROCm q8 fp16 cache budget exhausted; using q8 kernels (request=64.00 MiB cached=0.00 GiB free=0.89 GiB reserve=1.59 GiB total=31.86 GiB)
ds4: ROCm q8 fp16 cache budget exhausted; using q8 kernels (request=64.00 MiB cached=0.00 GiB free=0.89 GiB reserve=1.59 GiB total=31.86 GiB)
ds4: ROCm q8 fp16 cache budget exhausted; using q8 kernels (request=64.00 MiB cached=0.00 GiB free=0.89 GiB reserve=1.59 GiB total=31.86 GiB)
ds4: ROCm q8 fp16 cache budget exhausted; using q8 kernels (request=64.00 MiB cached=0.00 GiB free=0.89 GiB reserve=1.59 GiB total=31.86 GiB)
ds4: ROCm q8 fp16 cache budget exhausted; using q8 kernels (request=64.00 MiB cached=0.00 GiB free=0.89 GiB reserve=1.59 GiB total=31.86 GiB)
ds4: ROCm q8 fp16 cache budget exhausted; using q8 kernels (request=64.00 MiB cached=0.00 GiB free=0.89 GiB reserve=1.59 GiB total=31.86 GiB)
ds4: ROCm q8 fp16 cache budget exhausted; using q8 kernels (request=64.00 MiB cached=0.00 GiB free=0.89 GiB reserve=1.59 GiB total=31.86 GiB)
ds4: ROCm q8 fp16 cache budget exhausted; using q8 kernels (request=64.00 MiB cached=0.00 GiB free=0.89 GiB reserve=1.59 GiB total=31.86 GiB)
ds4: ROCm q8 fp16 cache budget exhausted; using q8 kernels (request=64.00 MiB cached=0.00 GiB free=0.89 GiB reserve=1.59 GiB total=31.86 GiB)
ds4: ROCm q8 fp16 cache budget exhausted; using q8 kernels (request=64.00 MiB cached=0.00 GiB free=0.89 GiB reserve=1.59 GiB total=31.86 GiB)
ds4: ROCm q8 fp16 cache budget exhausted; using q8 kernels (request=64.00 MiB cached=0.00 GiB free=0.89 GiB reserve=1.59 GiB total=31.86 GiB)
ds4: ROCm q8 fp16 cache budget exhausted; using q8 kernels (request=64.00 MiB cached=0.00 GiB free=0.89 GiB reserve=1.59 GiB total=31.86 GiB)
ds4: ROCm q8 fp16 cache budget exhausted; using q8 kernels (request=64.00 MiB cached=0.00 GiB free=0.89 GiB reserve=1.59 GiB total=31.86 GiB)
ds4: ROCm q8 fp16 cache budget exhausted; using q8 kernels (request=64.00 MiB cached=0.00 GiB free=0.89 GiB reserve=1.59 GiB total=31.86 GiB)
ds4: ROCm q8 fp16 cache budget exhausted; using q8 kernels (request=64.00 MiB cached=0.00 GiB free=0.89 GiB reserve=1.59 GiB total=31.86 GiB)
ds4: ROCm q8 fp16 cache budget exhausted; using q8 kernels (request=64.00 MiB cached=0.00 GiB free=0.89 GiB reserve=1.59 GiB total=31.86 GiB)
ds4: ROCm q8 fp16 cache budget exhausted; using q8 kernels (request=64.00 MiB cached=0.00 GiB free=0.89 GiB reserve=1.59 GiB total=31.86 GiB)
ds4: ROCm q8 fp16 cache budget exhausted; using q8 kernels (request=64.00 MiB cached=0.00 GiB free=0.89 GiB reserve=1.59 GiB total=31.86 GiB)
ds4: ROCm q8 fp16 cache budget exhausted; using q8 kernels (request=64.00 MiB cached=0.00 GiB free=0.89 GiB reserve=1.59 GiB total=31.86 GiB)
ds4: ROCm q8 fp16 cache budget exhausted; using q8 kernels (request=64.00 MiB cached=0.00 GiB free=0.89 GiB reserve=1.59 GiB total=31.86 GiB)
ds4: ROCm q8 fp16 cache budget exhausted; using q8 kernels (request=64.00 MiB cached=0.00 GiB free=0.89 GiB reserve=1.59 GiB total=31.86 GiB)
ds4: ROCm q8 fp16 cache budget exhausted; using q8 kernels (request=64.00 MiB cached=0.00 GiB free=0.89 GiB reserve=1.59 GiB total=31.86 GiB)
ds4: ROCm q8 fp16 cache budget exhausted; using q8 kernels (request=64.00 MiB cached=0.00 GiB free=0.89 GiB reserve=1.59 GiB total=31.86 GiB)
ds4: ROCm q8 fp16 cache budget exhausted; using q8 kernels (request=64.00 MiB cached=0.00 GiB free=0.89 GiB reserve=1.59 GiB total=31.86 GiB)
ds4: ROCm q8 fp16 cache budget exhausted; using q8 kernels (request=64.00 MiB cached=0.00 GiB free=0.89 GiB reserve=1.59 GiB total=31.86 GiB)
ds4: ROCm q8 fp16 cache budget exhausted; using q8 kernels (request=64.00 MiB cached=0.00 GiB free=0.89 GiB reserve=1.59 GiB total=31.86 GiB)
ds4: ROCm q8 fp16 cache budget exhausted; using q8 kernels (request=64.00 MiB cached=0.00 GiB free=0.89 GiB reserve=1.59 GiB total=31.86 GiB)
ds4: ROCm q8 fp16 cache budget exhausted; using q8 kernels (request=64.00 MiB cached=0.00 GiB free=0.89 GiB reserve=1.59 GiB total=31.86 GiB)
ds4: ROCm q8 fp16 cache budget exhausted; using q8 kernels (request=64.00 MiB cached=0.00 GiB free=0.89 GiB reserve=1.59 GiB total=31.86 GiB)
ds4: ROCm q8 fp16 cache budget exhausted; using q8 kernels (request=64.00 MiB cached=0.00 GiB free=0.89 GiB reserve=1.59 GiB total=31.86 GiB)
ds4: ROCm q8 fp16 cache budget exhausted; using q8 kernels (request=64.00 MiB cached=0.00 GiB free=0.89 GiB reserve=1.59 GiB total=31.86 GiB)
ds4: ROCm q8 fp16 cache budget exhausted; using q8 kernels (request=64.00 MiB cached=0.00 GiB free=0.89 GiB reserve=1.59 GiB total=31.86 GiB)
ds4: ROCm q8 fp16 cache budget exhausted; using q8 kernels (request=64.00 MiB cached=0.00 GiB free=0.89 GiB reserve=1.59 GiB total=31.86 GiB)
case_085 cases=86 prompt=18 target=24 avg_nll=0.213621 lcp=11 api_target_mae=0.213621 api_top_coverage=97/120 api_top1=0.875 api_topn=0.278 api_pair=1.000
ds4: ROCm q8 fp16 cache budget exhausted; using q8 kernels (request=64.00 MiB cached=0.00 GiB free=0.89 GiB reserve=1.59 GiB total=31.86 GiB)
ds4: ROCm q8 fp16 cache budget exhausted; using q8 kernels (request=64.00 MiB cached=0.00 GiB free=0.89 GiB reserve=1.59 GiB total=31.86 GiB)
ds4: ROCm q8 fp16 cache budget exhausted; using q8 kernels (request=64.00 MiB cached=0.00 GiB free=0.89 GiB reserve=1.59 GiB total=31.86 GiB)
ds4: ROCm q8 fp16 cache budget exhausted; using q8 kernels (request=64.00 MiB cached=0.00 GiB free=0.89 GiB reserve=1.59 GiB total=31.86 GiB)
ds4: ROCm q8 fp16 cache budget exhausted; using q8 kernels (request=64.00 MiB cached=0.00 GiB free=0.89 GiB reserve=1.59 GiB total=31.86 GiB)
ds4: ROCm q8 fp16 cache budget exhausted; using q8 kernels (request=64.00 MiB cached=0.00 GiB free=0.89 GiB reserve=1.59 GiB total=31.86 GiB)
ds4: ROCm q8 fp16 cache budget exhausted; using q8 kernels (request=64.00 MiB cached=0.00 GiB free=0.89 GiB reserve=1.59 GiB total=31.86 GiB)
ds4: ROCm q8 fp16 cache budget exhausted; using q8 kernels (request=64.00 MiB cached=0.00 GiB free=0.89 GiB reserve=1.59 GiB total=31.86 GiB)
ds4: ROCm q8 fp16 cache budget exhausted; using q8 kernels (request=64.00 MiB cached=0.00 GiB free=0.89 GiB reserve=1.59 GiB total=31.86 GiB)
ds4: ROCm q8 fp16 cache budget exhausted; using q8 kernels (request=64.00 MiB cached=0.00 GiB free=0.89 GiB reserve=1.59 GiB total=31.86 GiB)
ds4: ROCm q8 fp16 cache budget exhausted; using q8 kernels (request=64.00 MiB cached=0.00 GiB free=0.89 GiB reserve=1.59 GiB total=31.86 GiB)
ds4: ROCm q8 fp16 cache budget exhausted; using q8 kernels (request=64.00 MiB cached=0.00 GiB free=0.89 GiB reserve=1.59 GiB total=31.86 GiB)
ds4: ROCm q8 fp16 cache budget exhausted; using q8 kernels (request=64.00 MiB cached=0.00 GiB free=0.89 GiB reserve=1.59 GiB total=31.86 GiB)
ds4: ROCm q8 fp16 cache budget exhausted; using q8 kernels (request=64.00 MiB cached=0.00 GiB free=0.89 GiB reserve=1.59 GiB total=31.86 GiB)
ds4: ROCm q8 fp16 cache budget exhausted; using q8 kernels (request=64.00 MiB cached=0.00 GiB free=0.89 GiB reserve=1.59 GiB total=31.86 GiB)
ds4: ROCm q8 fp16 cache budget exhausted; using q8 kernels (request=64.00 MiB cached=0.00 GiB free=0.89 GiB reserve=1.59 GiB total=31.86 GiB)
ds4: ROCm q8 fp16 cache budget exhausted; using q8 kernels (request=64.00 MiB cached=0.00 GiB free=0.89 GiB reserve=1.59 GiB total=31.86 GiB)
ds4: ROCm q8 fp16 cache budget exhausted; using q8 kernels (request=64.00 MiB cached=0.00 GiB free=0.89 GiB reserve=1.59 GiB total=31.86 GiB)
ds4: ROCm q8 fp16 cache budget exhausted; using q8 kernels (request=64.00 MiB cached=0.00 GiB free=0.89 GiB reserve=1.59 GiB total=31.86 GiB)
ds4: ROCm q8 fp16 cache budget exhausted; using q8 kernels (request=64.00 MiB cached=0.00 GiB free=0.89 GiB reserve=1.59 GiB total=31.86 GiB)
ds4: ROCm q8 fp16 cache budget exhausted; using q8 kernels (request=64.00 MiB cached=0.00 GiB free=0.89 GiB reserve=1.59 GiB total=31.86 GiB)
ds4: ROCm q8 fp16 cache budget exhausted; using q8 kernels (request=64.00 MiB cached=0.00 GiB free=0.89 GiB reserve=1.59 GiB total=31.86 GiB)
ds4: ROCm q8 fp16 cache budget exhausted; using q8 kernels (request=64.00 MiB cached=0.00 GiB free=0.89 GiB reserve=1.59 GiB total=31.86 GiB)
ds4: ROCm q8 fp16 cache budget exhausted; using q8 kernels (request=64.00 MiB cached=0.00 GiB free=0.89 GiB reserve=1.59 GiB total=31.86 GiB)
ds4: ROCm q8 fp16 cache budget exhausted; using q8 kernels (request=64.00 MiB cached=0.00 GiB free=0.89 GiB reserve=1.59 GiB total=31.86 GiB)
ds4: ROCm q8 fp16 cache budget exhausted; using q8 kernels (request=64.00 MiB cached=0.00 GiB free=0.89 GiB reserve=1.59 GiB total=31.86 GiB)
ds4: ROCm q8 fp16 cache budget exhausted; using q8 kernels (request=64.00 MiB cached=0.00 GiB free=0.89 GiB reserve=1.59 GiB total=31.86 GiB)
ds4: ROCm q8 fp16 cache budget exhausted; using q8 kernels (request=64.00 MiB cached=0.00 GiB free=0.89 GiB reserve=1.59 GiB total=31.86 GiB)
ds4: ROCm q8 fp16 cache budget exhausted; using q8 kernels (request=64.00 MiB cached=0.00 GiB free=0.89 GiB reserve=1.59 GiB total=31.86 GiB)
ds4: ROCm q8 fp16 cache budget exhausted; using q8 kernels (request=64.00 MiB cached=0.00 GiB free=0.89 GiB reserve=1.59 GiB total=31.86 GiB)
ds4: ROCm q8 fp16 cache budget exhausted; using q8 kernels (request=64.00 MiB cached=0.00 GiB free=0.89 GiB reserve=1.59 GiB total=31.86 GiB)
ds4: ROCm q8 fp16 cache budget exhausted; using q8 kernels (request=64.00 MiB cached=0.00 GiB free=0.89 GiB reserve=1.59 GiB total=31.86 GiB)
ds4: ROCm q8 fp16 cache budget exhausted; using q8 kernels (request=64.00 MiB cached=0.00 GiB free=0.89 GiB reserve=1.59 GiB total=31.86 GiB)
ds4: ROCm q8 fp16 cache budget exhausted; using q8 kernels (request=64.00 MiB cached=0.00 GiB free=0.89 GiB reserve=1.59 GiB total=31.86 GiB)
ds4: ROCm q8 fp16 cache budget exhausted; using q8 kernels (request=64.00 MiB cached=0.00 GiB free=0.89 GiB reserve=1.59 GiB total=31.86 GiB)
ds4: ROCm q8 fp16 cache budget exhausted; using q8 kernels (request=64.00 MiB cached=0.00 GiB free=0.89 GiB reserve=1.59 GiB total=31.86 GiB)
ds4: ROCm q8 fp16 cache budget exhausted; using q8 kernels (request=64.00 MiB cached=0.00 GiB free=0.89 GiB reserve=1.59 GiB total=31.86 GiB)
ds4: ROCm q8 fp16 cache budget exhausted; using q8 kernels (request=64.00 MiB cached=0.00 GiB free=0.89 GiB reserve=1.59 GiB total=31.86 GiB)
ds4: ROCm q8 fp16 cache budget exhausted; using q8 kernels (request=64.00 MiB cached=0.00 GiB free=0.89 GiB reserve=1.59 GiB total=31.86 GiB)
ds4: ROCm q8 fp16 cache budget exhausted; using q8 kernels (request=64.00 MiB cached=0.00 GiB free=0.89 GiB reserve=1.59 GiB total=31.86 GiB)
ds4: ROCm q8 fp16 cache budget exhausted; using q8 kernels (request=64.00 MiB cached=0.00 GiB free=0.89 GiB reserve=1.59 GiB total=31.86 GiB)
ds4: ROCm q8 fp16 cache budget exhausted; using q8 kernels (request=64.00 MiB cached=0.00 GiB free=0.89 GiB reserve=1.59 GiB total=31.86 GiB)
ds4: ROCm q8 fp16 cache budget exhausted; using q8 kernels (request=64.00 MiB cached=0.00 GiB free=0.89 GiB reserve=1.59 GiB total=31.86 GiB)
case_086 cases=87 prompt=16 target=24 avg_nll=0.587211 lcp=6 api_target_mae=0.587211 api_top_coverage=96/120 api_top1=0.708 api_topn=0.250 api_pair=1.000
ds4: ROCm q8 fp16 cache budget exhausted; using q8 kernels (request=64.00 MiB cached=0.00 GiB free=0.89 GiB reserve=1.59 GiB total=31.86 GiB)
ds4: ROCm q8 fp16 cache budget exhausted; using q8 kernels (request=64.00 MiB cached=0.00 GiB free=0.89 GiB reserve=1.59 GiB total=31.86 GiB)
ds4: ROCm q8 fp16 cache budget exhausted; using q8 kernels (request=64.00 MiB cached=0.00 GiB free=0.89 GiB reserve=1.59 GiB total=31.86 GiB)
ds4: ROCm q8 fp16 cache budget exhausted; using q8 kernels (request=64.00 MiB cached=0.00 GiB free=0.89 GiB reserve=1.59 GiB total=31.86 GiB)
ds4: ROCm q8 fp16 cache budget exhausted; using q8 kernels (request=64.00 MiB cached=0.00 GiB free=0.89 GiB reserve=1.59 GiB total=31.86 GiB)
ds4: ROCm q8 fp16 cache budget exhausted; using q8 kernels (request=64.00 MiB cached=0.00 GiB free=0.89 GiB reserve=1.59 GiB total=31.86 GiB)
ds4: ROCm q8 fp16 cache budget exhausted; using q8 kernels (request=64.00 MiB cached=0.00 GiB free=0.89 GiB reserve=1.59 GiB total=31.86 GiB)
ds4: ROCm q8 fp16 cache budget exhausted; using q8 kernels (request=64.00 MiB cached=0.00 GiB free=0.89 GiB reserve=1.59 GiB total=31.86 GiB)
ds4: ROCm q8 fp16 cache budget exhausted; using q8 kernels (request=64.00 MiB cached=0.00 GiB free=0.89 GiB reserve=1.59 GiB total=31.86 GiB)
ds4: ROCm q8 fp16 cache budget exhausted; using q8 kernels (request=64.00 MiB cached=0.00 GiB free=0.89 GiB reserve=1.59 GiB total=31.86 GiB)
ds4: ROCm q8 fp16 cache budget exhausted; using q8 kernels (request=64.00 MiB cached=0.00 GiB free=0.89 GiB reserve=1.59 GiB total=31.86 GiB)
ds4: ROCm q8 fp16 cache budget exhausted; using q8 kernels (request=64.00 MiB cached=0.00 GiB free=0.89 GiB reserve=1.59 GiB total=31.86 GiB)
ds4: ROCm q8 fp16 cache budget exhausted; using q8 kernels (request=64.00 MiB cached=0.00 GiB free=0.89 GiB reserve=1.59 GiB total=31.86 GiB)
ds4: ROCm q8 fp16 cache budget exhausted; using q8 kernels (request=64.00 MiB cached=0.00 GiB free=0.89 GiB reserve=1.59 GiB total=31.86 GiB)
ds4: ROCm q8 fp16 cache budget exhausted; using q8 kernels (request=64.00 MiB cached=0.00 GiB free=0.89 GiB reserve=1.59 GiB total=31.86 GiB)
ds4: ROCm q8 fp16 cache budget exhausted; using q8 kernels (request=64.00 MiB cached=0.00 GiB free=0.89 GiB reserve=1.59 GiB total=31.86 GiB)
ds4: ROCm q8 fp16 cache budget exhausted; using q8 kernels (request=64.00 MiB cached=0.00 GiB free=0.89 GiB reserve=1.59 GiB total=31.86 GiB)
ds4: ROCm q8 fp16 cache budget exhausted; using q8 kernels (request=64.00 MiB cached=0.00 GiB free=0.89 GiB reserve=1.59 GiB total=31.86 GiB)
ds4: ROCm q8 fp16 cache budget exhausted; using q8 kernels (request=64.00 MiB cached=0.00 GiB free=0.89 GiB reserve=1.59 GiB total=31.86 GiB)
ds4: ROCm q8 fp16 cache budget exhausted; using q8 kernels (request=64.00 MiB cached=0.00 GiB free=0.89 GiB reserve=1.59 GiB total=31.86 GiB)
ds4: ROCm q8 fp16 cache budget exhausted; using q8 kernels (request=64.00 MiB cached=0.00 GiB free=0.89 GiB reserve=1.59 GiB total=31.86 GiB)
ds4: ROCm q8 fp16 cache budget exhausted; using q8 kernels (request=64.00 MiB cached=0.00 GiB free=0.89 GiB reserve=1.59 GiB total=31.86 GiB)
ds4: ROCm q8 fp16 cache budget exhausted; using q8 kernels (request=64.00 MiB cached=0.00 GiB free=0.89 GiB reserve=1.59 GiB total=31.86 GiB)
ds4: ROCm q8 fp16 cache budget exhausted; using q8 kernels (request=64.00 MiB cached=0.00 GiB free=0.89 GiB reserve=1.59 GiB total=31.86 GiB)
ds4: ROCm q8 fp16 cache budget exhausted; using q8 kernels (request=64.00 MiB cached=0.00 GiB free=0.89 GiB reserve=1.59 GiB total=31.86 GiB)
ds4: ROCm q8 fp16 cache budget exhausted; using q8 kernels (request=64.00 MiB cached=0.00 GiB free=0.89 GiB reserve=1.59 GiB total=31.86 GiB)
ds4: ROCm q8 fp16 cache budget exhausted; using q8 kernels (request=64.00 MiB cached=0.00 GiB free=0.89 GiB reserve=1.59 GiB total=31.86 GiB)
ds4: ROCm q8 fp16 cache budget exhausted; using q8 kernels (request=64.00 MiB cached=0.00 GiB free=0.89 GiB reserve=1.59 GiB total=31.86 GiB)
ds4: ROCm q8 fp16 cache budget exhausted; using q8 kernels (request=64.00 MiB cached=0.00 GiB free=0.89 GiB reserve=1.59 GiB total=31.86 GiB)
ds4: ROCm q8 fp16 cache budget exhausted; using q8 kernels (request=64.00 MiB cached=0.00 GiB free=0.89 GiB reserve=1.59 GiB total=31.86 GiB)
ds4: ROCm q8 fp16 cache budget exhausted; using q8 kernels (request=64.00 MiB cached=0.00 GiB free=0.89 GiB reserve=1.59 GiB total=31.86 GiB)
ds4: ROCm q8 fp16 cache budget exhausted; using q8 kernels (request=64.00 MiB cached=0.00 GiB free=0.89 GiB reserve=1.59 GiB total=31.86 GiB)
ds4: ROCm q8 fp16 cache budget exhausted; using q8 kernels (request=64.00 MiB cached=0.00 GiB free=0.89 GiB reserve=1.59 GiB total=31.86 GiB)
ds4: ROCm q8 fp16 cache budget exhausted; using q8 kernels (request=64.00 MiB cached=0.00 GiB free=0.89 GiB reserve=1.59 GiB total=31.86 GiB)
ds4: ROCm q8 fp16 cache budget exhausted; using q8 kernels (request=64.00 MiB cached=0.00 GiB free=0.89 GiB reserve=1.59 GiB total=31.86 GiB)
ds4: ROCm q8 fp16 cache budget exhausted; using q8 kernels (request=64.00 MiB cached=0.00 GiB free=0.89 GiB reserve=1.59 GiB total=31.86 GiB)
ds4: ROCm q8 fp16 cache budget exhausted; using q8 kernels (request=64.00 MiB cached=0.00 GiB free=0.89 GiB reserve=1.59 GiB total=31.86 GiB)
ds4: ROCm q8 fp16 cache budget exhausted; using q8 kernels (request=64.00 MiB cached=0.00 GiB free=0.89 GiB reserve=1.59 GiB total=31.86 GiB)
ds4: ROCm q8 fp16 cache budget exhausted; using q8 kernels (request=64.00 MiB cached=0.00 GiB free=0.89 GiB reserve=1.59 GiB total=31.86 GiB)
ds4: ROCm q8 fp16 cache budget exhausted; using q8 kernels (request=64.00 MiB cached=0.00 GiB free=0.89 GiB reserve=1.59 GiB total=31.86 GiB)
ds4: ROCm q8 fp16 cache budget exhausted; using q8 kernels (request=64.00 MiB cached=0.00 GiB free=0.89 GiB reserve=1.59 GiB total=31.86 GiB)
ds4: ROCm q8 fp16 cache budget exhausted; using q8 kernels (request=64.00 MiB cached=0.00 GiB free=0.89 GiB reserve=1.59 GiB total=31.86 GiB)
ds4: ROCm q8 fp16 cache budget exhausted; using q8 kernels (request=64.00 MiB cached=0.00 GiB free=0.89 GiB reserve=1.59 GiB total=31.86 GiB)
case_087 cases=88 prompt=12 target=24 avg_nll=0.221123 lcp=3 api_target_mae=0.221123 api_top_coverage=97/120 api_top1=0.917 api_topn=0.299 api_pair=1.000
ds4: ROCm q8 fp16 cache budget exhausted; using q8 kernels (request=64.00 MiB cached=0.00 GiB free=0.89 GiB reserve=1.59 GiB total=31.86 GiB)
ds4: ROCm q8 fp16 cache budget exhausted; using q8 kernels (request=64.00 MiB cached=0.00 GiB free=0.89 GiB reserve=1.59 GiB total=31.86 GiB)
ds4: ROCm q8 fp16 cache budget exhausted; using q8 kernels (request=64.00 MiB cached=0.00 GiB free=0.89 GiB reserve=1.59 GiB total=31.86 GiB)
ds4: ROCm q8 fp16 cache budget exhausted; using q8 kernels (request=64.00 MiB cached=0.00 GiB free=0.89 GiB reserve=1.59 GiB total=31.86 GiB)
ds4: ROCm q8 fp16 cache budget exhausted; using q8 kernels (request=64.00 MiB cached=0.00 GiB free=0.89 GiB reserve=1.59 GiB total=31.86 GiB)
ds4: ROCm q8 fp16 cache budget exhausted; using q8 kernels (request=64.00 MiB cached=0.00 GiB free=0.89 GiB reserve=1.59 GiB total=31.86 GiB)
ds4: ROCm q8 fp16 cache budget exhausted; using q8 kernels (request=64.00 MiB cached=0.00 GiB free=0.89 GiB reserve=1.59 GiB total=31.86 GiB)
ds4: ROCm q8 fp16 cache budget exhausted; using q8 kernels (request=64.00 MiB cached=0.00 GiB free=0.89 GiB reserve=1.59 GiB total=31.86 GiB)
ds4: ROCm q8 fp16 cache budget exhausted; using q8 kernels (request=64.00 MiB cached=0.00 GiB free=0.89 GiB reserve=1.59 GiB total=31.86 GiB)
ds4: ROCm q8 fp16 cache budget exhausted; using q8 kernels (request=64.00 MiB cached=0.00 GiB free=0.89 GiB reserve=1.59 GiB total=31.86 GiB)
ds4: ROCm q8 fp16 cache budget exhausted; using q8 kernels (request=64.00 MiB cached=0.00 GiB free=0.89 GiB reserve=1.59 GiB total=31.86 GiB)
ds4: ROCm q8 fp16 cache budget exhausted; using q8 kernels (request=64.00 MiB cached=0.00 GiB free=0.89 GiB reserve=1.59 GiB total=31.86 GiB)
ds4: ROCm q8 fp16 cache budget exhausted; using q8 kernels (request=64.00 MiB cached=0.00 GiB free=0.89 GiB reserve=1.59 GiB total=31.86 GiB)
ds4: ROCm q8 fp16 cache budget exhausted; using q8 kernels (request=64.00 MiB cached=0.00 GiB free=0.89 GiB reserve=1.59 GiB total=31.86 GiB)
ds4: ROCm q8 fp16 cache budget exhausted; using q8 kernels (request=64.00 MiB cached=0.00 GiB free=0.89 GiB reserve=1.59 GiB total=31.86 GiB)
ds4: ROCm q8 fp16 cache budget exhausted; using q8 kernels (request=64.00 MiB cached=0.00 GiB free=0.89 GiB reserve=1.59 GiB total=31.86 GiB)
ds4: ROCm q8 fp16 cache budget exhausted; using q8 kernels (request=64.00 MiB cached=0.00 GiB free=0.89 GiB reserve=1.59 GiB total=31.86 GiB)
ds4: ROCm q8 fp16 cache budget exhausted; using q8 kernels (request=64.00 MiB cached=0.00 GiB free=0.89 GiB reserve=1.59 GiB total=31.86 GiB)
ds4: ROCm q8 fp16 cache budget exhausted; using q8 kernels (request=64.00 MiB cached=0.00 GiB free=0.89 GiB reserve=1.59 GiB total=31.86 GiB)
ds4: ROCm q8 fp16 cache budget exhausted; using q8 kernels (request=64.00 MiB cached=0.00 GiB free=0.89 GiB reserve=1.59 GiB total=31.86 GiB)
ds4: ROCm q8 fp16 cache budget exhausted; using q8 kernels (request=64.00 MiB cached=0.00 GiB free=0.89 GiB reserve=1.59 GiB total=31.86 GiB)
ds4: ROCm q8 fp16 cache budget exhausted; using q8 kernels (request=64.00 MiB cached=0.00 GiB free=0.89 GiB reserve=1.59 GiB total=31.86 GiB)
ds4: ROCm q8 fp16 cache budget exhausted; using q8 kernels (request=64.00 MiB cached=0.00 GiB free=0.89 GiB reserve=1.59 GiB total=31.86 GiB)
ds4: ROCm q8 fp16 cache budget exhausted; using q8 kernels (request=64.00 MiB cached=0.00 GiB free=0.89 GiB reserve=1.59 GiB total=31.86 GiB)
ds4: ROCm q8 fp16 cache budget exhausted; using q8 kernels (request=64.00 MiB cached=0.00 GiB free=0.89 GiB reserve=1.59 GiB total=31.86 GiB)
ds4: ROCm q8 fp16 cache budget exhausted; using q8 kernels (request=64.00 MiB cached=0.00 GiB free=0.89 GiB reserve=1.59 GiB total=31.86 GiB)
ds4: ROCm q8 fp16 cache budget exhausted; using q8 kernels (request=64.00 MiB cached=0.00 GiB free=0.89 GiB reserve=1.59 GiB total=31.86 GiB)
ds4: ROCm q8 fp16 cache budget exhausted; using q8 kernels (request=64.00 MiB cached=0.00 GiB free=0.89 GiB reserve=1.59 GiB total=31.86 GiB)
ds4: ROCm q8 fp16 cache budget exhausted; using q8 kernels (request=64.00 MiB cached=0.00 GiB free=0.89 GiB reserve=1.59 GiB total=31.86 GiB)
ds4: ROCm q8 fp16 cache budget exhausted; using q8 kernels (request=64.00 MiB cached=0.00 GiB free=0.89 GiB reserve=1.59 GiB total=31.86 GiB)
ds4: ROCm q8 fp16 cache budget exhausted; using q8 kernels (request=64.00 MiB cached=0.00 GiB free=0.89 GiB reserve=1.59 GiB total=31.86 GiB)
ds4: ROCm q8 fp16 cache budget exhausted; using q8 kernels (request=64.00 MiB cached=0.00 GiB free=0.89 GiB reserve=1.59 GiB total=31.86 GiB)
ds4: ROCm q8 fp16 cache budget exhausted; using q8 kernels (request=64.00 MiB cached=0.00 GiB free=0.89 GiB reserve=1.59 GiB total=31.86 GiB)
ds4: ROCm q8 fp16 cache budget exhausted; using q8 kernels (request=64.00 MiB cached=0.00 GiB free=0.89 GiB reserve=1.59 GiB total=31.86 GiB)
ds4: ROCm q8 fp16 cache budget exhausted; using q8 kernels (request=64.00 MiB cached=0.00 GiB free=0.89 GiB reserve=1.59 GiB total=31.86 GiB)
ds4: ROCm q8 fp16 cache budget exhausted; using q8 kernels (request=64.00 MiB cached=0.00 GiB free=0.89 GiB reserve=1.59 GiB total=31.86 GiB)
ds4: ROCm q8 fp16 cache budget exhausted; using q8 kernels (request=64.00 MiB cached=0.00 GiB free=0.89 GiB reserve=1.59 GiB total=31.86 GiB)
ds4: ROCm q8 fp16 cache budget exhausted; using q8 kernels (request=64.00 MiB cached=0.00 GiB free=0.89 GiB reserve=1.59 GiB total=31.86 GiB)
ds4: ROCm q8 fp16 cache budget exhausted; using q8 kernels (request=64.00 MiB cached=0.00 GiB free=0.89 GiB reserve=1.59 GiB total=31.86 GiB)
ds4: ROCm q8 fp16 cache budget exhausted; using q8 kernels (request=64.00 MiB cached=0.00 GiB free=0.89 GiB reserve=1.59 GiB total=31.86 GiB)
ds4: ROCm q8 fp16 cache budget exhausted; using q8 kernels (request=64.00 MiB cached=0.00 GiB free=0.89 GiB reserve=1.59 GiB total=31.86 GiB)
ds4: ROCm q8 fp16 cache budget exhausted; using q8 kernels (request=64.00 MiB cached=0.00 GiB free=0.89 GiB reserve=1.59 GiB total=31.86 GiB)
ds4: ROCm q8 fp16 cache budget exhausted; using q8 kernels (request=64.00 MiB cached=0.00 GiB free=0.89 GiB reserve=1.59 GiB total=31.86 GiB)
case_088 cases=89 prompt=14 target=24 avg_nll=0.475077 lcp=4 api_target_mae=0.475077 api_top_coverage=97/120 api_top1=0.792 api_topn=0.268 api_pair=1.000
ds4: ROCm q8 fp16 cache budget exhausted; using q8 kernels (request=64.00 MiB cached=0.00 GiB free=0.89 GiB reserve=1.59 GiB total=31.86 GiB)
ds4: ROCm q8 fp16 cache budget exhausted; using q8 kernels (request=64.00 MiB cached=0.00 GiB free=0.89 GiB reserve=1.59 GiB total=31.86 GiB)
ds4: ROCm q8 fp16 cache budget exhausted; using q8 kernels (request=64.00 MiB cached=0.00 GiB free=0.89 GiB reserve=1.59 GiB total=31.86 GiB)
ds4: ROCm q8 fp16 cache budget exhausted; using q8 kernels (request=64.00 MiB cached=0.00 GiB free=0.89 GiB reserve=1.59 GiB total=31.86 GiB)
ds4: ROCm q8 fp16 cache budget exhausted; using q8 kernels (request=64.00 MiB cached=0.00 GiB free=0.89 GiB reserve=1.59 GiB total=31.86 GiB)
ds4: ROCm q8 fp16 cache budget exhausted; using q8 kernels (request=64.00 MiB cached=0.00 GiB free=0.89 GiB reserve=1.59 GiB total=31.86 GiB)
ds4: ROCm q8 fp16 cache budget exhausted; using q8 kernels (request=64.00 MiB cached=0.00 GiB free=0.89 GiB reserve=1.59 GiB total=31.86 GiB)
ds4: ROCm q8 fp16 cache budget exhausted; using q8 kernels (request=64.00 MiB cached=0.00 GiB free=0.89 GiB reserve=1.59 GiB total=31.86 GiB)
ds4: ROCm q8 fp16 cache budget exhausted; using q8 kernels (request=64.00 MiB cached=0.00 GiB free=0.89 GiB reserve=1.59 GiB total=31.86 GiB)
ds4: ROCm q8 fp16 cache budget exhausted; using q8 kernels (request=64.00 MiB cached=0.00 GiB free=0.89 GiB reserve=1.59 GiB total=31.86 GiB)
ds4: ROCm q8 fp16 cache budget exhausted; using q8 kernels (request=64.00 MiB cached=0.00 GiB free=0.89 GiB reserve=1.59 GiB total=31.86 GiB)
ds4: ROCm q8 fp16 cache budget exhausted; using q8 kernels (request=64.00 MiB cached=0.00 GiB free=0.89 GiB reserve=1.59 GiB total=31.86 GiB)
ds4: ROCm q8 fp16 cache budget exhausted; using q8 kernels (request=64.00 MiB cached=0.00 GiB free=0.89 GiB reserve=1.59 GiB total=31.86 GiB)
ds4: ROCm q8 fp16 cache budget exhausted; using q8 kernels (request=64.00 MiB cached=0.00 GiB free=0.89 GiB reserve=1.59 GiB total=31.86 GiB)
ds4: ROCm q8 fp16 cache budget exhausted; using q8 kernels (request=64.00 MiB cached=0.00 GiB free=0.89 GiB reserve=1.59 GiB total=31.86 GiB)
ds4: ROCm q8 fp16 cache budget exhausted; using q8 kernels (request=64.00 MiB cached=0.00 GiB free=0.89 GiB reserve=1.59 GiB total=31.86 GiB)
ds4: ROCm q8 fp16 cache budget exhausted; using q8 kernels (request=64.00 MiB cached=0.00 GiB free=0.89 GiB reserve=1.59 GiB total=31.86 GiB)
ds4: ROCm q8 fp16 cache budget exhausted; using q8 kernels (request=64.00 MiB cached=0.00 GiB free=0.89 GiB reserve=1.59 GiB total=31.86 GiB)
ds4: ROCm q8 fp16 cache budget exhausted; using q8 kernels (request=64.00 MiB cached=0.00 GiB free=0.89 GiB reserve=1.59 GiB total=31.86 GiB)
ds4: ROCm q8 fp16 cache budget exhausted; using q8 kernels (request=64.00 MiB cached=0.00 GiB free=0.89 GiB reserve=1.59 GiB total=31.86 GiB)
ds4: ROCm q8 fp16 cache budget exhausted; using q8 kernels (request=64.00 MiB cached=0.00 GiB free=0.89 GiB reserve=1.59 GiB total=31.86 GiB)
ds4: ROCm q8 fp16 cache budget exhausted; using q8 kernels (request=64.00 MiB cached=0.00 GiB free=0.89 GiB reserve=1.59 GiB total=31.86 GiB)
ds4: ROCm q8 fp16 cache budget exhausted; using q8 kernels (request=64.00 MiB cached=0.00 GiB free=0.89 GiB reserve=1.59 GiB total=31.86 GiB)
ds4: ROCm q8 fp16 cache budget exhausted; using q8 kernels (request=64.00 MiB cached=0.00 GiB free=0.89 GiB reserve=1.59 GiB total=31.86 GiB)
ds4: ROCm q8 fp16 cache budget exhausted; using q8 kernels (request=64.00 MiB cached=0.00 GiB free=0.89 GiB reserve=1.59 GiB total=31.86 GiB)
ds4: ROCm q8 fp16 cache budget exhausted; using q8 kernels (request=64.00 MiB cached=0.00 GiB free=0.89 GiB reserve=1.59 GiB total=31.86 GiB)
ds4: ROCm q8 fp16 cache budget exhausted; using q8 kernels (request=64.00 MiB cached=0.00 GiB free=0.89 GiB reserve=1.59 GiB total=31.86 GiB)
ds4: ROCm q8 fp16 cache budget exhausted; using q8 kernels (request=64.00 MiB cached=0.00 GiB free=0.89 GiB reserve=1.59 GiB total=31.86 GiB)
ds4: ROCm q8 fp16 cache budget exhausted; using q8 kernels (request=64.00 MiB cached=0.00 GiB free=0.89 GiB reserve=1.59 GiB total=31.86 GiB)
ds4: ROCm q8 fp16 cache budget exhausted; using q8 kernels (request=64.00 MiB cached=0.00 GiB free=0.89 GiB reserve=1.59 GiB total=31.86 GiB)
ds4: ROCm q8 fp16 cache budget exhausted; using q8 kernels (request=64.00 MiB cached=0.00 GiB free=0.89 GiB reserve=1.59 GiB total=31.86 GiB)
ds4: ROCm q8 fp16 cache budget exhausted; using q8 kernels (request=64.00 MiB cached=0.00 GiB free=0.89 GiB reserve=1.59 GiB total=31.86 GiB)
ds4: ROCm q8 fp16 cache budget exhausted; using q8 kernels (request=64.00 MiB cached=0.00 GiB free=0.89 GiB reserve=1.59 GiB total=31.86 GiB)
ds4: ROCm q8 fp16 cache budget exhausted; using q8 kernels (request=64.00 MiB cached=0.00 GiB free=0.89 GiB reserve=1.59 GiB total=31.86 GiB)
ds4: ROCm q8 fp16 cache budget exhausted; using q8 kernels (request=64.00 MiB cached=0.00 GiB free=0.89 GiB reserve=1.59 GiB total=31.86 GiB)
ds4: ROCm q8 fp16 cache budget exhausted; using q8 kernels (request=64.00 MiB cached=0.00 GiB free=0.89 GiB reserve=1.59 GiB total=31.86 GiB)
ds4: ROCm q8 fp16 cache budget exhausted; using q8 kernels (request=64.00 MiB cached=0.00 GiB free=0.89 GiB reserve=1.59 GiB total=31.86 GiB)
ds4: ROCm q8 fp16 cache budget exhausted; using q8 kernels (request=64.00 MiB cached=0.00 GiB free=0.89 GiB reserve=1.59 GiB total=31.86 GiB)
ds4: ROCm q8 fp16 cache budget exhausted; using q8 kernels (request=64.00 MiB cached=0.00 GiB free=0.89 GiB reserve=1.59 GiB total=31.86 GiB)
ds4: ROCm q8 fp16 cache budget exhausted; using q8 kernels (request=64.00 MiB cached=0.00 GiB free=0.89 GiB reserve=1.59 GiB total=31.86 GiB)
ds4: ROCm q8 fp16 cache budget exhausted; using q8 kernels (request=64.00 MiB cached=0.00 GiB free=0.89 GiB reserve=1.59 GiB total=31.86 GiB)
ds4: ROCm q8 fp16 cache budget exhausted; using q8 kernels (request=64.00 MiB cached=0.00 GiB free=0.89 GiB reserve=1.59 GiB total=31.86 GiB)
ds4: ROCm q8 fp16 cache budget exhausted; using q8 kernels (request=64.00 MiB cached=0.00 GiB free=0.89 GiB reserve=1.59 GiB total=31.86 GiB)
case_089 cases=90 prompt=12 target=24 avg_nll=0.168111 lcp=3 api_target_mae=0.168111 api_top_coverage=98/120 api_top1=0.958 api_topn=0.265 api_pair=1.000
ds4: ROCm q8 fp16 cache budget exhausted; using q8 kernels (request=64.00 MiB cached=0.00 GiB free=0.89 GiB reserve=1.59 GiB total=31.86 GiB)
ds4: ROCm q8 fp16 cache budget exhausted; using q8 kernels (request=64.00 MiB cached=0.00 GiB free=0.89 GiB reserve=1.59 GiB total=31.86 GiB)
ds4: ROCm q8 fp16 cache budget exhausted; using q8 kernels (request=64.00 MiB cached=0.00 GiB free=0.89 GiB reserve=1.59 GiB total=31.86 GiB)
ds4: ROCm q8 fp16 cache budget exhausted; using q8 kernels (request=64.00 MiB cached=0.00 GiB free=0.89 GiB reserve=1.59 GiB total=31.86 GiB)
ds4: ROCm q8 fp16 cache budget exhausted; using q8 kernels (request=64.00 MiB cached=0.00 GiB free=0.89 GiB reserve=1.59 GiB total=31.86 GiB)
ds4: ROCm q8 fp16 cache budget exhausted; using q8 kernels (request=64.00 MiB cached=0.00 GiB free=0.89 GiB reserve=1.59 GiB total=31.86 GiB)
ds4: ROCm q8 fp16 cache budget exhausted; using q8 kernels (request=64.00 MiB cached=0.00 GiB free=0.89 GiB reserve=1.59 GiB total=31.86 GiB)
ds4: ROCm q8 fp16 cache budget exhausted; using q8 kernels (request=64.00 MiB cached=0.00 GiB free=0.89 GiB reserve=1.59 GiB total=31.86 GiB)
ds4: ROCm q8 fp16 cache budget exhausted; using q8 kernels (request=64.00 MiB cached=0.00 GiB free=0.89 GiB reserve=1.59 GiB total=31.86 GiB)
ds4: ROCm q8 fp16 cache budget exhausted; using q8 kernels (request=64.00 MiB cached=0.00 GiB free=0.89 GiB reserve=1.59 GiB total=31.86 GiB)
ds4: ROCm q8 fp16 cache budget exhausted; using q8 kernels (request=64.00 MiB cached=0.00 GiB free=0.89 GiB reserve=1.59 GiB total=31.86 GiB)
ds4: ROCm q8 fp16 cache budget exhausted; using q8 kernels (request=64.00 MiB cached=0.00 GiB free=0.89 GiB reserve=1.59 GiB total=31.86 GiB)
ds4: ROCm q8 fp16 cache budget exhausted; using q8 kernels (request=64.00 MiB cached=0.00 GiB free=0.89 GiB reserve=1.59 GiB total=31.86 GiB)
ds4: ROCm q8 fp16 cache budget exhausted; using q8 kernels (request=64.00 MiB cached=0.00 GiB free=0.89 GiB reserve=1.59 GiB total=31.86 GiB)
ds4: ROCm q8 fp16 cache budget exhausted; using q8 kernels (request=64.00 MiB cached=0.00 GiB free=0.89 GiB reserve=1.59 GiB total=31.86 GiB)
ds4: ROCm q8 fp16 cache budget exhausted; using q8 kernels (request=64.00 MiB cached=0.00 GiB free=0.89 GiB reserve=1.59 GiB total=31.86 GiB)
ds4: ROCm q8 fp16 cache budget exhausted; using q8 kernels (request=64.00 MiB cached=0.00 GiB free=0.89 GiB reserve=1.59 GiB total=31.86 GiB)
ds4: ROCm q8 fp16 cache budget exhausted; using q8 kernels (request=64.00 MiB cached=0.00 GiB free=0.89 GiB reserve=1.59 GiB total=31.86 GiB)
ds4: ROCm q8 fp16 cache budget exhausted; using q8 kernels (request=64.00 MiB cached=0.00 GiB free=0.89 GiB reserve=1.59 GiB total=31.86 GiB)
ds4: ROCm q8 fp16 cache budget exhausted; using q8 kernels (request=64.00 MiB cached=0.00 GiB free=0.89 GiB reserve=1.59 GiB total=31.86 GiB)
ds4: ROCm q8 fp16 cache budget exhausted; using q8 kernels (request=64.00 MiB cached=0.00 GiB free=0.89 GiB reserve=1.59 GiB total=31.86 GiB)
ds4: ROCm q8 fp16 cache budget exhausted; using q8 kernels (request=64.00 MiB cached=0.00 GiB free=0.89 GiB reserve=1.59 GiB total=31.86 GiB)
ds4: ROCm q8 fp16 cache budget exhausted; using q8 kernels (request=64.00 MiB cached=0.00 GiB free=0.89 GiB reserve=1.59 GiB total=31.86 GiB)
ds4: ROCm q8 fp16 cache budget exhausted; using q8 kernels (request=64.00 MiB cached=0.00 GiB free=0.89 GiB reserve=1.59 GiB total=31.86 GiB)
ds4: ROCm q8 fp16 cache budget exhausted; using q8 kernels (request=64.00 MiB cached=0.00 GiB free=0.89 GiB reserve=1.59 GiB total=31.86 GiB)
ds4: ROCm q8 fp16 cache budget exhausted; using q8 kernels (request=64.00 MiB cached=0.00 GiB free=0.89 GiB reserve=1.59 GiB total=31.86 GiB)
ds4: ROCm q8 fp16 cache budget exhausted; using q8 kernels (request=64.00 MiB cached=0.00 GiB free=0.89 GiB reserve=1.59 GiB total=31.86 GiB)
ds4: ROCm q8 fp16 cache budget exhausted; using q8 kernels (request=64.00 MiB cached=0.00 GiB free=0.89 GiB reserve=1.59 GiB total=31.86 GiB)
ds4: ROCm q8 fp16 cache budget exhausted; using q8 kernels (request=64.00 MiB cached=0.00 GiB free=0.89 GiB reserve=1.59 GiB total=31.86 GiB)
ds4: ROCm q8 fp16 cache budget exhausted; using q8 kernels (request=64.00 MiB cached=0.00 GiB free=0.89 GiB reserve=1.59 GiB total=31.86 GiB)
ds4: ROCm q8 fp16 cache budget exhausted; using q8 kernels (request=64.00 MiB cached=0.00 GiB free=0.89 GiB reserve=1.59 GiB total=31.86 GiB)
ds4: ROCm q8 fp16 cache budget exhausted; using q8 kernels (request=64.00 MiB cached=0.00 GiB free=0.89 GiB reserve=1.59 GiB total=31.86 GiB)
ds4: ROCm q8 fp16 cache budget exhausted; using q8 kernels (request=64.00 MiB cached=0.00 GiB free=0.89 GiB reserve=1.59 GiB total=31.86 GiB)
ds4: ROCm q8 fp16 cache budget exhausted; using q8 kernels (request=64.00 MiB cached=0.00 GiB free=0.89 GiB reserve=1.59 GiB total=31.86 GiB)
ds4: ROCm q8 fp16 cache budget exhausted; using q8 kernels (request=64.00 MiB cached=0.00 GiB free=0.89 GiB reserve=1.59 GiB total=31.86 GiB)
ds4: ROCm q8 fp16 cache budget exhausted; using q8 kernels (request=64.00 MiB cached=0.00 GiB free=0.89 GiB reserve=1.59 GiB total=31.86 GiB)
ds4: ROCm q8 fp16 cache budget exhausted; using q8 kernels (request=64.00 MiB cached=0.00 GiB free=0.89 GiB reserve=1.59 GiB total=31.86 GiB)
ds4: ROCm q8 fp16 cache budget exhausted; using q8 kernels (request=64.00 MiB cached=0.00 GiB free=0.89 GiB reserve=1.59 GiB total=31.86 GiB)
ds4: ROCm q8 fp16 cache budget exhausted; using q8 kernels (request=64.00 MiB cached=0.00 GiB free=0.89 GiB reserve=1.59 GiB total=31.86 GiB)
ds4: ROCm q8 fp16 cache budget exhausted; using q8 kernels (request=64.00 MiB cached=0.00 GiB free=0.89 GiB reserve=1.59 GiB total=31.86 GiB)
ds4: ROCm q8 fp16 cache budget exhausted; using q8 kernels (request=64.00 MiB cached=0.00 GiB free=0.89 GiB reserve=1.59 GiB total=31.86 GiB)
ds4: ROCm q8 fp16 cache budget exhausted; using q8 kernels (request=64.00 MiB cached=0.00 GiB free=0.89 GiB reserve=1.59 GiB total=31.86 GiB)
ds4: ROCm q8 fp16 cache budget exhausted; using q8 kernels (request=64.00 MiB cached=0.00 GiB free=0.89 GiB reserve=1.59 GiB total=31.86 GiB)
case_090 cases=91 prompt=17 target=24 avg_nll=0.509548 lcp=0 api_target_mae=0.509548 api_top_coverage=96/120 api_top1=0.750 api_topn=0.260 api_pair=1.000
ds4: ROCm q8 fp16 cache budget exhausted; using q8 kernels (request=64.00 MiB cached=0.00 GiB free=0.89 GiB reserve=1.59 GiB total=31.86 GiB)
ds4: ROCm q8 fp16 cache budget exhausted; using q8 kernels (request=64.00 MiB cached=0.00 GiB free=0.89 GiB reserve=1.59 GiB total=31.86 GiB)
ds4: ROCm q8 fp16 cache budget exhausted; using q8 kernels (request=64.00 MiB cached=0.00 GiB free=0.89 GiB reserve=1.59 GiB total=31.86 GiB)
ds4: ROCm q8 fp16 cache budget exhausted; using q8 kernels (request=64.00 MiB cached=0.00 GiB free=0.89 GiB reserve=1.59 GiB total=31.86 GiB)
ds4: ROCm q8 fp16 cache budget exhausted; using q8 kernels (request=64.00 MiB cached=0.00 GiB free=0.89 GiB reserve=1.59 GiB total=31.86 GiB)
ds4: ROCm q8 fp16 cache budget exhausted; using q8 kernels (request=64.00 MiB cached=0.00 GiB free=0.89 GiB reserve=1.59 GiB total=31.86 GiB)
ds4: ROCm q8 fp16 cache budget exhausted; using q8 kernels (request=64.00 MiB cached=0.00 GiB free=0.89 GiB reserve=1.59 GiB total=31.86 GiB)
ds4: ROCm q8 fp16 cache budget exhausted; using q8 kernels (request=64.00 MiB cached=0.00 GiB free=0.89 GiB reserve=1.59 GiB total=31.86 GiB)
ds4: ROCm q8 fp16 cache budget exhausted; using q8 kernels (request=64.00 MiB cached=0.00 GiB free=0.89 GiB reserve=1.59 GiB total=31.86 GiB)
ds4: ROCm q8 fp16 cache budget exhausted; using q8 kernels (request=64.00 MiB cached=0.00 GiB free=0.89 GiB reserve=1.59 GiB total=31.86 GiB)
ds4: ROCm q8 fp16 cache budget exhausted; using q8 kernels (request=64.00 MiB cached=0.00 GiB free=0.89 GiB reserve=1.59 GiB total=31.86 GiB)
ds4: ROCm q8 fp16 cache budget exhausted; using q8 kernels (request=64.00 MiB cached=0.00 GiB free=0.89 GiB reserve=1.59 GiB total=31.86 GiB)
ds4: ROCm q8 fp16 cache budget exhausted; using q8 kernels (request=64.00 MiB cached=0.00 GiB free=0.89 GiB reserve=1.59 GiB total=31.86 GiB)
ds4: ROCm q8 fp16 cache budget exhausted; using q8 kernels (request=64.00 MiB cached=0.00 GiB free=0.89 GiB reserve=1.59 GiB total=31.86 GiB)
ds4: ROCm q8 fp16 cache budget exhausted; using q8 kernels (request=64.00 MiB cached=0.00 GiB free=0.89 GiB reserve=1.59 GiB total=31.86 GiB)
ds4: ROCm q8 fp16 cache budget exhausted; using q8 kernels (request=64.00 MiB cached=0.00 GiB free=0.89 GiB reserve=1.59 GiB total=31.86 GiB)
ds4: ROCm q8 fp16 cache budget exhausted; using q8 kernels (request=64.00 MiB cached=0.00 GiB free=0.89 GiB reserve=1.59 GiB total=31.86 GiB)
ds4: ROCm q8 fp16 cache budget exhausted; using q8 kernels (request=64.00 MiB cached=0.00 GiB free=0.89 GiB reserve=1.59 GiB total=31.86 GiB)
ds4: ROCm q8 fp16 cache budget exhausted; using q8 kernels (request=64.00 MiB cached=0.00 GiB free=0.89 GiB reserve=1.59 GiB total=31.86 GiB)
ds4: ROCm q8 fp16 cache budget exhausted; using q8 kernels (request=64.00 MiB cached=0.00 GiB free=0.89 GiB reserve=1.59 GiB total=31.86 GiB)
ds4: ROCm q8 fp16 cache budget exhausted; using q8 kernels (request=64.00 MiB cached=0.00 GiB free=0.89 GiB reserve=1.59 GiB total=31.86 GiB)
ds4: ROCm q8 fp16 cache budget exhausted; using q8 kernels (request=64.00 MiB cached=0.00 GiB free=0.89 GiB reserve=1.59 GiB total=31.86 GiB)
ds4: ROCm q8 fp16 cache budget exhausted; using q8 kernels (request=64.00 MiB cached=0.00 GiB free=0.89 GiB reserve=1.59 GiB total=31.86 GiB)
ds4: ROCm q8 fp16 cache budget exhausted; using q8 kernels (request=64.00 MiB cached=0.00 GiB free=0.89 GiB reserve=1.59 GiB total=31.86 GiB)
ds4: ROCm q8 fp16 cache budget exhausted; using q8 kernels (request=64.00 MiB cached=0.00 GiB free=0.89 GiB reserve=1.59 GiB total=31.86 GiB)
ds4: ROCm q8 fp16 cache budget exhausted; using q8 kernels (request=64.00 MiB cached=0.00 GiB free=0.89 GiB reserve=1.59 GiB total=31.86 GiB)
ds4: ROCm q8 fp16 cache budget exhausted; using q8 kernels (request=64.00 MiB cached=0.00 GiB free=0.89 GiB reserve=1.59 GiB total=31.86 GiB)
ds4: ROCm q8 fp16 cache budget exhausted; using q8 kernels (request=64.00 MiB cached=0.00 GiB free=0.89 GiB reserve=1.59 GiB total=31.86 GiB)
ds4: ROCm q8 fp16 cache budget exhausted; using q8 kernels (request=64.00 MiB cached=0.00 GiB free=0.89 GiB reserve=1.59 GiB total=31.86 GiB)
ds4: ROCm q8 fp16 cache budget exhausted; using q8 kernels (request=64.00 MiB cached=0.00 GiB free=0.89 GiB reserve=1.59 GiB total=31.86 GiB)
ds4: ROCm q8 fp16 cache budget exhausted; using q8 kernels (request=64.00 MiB cached=0.00 GiB free=0.89 GiB reserve=1.59 GiB total=31.86 GiB)
ds4: ROCm q8 fp16 cache budget exhausted; using q8 kernels (request=64.00 MiB cached=0.00 GiB free=0.89 GiB reserve=1.59 GiB total=31.86 GiB)
ds4: ROCm q8 fp16 cache budget exhausted; using q8 kernels (request=64.00 MiB cached=0.00 GiB free=0.89 GiB reserve=1.59 GiB total=31.86 GiB)
ds4: ROCm q8 fp16 cache budget exhausted; using q8 kernels (request=64.00 MiB cached=0.00 GiB free=0.89 GiB reserve=1.59 GiB total=31.86 GiB)
ds4: ROCm q8 fp16 cache budget exhausted; using q8 kernels (request=64.00 MiB cached=0.00 GiB free=0.89 GiB reserve=1.59 GiB total=31.86 GiB)
ds4: ROCm q8 fp16 cache budget exhausted; using q8 kernels (request=64.00 MiB cached=0.00 GiB free=0.89 GiB reserve=1.59 GiB total=31.86 GiB)
ds4: ROCm q8 fp16 cache budget exhausted; using q8 kernels (request=64.00 MiB cached=0.00 GiB free=0.89 GiB reserve=1.59 GiB total=31.86 GiB)
ds4: ROCm q8 fp16 cache budget exhausted; using q8 kernels (request=64.00 MiB cached=0.00 GiB free=0.89 GiB reserve=1.59 GiB total=31.86 GiB)
ds4: ROCm q8 fp16 cache budget exhausted; using q8 kernels (request=64.00 MiB cached=0.00 GiB free=0.89 GiB reserve=1.59 GiB total=31.86 GiB)
ds4: ROCm q8 fp16 cache budget exhausted; using q8 kernels (request=64.00 MiB cached=0.00 GiB free=0.89 GiB reserve=1.59 GiB total=31.86 GiB)
ds4: ROCm q8 fp16 cache budget exhausted; using q8 kernels (request=64.00 MiB cached=0.00 GiB free=0.89 GiB reserve=1.59 GiB total=31.86 GiB)
ds4: ROCm q8 fp16 cache budget exhausted; using q8 kernels (request=64.00 MiB cached=0.00 GiB free=0.89 GiB reserve=1.59 GiB total=31.86 GiB)
ds4: ROCm q8 fp16 cache budget exhausted; using q8 kernels (request=64.00 MiB cached=0.00 GiB free=0.89 GiB reserve=1.59 GiB total=31.86 GiB)
case_091 cases=92 prompt=14 target=24 avg_nll=0.920014 lcp=0 api_target_mae=0.920014 api_top_coverage=96/120 api_top1=0.667 api_topn=0.271 api_pair=1.000
ds4: ROCm q8 fp16 cache budget exhausted; using q8 kernels (request=64.00 MiB cached=0.00 GiB free=0.89 GiB reserve=1.59 GiB total=31.86 GiB)
ds4: ROCm q8 fp16 cache budget exhausted; using q8 kernels (request=64.00 MiB cached=0.00 GiB free=0.89 GiB reserve=1.59 GiB total=31.86 GiB)
ds4: ROCm q8 fp16 cache budget exhausted; using q8 kernels (request=64.00 MiB cached=0.00 GiB free=0.89 GiB reserve=1.59 GiB total=31.86 GiB)
ds4: ROCm q8 fp16 cache budget exhausted; using q8 kernels (request=64.00 MiB cached=0.00 GiB free=0.89 GiB reserve=1.59 GiB total=31.86 GiB)
ds4: ROCm q8 fp16 cache budget exhausted; using q8 kernels (request=64.00 MiB cached=0.00 GiB free=0.89 GiB reserve=1.59 GiB total=31.86 GiB)
ds4: ROCm q8 fp16 cache budget exhausted; using q8 kernels (request=64.00 MiB cached=0.00 GiB free=0.89 GiB reserve=1.59 GiB total=31.86 GiB)
ds4: ROCm q8 fp16 cache budget exhausted; using q8 kernels (request=64.00 MiB cached=0.00 GiB free=0.89 GiB reserve=1.59 GiB total=31.86 GiB)
ds4: ROCm q8 fp16 cache budget exhausted; using q8 kernels (request=64.00 MiB cached=0.00 GiB free=0.89 GiB reserve=1.59 GiB total=31.86 GiB)
ds4: ROCm q8 fp16 cache budget exhausted; using q8 kernels (request=64.00 MiB cached=0.00 GiB free=0.89 GiB reserve=1.59 GiB total=31.86 GiB)
ds4: ROCm q8 fp16 cache budget exhausted; using q8 kernels (request=64.00 MiB cached=0.00 GiB free=0.89 GiB reserve=1.59 GiB total=31.86 GiB)
ds4: ROCm q8 fp16 cache budget exhausted; using q8 kernels (request=64.00 MiB cached=0.00 GiB free=0.89 GiB reserve=1.59 GiB total=31.86 GiB)
ds4: ROCm q8 fp16 cache budget exhausted; using q8 kernels (request=64.00 MiB cached=0.00 GiB free=0.89 GiB reserve=1.59 GiB total=31.86 GiB)
ds4: ROCm q8 fp16 cache budget exhausted; using q8 kernels (request=64.00 MiB cached=0.00 GiB free=0.89 GiB reserve=1.59 GiB total=31.86 GiB)
ds4: ROCm q8 fp16 cache budget exhausted; using q8 kernels (request=64.00 MiB cached=0.00 GiB free=0.89 GiB reserve=1.59 GiB total=31.86 GiB)
ds4: ROCm q8 fp16 cache budget exhausted; using q8 kernels (request=64.00 MiB cached=0.00 GiB free=0.89 GiB reserve=1.59 GiB total=31.86 GiB)
ds4: ROCm q8 fp16 cache budget exhausted; using q8 kernels (request=64.00 MiB cached=0.00 GiB free=0.89 GiB reserve=1.59 GiB total=31.86 GiB)
ds4: ROCm q8 fp16 cache budget exhausted; using q8 kernels (request=64.00 MiB cached=0.00 GiB free=0.89 GiB reserve=1.59 GiB total=31.86 GiB)
ds4: ROCm q8 fp16 cache budget exhausted; using q8 kernels (request=64.00 MiB cached=0.00 GiB free=0.89 GiB reserve=1.59 GiB total=31.86 GiB)
ds4: ROCm q8 fp16 cache budget exhausted; using q8 kernels (request=64.00 MiB cached=0.00 GiB free=0.89 GiB reserve=1.59 GiB total=31.86 GiB)
ds4: ROCm q8 fp16 cache budget exhausted; using q8 kernels (request=64.00 MiB cached=0.00 GiB free=0.89 GiB reserve=1.59 GiB total=31.86 GiB)
ds4: ROCm q8 fp16 cache budget exhausted; using q8 kernels (request=64.00 MiB cached=0.00 GiB free=0.89 GiB reserve=1.59 GiB total=31.86 GiB)
ds4: ROCm q8 fp16 cache budget exhausted; using q8 kernels (request=64.00 MiB cached=0.00 GiB free=0.89 GiB reserve=1.59 GiB total=31.86 GiB)
ds4: ROCm q8 fp16 cache budget exhausted; using q8 kernels (request=64.00 MiB cached=0.00 GiB free=0.89 GiB reserve=1.59 GiB total=31.86 GiB)
ds4: ROCm q8 fp16 cache budget exhausted; using q8 kernels (request=64.00 MiB cached=0.00 GiB free=0.89 GiB reserve=1.59 GiB total=31.86 GiB)
ds4: ROCm q8 fp16 cache budget exhausted; using q8 kernels (request=64.00 MiB cached=0.00 GiB free=0.89 GiB reserve=1.59 GiB total=31.86 GiB)
ds4: ROCm q8 fp16 cache budget exhausted; using q8 kernels (request=64.00 MiB cached=0.00 GiB free=0.89 GiB reserve=1.59 GiB total=31.86 GiB)
ds4: ROCm q8 fp16 cache budget exhausted; using q8 kernels (request=64.00 MiB cached=0.00 GiB free=0.89 GiB reserve=1.59 GiB total=31.86 GiB)
ds4: ROCm q8 fp16 cache budget exhausted; using q8 kernels (request=64.00 MiB cached=0.00 GiB free=0.89 GiB reserve=1.59 GiB total=31.86 GiB)
ds4: ROCm q8 fp16 cache budget exhausted; using q8 kernels (request=64.00 MiB cached=0.00 GiB free=0.89 GiB reserve=1.59 GiB total=31.86 GiB)
ds4: ROCm q8 fp16 cache budget exhausted; using q8 kernels (request=64.00 MiB cached=0.00 GiB free=0.89 GiB reserve=1.59 GiB total=31.86 GiB)
ds4: ROCm q8 fp16 cache budget exhausted; using q8 kernels (request=64.00 MiB cached=0.00 GiB free=0.89 GiB reserve=1.59 GiB total=31.86 GiB)
ds4: ROCm q8 fp16 cache budget exhausted; using q8 kernels (request=64.00 MiB cached=0.00 GiB free=0.89 GiB reserve=1.59 GiB total=31.86 GiB)
ds4: ROCm q8 fp16 cache budget exhausted; using q8 kernels (request=64.00 MiB cached=0.00 GiB free=0.89 GiB reserve=1.59 GiB total=31.86 GiB)
ds4: ROCm q8 fp16 cache budget exhausted; using q8 kernels (request=64.00 MiB cached=0.00 GiB free=0.89 GiB reserve=1.59 GiB total=31.86 GiB)
ds4: ROCm q8 fp16 cache budget exhausted; using q8 kernels (request=64.00 MiB cached=0.00 GiB free=0.89 GiB reserve=1.59 GiB total=31.86 GiB)
ds4: ROCm q8 fp16 cache budget exhausted; using q8 kernels (request=64.00 MiB cached=0.00 GiB free=0.89 GiB reserve=1.59 GiB total=31.86 GiB)
ds4: ROCm q8 fp16 cache budget exhausted; using q8 kernels (request=64.00 MiB cached=0.00 GiB free=0.89 GiB reserve=1.59 GiB total=31.86 GiB)
ds4: ROCm q8 fp16 cache budget exhausted; using q8 kernels (request=64.00 MiB cached=0.00 GiB free=0.89 GiB reserve=1.59 GiB total=31.86 GiB)
ds4: ROCm q8 fp16 cache budget exhausted; using q8 kernels (request=64.00 MiB cached=0.00 GiB free=0.89 GiB reserve=1.59 GiB total=31.86 GiB)
ds4: ROCm q8 fp16 cache budget exhausted; using q8 kernels (request=64.00 MiB cached=0.00 GiB free=0.89 GiB reserve=1.59 GiB total=31.86 GiB)
ds4: ROCm q8 fp16 cache budget exhausted; using q8 kernels (request=64.00 MiB cached=0.00 GiB free=0.89 GiB reserve=1.59 GiB total=31.86 GiB)
ds4: ROCm q8 fp16 cache budget exhausted; using q8 kernels (request=64.00 MiB cached=0.00 GiB free=0.89 GiB reserve=1.59 GiB total=31.86 GiB)
ds4: ROCm q8 fp16 cache budget exhausted; using q8 kernels (request=64.00 MiB cached=0.00 GiB free=0.89 GiB reserve=1.59 GiB total=31.86 GiB)
case_092 cases=93 prompt=15 target=24 avg_nll=0.105201 lcp=20 api_target_mae=0.105201 api_top_coverage=97/120 api_top1=0.917 api_topn=0.258 api_pair=1.000
ds4: ROCm q8 fp16 cache budget exhausted; using q8 kernels (request=64.00 MiB cached=0.00 GiB free=0.89 GiB reserve=1.59 GiB total=31.86 GiB)
ds4: ROCm q8 fp16 cache budget exhausted; using q8 kernels (request=64.00 MiB cached=0.00 GiB free=0.89 GiB reserve=1.59 GiB total=31.86 GiB)
ds4: ROCm q8 fp16 cache budget exhausted; using q8 kernels (request=64.00 MiB cached=0.00 GiB free=0.89 GiB reserve=1.59 GiB total=31.86 GiB)
ds4: ROCm q8 fp16 cache budget exhausted; using q8 kernels (request=64.00 MiB cached=0.00 GiB free=0.89 GiB reserve=1.59 GiB total=31.86 GiB)
ds4: ROCm q8 fp16 cache budget exhausted; using q8 kernels (request=64.00 MiB cached=0.00 GiB free=0.89 GiB reserve=1.59 GiB total=31.86 GiB)
ds4: ROCm q8 fp16 cache budget exhausted; using q8 kernels (request=64.00 MiB cached=0.00 GiB free=0.89 GiB reserve=1.59 GiB total=31.86 GiB)
ds4: ROCm q8 fp16 cache budget exhausted; using q8 kernels (request=64.00 MiB cached=0.00 GiB free=0.89 GiB reserve=1.59 GiB total=31.86 GiB)
ds4: ROCm q8 fp16 cache budget exhausted; using q8 kernels (request=64.00 MiB cached=0.00 GiB free=0.89 GiB reserve=1.59 GiB total=31.86 GiB)
ds4: ROCm q8 fp16 cache budget exhausted; using q8 kernels (request=64.00 MiB cached=0.00 GiB free=0.89 GiB reserve=1.59 GiB total=31.86 GiB)
ds4: ROCm q8 fp16 cache budget exhausted; using q8 kernels (request=64.00 MiB cached=0.00 GiB free=0.89 GiB reserve=1.59 GiB total=31.86 GiB)
ds4: ROCm q8 fp16 cache budget exhausted; using q8 kernels (request=64.00 MiB cached=0.00 GiB free=0.89 GiB reserve=1.59 GiB total=31.86 GiB)
ds4: ROCm q8 fp16 cache budget exhausted; using q8 kernels (request=64.00 MiB cached=0.00 GiB free=0.89 GiB reserve=1.59 GiB total=31.86 GiB)
ds4: ROCm q8 fp16 cache budget exhausted; using q8 kernels (request=64.00 MiB cached=0.00 GiB free=0.89 GiB reserve=1.59 GiB total=31.86 GiB)
ds4: ROCm q8 fp16 cache budget exhausted; using q8 kernels (request=64.00 MiB cached=0.00 GiB free=0.89 GiB reserve=1.59 GiB total=31.86 GiB)
ds4: ROCm q8 fp16 cache budget exhausted; using q8 kernels (request=64.00 MiB cached=0.00 GiB free=0.89 GiB reserve=1.59 GiB total=31.86 GiB)
ds4: ROCm q8 fp16 cache budget exhausted; using q8 kernels (request=64.00 MiB cached=0.00 GiB free=0.89 GiB reserve=1.59 GiB total=31.86 GiB)
ds4: ROCm q8 fp16 cache budget exhausted; using q8 kernels (request=64.00 MiB cached=0.00 GiB free=0.89 GiB reserve=1.59 GiB total=31.86 GiB)
ds4: ROCm q8 fp16 cache budget exhausted; using q8 kernels (request=64.00 MiB cached=0.00 GiB free=0.89 GiB reserve=1.59 GiB total=31.86 GiB)
ds4: ROCm q8 fp16 cache budget exhausted; using q8 kernels (request=64.00 MiB cached=0.00 GiB free=0.89 GiB reserve=1.59 GiB total=31.86 GiB)
ds4: ROCm q8 fp16 cache budget exhausted; using q8 kernels (request=64.00 MiB cached=0.00 GiB free=0.89 GiB reserve=1.59 GiB total=31.86 GiB)
ds4: ROCm q8 fp16 cache budget exhausted; using q8 kernels (request=64.00 MiB cached=0.00 GiB free=0.89 GiB reserve=1.59 GiB total=31.86 GiB)
ds4: ROCm q8 fp16 cache budget exhausted; using q8 kernels (request=64.00 MiB cached=0.00 GiB free=0.89 GiB reserve=1.59 GiB total=31.86 GiB)
ds4: ROCm q8 fp16 cache budget exhausted; using q8 kernels (request=64.00 MiB cached=0.00 GiB free=0.89 GiB reserve=1.59 GiB total=31.86 GiB)
ds4: ROCm q8 fp16 cache budget exhausted; using q8 kernels (request=64.00 MiB cached=0.00 GiB free=0.89 GiB reserve=1.59 GiB total=31.86 GiB)
ds4: ROCm q8 fp16 cache budget exhausted; using q8 kernels (request=64.00 MiB cached=0.00 GiB free=0.89 GiB reserve=1.59 GiB total=31.86 GiB)
ds4: ROCm q8 fp16 cache budget exhausted; using q8 kernels (request=64.00 MiB cached=0.00 GiB free=0.89 GiB reserve=1.59 GiB total=31.86 GiB)
ds4: ROCm q8 fp16 cache budget exhausted; using q8 kernels (request=64.00 MiB cached=0.00 GiB free=0.89 GiB reserve=1.59 GiB total=31.86 GiB)
ds4: ROCm q8 fp16 cache budget exhausted; using q8 kernels (request=64.00 MiB cached=0.00 GiB free=0.89 GiB reserve=1.59 GiB total=31.86 GiB)
ds4: ROCm q8 fp16 cache budget exhausted; using q8 kernels (request=64.00 MiB cached=0.00 GiB free=0.89 GiB reserve=1.59 GiB total=31.86 GiB)
ds4: ROCm q8 fp16 cache budget exhausted; using q8 kernels (request=64.00 MiB cached=0.00 GiB free=0.89 GiB reserve=1.59 GiB total=31.86 GiB)
ds4: ROCm q8 fp16 cache budget exhausted; using q8 kernels (request=64.00 MiB cached=0.00 GiB free=0.89 GiB reserve=1.59 GiB total=31.86 GiB)
ds4: ROCm q8 fp16 cache budget exhausted; using q8 kernels (request=64.00 MiB cached=0.00 GiB free=0.89 GiB reserve=1.59 GiB total=31.86 GiB)
ds4: ROCm q8 fp16 cache budget exhausted; using q8 kernels (request=64.00 MiB cached=0.00 GiB free=0.89 GiB reserve=1.59 GiB total=31.86 GiB)
ds4: ROCm q8 fp16 cache budget exhausted; using q8 kernels (request=64.00 MiB cached=0.00 GiB free=0.89 GiB reserve=1.59 GiB total=31.86 GiB)
ds4: ROCm q8 fp16 cache budget exhausted; using q8 kernels (request=64.00 MiB cached=0.00 GiB free=0.89 GiB reserve=1.59 GiB total=31.86 GiB)
ds4: ROCm q8 fp16 cache budget exhausted; using q8 kernels (request=64.00 MiB cached=0.00 GiB free=0.89 GiB reserve=1.59 GiB total=31.86 GiB)
ds4: ROCm q8 fp16 cache budget exhausted; using q8 kernels (request=64.00 MiB cached=0.00 GiB free=0.89 GiB reserve=1.59 GiB total=31.86 GiB)
ds4: ROCm q8 fp16 cache budget exhausted; using q8 kernels (request=64.00 MiB cached=0.00 GiB free=0.89 GiB reserve=1.59 GiB total=31.86 GiB)
ds4: ROCm q8 fp16 cache budget exhausted; using q8 kernels (request=64.00 MiB cached=0.00 GiB free=0.89 GiB reserve=1.59 GiB total=31.86 GiB)
ds4: ROCm q8 fp16 cache budget exhausted; using q8 kernels (request=64.00 MiB cached=0.00 GiB free=0.89 GiB reserve=1.59 GiB total=31.86 GiB)
ds4: ROCm q8 fp16 cache budget exhausted; using q8 kernels (request=64.00 MiB cached=0.00 GiB free=0.89 GiB reserve=1.59 GiB total=31.86 GiB)
ds4: ROCm q8 fp16 cache budget exhausted; using q8 kernels (request=64.00 MiB cached=0.00 GiB free=0.89 GiB reserve=1.59 GiB total=31.86 GiB)
ds4: ROCm q8 fp16 cache budget exhausted; using q8 kernels (request=64.00 MiB cached=0.00 GiB free=0.89 GiB reserve=1.59 GiB total=31.86 GiB)
case_093 cases=94 prompt=17 target=24 avg_nll=0.585366 lcp=0 api_target_mae=0.585366 api_top_coverage=99/120 api_top1=0.792 api_topn=0.263 api_pair=0.960
ds4: ROCm q8 fp16 cache budget exhausted; using q8 kernels (request=64.00 MiB cached=0.00 GiB free=0.89 GiB reserve=1.59 GiB total=31.86 GiB)
ds4: ROCm q8 fp16 cache budget exhausted; using q8 kernels (request=64.00 MiB cached=0.00 GiB free=0.89 GiB reserve=1.59 GiB total=31.86 GiB)
ds4: ROCm q8 fp16 cache budget exhausted; using q8 kernels (request=64.00 MiB cached=0.00 GiB free=0.89 GiB reserve=1.59 GiB total=31.86 GiB)
ds4: ROCm q8 fp16 cache budget exhausted; using q8 kernels (request=64.00 MiB cached=0.00 GiB free=0.89 GiB reserve=1.59 GiB total=31.86 GiB)
ds4: ROCm q8 fp16 cache budget exhausted; using q8 kernels (request=64.00 MiB cached=0.00 GiB free=0.89 GiB reserve=1.59 GiB total=31.86 GiB)
ds4: ROCm q8 fp16 cache budget exhausted; using q8 kernels (request=64.00 MiB cached=0.00 GiB free=0.89 GiB reserve=1.59 GiB total=31.86 GiB)
ds4: ROCm q8 fp16 cache budget exhausted; using q8 kernels (request=64.00 MiB cached=0.00 GiB free=0.89 GiB reserve=1.59 GiB total=31.86 GiB)
ds4: ROCm q8 fp16 cache budget exhausted; using q8 kernels (request=64.00 MiB cached=0.00 GiB free=0.89 GiB reserve=1.59 GiB total=31.86 GiB)
ds4: ROCm q8 fp16 cache budget exhausted; using q8 kernels (request=64.00 MiB cached=0.00 GiB free=0.89 GiB reserve=1.59 GiB total=31.86 GiB)
ds4: ROCm q8 fp16 cache budget exhausted; using q8 kernels (request=64.00 MiB cached=0.00 GiB free=0.89 GiB reserve=1.59 GiB total=31.86 GiB)
ds4: ROCm q8 fp16 cache budget exhausted; using q8 kernels (request=64.00 MiB cached=0.00 GiB free=0.89 GiB reserve=1.59 GiB total=31.86 GiB)
ds4: ROCm q8 fp16 cache budget exhausted; using q8 kernels (request=64.00 MiB cached=0.00 GiB free=0.89 GiB reserve=1.59 GiB total=31.86 GiB)
ds4: ROCm q8 fp16 cache budget exhausted; using q8 kernels (request=64.00 MiB cached=0.00 GiB free=0.89 GiB reserve=1.59 GiB total=31.86 GiB)
ds4: ROCm q8 fp16 cache budget exhausted; using q8 kernels (request=64.00 MiB cached=0.00 GiB free=0.89 GiB reserve=1.59 GiB total=31.86 GiB)
ds4: ROCm q8 fp16 cache budget exhausted; using q8 kernels (request=64.00 MiB cached=0.00 GiB free=0.89 GiB reserve=1.59 GiB total=31.86 GiB)
ds4: ROCm q8 fp16 cache budget exhausted; using q8 kernels (request=64.00 MiB cached=0.00 GiB free=0.89 GiB reserve=1.59 GiB total=31.86 GiB)
ds4: ROCm q8 fp16 cache budget exhausted; using q8 kernels (request=64.00 MiB cached=0.00 GiB free=0.89 GiB reserve=1.59 GiB total=31.86 GiB)
ds4: ROCm q8 fp16 cache budget exhausted; using q8 kernels (request=64.00 MiB cached=0.00 GiB free=0.89 GiB reserve=1.59 GiB total=31.86 GiB)
ds4: ROCm q8 fp16 cache budget exhausted; using q8 kernels (request=64.00 MiB cached=0.00 GiB free=0.89 GiB reserve=1.59 GiB total=31.86 GiB)
ds4: ROCm q8 fp16 cache budget exhausted; using q8 kernels (request=64.00 MiB cached=0.00 GiB free=0.89 GiB reserve=1.59 GiB total=31.86 GiB)
ds4: ROCm q8 fp16 cache budget exhausted; using q8 kernels (request=64.00 MiB cached=0.00 GiB free=0.89 GiB reserve=1.59 GiB total=31.86 GiB)
ds4: ROCm q8 fp16 cache budget exhausted; using q8 kernels (request=64.00 MiB cached=0.00 GiB free=0.89 GiB reserve=1.59 GiB total=31.86 GiB)
ds4: ROCm q8 fp16 cache budget exhausted; using q8 kernels (request=64.00 MiB cached=0.00 GiB free=0.89 GiB reserve=1.59 GiB total=31.86 GiB)
ds4: ROCm q8 fp16 cache budget exhausted; using q8 kernels (request=64.00 MiB cached=0.00 GiB free=0.89 GiB reserve=1.59 GiB total=31.86 GiB)
ds4: ROCm q8 fp16 cache budget exhausted; using q8 kernels (request=64.00 MiB cached=0.00 GiB free=0.89 GiB reserve=1.59 GiB total=31.86 GiB)
ds4: ROCm q8 fp16 cache budget exhausted; using q8 kernels (request=64.00 MiB cached=0.00 GiB free=0.89 GiB reserve=1.59 GiB total=31.86 GiB)
ds4: ROCm q8 fp16 cache budget exhausted; using q8 kernels (request=64.00 MiB cached=0.00 GiB free=0.89 GiB reserve=1.59 GiB total=31.86 GiB)
ds4: ROCm q8 fp16 cache budget exhausted; using q8 kernels (request=64.00 MiB cached=0.00 GiB free=0.89 GiB reserve=1.59 GiB total=31.86 GiB)
ds4: ROCm q8 fp16 cache budget exhausted; using q8 kernels (request=64.00 MiB cached=0.00 GiB free=0.89 GiB reserve=1.59 GiB total=31.86 GiB)
ds4: ROCm q8 fp16 cache budget exhausted; using q8 kernels (request=64.00 MiB cached=0.00 GiB free=0.89 GiB reserve=1.59 GiB total=31.86 GiB)
ds4: ROCm q8 fp16 cache budget exhausted; using q8 kernels (request=64.00 MiB cached=0.00 GiB free=0.89 GiB reserve=1.59 GiB total=31.86 GiB)
ds4: ROCm q8 fp16 cache budget exhausted; using q8 kernels (request=64.00 MiB cached=0.00 GiB free=0.89 GiB reserve=1.59 GiB total=31.86 GiB)
ds4: ROCm q8 fp16 cache budget exhausted; using q8 kernels (request=64.00 MiB cached=0.00 GiB free=0.89 GiB reserve=1.59 GiB total=31.86 GiB)
ds4: ROCm q8 fp16 cache budget exhausted; using q8 kernels (request=64.00 MiB cached=0.00 GiB free=0.89 GiB reserve=1.59 GiB total=31.86 GiB)
ds4: ROCm q8 fp16 cache budget exhausted; using q8 kernels (request=64.00 MiB cached=0.00 GiB free=0.89 GiB reserve=1.59 GiB total=31.86 GiB)
ds4: ROCm q8 fp16 cache budget exhausted; using q8 kernels (request=64.00 MiB cached=0.00 GiB free=0.89 GiB reserve=1.59 GiB total=31.86 GiB)
ds4: ROCm q8 fp16 cache budget exhausted; using q8 kernels (request=64.00 MiB cached=0.00 GiB free=0.89 GiB reserve=1.59 GiB total=31.86 GiB)
ds4: ROCm q8 fp16 cache budget exhausted; using q8 kernels (request=64.00 MiB cached=0.00 GiB free=0.89 GiB reserve=1.59 GiB total=31.86 GiB)
ds4: ROCm q8 fp16 cache budget exhausted; using q8 kernels (request=64.00 MiB cached=0.00 GiB free=0.89 GiB reserve=1.59 GiB total=31.86 GiB)
ds4: ROCm q8 fp16 cache budget exhausted; using q8 kernels (request=64.00 MiB cached=0.00 GiB free=0.89 GiB reserve=1.59 GiB total=31.86 GiB)
ds4: ROCm q8 fp16 cache budget exhausted; using q8 kernels (request=64.00 MiB cached=0.00 GiB free=0.89 GiB reserve=1.59 GiB total=31.86 GiB)
ds4: ROCm q8 fp16 cache budget exhausted; using q8 kernels (request=64.00 MiB cached=0.00 GiB free=0.89 GiB reserve=1.59 GiB total=31.86 GiB)
ds4: ROCm q8 fp16 cache budget exhausted; using q8 kernels (request=64.00 MiB cached=0.00 GiB free=0.89 GiB reserve=1.59 GiB total=31.86 GiB)
case_094 cases=95 prompt=16 target=1 avg_nll=4.443113 lcp=0 api_target_mae=4.443113 api_top_coverage=5/5 api_top1=0.000 api_topn=0.400 api_pair=0.750
ds4: ROCm q8 fp16 cache budget exhausted; using q8 kernels (request=64.00 MiB cached=0.00 GiB free=0.89 GiB reserve=1.59 GiB total=31.86 GiB)
ds4: ROCm q8 fp16 cache budget exhausted; using q8 kernels (request=64.00 MiB cached=0.00 GiB free=0.89 GiB reserve=1.59 GiB total=31.86 GiB)
ds4: ROCm q8 fp16 cache budget exhausted; using q8 kernels (request=64.00 MiB cached=0.00 GiB free=0.89 GiB reserve=1.59 GiB total=31.86 GiB)
ds4: ROCm q8 fp16 cache budget exhausted; using q8 kernels (request=64.00 MiB cached=0.00 GiB free=0.89 GiB reserve=1.59 GiB total=31.86 GiB)
ds4: ROCm q8 fp16 cache budget exhausted; using q8 kernels (request=64.00 MiB cached=0.00 GiB free=0.89 GiB reserve=1.59 GiB total=31.86 GiB)
ds4: ROCm q8 fp16 cache budget exhausted; using q8 kernels (request=64.00 MiB cached=0.00 GiB free=0.89 GiB reserve=1.59 GiB total=31.86 GiB)
ds4: ROCm q8 fp16 cache budget exhausted; using q8 kernels (request=64.00 MiB cached=0.00 GiB free=0.89 GiB reserve=1.59 GiB total=31.86 GiB)
ds4: ROCm q8 fp16 cache budget exhausted; using q8 kernels (request=64.00 MiB cached=0.00 GiB free=0.89 GiB reserve=1.59 GiB total=31.86 GiB)
ds4: ROCm q8 fp16 cache budget exhausted; using q8 kernels (request=64.00 MiB cached=0.00 GiB free=0.89 GiB reserve=1.59 GiB total=31.86 GiB)
ds4: ROCm q8 fp16 cache budget exhausted; using q8 kernels (request=64.00 MiB cached=0.00 GiB free=0.89 GiB reserve=1.59 GiB total=31.86 GiB)
ds4: ROCm q8 fp16 cache budget exhausted; using q8 kernels (request=64.00 MiB cached=0.00 GiB free=0.89 GiB reserve=1.59 GiB total=31.86 GiB)
ds4: ROCm q8 fp16 cache budget exhausted; using q8 kernels (request=64.00 MiB cached=0.00 GiB free=0.89 GiB reserve=1.59 GiB total=31.86 GiB)
ds4: ROCm q8 fp16 cache budget exhausted; using q8 kernels (request=64.00 MiB cached=0.00 GiB free=0.89 GiB reserve=1.59 GiB total=31.86 GiB)
ds4: ROCm q8 fp16 cache budget exhausted; using q8 kernels (request=64.00 MiB cached=0.00 GiB free=0.89 GiB reserve=1.59 GiB total=31.86 GiB)
ds4: ROCm q8 fp16 cache budget exhausted; using q8 kernels (request=64.00 MiB cached=0.00 GiB free=0.89 GiB reserve=1.59 GiB total=31.86 GiB)
ds4: ROCm q8 fp16 cache budget exhausted; using q8 kernels (request=64.00 MiB cached=0.00 GiB free=0.89 GiB reserve=1.59 GiB total=31.86 GiB)
ds4: ROCm q8 fp16 cache budget exhausted; using q8 kernels (request=64.00 MiB cached=0.00 GiB free=0.89 GiB reserve=1.59 GiB total=31.86 GiB)
ds4: ROCm q8 fp16 cache budget exhausted; using q8 kernels (request=64.00 MiB cached=0.00 GiB free=0.89 GiB reserve=1.59 GiB total=31.86 GiB)
ds4: ROCm q8 fp16 cache budget exhausted; using q8 kernels (request=64.00 MiB cached=0.00 GiB free=0.89 GiB reserve=1.59 GiB total=31.86 GiB)
ds4: ROCm q8 fp16 cache budget exhausted; using q8 kernels (request=64.00 MiB cached=0.00 GiB free=0.89 GiB reserve=1.59 GiB total=31.86 GiB)
ds4: ROCm q8 fp16 cache budget exhausted; using q8 kernels (request=64.00 MiB cached=0.00 GiB free=0.89 GiB reserve=1.59 GiB total=31.86 GiB)
ds4: ROCm q8 fp16 cache budget exhausted; using q8 kernels (request=64.00 MiB cached=0.00 GiB free=0.89 GiB reserve=1.59 GiB total=31.86 GiB)
ds4: ROCm q8 fp16 cache budget exhausted; using q8 kernels (request=64.00 MiB cached=0.00 GiB free=0.89 GiB reserve=1.59 GiB total=31.86 GiB)
ds4: ROCm q8 fp16 cache budget exhausted; using q8 kernels (request=64.00 MiB cached=0.00 GiB free=0.89 GiB reserve=1.59 GiB total=31.86 GiB)
ds4: ROCm q8 fp16 cache budget exhausted; using q8 kernels (request=64.00 MiB cached=0.00 GiB free=0.89 GiB reserve=1.59 GiB total=31.86 GiB)
ds4: ROCm q8 fp16 cache budget exhausted; using q8 kernels (request=64.00 MiB cached=0.00 GiB free=0.89 GiB reserve=1.59 GiB total=31.86 GiB)
ds4: ROCm q8 fp16 cache budget exhausted; using q8 kernels (request=64.00 MiB cached=0.00 GiB free=0.89 GiB reserve=1.59 GiB total=31.86 GiB)
ds4: ROCm q8 fp16 cache budget exhausted; using q8 kernels (request=64.00 MiB cached=0.00 GiB free=0.89 GiB reserve=1.59 GiB total=31.86 GiB)
ds4: ROCm q8 fp16 cache budget exhausted; using q8 kernels (request=64.00 MiB cached=0.00 GiB free=0.89 GiB reserve=1.59 GiB total=31.86 GiB)
ds4: ROCm q8 fp16 cache budget exhausted; using q8 kernels (request=64.00 MiB cached=0.00 GiB free=0.89 GiB reserve=1.59 GiB total=31.86 GiB)
ds4: ROCm q8 fp16 cache budget exhausted; using q8 kernels (request=64.00 MiB cached=0.00 GiB free=0.89 GiB reserve=1.59 GiB total=31.86 GiB)
ds4: ROCm q8 fp16 cache budget exhausted; using q8 kernels (request=64.00 MiB cached=0.00 GiB free=0.89 GiB reserve=1.59 GiB total=31.86 GiB)
ds4: ROCm q8 fp16 cache budget exhausted; using q8 kernels (request=64.00 MiB cached=0.00 GiB free=0.89 GiB reserve=1.59 GiB total=31.86 GiB)
ds4: ROCm q8 fp16 cache budget exhausted; using q8 kernels (request=64.00 MiB cached=0.00 GiB free=0.89 GiB reserve=1.59 GiB total=31.86 GiB)
ds4: ROCm q8 fp16 cache budget exhausted; using q8 kernels (request=64.00 MiB cached=0.00 GiB free=0.89 GiB reserve=1.59 GiB total=31.86 GiB)
ds4: ROCm q8 fp16 cache budget exhausted; using q8 kernels (request=64.00 MiB cached=0.00 GiB free=0.89 GiB reserve=1.59 GiB total=31.86 GiB)
ds4: ROCm q8 fp16 cache budget exhausted; using q8 kernels (request=64.00 MiB cached=0.00 GiB free=0.89 GiB reserve=1.59 GiB total=31.86 GiB)
ds4: ROCm q8 fp16 cache budget exhausted; using q8 kernels (request=64.00 MiB cached=0.00 GiB free=0.89 GiB reserve=1.59 GiB total=31.86 GiB)
ds4: ROCm q8 fp16 cache budget exhausted; using q8 kernels (request=64.00 MiB cached=0.00 GiB free=0.89 GiB reserve=1.59 GiB total=31.86 GiB)
ds4: ROCm q8 fp16 cache budget exhausted; using q8 kernels (request=64.00 MiB cached=0.00 GiB free=0.89 GiB reserve=1.59 GiB total=31.86 GiB)
ds4: ROCm q8 fp16 cache budget exhausted; using q8 kernels (request=64.00 MiB cached=0.00 GiB free=0.89 GiB reserve=1.59 GiB total=31.86 GiB)
ds4: ROCm q8 fp16 cache budget exhausted; using q8 kernels (request=64.00 MiB cached=0.00 GiB free=0.89 GiB reserve=1.59 GiB total=31.86 GiB)
ds4: ROCm q8 fp16 cache budget exhausted; using q8 kernels (request=64.00 MiB cached=0.00 GiB free=0.89 GiB reserve=1.59 GiB total=31.86 GiB)
case_095 cases=96 prompt=17 target=13 avg_nll=0.026273 lcp=13 api_target_mae=0.026273 api_top_coverage=52/65 api_top1=1.000 api_topn=0.250 api_pair=1.000
ds4: ROCm q8 fp16 cache budget exhausted; using q8 kernels (request=64.00 MiB cached=0.00 GiB free=0.89 GiB reserve=1.59 GiB total=31.86 GiB)
ds4: ROCm q8 fp16 cache budget exhausted; using q8 kernels (request=64.00 MiB cached=0.00 GiB free=0.89 GiB reserve=1.59 GiB total=31.86 GiB)
ds4: ROCm q8 fp16 cache budget exhausted; using q8 kernels (request=64.00 MiB cached=0.00 GiB free=0.89 GiB reserve=1.59 GiB total=31.86 GiB)
ds4: ROCm q8 fp16 cache budget exhausted; using q8 kernels (request=64.00 MiB cached=0.00 GiB free=0.89 GiB reserve=1.59 GiB total=31.86 GiB)
ds4: ROCm q8 fp16 cache budget exhausted; using q8 kernels (request=64.00 MiB cached=0.00 GiB free=0.89 GiB reserve=1.59 GiB total=31.86 GiB)
ds4: ROCm q8 fp16 cache budget exhausted; using q8 kernels (request=64.00 MiB cached=0.00 GiB free=0.89 GiB reserve=1.59 GiB total=31.86 GiB)
ds4: ROCm q8 fp16 cache budget exhausted; using q8 kernels (request=64.00 MiB cached=0.00 GiB free=0.89 GiB reserve=1.59 GiB total=31.86 GiB)
ds4: ROCm q8 fp16 cache budget exhausted; using q8 kernels (request=64.00 MiB cached=0.00 GiB free=0.89 GiB reserve=1.59 GiB total=31.86 GiB)
ds4: ROCm q8 fp16 cache budget exhausted; using q8 kernels (request=64.00 MiB cached=0.00 GiB free=0.89 GiB reserve=1.59 GiB total=31.86 GiB)
ds4: ROCm q8 fp16 cache budget exhausted; using q8 kernels (request=64.00 MiB cached=0.00 GiB free=0.89 GiB reserve=1.59 GiB total=31.86 GiB)
ds4: ROCm q8 fp16 cache budget exhausted; using q8 kernels (request=64.00 MiB cached=0.00 GiB free=0.89 GiB reserve=1.59 GiB total=31.86 GiB)
ds4: ROCm q8 fp16 cache budget exhausted; using q8 kernels (request=64.00 MiB cached=0.00 GiB free=0.89 GiB reserve=1.59 GiB total=31.86 GiB)
ds4: ROCm q8 fp16 cache budget exhausted; using q8 kernels (request=64.00 MiB cached=0.00 GiB free=0.89 GiB reserve=1.59 GiB total=31.86 GiB)
ds4: ROCm q8 fp16 cache budget exhausted; using q8 kernels (request=64.00 MiB cached=0.00 GiB free=0.89 GiB reserve=1.59 GiB total=31.86 GiB)
ds4: ROCm q8 fp16 cache budget exhausted; using q8 kernels (request=64.00 MiB cached=0.00 GiB free=0.89 GiB reserve=1.59 GiB total=31.86 GiB)
ds4: ROCm q8 fp16 cache budget exhausted; using q8 kernels (request=64.00 MiB cached=0.00 GiB free=0.89 GiB reserve=1.59 GiB total=31.86 GiB)
ds4: ROCm q8 fp16 cache budget exhausted; using q8 kernels (request=64.00 MiB cached=0.00 GiB free=0.89 GiB reserve=1.59 GiB total=31.86 GiB)
ds4: ROCm q8 fp16 cache budget exhausted; using q8 kernels (request=64.00 MiB cached=0.00 GiB free=0.89 GiB reserve=1.59 GiB total=31.86 GiB)
ds4: ROCm q8 fp16 cache budget exhausted; using q8 kernels (request=64.00 MiB cached=0.00 GiB free=0.89 GiB reserve=1.59 GiB total=31.86 GiB)
ds4: ROCm q8 fp16 cache budget exhausted; using q8 kernels (request=64.00 MiB cached=0.00 GiB free=0.89 GiB reserve=1.59 GiB total=31.86 GiB)
ds4: ROCm q8 fp16 cache budget exhausted; using q8 kernels (request=64.00 MiB cached=0.00 GiB free=0.89 GiB reserve=1.59 GiB total=31.86 GiB)
ds4: ROCm q8 fp16 cache budget exhausted; using q8 kernels (request=64.00 MiB cached=0.00 GiB free=0.89 GiB reserve=1.59 GiB total=31.86 GiB)
ds4: ROCm q8 fp16 cache budget exhausted; using q8 kernels (request=64.00 MiB cached=0.00 GiB free=0.89 GiB reserve=1.59 GiB total=31.86 GiB)
ds4: ROCm q8 fp16 cache budget exhausted; using q8 kernels (request=64.00 MiB cached=0.00 GiB free=0.89 GiB reserve=1.59 GiB total=31.86 GiB)
ds4: ROCm q8 fp16 cache budget exhausted; using q8 kernels (request=64.00 MiB cached=0.00 GiB free=0.89 GiB reserve=1.59 GiB total=31.86 GiB)
ds4: ROCm q8 fp16 cache budget exhausted; using q8 kernels (request=64.00 MiB cached=0.00 GiB free=0.89 GiB reserve=1.59 GiB total=31.86 GiB)
ds4: ROCm q8 fp16 cache budget exhausted; using q8 kernels (request=64.00 MiB cached=0.00 GiB free=0.89 GiB reserve=1.59 GiB total=31.86 GiB)
ds4: ROCm q8 fp16 cache budget exhausted; using q8 kernels (request=64.00 MiB cached=0.00 GiB free=0.89 GiB reserve=1.59 GiB total=31.86 GiB)
ds4: ROCm q8 fp16 cache budget exhausted; using q8 kernels (request=64.00 MiB cached=0.00 GiB free=0.89 GiB reserve=1.59 GiB total=31.86 GiB)
ds4: ROCm q8 fp16 cache budget exhausted; using q8 kernels (request=64.00 MiB cached=0.00 GiB free=0.89 GiB reserve=1.59 GiB total=31.86 GiB)
ds4: ROCm q8 fp16 cache budget exhausted; using q8 kernels (request=64.00 MiB cached=0.00 GiB free=0.89 GiB reserve=1.59 GiB total=31.86 GiB)
ds4: ROCm q8 fp16 cache budget exhausted; using q8 kernels (request=64.00 MiB cached=0.00 GiB free=0.89 GiB reserve=1.59 GiB total=31.86 GiB)
ds4: ROCm q8 fp16 cache budget exhausted; using q8 kernels (request=64.00 MiB cached=0.00 GiB free=0.89 GiB reserve=1.59 GiB total=31.86 GiB)
ds4: ROCm q8 fp16 cache budget exhausted; using q8 kernels (request=64.00 MiB cached=0.00 GiB free=0.89 GiB reserve=1.59 GiB total=31.86 GiB)
ds4: ROCm q8 fp16 cache budget exhausted; using q8 kernels (request=64.00 MiB cached=0.00 GiB free=0.89 GiB reserve=1.59 GiB total=31.86 GiB)
ds4: ROCm q8 fp16 cache budget exhausted; using q8 kernels (request=64.00 MiB cached=0.00 GiB free=0.89 GiB reserve=1.59 GiB total=31.86 GiB)
ds4: ROCm q8 fp16 cache budget exhausted; using q8 kernels (request=64.00 MiB cached=0.00 GiB free=0.89 GiB reserve=1.59 GiB total=31.86 GiB)
ds4: ROCm q8 fp16 cache budget exhausted; using q8 kernels (request=64.00 MiB cached=0.00 GiB free=0.89 GiB reserve=1.59 GiB total=31.86 GiB)
ds4: ROCm q8 fp16 cache budget exhausted; using q8 kernels (request=64.00 MiB cached=0.00 GiB free=0.89 GiB reserve=1.59 GiB total=31.86 GiB)
ds4: ROCm q8 fp16 cache budget exhausted; using q8 kernels (request=64.00 MiB cached=0.00 GiB free=0.89 GiB reserve=1.59 GiB total=31.86 GiB)
ds4: ROCm q8 fp16 cache budget exhausted; using q8 kernels (request=64.00 MiB cached=0.00 GiB free=0.89 GiB reserve=1.59 GiB total=31.86 GiB)
ds4: ROCm q8 fp16 cache budget exhausted; using q8 kernels (request=64.00 MiB cached=0.00 GiB free=0.89 GiB reserve=1.59 GiB total=31.86 GiB)
ds4: ROCm q8 fp16 cache budget exhausted; using q8 kernels (request=64.00 MiB cached=0.00 GiB free=0.89 GiB reserve=1.59 GiB total=31.86 GiB)
case_096 cases=97 prompt=15 target=6 avg_nll=0.168030 lcp=6 api_target_mae=0.168030 api_top_coverage=24/30 api_top1=1.000 api_topn=0.250 api_pair=1.000
ds4: ROCm q8 fp16 cache budget exhausted; using q8 kernels (request=64.00 MiB cached=0.00 GiB free=0.89 GiB reserve=1.59 GiB total=31.86 GiB)
ds4: ROCm q8 fp16 cache budget exhausted; using q8 kernels (request=64.00 MiB cached=0.00 GiB free=0.89 GiB reserve=1.59 GiB total=31.86 GiB)
ds4: ROCm q8 fp16 cache budget exhausted; using q8 kernels (request=64.00 MiB cached=0.00 GiB free=0.89 GiB reserve=1.59 GiB total=31.86 GiB)
ds4: ROCm q8 fp16 cache budget exhausted; using q8 kernels (request=64.00 MiB cached=0.00 GiB free=0.89 GiB reserve=1.59 GiB total=31.86 GiB)
ds4: ROCm q8 fp16 cache budget exhausted; using q8 kernels (request=64.00 MiB cached=0.00 GiB free=0.89 GiB reserve=1.59 GiB total=31.86 GiB)
ds4: ROCm q8 fp16 cache budget exhausted; using q8 kernels (request=64.00 MiB cached=0.00 GiB free=0.89 GiB reserve=1.59 GiB total=31.86 GiB)
ds4: ROCm q8 fp16 cache budget exhausted; using q8 kernels (request=64.00 MiB cached=0.00 GiB free=0.89 GiB reserve=1.59 GiB total=31.86 GiB)
ds4: ROCm q8 fp16 cache budget exhausted; using q8 kernels (request=64.00 MiB cached=0.00 GiB free=0.89 GiB reserve=1.59 GiB total=31.86 GiB)
ds4: ROCm q8 fp16 cache budget exhausted; using q8 kernels (request=64.00 MiB cached=0.00 GiB free=0.89 GiB reserve=1.59 GiB total=31.86 GiB)
ds4: ROCm q8 fp16 cache budget exhausted; using q8 kernels (request=64.00 MiB cached=0.00 GiB free=0.89 GiB reserve=1.59 GiB total=31.86 GiB)
ds4: ROCm q8 fp16 cache budget exhausted; using q8 kernels (request=64.00 MiB cached=0.00 GiB free=0.89 GiB reserve=1.59 GiB total=31.86 GiB)
ds4: ROCm q8 fp16 cache budget exhausted; using q8 kernels (request=64.00 MiB cached=0.00 GiB free=0.89 GiB reserve=1.59 GiB total=31.86 GiB)
ds4: ROCm q8 fp16 cache budget exhausted; using q8 kernels (request=64.00 MiB cached=0.00 GiB free=0.89 GiB reserve=1.59 GiB total=31.86 GiB)
ds4: ROCm q8 fp16 cache budget exhausted; using q8 kernels (request=64.00 MiB cached=0.00 GiB free=0.89 GiB reserve=1.59 GiB total=31.86 GiB)
ds4: ROCm q8 fp16 cache budget exhausted; using q8 kernels (request=64.00 MiB cached=0.00 GiB free=0.89 GiB reserve=1.59 GiB total=31.86 GiB)
ds4: ROCm q8 fp16 cache budget exhausted; using q8 kernels (request=64.00 MiB cached=0.00 GiB free=0.89 GiB reserve=1.59 GiB total=31.86 GiB)
ds4: ROCm q8 fp16 cache budget exhausted; using q8 kernels (request=64.00 MiB cached=0.00 GiB free=0.89 GiB reserve=1.59 GiB total=31.86 GiB)
ds4: ROCm q8 fp16 cache budget exhausted; using q8 kernels (request=64.00 MiB cached=0.00 GiB free=0.89 GiB reserve=1.59 GiB total=31.86 GiB)
ds4: ROCm q8 fp16 cache budget exhausted; using q8 kernels (request=64.00 MiB cached=0.00 GiB free=0.89 GiB reserve=1.59 GiB total=31.86 GiB)
ds4: ROCm q8 fp16 cache budget exhausted; using q8 kernels (request=64.00 MiB cached=0.00 GiB free=0.89 GiB reserve=1.59 GiB total=31.86 GiB)
ds4: ROCm q8 fp16 cache budget exhausted; using q8 kernels (request=64.00 MiB cached=0.00 GiB free=0.89 GiB reserve=1.59 GiB total=31.86 GiB)
ds4: ROCm q8 fp16 cache budget exhausted; using q8 kernels (request=64.00 MiB cached=0.00 GiB free=0.89 GiB reserve=1.59 GiB total=31.86 GiB)
ds4: ROCm q8 fp16 cache budget exhausted; using q8 kernels (request=64.00 MiB cached=0.00 GiB free=0.89 GiB reserve=1.59 GiB total=31.86 GiB)
ds4: ROCm q8 fp16 cache budget exhausted; using q8 kernels (request=64.00 MiB cached=0.00 GiB free=0.89 GiB reserve=1.59 GiB total=31.86 GiB)
ds4: ROCm q8 fp16 cache budget exhausted; using q8 kernels (request=64.00 MiB cached=0.00 GiB free=0.89 GiB reserve=1.59 GiB total=31.86 GiB)
ds4: ROCm q8 fp16 cache budget exhausted; using q8 kernels (request=64.00 MiB cached=0.00 GiB free=0.89 GiB reserve=1.59 GiB total=31.86 GiB)
ds4: ROCm q8 fp16 cache budget exhausted; using q8 kernels (request=64.00 MiB cached=0.00 GiB free=0.89 GiB reserve=1.59 GiB total=31.86 GiB)
ds4: ROCm q8 fp16 cache budget exhausted; using q8 kernels (request=64.00 MiB cached=0.00 GiB free=0.89 GiB reserve=1.59 GiB total=31.86 GiB)
ds4: ROCm q8 fp16 cache budget exhausted; using q8 kernels (request=64.00 MiB cached=0.00 GiB free=0.89 GiB reserve=1.59 GiB total=31.86 GiB)
ds4: ROCm q8 fp16 cache budget exhausted; using q8 kernels (request=64.00 MiB cached=0.00 GiB free=0.89 GiB reserve=1.59 GiB total=31.86 GiB)
ds4: ROCm q8 fp16 cache budget exhausted; using q8 kernels (request=64.00 MiB cached=0.00 GiB free=0.89 GiB reserve=1.59 GiB total=31.86 GiB)
ds4: ROCm q8 fp16 cache budget exhausted; using q8 kernels (request=64.00 MiB cached=0.00 GiB free=0.89 GiB reserve=1.59 GiB total=31.86 GiB)
ds4: ROCm q8 fp16 cache budget exhausted; using q8 kernels (request=64.00 MiB cached=0.00 GiB free=0.89 GiB reserve=1.59 GiB total=31.86 GiB)
ds4: ROCm q8 fp16 cache budget exhausted; using q8 kernels (request=64.00 MiB cached=0.00 GiB free=0.89 GiB reserve=1.59 GiB total=31.86 GiB)
ds4: ROCm q8 fp16 cache budget exhausted; using q8 kernels (request=64.00 MiB cached=0.00 GiB free=0.89 GiB reserve=1.59 GiB total=31.86 GiB)
ds4: ROCm q8 fp16 cache budget exhausted; using q8 kernels (request=64.00 MiB cached=0.00 GiB free=0.89 GiB reserve=1.59 GiB total=31.86 GiB)
ds4: ROCm q8 fp16 cache budget exhausted; using q8 kernels (request=64.00 MiB cached=0.00 GiB free=0.89 GiB reserve=1.59 GiB total=31.86 GiB)
ds4: ROCm q8 fp16 cache budget exhausted; using q8 kernels (request=64.00 MiB cached=0.00 GiB free=0.89 GiB reserve=1.59 GiB total=31.86 GiB)
ds4: ROCm q8 fp16 cache budget exhausted; using q8 kernels (request=64.00 MiB cached=0.00 GiB free=0.89 GiB reserve=1.59 GiB total=31.86 GiB)
ds4: ROCm q8 fp16 cache budget exhausted; using q8 kernels (request=64.00 MiB cached=0.00 GiB free=0.89 GiB reserve=1.59 GiB total=31.86 GiB)
ds4: ROCm q8 fp16 cache budget exhausted; using q8 kernels (request=64.00 MiB cached=0.00 GiB free=0.89 GiB reserve=1.59 GiB total=31.86 GiB)
ds4: ROCm q8 fp16 cache budget exhausted; using q8 kernels (request=64.00 MiB cached=0.00 GiB free=0.89 GiB reserve=1.59 GiB total=31.86 GiB)
ds4: ROCm q8 fp16 cache budget exhausted; using q8 kernels (request=64.00 MiB cached=0.00 GiB free=0.89 GiB reserve=1.59 GiB total=31.86 GiB)
case_097 cases=98 prompt=22 target=10 avg_nll=0.001230 lcp=10 api_target_mae=0.001230 api_top_coverage=49/50 api_top1=1.000 api_topn=0.755 api_pair=1.000
ds4: ROCm q8 fp16 cache budget exhausted; using q8 kernels (request=64.00 MiB cached=0.00 GiB free=0.89 GiB reserve=1.59 GiB total=31.86 GiB)
ds4: ROCm q8 fp16 cache budget exhausted; using q8 kernels (request=64.00 MiB cached=0.00 GiB free=0.89 GiB reserve=1.59 GiB total=31.86 GiB)
ds4: ROCm q8 fp16 cache budget exhausted; using q8 kernels (request=64.00 MiB cached=0.00 GiB free=0.89 GiB reserve=1.59 GiB total=31.86 GiB)
ds4: ROCm q8 fp16 cache budget exhausted; using q8 kernels (request=64.00 MiB cached=0.00 GiB free=0.89 GiB reserve=1.59 GiB total=31.86 GiB)
ds4: ROCm q8 fp16 cache budget exhausted; using q8 kernels (request=64.00 MiB cached=0.00 GiB free=0.89 GiB reserve=1.59 GiB total=31.86 GiB)
ds4: ROCm q8 fp16 cache budget exhausted; using q8 kernels (request=64.00 MiB cached=0.00 GiB free=0.89 GiB reserve=1.59 GiB total=31.86 GiB)
ds4: ROCm q8 fp16 cache budget exhausted; using q8 kernels (request=64.00 MiB cached=0.00 GiB free=0.89 GiB reserve=1.59 GiB total=31.86 GiB)
ds4: ROCm q8 fp16 cache budget exhausted; using q8 kernels (request=64.00 MiB cached=0.00 GiB free=0.89 GiB reserve=1.59 GiB total=31.86 GiB)
ds4: ROCm q8 fp16 cache budget exhausted; using q8 kernels (request=64.00 MiB cached=0.00 GiB free=0.89 GiB reserve=1.59 GiB total=31.86 GiB)
ds4: ROCm q8 fp16 cache budget exhausted; using q8 kernels (request=64.00 MiB cached=0.00 GiB free=0.89 GiB reserve=1.59 GiB total=31.86 GiB)
ds4: ROCm q8 fp16 cache budget exhausted; using q8 kernels (request=64.00 MiB cached=0.00 GiB free=0.89 GiB reserve=1.59 GiB total=31.86 GiB)
ds4: ROCm q8 fp16 cache budget exhausted; using q8 kernels (request=64.00 MiB cached=0.00 GiB free=0.89 GiB reserve=1.59 GiB total=31.86 GiB)
ds4: ROCm q8 fp16 cache budget exhausted; using q8 kernels (request=64.00 MiB cached=0.00 GiB free=0.89 GiB reserve=1.59 GiB total=31.86 GiB)
ds4: ROCm q8 fp16 cache budget exhausted; using q8 kernels (request=64.00 MiB cached=0.00 GiB free=0.89 GiB reserve=1.59 GiB total=31.86 GiB)
ds4: ROCm q8 fp16 cache budget exhausted; using q8 kernels (request=64.00 MiB cached=0.00 GiB free=0.89 GiB reserve=1.59 GiB total=31.86 GiB)
ds4: ROCm q8 fp16 cache budget exhausted; using q8 kernels (request=64.00 MiB cached=0.00 GiB free=0.89 GiB reserve=1.59 GiB total=31.86 GiB)
ds4: ROCm q8 fp16 cache budget exhausted; using q8 kernels (request=64.00 MiB cached=0.00 GiB free=0.89 GiB reserve=1.59 GiB total=31.86 GiB)
ds4: ROCm q8 fp16 cache budget exhausted; using q8 kernels (request=64.00 MiB cached=0.00 GiB free=0.89 GiB reserve=1.59 GiB total=31.86 GiB)
ds4: ROCm q8 fp16 cache budget exhausted; using q8 kernels (request=64.00 MiB cached=0.00 GiB free=0.89 GiB reserve=1.59 GiB total=31.86 GiB)
ds4: ROCm q8 fp16 cache budget exhausted; using q8 kernels (request=64.00 MiB cached=0.00 GiB free=0.89 GiB reserve=1.59 GiB total=31.86 GiB)
ds4: ROCm q8 fp16 cache budget exhausted; using q8 kernels (request=64.00 MiB cached=0.00 GiB free=0.89 GiB reserve=1.59 GiB total=31.86 GiB)
ds4: ROCm q8 fp16 cache budget exhausted; using q8 kernels (request=64.00 MiB cached=0.00 GiB free=0.89 GiB reserve=1.59 GiB total=31.86 GiB)
ds4: ROCm q8 fp16 cache budget exhausted; using q8 kernels (request=64.00 MiB cached=0.00 GiB free=0.89 GiB reserve=1.59 GiB total=31.86 GiB)
ds4: ROCm q8 fp16 cache budget exhausted; using q8 kernels (request=64.00 MiB cached=0.00 GiB free=0.89 GiB reserve=1.59 GiB total=31.86 GiB)
ds4: ROCm q8 fp16 cache budget exhausted; using q8 kernels (request=64.00 MiB cached=0.00 GiB free=0.89 GiB reserve=1.59 GiB total=31.86 GiB)
ds4: ROCm q8 fp16 cache budget exhausted; using q8 kernels (request=64.00 MiB cached=0.00 GiB free=0.89 GiB reserve=1.59 GiB total=31.86 GiB)
ds4: ROCm q8 fp16 cache budget exhausted; using q8 kernels (request=64.00 MiB cached=0.00 GiB free=0.89 GiB reserve=1.59 GiB total=31.86 GiB)
ds4: ROCm q8 fp16 cache budget exhausted; using q8 kernels (request=64.00 MiB cached=0.00 GiB free=0.89 GiB reserve=1.59 GiB total=31.86 GiB)
ds4: ROCm q8 fp16 cache budget exhausted; using q8 kernels (request=64.00 MiB cached=0.00 GiB free=0.89 GiB reserve=1.59 GiB total=31.86 GiB)
ds4: ROCm q8 fp16 cache budget exhausted; using q8 kernels (request=64.00 MiB cached=0.00 GiB free=0.89 GiB reserve=1.59 GiB total=31.86 GiB)
ds4: ROCm q8 fp16 cache budget exhausted; using q8 kernels (request=64.00 MiB cached=0.00 GiB free=0.89 GiB reserve=1.59 GiB total=31.86 GiB)
ds4: ROCm q8 fp16 cache budget exhausted; using q8 kernels (request=64.00 MiB cached=0.00 GiB free=0.89 GiB reserve=1.59 GiB total=31.86 GiB)
ds4: ROCm q8 fp16 cache budget exhausted; using q8 kernels (request=64.00 MiB cached=0.00 GiB free=0.89 GiB reserve=1.59 GiB total=31.86 GiB)
ds4: ROCm q8 fp16 cache budget exhausted; using q8 kernels (request=64.00 MiB cached=0.00 GiB free=0.89 GiB reserve=1.59 GiB total=31.86 GiB)
ds4: ROCm q8 fp16 cache budget exhausted; using q8 kernels (request=64.00 MiB cached=0.00 GiB free=0.89 GiB reserve=1.59 GiB total=31.86 GiB)
ds4: ROCm q8 fp16 cache budget exhausted; using q8 kernels (request=64.00 MiB cached=0.00 GiB free=0.89 GiB reserve=1.59 GiB total=31.86 GiB)
ds4: ROCm q8 fp16 cache budget exhausted; using q8 kernels (request=64.00 MiB cached=0.00 GiB free=0.89 GiB reserve=1.59 GiB total=31.86 GiB)
ds4: ROCm q8 fp16 cache budget exhausted; using q8 kernels (request=64.00 MiB cached=0.00 GiB free=0.89 GiB reserve=1.59 GiB total=31.86 GiB)
ds4: ROCm q8 fp16 cache budget exhausted; using q8 kernels (request=64.00 MiB cached=0.00 GiB free=0.89 GiB reserve=1.59 GiB total=31.86 GiB)
ds4: ROCm q8 fp16 cache budget exhausted; using q8 kernels (request=64.00 MiB cached=0.00 GiB free=0.89 GiB reserve=1.59 GiB total=31.86 GiB)
ds4: ROCm q8 fp16 cache budget exhausted; using q8 kernels (request=64.00 MiB cached=0.00 GiB free=0.89 GiB reserve=1.59 GiB total=31.86 GiB)
ds4: ROCm q8 fp16 cache budget exhausted; using q8 kernels (request=64.00 MiB cached=0.00 GiB free=0.89 GiB reserve=1.59 GiB total=31.86 GiB)
ds4: ROCm q8 fp16 cache budget exhausted; using q8 kernels (request=64.00 MiB cached=0.00 GiB free=0.89 GiB reserve=1.59 GiB total=31.86 GiB)
case_098 cases=99 prompt=20 target=8 avg_nll=0.055204 lcp=8 api_target_mae=0.055204 api_top_coverage=38/40 api_top1=1.000 api_topn=0.658 api_pair=1.000
ds4: ROCm q8 fp16 cache budget exhausted; using q8 kernels (request=64.00 MiB cached=0.00 GiB free=0.89 GiB reserve=1.59 GiB total=31.86 GiB)
ds4: ROCm q8 fp16 cache budget exhausted; using q8 kernels (request=64.00 MiB cached=0.00 GiB free=0.89 GiB reserve=1.59 GiB total=31.86 GiB)
ds4: ROCm q8 fp16 cache budget exhausted; using q8 kernels (request=64.00 MiB cached=0.00 GiB free=0.89 GiB reserve=1.59 GiB total=31.86 GiB)
ds4: ROCm q8 fp16 cache budget exhausted; using q8 kernels (request=64.00 MiB cached=0.00 GiB free=0.89 GiB reserve=1.59 GiB total=31.86 GiB)
ds4: ROCm q8 fp16 cache budget exhausted; using q8 kernels (request=64.00 MiB cached=0.00 GiB free=0.89 GiB reserve=1.59 GiB total=31.86 GiB)
ds4: ROCm q8 fp16 cache budget exhausted; using q8 kernels (request=64.00 MiB cached=0.00 GiB free=0.89 GiB reserve=1.59 GiB total=31.86 GiB)
ds4: ROCm q8 fp16 cache budget exhausted; using q8 kernels (request=64.00 MiB cached=0.00 GiB free=0.89 GiB reserve=1.59 GiB total=31.86 GiB)
ds4: ROCm q8 fp16 cache budget exhausted; using q8 kernels (request=64.00 MiB cached=0.00 GiB free=0.89 GiB reserve=1.59 GiB total=31.86 GiB)
ds4: ROCm q8 fp16 cache budget exhausted; using q8 kernels (request=64.00 MiB cached=0.00 GiB free=0.89 GiB reserve=1.59 GiB total=31.86 GiB)
ds4: ROCm q8 fp16 cache budget exhausted; using q8 kernels (request=64.00 MiB cached=0.00 GiB free=0.89 GiB reserve=1.59 GiB total=31.86 GiB)
ds4: ROCm q8 fp16 cache budget exhausted; using q8 kernels (request=64.00 MiB cached=0.00 GiB free=0.89 GiB reserve=1.59 GiB total=31.86 GiB)
ds4: ROCm q8 fp16 cache budget exhausted; using q8 kernels (request=64.00 MiB cached=0.00 GiB free=0.89 GiB reserve=1.59 GiB total=31.86 GiB)
ds4: ROCm q8 fp16 cache budget exhausted; using q8 kernels (request=64.00 MiB cached=0.00 GiB free=0.89 GiB reserve=1.59 GiB total=31.86 GiB)
ds4: ROCm q8 fp16 cache budget exhausted; using q8 kernels (request=64.00 MiB cached=0.00 GiB free=0.89 GiB reserve=1.59 GiB total=31.86 GiB)
ds4: ROCm q8 fp16 cache budget exhausted; using q8 kernels (request=64.00 MiB cached=0.00 GiB free=0.89 GiB reserve=1.59 GiB total=31.86 GiB)
ds4: ROCm q8 fp16 cache budget exhausted; using q8 kernels (request=64.00 MiB cached=0.00 GiB free=0.89 GiB reserve=1.59 GiB total=31.86 GiB)
ds4: ROCm q8 fp16 cache budget exhausted; using q8 kernels (request=64.00 MiB cached=0.00 GiB free=0.89 GiB reserve=1.59 GiB total=31.86 GiB)
ds4: ROCm q8 fp16 cache budget exhausted; using q8 kernels (request=64.00 MiB cached=0.00 GiB free=0.89 GiB reserve=1.59 GiB total=31.86 GiB)
ds4: ROCm q8 fp16 cache budget exhausted; using q8 kernels (request=64.00 MiB cached=0.00 GiB free=0.89 GiB reserve=1.59 GiB total=31.86 GiB)
ds4: ROCm q8 fp16 cache budget exhausted; using q8 kernels (request=64.00 MiB cached=0.00 GiB free=0.89 GiB reserve=1.59 GiB total=31.86 GiB)
ds4: ROCm q8 fp16 cache budget exhausted; using q8 kernels (request=64.00 MiB cached=0.00 GiB free=0.89 GiB reserve=1.59 GiB total=31.86 GiB)
ds4: ROCm q8 fp16 cache budget exhausted; using q8 kernels (request=64.00 MiB cached=0.00 GiB free=0.89 GiB reserve=1.59 GiB total=31.86 GiB)
ds4: ROCm q8 fp16 cache budget exhausted; using q8 kernels (request=64.00 MiB cached=0.00 GiB free=0.89 GiB reserve=1.59 GiB total=31.86 GiB)
ds4: ROCm q8 fp16 cache budget exhausted; using q8 kernels (request=64.00 MiB cached=0.00 GiB free=0.89 GiB reserve=1.59 GiB total=31.86 GiB)
ds4: ROCm q8 fp16 cache budget exhausted; using q8 kernels (request=64.00 MiB cached=0.00 GiB free=0.89 GiB reserve=1.59 GiB total=31.86 GiB)
ds4: ROCm q8 fp16 cache budget exhausted; using q8 kernels (request=64.00 MiB cached=0.00 GiB free=0.89 GiB reserve=1.59 GiB total=31.86 GiB)
ds4: ROCm q8 fp16 cache budget exhausted; using q8 kernels (request=64.00 MiB cached=0.00 GiB free=0.89 GiB reserve=1.59 GiB total=31.86 GiB)
ds4: ROCm q8 fp16 cache budget exhausted; using q8 kernels (request=64.00 MiB cached=0.00 GiB free=0.89 GiB reserve=1.59 GiB total=31.86 GiB)
ds4: ROCm q8 fp16 cache budget exhausted; using q8 kernels (request=64.00 MiB cached=0.00 GiB free=0.89 GiB reserve=1.59 GiB total=31.86 GiB)
ds4: ROCm q8 fp16 cache budget exhausted; using q8 kernels (request=64.00 MiB cached=0.00 GiB free=0.89 GiB reserve=1.59 GiB total=31.86 GiB)
ds4: ROCm q8 fp16 cache budget exhausted; using q8 kernels (request=64.00 MiB cached=0.00 GiB free=0.89 GiB reserve=1.59 GiB total=31.86 GiB)
ds4: ROCm q8 fp16 cache budget exhausted; using q8 kernels (request=64.00 MiB cached=0.00 GiB free=0.89 GiB reserve=1.59 GiB total=31.86 GiB)
ds4: ROCm q8 fp16 cache budget exhausted; using q8 kernels (request=64.00 MiB cached=0.00 GiB free=0.89 GiB reserve=1.59 GiB total=31.86 GiB)
ds4: ROCm q8 fp16 cache budget exhausted; using q8 kernels (request=64.00 MiB cached=0.00 GiB free=0.89 GiB reserve=1.59 GiB total=31.86 GiB)
ds4: ROCm q8 fp16 cache budget exhausted; using q8 kernels (request=64.00 MiB cached=0.00 GiB free=0.89 GiB reserve=1.59 GiB total=31.86 GiB)
ds4: ROCm q8 fp16 cache budget exhausted; using q8 kernels (request=64.00 MiB cached=0.00 GiB free=0.89 GiB reserve=1.59 GiB total=31.86 GiB)
ds4: ROCm q8 fp16 cache budget exhausted; using q8 kernels (request=64.00 MiB cached=0.00 GiB free=0.89 GiB reserve=1.59 GiB total=31.86 GiB)
ds4: ROCm q8 fp16 cache budget exhausted; using q8 kernels (request=64.00 MiB cached=0.00 GiB free=0.89 GiB reserve=1.59 GiB total=31.86 GiB)
ds4: ROCm q8 fp16 cache budget exhausted; using q8 kernels (request=64.00 MiB cached=0.00 GiB free=0.89 GiB reserve=1.59 GiB total=31.86 GiB)
ds4: ROCm q8 fp16 cache budget exhausted; using q8 kernels (request=64.00 MiB cached=0.00 GiB free=0.89 GiB reserve=1.59 GiB total=31.86 GiB)
ds4: ROCm q8 fp16 cache budget exhausted; using q8 kernels (request=64.00 MiB cached=0.00 GiB free=0.89 GiB reserve=1.59 GiB total=31.86 GiB)
ds4: ROCm q8 fp16 cache budget exhausted; using q8 kernels (request=64.00 MiB cached=0.00 GiB free=0.89 GiB reserve=1.59 GiB total=31.86 GiB)
ds4: ROCm q8 fp16 cache budget exhausted; using q8 kernels (request=64.00 MiB cached=0.00 GiB free=0.89 GiB reserve=1.59 GiB total=31.86 GiB)
case_099 cases=100 prompt=22 target=15 avg_nll=0.283911 lcp=14 api_target_mae=0.283911 api_top_coverage=60/75 api_top1=0.933 api_topn=0.267 api_pair=1.000
summary cases=100 tokens=2289 avg_nll=0.372918940 first_match=66 avg_lcp=6.350
api_summary ref_tokens=2289 target_tokens=2289 target_mae=0.372918940 target_mean_delta=-0.372918940 top_items=11445 top_mapped=9484 top_coverage=0.828658803 top1_match=1967/2289 top1_rate=0.859327217 topn_hit=3036/9484 topn_recall=0.320118094 top_logprob_count=9484 top_mae=7566.720635430 top_mean_delta=7566.540624579 pair_agree=7133/7207 pair_rate=0.989732205
