# Provenance
# HEAD SHA: eaa847544b80eb39cfb5b826b7fe865aa4551099
# Build command: make -j8 ROCM_ARCH=gfx1201 rocm rocm-quality
# Binary mtime: 2026-08-03 22:11:56.357621207 +0000
# Invocation: AMD_SERIALIZE_KERNEL=3 gguf-tools/quality-testing/score_official /var/cache/llama/ds4-gguf/DeepSeek-V4-Flash-IQ2XXS-w2Q2K-AProjQ8-SExpQ8-OutQ8-chat-v2-imatrix.gguf gguf-tools/quality-testing/data/flash/manifest.tsv .scratch/rocm-tensor-parallel/quality-out/q_tp4_55_full.tsv 4096 --gpu-devices 0,1,2,3 --cuda-tensor-parallel
# Mode: TP=4 (--cuda-tensor-parallel)
# Purpose: issue #55 AC4 TP=4 half re-validation at HEAD (eaa8475)
# Started: 2026-08-04T00:10:27Z

ds4: Linux rocm backend set oom_score_adj=1000
ds4: per_tier_overhead = 2.00 GiB (cuda_tensor_parallel=1)
ds4: GPU0 original vram_bytes = 29.79 GiB
ds4: GPU0 post-overhead vram_bytes = 27.79 GiB
ds4: GPU1 original vram_bytes = 29.79 GiB
ds4: GPU1 post-overhead vram_bytes = 27.79 GiB
ds4: GPU2 original vram_bytes = 29.79 GiB
ds4: GPU2 post-overhead vram_bytes = 27.79 GiB
ds4: GPU3 original vram_bytes = 29.79 GiB
ds4: GPU3 post-overhead vram_bytes = 27.79 GiB
ds4: ROCm backend initialized on AMD Radeon AI Pro R9700 dev=0 (tier 0)
ds4: ROCm backend initialized on AMD Radeon AI Pro R9700 dev=1 (tier 1)
ds4: ROCm backend initialized on AMD Radeon AI Pro R9700 dev=2 (tier 2)
ds4: ROCm backend initialized on AMD Radeon AI Pro R9700 dev=3 (tier 3)
ds4: ROCm peer access tier 0<->1: direct
ds4: ROCm peer access tier 0<->2: direct
ds4: ROCm peer access tier 0<->3: direct
ds4: ROCm backend initialized on AMD Radeon AI Pro R9700 (sm_120)
multi-GPU layout:
  GPU0: layers 0-42 + embedding + output head  (26.2 / 27.8 GB)
  GPU1: (no transformer layers)  (0.0 / 27.8 GB)
  GPU2: (no transformer layers)  (0.0 / 27.8 GB)
  GPU3: (no transformer layers)  (0.0 / 27.8 GB)
ds4: per-tier graph scratch reserved: 2.00 GiB (pre-subtracted from each GPU budget)
ds4: peer access matrix (validated): 0->1 DIRECT 0->2 DIRECT 0->3 DIRECT 1->0 DIRECT 1->2 DIRECT 1->3 DIRECT 2->0 DIRECT 2->1 DIRECT 2->3 DIRECT 3->0 DIRECT 3->1 DIRECT 3->2 DIRECT
ds4: ROCm TP=4 placement: all 4 tiers hold every layer, sharded tensors split 4-way per rank
ds4: CUDA tier 0 (device 0) selective weights: 25.94 GiB in 1328 ranges
ds4: CUDA tier 1 (device 1) selective weights: 25.94 GiB in 1328 ranges
ds4: CUDA tier 2 (device 2) selective weights: 25.94 GiB in 1328 ranges
ds4: CUDA tier 3 (device 3) selective weights: 25.94 GiB in 1328 ranges
ds4: ROCm TP=4 enabled: all 4 tiers active (single-stage all-replicated)
ds4: ROCm q8 fp16 cache budget exhausted; using q8 kernels (request=16.00 MiB cached=0.19 GiB free=1.30 GiB reserve=1.59 GiB total=31.86 GiB)
ds4: ROCm q8 fp16 cache budget exhausted; using q8 kernels (request=64.00 MiB cached=0.00 GiB free=1.30 GiB reserve=1.59 GiB total=31.86 GiB)
ds4: ROCm q8 fp16 cache budget exhausted; using q8 kernels (request=64.00 MiB cached=0.00 GiB free=1.49 GiB reserve=1.59 GiB total=31.86 GiB)
ds4: ROCm q8 fp16 cache budget exhausted; using q8 kernels (request=64.00 MiB cached=0.00 GiB free=1.42 GiB reserve=1.59 GiB total=31.86 GiB)
ds4: ROCm q8 fp16 cache budget exhausted; using q8 kernels (request=64.00 MiB cached=0.00 GiB free=1.42 GiB reserve=1.59 GiB total=31.86 GiB)
ds4: ROCm q8 fp16 cache budget exhausted; using q8 kernels (request=64.00 MiB cached=0.00 GiB free=1.42 GiB reserve=1.59 GiB total=31.86 GiB)
ds4: ROCm q8 fp16 cache budget exhausted; using q8 kernels (request=64.00 MiB cached=0.00 GiB free=1.42 GiB reserve=1.59 GiB total=31.86 GiB)
ds4: ROCm q8 fp16 cache budget exhausted; using q8 kernels (request=64.00 MiB cached=0.00 GiB free=1.42 GiB reserve=1.59 GiB total=31.86 GiB)
ds4: ROCm q8 fp16 cache budget exhausted; using q8 kernels (request=64.00 MiB cached=0.00 GiB free=1.42 GiB reserve=1.59 GiB total=31.86 GiB)
ds4: ROCm q8 fp16 cache budget exhausted; using q8 kernels (request=64.00 MiB cached=0.00 GiB free=1.42 GiB reserve=1.59 GiB total=31.86 GiB)
ds4: ROCm q8 fp16 cache budget exhausted; using q8 kernels (request=64.00 MiB cached=0.00 GiB free=1.42 GiB reserve=1.59 GiB total=31.86 GiB)
ds4: ROCm q8 fp16 cache budget exhausted; using q8 kernels (request=64.00 MiB cached=0.00 GiB free=1.42 GiB reserve=1.59 GiB total=31.86 GiB)
ds4: ROCm q8 fp16 cache budget exhausted; using q8 kernels (request=64.00 MiB cached=0.00 GiB free=1.42 GiB reserve=1.59 GiB total=31.86 GiB)
ds4: ROCm q8 fp16 cache budget exhausted; using q8 kernels (request=64.00 MiB cached=0.00 GiB free=1.42 GiB reserve=1.59 GiB total=31.86 GiB)
ds4: ROCm q8 fp16 cache budget exhausted; using q8 kernels (request=64.00 MiB cached=0.00 GiB free=1.42 GiB reserve=1.59 GiB total=31.86 GiB)
ds4: ROCm q8 fp16 cache budget exhausted; using q8 kernels (request=64.00 MiB cached=0.00 GiB free=1.42 GiB reserve=1.59 GiB total=31.86 GiB)
ds4: ROCm q8 fp16 cache budget exhausted; using q8 kernels (request=64.00 MiB cached=0.00 GiB free=1.42 GiB reserve=1.59 GiB total=31.86 GiB)
ds4: ROCm q8 fp16 cache budget exhausted; using q8 kernels (request=64.00 MiB cached=0.00 GiB free=1.42 GiB reserve=1.59 GiB total=31.86 GiB)
ds4: ROCm q8 fp16 cache budget exhausted; using q8 kernels (request=64.00 MiB cached=0.00 GiB free=1.42 GiB reserve=1.59 GiB total=31.86 GiB)
ds4: ROCm q8 fp16 cache budget exhausted; using q8 kernels (request=64.00 MiB cached=0.00 GiB free=1.42 GiB reserve=1.59 GiB total=31.86 GiB)
ds4: ROCm q8 fp16 cache budget exhausted; using q8 kernels (request=64.00 MiB cached=0.00 GiB free=1.42 GiB reserve=1.59 GiB total=31.86 GiB)
ds4: ROCm q8 fp16 cache budget exhausted; using q8 kernels (request=64.00 MiB cached=0.00 GiB free=1.42 GiB reserve=1.59 GiB total=31.86 GiB)
ds4: ROCm q8 fp16 cache budget exhausted; using q8 kernels (request=64.00 MiB cached=0.00 GiB free=1.42 GiB reserve=1.59 GiB total=31.86 GiB)
ds4: ROCm q8 fp16 cache budget exhausted; using q8 kernels (request=64.00 MiB cached=0.00 GiB free=1.42 GiB reserve=1.59 GiB total=31.86 GiB)
ds4: ROCm q8 fp16 cache budget exhausted; using q8 kernels (request=64.00 MiB cached=0.00 GiB free=1.42 GiB reserve=1.59 GiB total=31.86 GiB)
ds4: ROCm q8 fp16 cache budget exhausted; using q8 kernels (request=64.00 MiB cached=0.00 GiB free=1.42 GiB reserve=1.59 GiB total=31.86 GiB)
ds4: ROCm q8 fp16 cache budget exhausted; using q8 kernels (request=64.00 MiB cached=0.00 GiB free=1.42 GiB reserve=1.59 GiB total=31.86 GiB)
ds4: ROCm q8 fp16 cache budget exhausted; using q8 kernels (request=64.00 MiB cached=0.00 GiB free=1.42 GiB reserve=1.59 GiB total=31.86 GiB)
ds4: ROCm q8 fp16 cache budget exhausted; using q8 kernels (request=64.00 MiB cached=0.00 GiB free=1.42 GiB reserve=1.59 GiB total=31.86 GiB)
ds4: ROCm q8 fp16 cache budget exhausted; using q8 kernels (request=64.00 MiB cached=0.00 GiB free=1.42 GiB reserve=1.59 GiB total=31.86 GiB)
ds4: ROCm q8 fp16 cache budget exhausted; using q8 kernels (request=64.00 MiB cached=0.00 GiB free=1.42 GiB reserve=1.59 GiB total=31.86 GiB)
ds4: ROCm q8 fp16 cache budget exhausted; using q8 kernels (request=64.00 MiB cached=0.00 GiB free=1.42 GiB reserve=1.59 GiB total=31.86 GiB)
ds4: ROCm q8 fp16 cache budget exhausted; using q8 kernels (request=64.00 MiB cached=0.00 GiB free=1.42 GiB reserve=1.59 GiB total=31.86 GiB)
ds4: ROCm q8 fp16 cache budget exhausted; using q8 kernels (request=64.00 MiB cached=0.00 GiB free=1.42 GiB reserve=1.59 GiB total=31.86 GiB)
ds4: ROCm q8 fp16 cache budget exhausted; using q8 kernels (request=64.00 MiB cached=0.00 GiB free=1.42 GiB reserve=1.59 GiB total=31.86 GiB)
ds4: ROCm q8 fp16 cache budget exhausted; using q8 kernels (request=64.00 MiB cached=0.00 GiB free=1.42 GiB reserve=1.59 GiB total=31.86 GiB)
ds4: ROCm q8 fp16 cache budget exhausted; using q8 kernels (request=64.00 MiB cached=0.00 GiB free=1.42 GiB reserve=1.59 GiB total=31.86 GiB)
ds4: ROCm q8 fp16 cache budget exhausted; using q8 kernels (request=64.00 MiB cached=0.00 GiB free=1.42 GiB reserve=1.59 GiB total=31.86 GiB)
ds4: ROCm q8 fp16 cache budget exhausted; using q8 kernels (request=64.00 MiB cached=0.00 GiB free=1.42 GiB reserve=1.59 GiB total=31.86 GiB)
ds4: ROCm q8 fp16 cache budget exhausted; using q8 kernels (request=64.00 MiB cached=0.00 GiB free=1.42 GiB reserve=1.59 GiB total=31.86 GiB)
ds4: ROCm q8 fp16 cache budget exhausted; using q8 kernels (request=64.00 MiB cached=0.00 GiB free=1.42 GiB reserve=1.59 GiB total=31.86 GiB)
ds4: ROCm q8 fp16 cache budget exhausted; using q8 kernels (request=64.00 MiB cached=0.00 GiB free=1.42 GiB reserve=1.59 GiB total=31.86 GiB)
ds4: ROCm q8 fp16 cache budget exhausted; using q8 kernels (request=64.00 MiB cached=0.00 GiB free=1.42 GiB reserve=1.59 GiB total=31.86 GiB)
ds4: ROCm loading model tensors into device cache
case_000 cases=1 prompt=17 target=24 avg_nll=0.398115 lcp=0 api_target_mae=0.398115 api_top_coverage=100/120 api_top1=0.833 api_topn=0.340 api_pair=0.947
ds4: ROCm q8 fp16 cache budget exhausted; using q8 kernels (request=64.00 MiB cached=0.00 GiB free=0.42 GiB reserve=1.59 GiB total=31.86 GiB)
ds4: ROCm q8 fp16 cache budget exhausted; using q8 kernels (request=64.00 MiB cached=0.00 GiB free=0.42 GiB reserve=1.59 GiB total=31.86 GiB)
ds4: ROCm q8 fp16 cache budget exhausted; using q8 kernels (request=64.00 MiB cached=0.00 GiB free=0.42 GiB reserve=1.59 GiB total=31.86 GiB)
ds4: ROCm q8 fp16 cache budget exhausted; using q8 kernels (request=64.00 MiB cached=0.00 GiB free=0.42 GiB reserve=1.59 GiB total=31.86 GiB)
ds4: ROCm q8 fp16 cache budget exhausted; using q8 kernels (request=64.00 MiB cached=0.00 GiB free=0.42 GiB reserve=1.59 GiB total=31.86 GiB)
ds4: ROCm q8 fp16 cache budget exhausted; using q8 kernels (request=64.00 MiB cached=0.00 GiB free=0.42 GiB reserve=1.59 GiB total=31.86 GiB)
ds4: ROCm q8 fp16 cache budget exhausted; using q8 kernels (request=64.00 MiB cached=0.00 GiB free=0.42 GiB reserve=1.59 GiB total=31.86 GiB)
ds4: ROCm q8 fp16 cache budget exhausted; using q8 kernels (request=64.00 MiB cached=0.00 GiB free=0.42 GiB reserve=1.59 GiB total=31.86 GiB)
ds4: ROCm q8 fp16 cache budget exhausted; using q8 kernels (request=64.00 MiB cached=0.00 GiB free=0.42 GiB reserve=1.59 GiB total=31.86 GiB)
ds4: ROCm q8 fp16 cache budget exhausted; using q8 kernels (request=64.00 MiB cached=0.00 GiB free=0.42 GiB reserve=1.59 GiB total=31.86 GiB)
ds4: ROCm q8 fp16 cache budget exhausted; using q8 kernels (request=64.00 MiB cached=0.00 GiB free=0.42 GiB reserve=1.59 GiB total=31.86 GiB)
ds4: ROCm q8 fp16 cache budget exhausted; using q8 kernels (request=64.00 MiB cached=0.00 GiB free=0.42 GiB reserve=1.59 GiB total=31.86 GiB)
ds4: ROCm q8 fp16 cache budget exhausted; using q8 kernels (request=64.00 MiB cached=0.00 GiB free=0.42 GiB reserve=1.59 GiB total=31.86 GiB)
ds4: ROCm q8 fp16 cache budget exhausted; using q8 kernels (request=64.00 MiB cached=0.00 GiB free=0.42 GiB reserve=1.59 GiB total=31.86 GiB)
ds4: ROCm q8 fp16 cache budget exhausted; using q8 kernels (request=64.00 MiB cached=0.00 GiB free=0.42 GiB reserve=1.59 GiB total=31.86 GiB)
ds4: ROCm q8 fp16 cache budget exhausted; using q8 kernels (request=64.00 MiB cached=0.00 GiB free=0.42 GiB reserve=1.59 GiB total=31.86 GiB)
ds4: ROCm q8 fp16 cache budget exhausted; using q8 kernels (request=64.00 MiB cached=0.00 GiB free=0.42 GiB reserve=1.59 GiB total=31.86 GiB)
ds4: ROCm q8 fp16 cache budget exhausted; using q8 kernels (request=64.00 MiB cached=0.00 GiB free=0.42 GiB reserve=1.59 GiB total=31.86 GiB)
ds4: ROCm q8 fp16 cache budget exhausted; using q8 kernels (request=64.00 MiB cached=0.00 GiB free=0.42 GiB reserve=1.59 GiB total=31.86 GiB)
ds4: ROCm q8 fp16 cache budget exhausted; using q8 kernels (request=64.00 MiB cached=0.00 GiB free=0.42 GiB reserve=1.59 GiB total=31.86 GiB)
ds4: ROCm q8 fp16 cache budget exhausted; using q8 kernels (request=64.00 MiB cached=0.00 GiB free=0.42 GiB reserve=1.59 GiB total=31.86 GiB)
ds4: ROCm q8 fp16 cache budget exhausted; using q8 kernels (request=64.00 MiB cached=0.00 GiB free=0.42 GiB reserve=1.59 GiB total=31.86 GiB)
ds4: ROCm q8 fp16 cache budget exhausted; using q8 kernels (request=64.00 MiB cached=0.00 GiB free=0.42 GiB reserve=1.59 GiB total=31.86 GiB)
ds4: ROCm q8 fp16 cache budget exhausted; using q8 kernels (request=64.00 MiB cached=0.00 GiB free=0.42 GiB reserve=1.59 GiB total=31.86 GiB)
ds4: ROCm q8 fp16 cache budget exhausted; using q8 kernels (request=64.00 MiB cached=0.00 GiB free=0.42 GiB reserve=1.59 GiB total=31.86 GiB)
ds4: ROCm q8 fp16 cache budget exhausted; using q8 kernels (request=64.00 MiB cached=0.00 GiB free=0.42 GiB reserve=1.59 GiB total=31.86 GiB)
ds4: ROCm q8 fp16 cache budget exhausted; using q8 kernels (request=64.00 MiB cached=0.00 GiB free=0.42 GiB reserve=1.59 GiB total=31.86 GiB)
ds4: ROCm q8 fp16 cache budget exhausted; using q8 kernels (request=64.00 MiB cached=0.00 GiB free=0.42 GiB reserve=1.59 GiB total=31.86 GiB)
ds4: ROCm q8 fp16 cache budget exhausted; using q8 kernels (request=64.00 MiB cached=0.00 GiB free=0.42 GiB reserve=1.59 GiB total=31.86 GiB)
ds4: ROCm q8 fp16 cache budget exhausted; using q8 kernels (request=64.00 MiB cached=0.00 GiB free=0.42 GiB reserve=1.59 GiB total=31.86 GiB)
ds4: ROCm q8 fp16 cache budget exhausted; using q8 kernels (request=64.00 MiB cached=0.00 GiB free=0.42 GiB reserve=1.59 GiB total=31.86 GiB)
ds4: ROCm q8 fp16 cache budget exhausted; using q8 kernels (request=64.00 MiB cached=0.00 GiB free=0.42 GiB reserve=1.59 GiB total=31.86 GiB)
ds4: ROCm q8 fp16 cache budget exhausted; using q8 kernels (request=64.00 MiB cached=0.00 GiB free=0.42 GiB reserve=1.59 GiB total=31.86 GiB)
ds4: ROCm q8 fp16 cache budget exhausted; using q8 kernels (request=64.00 MiB cached=0.00 GiB free=0.42 GiB reserve=1.59 GiB total=31.86 GiB)
ds4: ROCm q8 fp16 cache budget exhausted; using q8 kernels (request=64.00 MiB cached=0.00 GiB free=0.42 GiB reserve=1.59 GiB total=31.86 GiB)
ds4: ROCm q8 fp16 cache budget exhausted; using q8 kernels (request=64.00 MiB cached=0.00 GiB free=0.42 GiB reserve=1.59 GiB total=31.86 GiB)
ds4: ROCm q8 fp16 cache budget exhausted; using q8 kernels (request=64.00 MiB cached=0.00 GiB free=0.42 GiB reserve=1.59 GiB total=31.86 GiB)
ds4: ROCm q8 fp16 cache budget exhausted; using q8 kernels (request=64.00 MiB cached=0.00 GiB free=0.42 GiB reserve=1.59 GiB total=31.86 GiB)
ds4: ROCm q8 fp16 cache budget exhausted; using q8 kernels (request=64.00 MiB cached=0.00 GiB free=0.42 GiB reserve=1.59 GiB total=31.86 GiB)
ds4: ROCm q8 fp16 cache budget exhausted; using q8 kernels (request=64.00 MiB cached=0.00 GiB free=0.42 GiB reserve=1.59 GiB total=31.86 GiB)
ds4: ROCm q8 fp16 cache budget exhausted; using q8 kernels (request=64.00 MiB cached=0.00 GiB free=0.42 GiB reserve=1.59 GiB total=31.86 GiB)
ds4: ROCm q8 fp16 cache budget exhausted; using q8 kernels (request=64.00 MiB cached=0.00 GiB free=0.42 GiB reserve=1.59 GiB total=31.86 GiB)
ds4: ROCm q8 fp16 cache budget exhausted; using q8 kernels (request=64.00 MiB cached=0.00 GiB free=0.42 GiB reserve=1.59 GiB total=31.86 GiB)
case_001 cases=2 prompt=18 target=24 avg_nll=0.220983 lcp=19 api_target_mae=0.220983 api_top_coverage=100/120 api_top1=0.958 api_topn=0.280 api_pair=1.000
ds4: ROCm q8 fp16 cache budget exhausted; using q8 kernels (request=64.00 MiB cached=0.00 GiB free=0.42 GiB reserve=1.59 GiB total=31.86 GiB)
ds4: ROCm q8 fp16 cache budget exhausted; using q8 kernels (request=64.00 MiB cached=0.00 GiB free=0.42 GiB reserve=1.59 GiB total=31.86 GiB)
ds4: ROCm q8 fp16 cache budget exhausted; using q8 kernels (request=64.00 MiB cached=0.00 GiB free=0.42 GiB reserve=1.59 GiB total=31.86 GiB)
ds4: ROCm q8 fp16 cache budget exhausted; using q8 kernels (request=64.00 MiB cached=0.00 GiB free=0.42 GiB reserve=1.59 GiB total=31.86 GiB)
ds4: ROCm q8 fp16 cache budget exhausted; using q8 kernels (request=64.00 MiB cached=0.00 GiB free=0.42 GiB reserve=1.59 GiB total=31.86 GiB)
ds4: ROCm q8 fp16 cache budget exhausted; using q8 kernels (request=64.00 MiB cached=0.00 GiB free=0.42 GiB reserve=1.59 GiB total=31.86 GiB)
ds4: ROCm q8 fp16 cache budget exhausted; using q8 kernels (request=64.00 MiB cached=0.00 GiB free=0.42 GiB reserve=1.59 GiB total=31.86 GiB)
ds4: ROCm q8 fp16 cache budget exhausted; using q8 kernels (request=64.00 MiB cached=0.00 GiB free=0.42 GiB reserve=1.59 GiB total=31.86 GiB)
ds4: ROCm q8 fp16 cache budget exhausted; using q8 kernels (request=64.00 MiB cached=0.00 GiB free=0.42 GiB reserve=1.59 GiB total=31.86 GiB)
ds4: ROCm q8 fp16 cache budget exhausted; using q8 kernels (request=64.00 MiB cached=0.00 GiB free=0.42 GiB reserve=1.59 GiB total=31.86 GiB)
ds4: ROCm q8 fp16 cache budget exhausted; using q8 kernels (request=64.00 MiB cached=0.00 GiB free=0.42 GiB reserve=1.59 GiB total=31.86 GiB)
ds4: ROCm q8 fp16 cache budget exhausted; using q8 kernels (request=64.00 MiB cached=0.00 GiB free=0.42 GiB reserve=1.59 GiB total=31.86 GiB)
ds4: ROCm q8 fp16 cache budget exhausted; using q8 kernels (request=64.00 MiB cached=0.00 GiB free=0.42 GiB reserve=1.59 GiB total=31.86 GiB)
ds4: ROCm q8 fp16 cache budget exhausted; using q8 kernels (request=64.00 MiB cached=0.00 GiB free=0.42 GiB reserve=1.59 GiB total=31.86 GiB)
ds4: ROCm q8 fp16 cache budget exhausted; using q8 kernels (request=64.00 MiB cached=0.00 GiB free=0.42 GiB reserve=1.59 GiB total=31.86 GiB)
ds4: ROCm q8 fp16 cache budget exhausted; using q8 kernels (request=64.00 MiB cached=0.00 GiB free=0.42 GiB reserve=1.59 GiB total=31.86 GiB)
ds4: ROCm q8 fp16 cache budget exhausted; using q8 kernels (request=64.00 MiB cached=0.00 GiB free=0.42 GiB reserve=1.59 GiB total=31.86 GiB)
ds4: ROCm q8 fp16 cache budget exhausted; using q8 kernels (request=64.00 MiB cached=0.00 GiB free=0.42 GiB reserve=1.59 GiB total=31.86 GiB)
ds4: ROCm q8 fp16 cache budget exhausted; using q8 kernels (request=64.00 MiB cached=0.00 GiB free=0.42 GiB reserve=1.59 GiB total=31.86 GiB)
ds4: ROCm q8 fp16 cache budget exhausted; using q8 kernels (request=64.00 MiB cached=0.00 GiB free=0.42 GiB reserve=1.59 GiB total=31.86 GiB)
ds4: ROCm q8 fp16 cache budget exhausted; using q8 kernels (request=64.00 MiB cached=0.00 GiB free=0.42 GiB reserve=1.59 GiB total=31.86 GiB)
ds4: ROCm q8 fp16 cache budget exhausted; using q8 kernels (request=64.00 MiB cached=0.00 GiB free=0.42 GiB reserve=1.59 GiB total=31.86 GiB)
ds4: ROCm q8 fp16 cache budget exhausted; using q8 kernels (request=64.00 MiB cached=0.00 GiB free=0.42 GiB reserve=1.59 GiB total=31.86 GiB)
ds4: ROCm q8 fp16 cache budget exhausted; using q8 kernels (request=64.00 MiB cached=0.00 GiB free=0.42 GiB reserve=1.59 GiB total=31.86 GiB)
ds4: ROCm q8 fp16 cache budget exhausted; using q8 kernels (request=64.00 MiB cached=0.00 GiB free=0.42 GiB reserve=1.59 GiB total=31.86 GiB)
ds4: ROCm q8 fp16 cache budget exhausted; using q8 kernels (request=64.00 MiB cached=0.00 GiB free=0.42 GiB reserve=1.59 GiB total=31.86 GiB)
ds4: ROCm q8 fp16 cache budget exhausted; using q8 kernels (request=64.00 MiB cached=0.00 GiB free=0.42 GiB reserve=1.59 GiB total=31.86 GiB)
ds4: ROCm q8 fp16 cache budget exhausted; using q8 kernels (request=64.00 MiB cached=0.00 GiB free=0.42 GiB reserve=1.59 GiB total=31.86 GiB)
ds4: ROCm q8 fp16 cache budget exhausted; using q8 kernels (request=64.00 MiB cached=0.00 GiB free=0.42 GiB reserve=1.59 GiB total=31.86 GiB)
ds4: ROCm q8 fp16 cache budget exhausted; using q8 kernels (request=64.00 MiB cached=0.00 GiB free=0.42 GiB reserve=1.59 GiB total=31.86 GiB)
ds4: ROCm q8 fp16 cache budget exhausted; using q8 kernels (request=64.00 MiB cached=0.00 GiB free=0.42 GiB reserve=1.59 GiB total=31.86 GiB)
ds4: ROCm q8 fp16 cache budget exhausted; using q8 kernels (request=64.00 MiB cached=0.00 GiB free=0.42 GiB reserve=1.59 GiB total=31.86 GiB)
ds4: ROCm q8 fp16 cache budget exhausted; using q8 kernels (request=64.00 MiB cached=0.00 GiB free=0.42 GiB reserve=1.59 GiB total=31.86 GiB)
ds4: ROCm q8 fp16 cache budget exhausted; using q8 kernels (request=64.00 MiB cached=0.00 GiB free=0.42 GiB reserve=1.59 GiB total=31.86 GiB)
ds4: ROCm q8 fp16 cache budget exhausted; using q8 kernels (request=64.00 MiB cached=0.00 GiB free=0.42 GiB reserve=1.59 GiB total=31.86 GiB)
ds4: ROCm q8 fp16 cache budget exhausted; using q8 kernels (request=64.00 MiB cached=0.00 GiB free=0.42 GiB reserve=1.59 GiB total=31.86 GiB)
ds4: ROCm q8 fp16 cache budget exhausted; using q8 kernels (request=64.00 MiB cached=0.00 GiB free=0.42 GiB reserve=1.59 GiB total=31.86 GiB)
ds4: ROCm q8 fp16 cache budget exhausted; using q8 kernels (request=64.00 MiB cached=0.00 GiB free=0.42 GiB reserve=1.59 GiB total=31.86 GiB)
ds4: ROCm q8 fp16 cache budget exhausted; using q8 kernels (request=64.00 MiB cached=0.00 GiB free=0.42 GiB reserve=1.59 GiB total=31.86 GiB)
ds4: ROCm q8 fp16 cache budget exhausted; using q8 kernels (request=64.00 MiB cached=0.00 GiB free=0.42 GiB reserve=1.59 GiB total=31.86 GiB)
ds4: ROCm q8 fp16 cache budget exhausted; using q8 kernels (request=64.00 MiB cached=0.00 GiB free=0.42 GiB reserve=1.59 GiB total=31.86 GiB)
ds4: ROCm q8 fp16 cache budget exhausted; using q8 kernels (request=64.00 MiB cached=0.00 GiB free=0.42 GiB reserve=1.59 GiB total=31.86 GiB)
ds4: ROCm q8 fp16 cache budget exhausted; using q8 kernels (request=64.00 MiB cached=0.00 GiB free=0.42 GiB reserve=1.59 GiB total=31.86 GiB)
case_002 cases=3 prompt=19 target=24 avg_nll=0.349481 lcp=0 api_target_mae=0.349481 api_top_coverage=96/120 api_top1=0.875 api_topn=0.250 api_pair=1.000
ds4: ROCm q8 fp16 cache budget exhausted; using q8 kernels (request=64.00 MiB cached=0.00 GiB free=0.42 GiB reserve=1.59 GiB total=31.86 GiB)
ds4: ROCm q8 fp16 cache budget exhausted; using q8 kernels (request=64.00 MiB cached=0.00 GiB free=0.42 GiB reserve=1.59 GiB total=31.86 GiB)
ds4: ROCm q8 fp16 cache budget exhausted; using q8 kernels (request=64.00 MiB cached=0.00 GiB free=0.42 GiB reserve=1.59 GiB total=31.86 GiB)
ds4: ROCm q8 fp16 cache budget exhausted; using q8 kernels (request=64.00 MiB cached=0.00 GiB free=0.42 GiB reserve=1.59 GiB total=31.86 GiB)
ds4: ROCm q8 fp16 cache budget exhausted; using q8 kernels (request=64.00 MiB cached=0.00 GiB free=0.42 GiB reserve=1.59 GiB total=31.86 GiB)
ds4: ROCm q8 fp16 cache budget exhausted; using q8 kernels (request=64.00 MiB cached=0.00 GiB free=0.42 GiB reserve=1.59 GiB total=31.86 GiB)
ds4: ROCm q8 fp16 cache budget exhausted; using q8 kernels (request=64.00 MiB cached=0.00 GiB free=0.42 GiB reserve=1.59 GiB total=31.86 GiB)
ds4: ROCm q8 fp16 cache budget exhausted; using q8 kernels (request=64.00 MiB cached=0.00 GiB free=0.42 GiB reserve=1.59 GiB total=31.86 GiB)
ds4: ROCm q8 fp16 cache budget exhausted; using q8 kernels (request=64.00 MiB cached=0.00 GiB free=0.42 GiB reserve=1.59 GiB total=31.86 GiB)
ds4: ROCm q8 fp16 cache budget exhausted; using q8 kernels (request=64.00 MiB cached=0.00 GiB free=0.42 GiB reserve=1.59 GiB total=31.86 GiB)
ds4: ROCm q8 fp16 cache budget exhausted; using q8 kernels (request=64.00 MiB cached=0.00 GiB free=0.42 GiB reserve=1.59 GiB total=31.86 GiB)
ds4: ROCm q8 fp16 cache budget exhausted; using q8 kernels (request=64.00 MiB cached=0.00 GiB free=0.42 GiB reserve=1.59 GiB total=31.86 GiB)
ds4: ROCm q8 fp16 cache budget exhausted; using q8 kernels (request=64.00 MiB cached=0.00 GiB free=0.42 GiB reserve=1.59 GiB total=31.86 GiB)
ds4: ROCm q8 fp16 cache budget exhausted; using q8 kernels (request=64.00 MiB cached=0.00 GiB free=0.42 GiB reserve=1.59 GiB total=31.86 GiB)
ds4: ROCm q8 fp16 cache budget exhausted; using q8 kernels (request=64.00 MiB cached=0.00 GiB free=0.42 GiB reserve=1.59 GiB total=31.86 GiB)
ds4: ROCm q8 fp16 cache budget exhausted; using q8 kernels (request=64.00 MiB cached=0.00 GiB free=0.42 GiB reserve=1.59 GiB total=31.86 GiB)
ds4: ROCm q8 fp16 cache budget exhausted; using q8 kernels (request=64.00 MiB cached=0.00 GiB free=0.42 GiB reserve=1.59 GiB total=31.86 GiB)
ds4: ROCm q8 fp16 cache budget exhausted; using q8 kernels (request=64.00 MiB cached=0.00 GiB free=0.42 GiB reserve=1.59 GiB total=31.86 GiB)
ds4: ROCm q8 fp16 cache budget exhausted; using q8 kernels (request=64.00 MiB cached=0.00 GiB free=0.42 GiB reserve=1.59 GiB total=31.86 GiB)
ds4: ROCm q8 fp16 cache budget exhausted; using q8 kernels (request=64.00 MiB cached=0.00 GiB free=0.42 GiB reserve=1.59 GiB total=31.86 GiB)
ds4: ROCm q8 fp16 cache budget exhausted; using q8 kernels (request=64.00 MiB cached=0.00 GiB free=0.42 GiB reserve=1.59 GiB total=31.86 GiB)
ds4: ROCm q8 fp16 cache budget exhausted; using q8 kernels (request=64.00 MiB cached=0.00 GiB free=0.42 GiB reserve=1.59 GiB total=31.86 GiB)
ds4: ROCm q8 fp16 cache budget exhausted; using q8 kernels (request=64.00 MiB cached=0.00 GiB free=0.42 GiB reserve=1.59 GiB total=31.86 GiB)
ds4: ROCm q8 fp16 cache budget exhausted; using q8 kernels (request=64.00 MiB cached=0.00 GiB free=0.42 GiB reserve=1.59 GiB total=31.86 GiB)
ds4: ROCm q8 fp16 cache budget exhausted; using q8 kernels (request=64.00 MiB cached=0.00 GiB free=0.42 GiB reserve=1.59 GiB total=31.86 GiB)
ds4: ROCm q8 fp16 cache budget exhausted; using q8 kernels (request=64.00 MiB cached=0.00 GiB free=0.42 GiB reserve=1.59 GiB total=31.86 GiB)
ds4: ROCm q8 fp16 cache budget exhausted; using q8 kernels (request=64.00 MiB cached=0.00 GiB free=0.42 GiB reserve=1.59 GiB total=31.86 GiB)
ds4: ROCm q8 fp16 cache budget exhausted; using q8 kernels (request=64.00 MiB cached=0.00 GiB free=0.42 GiB reserve=1.59 GiB total=31.86 GiB)
ds4: ROCm q8 fp16 cache budget exhausted; using q8 kernels (request=64.00 MiB cached=0.00 GiB free=0.42 GiB reserve=1.59 GiB total=31.86 GiB)
ds4: ROCm q8 fp16 cache budget exhausted; using q8 kernels (request=64.00 MiB cached=0.00 GiB free=0.42 GiB reserve=1.59 GiB total=31.86 GiB)
ds4: ROCm q8 fp16 cache budget exhausted; using q8 kernels (request=64.00 MiB cached=0.00 GiB free=0.42 GiB reserve=1.59 GiB total=31.86 GiB)
ds4: ROCm q8 fp16 cache budget exhausted; using q8 kernels (request=64.00 MiB cached=0.00 GiB free=0.42 GiB reserve=1.59 GiB total=31.86 GiB)
ds4: ROCm q8 fp16 cache budget exhausted; using q8 kernels (request=64.00 MiB cached=0.00 GiB free=0.42 GiB reserve=1.59 GiB total=31.86 GiB)
ds4: ROCm q8 fp16 cache budget exhausted; using q8 kernels (request=64.00 MiB cached=0.00 GiB free=0.42 GiB reserve=1.59 GiB total=31.86 GiB)
ds4: ROCm q8 fp16 cache budget exhausted; using q8 kernels (request=64.00 MiB cached=0.00 GiB free=0.42 GiB reserve=1.59 GiB total=31.86 GiB)
ds4: ROCm q8 fp16 cache budget exhausted; using q8 kernels (request=64.00 MiB cached=0.00 GiB free=0.42 GiB reserve=1.59 GiB total=31.86 GiB)
ds4: ROCm q8 fp16 cache budget exhausted; using q8 kernels (request=64.00 MiB cached=0.00 GiB free=0.42 GiB reserve=1.59 GiB total=31.86 GiB)
ds4: ROCm q8 fp16 cache budget exhausted; using q8 kernels (request=64.00 MiB cached=0.00 GiB free=0.42 GiB reserve=1.59 GiB total=31.86 GiB)
ds4: ROCm q8 fp16 cache budget exhausted; using q8 kernels (request=64.00 MiB cached=0.00 GiB free=0.42 GiB reserve=1.59 GiB total=31.86 GiB)
ds4: ROCm q8 fp16 cache budget exhausted; using q8 kernels (request=64.00 MiB cached=0.00 GiB free=0.42 GiB reserve=1.59 GiB total=31.86 GiB)
ds4: ROCm q8 fp16 cache budget exhausted; using q8 kernels (request=64.00 MiB cached=0.00 GiB free=0.42 GiB reserve=1.59 GiB total=31.86 GiB)
ds4: ROCm q8 fp16 cache budget exhausted; using q8 kernels (request=64.00 MiB cached=0.00 GiB free=0.42 GiB reserve=1.59 GiB total=31.86 GiB)
ds4: ROCm q8 fp16 cache budget exhausted; using q8 kernels (request=64.00 MiB cached=0.00 GiB free=0.42 GiB reserve=1.59 GiB total=31.86 GiB)
case_003 cases=4 prompt=19 target=24 avg_nll=0.309839 lcp=0 api_target_mae=0.309839 api_top_coverage=97/120 api_top1=0.917 api_topn=0.247 api_pair=1.000
ds4: ROCm q8 fp16 cache budget exhausted; using q8 kernels (request=64.00 MiB cached=0.00 GiB free=0.42 GiB reserve=1.59 GiB total=31.86 GiB)
ds4: ROCm q8 fp16 cache budget exhausted; using q8 kernels (request=64.00 MiB cached=0.00 GiB free=0.42 GiB reserve=1.59 GiB total=31.86 GiB)
ds4: ROCm q8 fp16 cache budget exhausted; using q8 kernels (request=64.00 MiB cached=0.00 GiB free=0.42 GiB reserve=1.59 GiB total=31.86 GiB)
ds4: ROCm q8 fp16 cache budget exhausted; using q8 kernels (request=64.00 MiB cached=0.00 GiB free=0.42 GiB reserve=1.59 GiB total=31.86 GiB)
ds4: ROCm q8 fp16 cache budget exhausted; using q8 kernels (request=64.00 MiB cached=0.00 GiB free=0.42 GiB reserve=1.59 GiB total=31.86 GiB)
ds4: ROCm q8 fp16 cache budget exhausted; using q8 kernels (request=64.00 MiB cached=0.00 GiB free=0.42 GiB reserve=1.59 GiB total=31.86 GiB)
ds4: ROCm q8 fp16 cache budget exhausted; using q8 kernels (request=64.00 MiB cached=0.00 GiB free=0.42 GiB reserve=1.59 GiB total=31.86 GiB)
ds4: ROCm q8 fp16 cache budget exhausted; using q8 kernels (request=64.00 MiB cached=0.00 GiB free=0.42 GiB reserve=1.59 GiB total=31.86 GiB)
ds4: ROCm q8 fp16 cache budget exhausted; using q8 kernels (request=64.00 MiB cached=0.00 GiB free=0.42 GiB reserve=1.59 GiB total=31.86 GiB)
ds4: ROCm q8 fp16 cache budget exhausted; using q8 kernels (request=64.00 MiB cached=0.00 GiB free=0.42 GiB reserve=1.59 GiB total=31.86 GiB)
ds4: ROCm q8 fp16 cache budget exhausted; using q8 kernels (request=64.00 MiB cached=0.00 GiB free=0.42 GiB reserve=1.59 GiB total=31.86 GiB)
ds4: ROCm q8 fp16 cache budget exhausted; using q8 kernels (request=64.00 MiB cached=0.00 GiB free=0.42 GiB reserve=1.59 GiB total=31.86 GiB)
ds4: ROCm q8 fp16 cache budget exhausted; using q8 kernels (request=64.00 MiB cached=0.00 GiB free=0.42 GiB reserve=1.59 GiB total=31.86 GiB)
ds4: ROCm q8 fp16 cache budget exhausted; using q8 kernels (request=64.00 MiB cached=0.00 GiB free=0.42 GiB reserve=1.59 GiB total=31.86 GiB)
ds4: ROCm q8 fp16 cache budget exhausted; using q8 kernels (request=64.00 MiB cached=0.00 GiB free=0.42 GiB reserve=1.59 GiB total=31.86 GiB)
ds4: ROCm q8 fp16 cache budget exhausted; using q8 kernels (request=64.00 MiB cached=0.00 GiB free=0.42 GiB reserve=1.59 GiB total=31.86 GiB)
ds4: ROCm q8 fp16 cache budget exhausted; using q8 kernels (request=64.00 MiB cached=0.00 GiB free=0.42 GiB reserve=1.59 GiB total=31.86 GiB)
ds4: ROCm q8 fp16 cache budget exhausted; using q8 kernels (request=64.00 MiB cached=0.00 GiB free=0.42 GiB reserve=1.59 GiB total=31.86 GiB)
ds4: ROCm q8 fp16 cache budget exhausted; using q8 kernels (request=64.00 MiB cached=0.00 GiB free=0.42 GiB reserve=1.59 GiB total=31.86 GiB)
ds4: ROCm q8 fp16 cache budget exhausted; using q8 kernels (request=64.00 MiB cached=0.00 GiB free=0.42 GiB reserve=1.59 GiB total=31.86 GiB)
ds4: ROCm q8 fp16 cache budget exhausted; using q8 kernels (request=64.00 MiB cached=0.00 GiB free=0.42 GiB reserve=1.59 GiB total=31.86 GiB)
ds4: ROCm q8 fp16 cache budget exhausted; using q8 kernels (request=64.00 MiB cached=0.00 GiB free=0.42 GiB reserve=1.59 GiB total=31.86 GiB)
ds4: ROCm q8 fp16 cache budget exhausted; using q8 kernels (request=64.00 MiB cached=0.00 GiB free=0.42 GiB reserve=1.59 GiB total=31.86 GiB)
ds4: ROCm q8 fp16 cache budget exhausted; using q8 kernels (request=64.00 MiB cached=0.00 GiB free=0.42 GiB reserve=1.59 GiB total=31.86 GiB)
ds4: ROCm q8 fp16 cache budget exhausted; using q8 kernels (request=64.00 MiB cached=0.00 GiB free=0.42 GiB reserve=1.59 GiB total=31.86 GiB)
ds4: ROCm q8 fp16 cache budget exhausted; using q8 kernels (request=64.00 MiB cached=0.00 GiB free=0.42 GiB reserve=1.59 GiB total=31.86 GiB)
ds4: ROCm q8 fp16 cache budget exhausted; using q8 kernels (request=64.00 MiB cached=0.00 GiB free=0.42 GiB reserve=1.59 GiB total=31.86 GiB)
ds4: ROCm q8 fp16 cache budget exhausted; using q8 kernels (request=64.00 MiB cached=0.00 GiB free=0.42 GiB reserve=1.59 GiB total=31.86 GiB)
ds4: ROCm q8 fp16 cache budget exhausted; using q8 kernels (request=64.00 MiB cached=0.00 GiB free=0.42 GiB reserve=1.59 GiB total=31.86 GiB)
ds4: ROCm q8 fp16 cache budget exhausted; using q8 kernels (request=64.00 MiB cached=0.00 GiB free=0.42 GiB reserve=1.59 GiB total=31.86 GiB)
ds4: ROCm q8 fp16 cache budget exhausted; using q8 kernels (request=64.00 MiB cached=0.00 GiB free=0.42 GiB reserve=1.59 GiB total=31.86 GiB)
ds4: ROCm q8 fp16 cache budget exhausted; using q8 kernels (request=64.00 MiB cached=0.00 GiB free=0.42 GiB reserve=1.59 GiB total=31.86 GiB)
ds4: ROCm q8 fp16 cache budget exhausted; using q8 kernels (request=64.00 MiB cached=0.00 GiB free=0.42 GiB reserve=1.59 GiB total=31.86 GiB)
ds4: ROCm q8 fp16 cache budget exhausted; using q8 kernels (request=64.00 MiB cached=0.00 GiB free=0.42 GiB reserve=1.59 GiB total=31.86 GiB)
ds4: ROCm q8 fp16 cache budget exhausted; using q8 kernels (request=64.00 MiB cached=0.00 GiB free=0.42 GiB reserve=1.59 GiB total=31.86 GiB)
ds4: ROCm q8 fp16 cache budget exhausted; using q8 kernels (request=64.00 MiB cached=0.00 GiB free=0.42 GiB reserve=1.59 GiB total=31.86 GiB)
ds4: ROCm q8 fp16 cache budget exhausted; using q8 kernels (request=64.00 MiB cached=0.00 GiB free=0.42 GiB reserve=1.59 GiB total=31.86 GiB)
ds4: ROCm q8 fp16 cache budget exhausted; using q8 kernels (request=64.00 MiB cached=0.00 GiB free=0.42 GiB reserve=1.59 GiB total=31.86 GiB)
ds4: ROCm q8 fp16 cache budget exhausted; using q8 kernels (request=64.00 MiB cached=0.00 GiB free=0.42 GiB reserve=1.59 GiB total=31.86 GiB)
ds4: ROCm q8 fp16 cache budget exhausted; using q8 kernels (request=64.00 MiB cached=0.00 GiB free=0.42 GiB reserve=1.59 GiB total=31.86 GiB)
ds4: ROCm q8 fp16 cache budget exhausted; using q8 kernels (request=64.00 MiB cached=0.00 GiB free=0.42 GiB reserve=1.59 GiB total=31.86 GiB)
ds4: ROCm q8 fp16 cache budget exhausted; using q8 kernels (request=64.00 MiB cached=0.00 GiB free=0.42 GiB reserve=1.59 GiB total=31.86 GiB)
ds4: ROCm q8 fp16 cache budget exhausted; using q8 kernels (request=64.00 MiB cached=0.00 GiB free=0.42 GiB reserve=1.59 GiB total=31.86 GiB)
case_004 cases=5 prompt=15 target=24 avg_nll=0.796002 lcp=2 api_target_mae=0.796002 api_top_coverage=97/120 api_top1=0.625 api_topn=0.278 api_pair=1.000
ds4: ROCm q8 fp16 cache budget exhausted; using q8 kernels (request=64.00 MiB cached=0.00 GiB free=0.42 GiB reserve=1.59 GiB total=31.86 GiB)
ds4: ROCm q8 fp16 cache budget exhausted; using q8 kernels (request=64.00 MiB cached=0.00 GiB free=0.42 GiB reserve=1.59 GiB total=31.86 GiB)
ds4: ROCm q8 fp16 cache budget exhausted; using q8 kernels (request=64.00 MiB cached=0.00 GiB free=0.42 GiB reserve=1.59 GiB total=31.86 GiB)
ds4: ROCm q8 fp16 cache budget exhausted; using q8 kernels (request=64.00 MiB cached=0.00 GiB free=0.42 GiB reserve=1.59 GiB total=31.86 GiB)
ds4: ROCm q8 fp16 cache budget exhausted; using q8 kernels (request=64.00 MiB cached=0.00 GiB free=0.42 GiB reserve=1.59 GiB total=31.86 GiB)
ds4: ROCm q8 fp16 cache budget exhausted; using q8 kernels (request=64.00 MiB cached=0.00 GiB free=0.42 GiB reserve=1.59 GiB total=31.86 GiB)
ds4: ROCm q8 fp16 cache budget exhausted; using q8 kernels (request=64.00 MiB cached=0.00 GiB free=0.42 GiB reserve=1.59 GiB total=31.86 GiB)
ds4: ROCm q8 fp16 cache budget exhausted; using q8 kernels (request=64.00 MiB cached=0.00 GiB free=0.42 GiB reserve=1.59 GiB total=31.86 GiB)
ds4: ROCm q8 fp16 cache budget exhausted; using q8 kernels (request=64.00 MiB cached=0.00 GiB free=0.42 GiB reserve=1.59 GiB total=31.86 GiB)
ds4: ROCm q8 fp16 cache budget exhausted; using q8 kernels (request=64.00 MiB cached=0.00 GiB free=0.42 GiB reserve=1.59 GiB total=31.86 GiB)
ds4: ROCm q8 fp16 cache budget exhausted; using q8 kernels (request=64.00 MiB cached=0.00 GiB free=0.42 GiB reserve=1.59 GiB total=31.86 GiB)
ds4: ROCm q8 fp16 cache budget exhausted; using q8 kernels (request=64.00 MiB cached=0.00 GiB free=0.42 GiB reserve=1.59 GiB total=31.86 GiB)
ds4: ROCm q8 fp16 cache budget exhausted; using q8 kernels (request=64.00 MiB cached=0.00 GiB free=0.42 GiB reserve=1.59 GiB total=31.86 GiB)
ds4: ROCm q8 fp16 cache budget exhausted; using q8 kernels (request=64.00 MiB cached=0.00 GiB free=0.42 GiB reserve=1.59 GiB total=31.86 GiB)
ds4: ROCm q8 fp16 cache budget exhausted; using q8 kernels (request=64.00 MiB cached=0.00 GiB free=0.42 GiB reserve=1.59 GiB total=31.86 GiB)
ds4: ROCm q8 fp16 cache budget exhausted; using q8 kernels (request=64.00 MiB cached=0.00 GiB free=0.42 GiB reserve=1.59 GiB total=31.86 GiB)
ds4: ROCm q8 fp16 cache budget exhausted; using q8 kernels (request=64.00 MiB cached=0.00 GiB free=0.42 GiB reserve=1.59 GiB total=31.86 GiB)
ds4: ROCm q8 fp16 cache budget exhausted; using q8 kernels (request=64.00 MiB cached=0.00 GiB free=0.42 GiB reserve=1.59 GiB total=31.86 GiB)
ds4: ROCm q8 fp16 cache budget exhausted; using q8 kernels (request=64.00 MiB cached=0.00 GiB free=0.42 GiB reserve=1.59 GiB total=31.86 GiB)
ds4: ROCm q8 fp16 cache budget exhausted; using q8 kernels (request=64.00 MiB cached=0.00 GiB free=0.42 GiB reserve=1.59 GiB total=31.86 GiB)
ds4: ROCm q8 fp16 cache budget exhausted; using q8 kernels (request=64.00 MiB cached=0.00 GiB free=0.42 GiB reserve=1.59 GiB total=31.86 GiB)
ds4: ROCm q8 fp16 cache budget exhausted; using q8 kernels (request=64.00 MiB cached=0.00 GiB free=0.42 GiB reserve=1.59 GiB total=31.86 GiB)
ds4: ROCm q8 fp16 cache budget exhausted; using q8 kernels (request=64.00 MiB cached=0.00 GiB free=0.42 GiB reserve=1.59 GiB total=31.86 GiB)
ds4: ROCm q8 fp16 cache budget exhausted; using q8 kernels (request=64.00 MiB cached=0.00 GiB free=0.42 GiB reserve=1.59 GiB total=31.86 GiB)
ds4: ROCm q8 fp16 cache budget exhausted; using q8 kernels (request=64.00 MiB cached=0.00 GiB free=0.42 GiB reserve=1.59 GiB total=31.86 GiB)
ds4: ROCm q8 fp16 cache budget exhausted; using q8 kernels (request=64.00 MiB cached=0.00 GiB free=0.42 GiB reserve=1.59 GiB total=31.86 GiB)
ds4: ROCm q8 fp16 cache budget exhausted; using q8 kernels (request=64.00 MiB cached=0.00 GiB free=0.42 GiB reserve=1.59 GiB total=31.86 GiB)
ds4: ROCm q8 fp16 cache budget exhausted; using q8 kernels (request=64.00 MiB cached=0.00 GiB free=0.42 GiB reserve=1.59 GiB total=31.86 GiB)
ds4: ROCm q8 fp16 cache budget exhausted; using q8 kernels (request=64.00 MiB cached=0.00 GiB free=0.42 GiB reserve=1.59 GiB total=31.86 GiB)
ds4: ROCm q8 fp16 cache budget exhausted; using q8 kernels (request=64.00 MiB cached=0.00 GiB free=0.42 GiB reserve=1.59 GiB total=31.86 GiB)
ds4: ROCm q8 fp16 cache budget exhausted; using q8 kernels (request=64.00 MiB cached=0.00 GiB free=0.42 GiB reserve=1.59 GiB total=31.86 GiB)
ds4: ROCm q8 fp16 cache budget exhausted; using q8 kernels (request=64.00 MiB cached=0.00 GiB free=0.42 GiB reserve=1.59 GiB total=31.86 GiB)
ds4: ROCm q8 fp16 cache budget exhausted; using q8 kernels (request=64.00 MiB cached=0.00 GiB free=0.42 GiB reserve=1.59 GiB total=31.86 GiB)
ds4: ROCm q8 fp16 cache budget exhausted; using q8 kernels (request=64.00 MiB cached=0.00 GiB free=0.42 GiB reserve=1.59 GiB total=31.86 GiB)
ds4: ROCm q8 fp16 cache budget exhausted; using q8 kernels (request=64.00 MiB cached=0.00 GiB free=0.42 GiB reserve=1.59 GiB total=31.86 GiB)
ds4: ROCm q8 fp16 cache budget exhausted; using q8 kernels (request=64.00 MiB cached=0.00 GiB free=0.42 GiB reserve=1.59 GiB total=31.86 GiB)
ds4: ROCm q8 fp16 cache budget exhausted; using q8 kernels (request=64.00 MiB cached=0.00 GiB free=0.42 GiB reserve=1.59 GiB total=31.86 GiB)
ds4: ROCm q8 fp16 cache budget exhausted; using q8 kernels (request=64.00 MiB cached=0.00 GiB free=0.42 GiB reserve=1.59 GiB total=31.86 GiB)
ds4: ROCm q8 fp16 cache budget exhausted; using q8 kernels (request=64.00 MiB cached=0.00 GiB free=0.42 GiB reserve=1.59 GiB total=31.86 GiB)
ds4: ROCm q8 fp16 cache budget exhausted; using q8 kernels (request=64.00 MiB cached=0.00 GiB free=0.42 GiB reserve=1.59 GiB total=31.86 GiB)
ds4: ROCm q8 fp16 cache budget exhausted; using q8 kernels (request=64.00 MiB cached=0.00 GiB free=0.42 GiB reserve=1.59 GiB total=31.86 GiB)
ds4: ROCm q8 fp16 cache budget exhausted; using q8 kernels (request=64.00 MiB cached=0.00 GiB free=0.42 GiB reserve=1.59 GiB total=31.86 GiB)
ds4: ROCm q8 fp16 cache budget exhausted; using q8 kernels (request=64.00 MiB cached=0.00 GiB free=0.42 GiB reserve=1.59 GiB total=31.86 GiB)
case_005 cases=6 prompt=14 target=24 avg_nll=0.084536 lcp=9 api_target_mae=0.084536 api_top_coverage=96/120 api_top1=0.958 api_topn=0.250 api_pair=1.000
ds4: ROCm q8 fp16 cache budget exhausted; using q8 kernels (request=64.00 MiB cached=0.00 GiB free=0.42 GiB reserve=1.59 GiB total=31.86 GiB)
ds4: ROCm q8 fp16 cache budget exhausted; using q8 kernels (request=64.00 MiB cached=0.00 GiB free=0.42 GiB reserve=1.59 GiB total=31.86 GiB)
ds4: ROCm q8 fp16 cache budget exhausted; using q8 kernels (request=64.00 MiB cached=0.00 GiB free=0.42 GiB reserve=1.59 GiB total=31.86 GiB)
ds4: ROCm q8 fp16 cache budget exhausted; using q8 kernels (request=64.00 MiB cached=0.00 GiB free=0.42 GiB reserve=1.59 GiB total=31.86 GiB)
ds4: ROCm q8 fp16 cache budget exhausted; using q8 kernels (request=64.00 MiB cached=0.00 GiB free=0.42 GiB reserve=1.59 GiB total=31.86 GiB)
ds4: ROCm q8 fp16 cache budget exhausted; using q8 kernels (request=64.00 MiB cached=0.00 GiB free=0.42 GiB reserve=1.59 GiB total=31.86 GiB)
ds4: ROCm q8 fp16 cache budget exhausted; using q8 kernels (request=64.00 MiB cached=0.00 GiB free=0.42 GiB reserve=1.59 GiB total=31.86 GiB)
ds4: ROCm q8 fp16 cache budget exhausted; using q8 kernels (request=64.00 MiB cached=0.00 GiB free=0.42 GiB reserve=1.59 GiB total=31.86 GiB)
ds4: ROCm q8 fp16 cache budget exhausted; using q8 kernels (request=64.00 MiB cached=0.00 GiB free=0.42 GiB reserve=1.59 GiB total=31.86 GiB)
ds4: ROCm q8 fp16 cache budget exhausted; using q8 kernels (request=64.00 MiB cached=0.00 GiB free=0.42 GiB reserve=1.59 GiB total=31.86 GiB)
ds4: ROCm q8 fp16 cache budget exhausted; using q8 kernels (request=64.00 MiB cached=0.00 GiB free=0.42 GiB reserve=1.59 GiB total=31.86 GiB)
ds4: ROCm q8 fp16 cache budget exhausted; using q8 kernels (request=64.00 MiB cached=0.00 GiB free=0.42 GiB reserve=1.59 GiB total=31.86 GiB)
ds4: ROCm q8 fp16 cache budget exhausted; using q8 kernels (request=64.00 MiB cached=0.00 GiB free=0.42 GiB reserve=1.59 GiB total=31.86 GiB)
ds4: ROCm q8 fp16 cache budget exhausted; using q8 kernels (request=64.00 MiB cached=0.00 GiB free=0.42 GiB reserve=1.59 GiB total=31.86 GiB)
ds4: ROCm q8 fp16 cache budget exhausted; using q8 kernels (request=64.00 MiB cached=0.00 GiB free=0.42 GiB reserve=1.59 GiB total=31.86 GiB)
ds4: ROCm q8 fp16 cache budget exhausted; using q8 kernels (request=64.00 MiB cached=0.00 GiB free=0.42 GiB reserve=1.59 GiB total=31.86 GiB)
ds4: ROCm q8 fp16 cache budget exhausted; using q8 kernels (request=64.00 MiB cached=0.00 GiB free=0.42 GiB reserve=1.59 GiB total=31.86 GiB)
ds4: ROCm q8 fp16 cache budget exhausted; using q8 kernels (request=64.00 MiB cached=0.00 GiB free=0.42 GiB reserve=1.59 GiB total=31.86 GiB)
ds4: ROCm q8 fp16 cache budget exhausted; using q8 kernels (request=64.00 MiB cached=0.00 GiB free=0.42 GiB reserve=1.59 GiB total=31.86 GiB)
ds4: ROCm q8 fp16 cache budget exhausted; using q8 kernels (request=64.00 MiB cached=0.00 GiB free=0.42 GiB reserve=1.59 GiB total=31.86 GiB)
ds4: ROCm q8 fp16 cache budget exhausted; using q8 kernels (request=64.00 MiB cached=0.00 GiB free=0.42 GiB reserve=1.59 GiB total=31.86 GiB)
ds4: ROCm q8 fp16 cache budget exhausted; using q8 kernels (request=64.00 MiB cached=0.00 GiB free=0.42 GiB reserve=1.59 GiB total=31.86 GiB)
ds4: ROCm q8 fp16 cache budget exhausted; using q8 kernels (request=64.00 MiB cached=0.00 GiB free=0.42 GiB reserve=1.59 GiB total=31.86 GiB)
ds4: ROCm q8 fp16 cache budget exhausted; using q8 kernels (request=64.00 MiB cached=0.00 GiB free=0.42 GiB reserve=1.59 GiB total=31.86 GiB)
ds4: ROCm q8 fp16 cache budget exhausted; using q8 kernels (request=64.00 MiB cached=0.00 GiB free=0.42 GiB reserve=1.59 GiB total=31.86 GiB)
ds4: ROCm q8 fp16 cache budget exhausted; using q8 kernels (request=64.00 MiB cached=0.00 GiB free=0.42 GiB reserve=1.59 GiB total=31.86 GiB)
ds4: ROCm q8 fp16 cache budget exhausted; using q8 kernels (request=64.00 MiB cached=0.00 GiB free=0.42 GiB reserve=1.59 GiB total=31.86 GiB)
ds4: ROCm q8 fp16 cache budget exhausted; using q8 kernels (request=64.00 MiB cached=0.00 GiB free=0.42 GiB reserve=1.59 GiB total=31.86 GiB)
ds4: ROCm q8 fp16 cache budget exhausted; using q8 kernels (request=64.00 MiB cached=0.00 GiB free=0.42 GiB reserve=1.59 GiB total=31.86 GiB)
ds4: ROCm q8 fp16 cache budget exhausted; using q8 kernels (request=64.00 MiB cached=0.00 GiB free=0.42 GiB reserve=1.59 GiB total=31.86 GiB)
ds4: ROCm q8 fp16 cache budget exhausted; using q8 kernels (request=64.00 MiB cached=0.00 GiB free=0.42 GiB reserve=1.59 GiB total=31.86 GiB)
ds4: ROCm q8 fp16 cache budget exhausted; using q8 kernels (request=64.00 MiB cached=0.00 GiB free=0.42 GiB reserve=1.59 GiB total=31.86 GiB)
ds4: ROCm q8 fp16 cache budget exhausted; using q8 kernels (request=64.00 MiB cached=0.00 GiB free=0.42 GiB reserve=1.59 GiB total=31.86 GiB)
ds4: ROCm q8 fp16 cache budget exhausted; using q8 kernels (request=64.00 MiB cached=0.00 GiB free=0.42 GiB reserve=1.59 GiB total=31.86 GiB)
ds4: ROCm q8 fp16 cache budget exhausted; using q8 kernels (request=64.00 MiB cached=0.00 GiB free=0.42 GiB reserve=1.59 GiB total=31.86 GiB)
ds4: ROCm q8 fp16 cache budget exhausted; using q8 kernels (request=64.00 MiB cached=0.00 GiB free=0.42 GiB reserve=1.59 GiB total=31.86 GiB)
ds4: ROCm q8 fp16 cache budget exhausted; using q8 kernels (request=64.00 MiB cached=0.00 GiB free=0.42 GiB reserve=1.59 GiB total=31.86 GiB)
ds4: ROCm q8 fp16 cache budget exhausted; using q8 kernels (request=64.00 MiB cached=0.00 GiB free=0.42 GiB reserve=1.59 GiB total=31.86 GiB)
ds4: ROCm q8 fp16 cache budget exhausted; using q8 kernels (request=64.00 MiB cached=0.00 GiB free=0.42 GiB reserve=1.59 GiB total=31.86 GiB)
ds4: ROCm q8 fp16 cache budget exhausted; using q8 kernels (request=64.00 MiB cached=0.00 GiB free=0.42 GiB reserve=1.59 GiB total=31.86 GiB)
ds4: ROCm q8 fp16 cache budget exhausted; using q8 kernels (request=64.00 MiB cached=0.00 GiB free=0.42 GiB reserve=1.59 GiB total=31.86 GiB)
ds4: ROCm q8 fp16 cache budget exhausted; using q8 kernels (request=64.00 MiB cached=0.00 GiB free=0.42 GiB reserve=1.59 GiB total=31.86 GiB)
ds4: ROCm q8 fp16 cache budget exhausted; using q8 kernels (request=64.00 MiB cached=0.00 GiB free=0.42 GiB reserve=1.59 GiB total=31.86 GiB)
case_006 cases=7 prompt=18 target=24 avg_nll=0.394485 lcp=2 api_target_mae=0.394485 api_top_coverage=98/120 api_top1=0.750 api_topn=0.276 api_pair=1.000
ds4: ROCm q8 fp16 cache budget exhausted; using q8 kernels (request=64.00 MiB cached=0.00 GiB free=0.42 GiB reserve=1.59 GiB total=31.86 GiB)
ds4: ROCm q8 fp16 cache budget exhausted; using q8 kernels (request=64.00 MiB cached=0.00 GiB free=0.42 GiB reserve=1.59 GiB total=31.86 GiB)
ds4: ROCm q8 fp16 cache budget exhausted; using q8 kernels (request=64.00 MiB cached=0.00 GiB free=0.42 GiB reserve=1.59 GiB total=31.86 GiB)
ds4: ROCm q8 fp16 cache budget exhausted; using q8 kernels (request=64.00 MiB cached=0.00 GiB free=0.42 GiB reserve=1.59 GiB total=31.86 GiB)
ds4: ROCm q8 fp16 cache budget exhausted; using q8 kernels (request=64.00 MiB cached=0.00 GiB free=0.42 GiB reserve=1.59 GiB total=31.86 GiB)
ds4: ROCm q8 fp16 cache budget exhausted; using q8 kernels (request=64.00 MiB cached=0.00 GiB free=0.42 GiB reserve=1.59 GiB total=31.86 GiB)
ds4: ROCm q8 fp16 cache budget exhausted; using q8 kernels (request=64.00 MiB cached=0.00 GiB free=0.42 GiB reserve=1.59 GiB total=31.86 GiB)
ds4: ROCm q8 fp16 cache budget exhausted; using q8 kernels (request=64.00 MiB cached=0.00 GiB free=0.42 GiB reserve=1.59 GiB total=31.86 GiB)
ds4: ROCm q8 fp16 cache budget exhausted; using q8 kernels (request=64.00 MiB cached=0.00 GiB free=0.42 GiB reserve=1.59 GiB total=31.86 GiB)
ds4: ROCm q8 fp16 cache budget exhausted; using q8 kernels (request=64.00 MiB cached=0.00 GiB free=0.42 GiB reserve=1.59 GiB total=31.86 GiB)
ds4: ROCm q8 fp16 cache budget exhausted; using q8 kernels (request=64.00 MiB cached=0.00 GiB free=0.42 GiB reserve=1.59 GiB total=31.86 GiB)
ds4: ROCm q8 fp16 cache budget exhausted; using q8 kernels (request=64.00 MiB cached=0.00 GiB free=0.42 GiB reserve=1.59 GiB total=31.86 GiB)
ds4: ROCm q8 fp16 cache budget exhausted; using q8 kernels (request=64.00 MiB cached=0.00 GiB free=0.42 GiB reserve=1.59 GiB total=31.86 GiB)
ds4: ROCm q8 fp16 cache budget exhausted; using q8 kernels (request=64.00 MiB cached=0.00 GiB free=0.42 GiB reserve=1.59 GiB total=31.86 GiB)
ds4: ROCm q8 fp16 cache budget exhausted; using q8 kernels (request=64.00 MiB cached=0.00 GiB free=0.42 GiB reserve=1.59 GiB total=31.86 GiB)
ds4: ROCm q8 fp16 cache budget exhausted; using q8 kernels (request=64.00 MiB cached=0.00 GiB free=0.42 GiB reserve=1.59 GiB total=31.86 GiB)
ds4: ROCm q8 fp16 cache budget exhausted; using q8 kernels (request=64.00 MiB cached=0.00 GiB free=0.42 GiB reserve=1.59 GiB total=31.86 GiB)
ds4: ROCm q8 fp16 cache budget exhausted; using q8 kernels (request=64.00 MiB cached=0.00 GiB free=0.42 GiB reserve=1.59 GiB total=31.86 GiB)
ds4: ROCm q8 fp16 cache budget exhausted; using q8 kernels (request=64.00 MiB cached=0.00 GiB free=0.42 GiB reserve=1.59 GiB total=31.86 GiB)
ds4: ROCm q8 fp16 cache budget exhausted; using q8 kernels (request=64.00 MiB cached=0.00 GiB free=0.42 GiB reserve=1.59 GiB total=31.86 GiB)
ds4: ROCm q8 fp16 cache budget exhausted; using q8 kernels (request=64.00 MiB cached=0.00 GiB free=0.42 GiB reserve=1.59 GiB total=31.86 GiB)
ds4: ROCm q8 fp16 cache budget exhausted; using q8 kernels (request=64.00 MiB cached=0.00 GiB free=0.42 GiB reserve=1.59 GiB total=31.86 GiB)
ds4: ROCm q8 fp16 cache budget exhausted; using q8 kernels (request=64.00 MiB cached=0.00 GiB free=0.42 GiB reserve=1.59 GiB total=31.86 GiB)
ds4: ROCm q8 fp16 cache budget exhausted; using q8 kernels (request=64.00 MiB cached=0.00 GiB free=0.42 GiB reserve=1.59 GiB total=31.86 GiB)
ds4: ROCm q8 fp16 cache budget exhausted; using q8 kernels (request=64.00 MiB cached=0.00 GiB free=0.42 GiB reserve=1.59 GiB total=31.86 GiB)
ds4: ROCm q8 fp16 cache budget exhausted; using q8 kernels (request=64.00 MiB cached=0.00 GiB free=0.42 GiB reserve=1.59 GiB total=31.86 GiB)
ds4: ROCm q8 fp16 cache budget exhausted; using q8 kernels (request=64.00 MiB cached=0.00 GiB free=0.42 GiB reserve=1.59 GiB total=31.86 GiB)
ds4: ROCm q8 fp16 cache budget exhausted; using q8 kernels (request=64.00 MiB cached=0.00 GiB free=0.42 GiB reserve=1.59 GiB total=31.86 GiB)
ds4: ROCm q8 fp16 cache budget exhausted; using q8 kernels (request=64.00 MiB cached=0.00 GiB free=0.42 GiB reserve=1.59 GiB total=31.86 GiB)
ds4: ROCm q8 fp16 cache budget exhausted; using q8 kernels (request=64.00 MiB cached=0.00 GiB free=0.42 GiB reserve=1.59 GiB total=31.86 GiB)
ds4: ROCm q8 fp16 cache budget exhausted; using q8 kernels (request=64.00 MiB cached=0.00 GiB free=0.42 GiB reserve=1.59 GiB total=31.86 GiB)
ds4: ROCm q8 fp16 cache budget exhausted; using q8 kernels (request=64.00 MiB cached=0.00 GiB free=0.42 GiB reserve=1.59 GiB total=31.86 GiB)
ds4: ROCm q8 fp16 cache budget exhausted; using q8 kernels (request=64.00 MiB cached=0.00 GiB free=0.42 GiB reserve=1.59 GiB total=31.86 GiB)
ds4: ROCm q8 fp16 cache budget exhausted; using q8 kernels (request=64.00 MiB cached=0.00 GiB free=0.42 GiB reserve=1.59 GiB total=31.86 GiB)
ds4: ROCm q8 fp16 cache budget exhausted; using q8 kernels (request=64.00 MiB cached=0.00 GiB free=0.42 GiB reserve=1.59 GiB total=31.86 GiB)
ds4: ROCm q8 fp16 cache budget exhausted; using q8 kernels (request=64.00 MiB cached=0.00 GiB free=0.42 GiB reserve=1.59 GiB total=31.86 GiB)
ds4: ROCm q8 fp16 cache budget exhausted; using q8 kernels (request=64.00 MiB cached=0.00 GiB free=0.42 GiB reserve=1.59 GiB total=31.86 GiB)
ds4: ROCm q8 fp16 cache budget exhausted; using q8 kernels (request=64.00 MiB cached=0.00 GiB free=0.42 GiB reserve=1.59 GiB total=31.86 GiB)
ds4: ROCm q8 fp16 cache budget exhausted; using q8 kernels (request=64.00 MiB cached=0.00 GiB free=0.42 GiB reserve=1.59 GiB total=31.86 GiB)
ds4: ROCm q8 fp16 cache budget exhausted; using q8 kernels (request=64.00 MiB cached=0.00 GiB free=0.42 GiB reserve=1.59 GiB total=31.86 GiB)
ds4: ROCm q8 fp16 cache budget exhausted; using q8 kernels (request=64.00 MiB cached=0.00 GiB free=0.42 GiB reserve=1.59 GiB total=31.86 GiB)
ds4: ROCm q8 fp16 cache budget exhausted; using q8 kernels (request=64.00 MiB cached=0.00 GiB free=0.42 GiB reserve=1.59 GiB total=31.86 GiB)
ds4: ROCm q8 fp16 cache budget exhausted; using q8 kernels (request=64.00 MiB cached=0.00 GiB free=0.42 GiB reserve=1.59 GiB total=31.86 GiB)
case_007 cases=8 prompt=14 target=24 avg_nll=0.493340 lcp=0 api_target_mae=0.493340 api_top_coverage=119/120 api_top1=0.833 api_topn=0.773 api_pair=0.958
ds4: ROCm q8 fp16 cache budget exhausted; using q8 kernels (request=64.00 MiB cached=0.00 GiB free=0.42 GiB reserve=1.59 GiB total=31.86 GiB)
ds4: ROCm q8 fp16 cache budget exhausted; using q8 kernels (request=64.00 MiB cached=0.00 GiB free=0.42 GiB reserve=1.59 GiB total=31.86 GiB)
ds4: ROCm q8 fp16 cache budget exhausted; using q8 kernels (request=64.00 MiB cached=0.00 GiB free=0.42 GiB reserve=1.59 GiB total=31.86 GiB)
ds4: ROCm q8 fp16 cache budget exhausted; using q8 kernels (request=64.00 MiB cached=0.00 GiB free=0.42 GiB reserve=1.59 GiB total=31.86 GiB)
ds4: ROCm q8 fp16 cache budget exhausted; using q8 kernels (request=64.00 MiB cached=0.00 GiB free=0.42 GiB reserve=1.59 GiB total=31.86 GiB)
ds4: ROCm q8 fp16 cache budget exhausted; using q8 kernels (request=64.00 MiB cached=0.00 GiB free=0.42 GiB reserve=1.59 GiB total=31.86 GiB)
ds4: ROCm q8 fp16 cache budget exhausted; using q8 kernels (request=64.00 MiB cached=0.00 GiB free=0.42 GiB reserve=1.59 GiB total=31.86 GiB)
ds4: ROCm q8 fp16 cache budget exhausted; using q8 kernels (request=64.00 MiB cached=0.00 GiB free=0.42 GiB reserve=1.59 GiB total=31.86 GiB)
ds4: ROCm q8 fp16 cache budget exhausted; using q8 kernels (request=64.00 MiB cached=0.00 GiB free=0.42 GiB reserve=1.59 GiB total=31.86 GiB)
ds4: ROCm q8 fp16 cache budget exhausted; using q8 kernels (request=64.00 MiB cached=0.00 GiB free=0.42 GiB reserve=1.59 GiB total=31.86 GiB)
ds4: ROCm q8 fp16 cache budget exhausted; using q8 kernels (request=64.00 MiB cached=0.00 GiB free=0.42 GiB reserve=1.59 GiB total=31.86 GiB)
ds4: ROCm q8 fp16 cache budget exhausted; using q8 kernels (request=64.00 MiB cached=0.00 GiB free=0.42 GiB reserve=1.59 GiB total=31.86 GiB)
ds4: ROCm q8 fp16 cache budget exhausted; using q8 kernels (request=64.00 MiB cached=0.00 GiB free=0.42 GiB reserve=1.59 GiB total=31.86 GiB)
ds4: ROCm q8 fp16 cache budget exhausted; using q8 kernels (request=64.00 MiB cached=0.00 GiB free=0.42 GiB reserve=1.59 GiB total=31.86 GiB)
ds4: ROCm q8 fp16 cache budget exhausted; using q8 kernels (request=64.00 MiB cached=0.00 GiB free=0.42 GiB reserve=1.59 GiB total=31.86 GiB)
ds4: ROCm q8 fp16 cache budget exhausted; using q8 kernels (request=64.00 MiB cached=0.00 GiB free=0.42 GiB reserve=1.59 GiB total=31.86 GiB)
ds4: ROCm q8 fp16 cache budget exhausted; using q8 kernels (request=64.00 MiB cached=0.00 GiB free=0.42 GiB reserve=1.59 GiB total=31.86 GiB)
ds4: ROCm q8 fp16 cache budget exhausted; using q8 kernels (request=64.00 MiB cached=0.00 GiB free=0.42 GiB reserve=1.59 GiB total=31.86 GiB)
ds4: ROCm q8 fp16 cache budget exhausted; using q8 kernels (request=64.00 MiB cached=0.00 GiB free=0.42 GiB reserve=1.59 GiB total=31.86 GiB)
ds4: ROCm q8 fp16 cache budget exhausted; using q8 kernels (request=64.00 MiB cached=0.00 GiB free=0.42 GiB reserve=1.59 GiB total=31.86 GiB)
ds4: ROCm q8 fp16 cache budget exhausted; using q8 kernels (request=64.00 MiB cached=0.00 GiB free=0.42 GiB reserve=1.59 GiB total=31.86 GiB)
ds4: ROCm q8 fp16 cache budget exhausted; using q8 kernels (request=64.00 MiB cached=0.00 GiB free=0.42 GiB reserve=1.59 GiB total=31.86 GiB)
ds4: ROCm q8 fp16 cache budget exhausted; using q8 kernels (request=64.00 MiB cached=0.00 GiB free=0.42 GiB reserve=1.59 GiB total=31.86 GiB)
ds4: ROCm q8 fp16 cache budget exhausted; using q8 kernels (request=64.00 MiB cached=0.00 GiB free=0.42 GiB reserve=1.59 GiB total=31.86 GiB)
ds4: ROCm q8 fp16 cache budget exhausted; using q8 kernels (request=64.00 MiB cached=0.00 GiB free=0.42 GiB reserve=1.59 GiB total=31.86 GiB)
ds4: ROCm q8 fp16 cache budget exhausted; using q8 kernels (request=64.00 MiB cached=0.00 GiB free=0.42 GiB reserve=1.59 GiB total=31.86 GiB)
ds4: ROCm q8 fp16 cache budget exhausted; using q8 kernels (request=64.00 MiB cached=0.00 GiB free=0.42 GiB reserve=1.59 GiB total=31.86 GiB)
ds4: ROCm q8 fp16 cache budget exhausted; using q8 kernels (request=64.00 MiB cached=0.00 GiB free=0.42 GiB reserve=1.59 GiB total=31.86 GiB)
ds4: ROCm q8 fp16 cache budget exhausted; using q8 kernels (request=64.00 MiB cached=0.00 GiB free=0.42 GiB reserve=1.59 GiB total=31.86 GiB)
ds4: ROCm q8 fp16 cache budget exhausted; using q8 kernels (request=64.00 MiB cached=0.00 GiB free=0.42 GiB reserve=1.59 GiB total=31.86 GiB)
ds4: ROCm q8 fp16 cache budget exhausted; using q8 kernels (request=64.00 MiB cached=0.00 GiB free=0.42 GiB reserve=1.59 GiB total=31.86 GiB)
ds4: ROCm q8 fp16 cache budget exhausted; using q8 kernels (request=64.00 MiB cached=0.00 GiB free=0.42 GiB reserve=1.59 GiB total=31.86 GiB)
ds4: ROCm q8 fp16 cache budget exhausted; using q8 kernels (request=64.00 MiB cached=0.00 GiB free=0.42 GiB reserve=1.59 GiB total=31.86 GiB)
ds4: ROCm q8 fp16 cache budget exhausted; using q8 kernels (request=64.00 MiB cached=0.00 GiB free=0.42 GiB reserve=1.59 GiB total=31.86 GiB)
ds4: ROCm q8 fp16 cache budget exhausted; using q8 kernels (request=64.00 MiB cached=0.00 GiB free=0.42 GiB reserve=1.59 GiB total=31.86 GiB)
ds4: ROCm q8 fp16 cache budget exhausted; using q8 kernels (request=64.00 MiB cached=0.00 GiB free=0.42 GiB reserve=1.59 GiB total=31.86 GiB)
ds4: ROCm q8 fp16 cache budget exhausted; using q8 kernels (request=64.00 MiB cached=0.00 GiB free=0.42 GiB reserve=1.59 GiB total=31.86 GiB)
ds4: ROCm q8 fp16 cache budget exhausted; using q8 kernels (request=64.00 MiB cached=0.00 GiB free=0.42 GiB reserve=1.59 GiB total=31.86 GiB)
ds4: ROCm q8 fp16 cache budget exhausted; using q8 kernels (request=64.00 MiB cached=0.00 GiB free=0.42 GiB reserve=1.59 GiB total=31.86 GiB)
ds4: ROCm q8 fp16 cache budget exhausted; using q8 kernels (request=64.00 MiB cached=0.00 GiB free=0.42 GiB reserve=1.59 GiB total=31.86 GiB)
ds4: ROCm q8 fp16 cache budget exhausted; using q8 kernels (request=64.00 MiB cached=0.00 GiB free=0.42 GiB reserve=1.59 GiB total=31.86 GiB)
ds4: ROCm q8 fp16 cache budget exhausted; using q8 kernels (request=64.00 MiB cached=0.00 GiB free=0.42 GiB reserve=1.59 GiB total=31.86 GiB)
ds4: ROCm q8 fp16 cache budget exhausted; using q8 kernels (request=64.00 MiB cached=0.00 GiB free=0.42 GiB reserve=1.59 GiB total=31.86 GiB)
case_008 cases=9 prompt=20 target=24 avg_nll=0.347154 lcp=12 api_target_mae=0.347154 api_top_coverage=97/120 api_top1=0.875 api_topn=0.268 api_pair=1.000
ds4: ROCm q8 fp16 cache budget exhausted; using q8 kernels (request=64.00 MiB cached=0.00 GiB free=0.42 GiB reserve=1.59 GiB total=31.86 GiB)
ds4: ROCm q8 fp16 cache budget exhausted; using q8 kernels (request=64.00 MiB cached=0.00 GiB free=0.42 GiB reserve=1.59 GiB total=31.86 GiB)
ds4: ROCm q8 fp16 cache budget exhausted; using q8 kernels (request=64.00 MiB cached=0.00 GiB free=0.42 GiB reserve=1.59 GiB total=31.86 GiB)
ds4: ROCm q8 fp16 cache budget exhausted; using q8 kernels (request=64.00 MiB cached=0.00 GiB free=0.42 GiB reserve=1.59 GiB total=31.86 GiB)
ds4: ROCm q8 fp16 cache budget exhausted; using q8 kernels (request=64.00 MiB cached=0.00 GiB free=0.42 GiB reserve=1.59 GiB total=31.86 GiB)
ds4: ROCm q8 fp16 cache budget exhausted; using q8 kernels (request=64.00 MiB cached=0.00 GiB free=0.42 GiB reserve=1.59 GiB total=31.86 GiB)
ds4: ROCm q8 fp16 cache budget exhausted; using q8 kernels (request=64.00 MiB cached=0.00 GiB free=0.42 GiB reserve=1.59 GiB total=31.86 GiB)
ds4: ROCm q8 fp16 cache budget exhausted; using q8 kernels (request=64.00 MiB cached=0.00 GiB free=0.42 GiB reserve=1.59 GiB total=31.86 GiB)
ds4: ROCm q8 fp16 cache budget exhausted; using q8 kernels (request=64.00 MiB cached=0.00 GiB free=0.42 GiB reserve=1.59 GiB total=31.86 GiB)
ds4: ROCm q8 fp16 cache budget exhausted; using q8 kernels (request=64.00 MiB cached=0.00 GiB free=0.42 GiB reserve=1.59 GiB total=31.86 GiB)
ds4: ROCm q8 fp16 cache budget exhausted; using q8 kernels (request=64.00 MiB cached=0.00 GiB free=0.42 GiB reserve=1.59 GiB total=31.86 GiB)
ds4: ROCm q8 fp16 cache budget exhausted; using q8 kernels (request=64.00 MiB cached=0.00 GiB free=0.42 GiB reserve=1.59 GiB total=31.86 GiB)
ds4: ROCm q8 fp16 cache budget exhausted; using q8 kernels (request=64.00 MiB cached=0.00 GiB free=0.42 GiB reserve=1.59 GiB total=31.86 GiB)
ds4: ROCm q8 fp16 cache budget exhausted; using q8 kernels (request=64.00 MiB cached=0.00 GiB free=0.42 GiB reserve=1.59 GiB total=31.86 GiB)
ds4: ROCm q8 fp16 cache budget exhausted; using q8 kernels (request=64.00 MiB cached=0.00 GiB free=0.42 GiB reserve=1.59 GiB total=31.86 GiB)
ds4: ROCm q8 fp16 cache budget exhausted; using q8 kernels (request=64.00 MiB cached=0.00 GiB free=0.42 GiB reserve=1.59 GiB total=31.86 GiB)
ds4: ROCm q8 fp16 cache budget exhausted; using q8 kernels (request=64.00 MiB cached=0.00 GiB free=0.42 GiB reserve=1.59 GiB total=31.86 GiB)
ds4: ROCm q8 fp16 cache budget exhausted; using q8 kernels (request=64.00 MiB cached=0.00 GiB free=0.42 GiB reserve=1.59 GiB total=31.86 GiB)
ds4: ROCm q8 fp16 cache budget exhausted; using q8 kernels (request=64.00 MiB cached=0.00 GiB free=0.42 GiB reserve=1.59 GiB total=31.86 GiB)
ds4: ROCm q8 fp16 cache budget exhausted; using q8 kernels (request=64.00 MiB cached=0.00 GiB free=0.42 GiB reserve=1.59 GiB total=31.86 GiB)
ds4: ROCm q8 fp16 cache budget exhausted; using q8 kernels (request=64.00 MiB cached=0.00 GiB free=0.42 GiB reserve=1.59 GiB total=31.86 GiB)
ds4: ROCm q8 fp16 cache budget exhausted; using q8 kernels (request=64.00 MiB cached=0.00 GiB free=0.42 GiB reserve=1.59 GiB total=31.86 GiB)
ds4: ROCm q8 fp16 cache budget exhausted; using q8 kernels (request=64.00 MiB cached=0.00 GiB free=0.42 GiB reserve=1.59 GiB total=31.86 GiB)
ds4: ROCm q8 fp16 cache budget exhausted; using q8 kernels (request=64.00 MiB cached=0.00 GiB free=0.42 GiB reserve=1.59 GiB total=31.86 GiB)
ds4: ROCm q8 fp16 cache budget exhausted; using q8 kernels (request=64.00 MiB cached=0.00 GiB free=0.42 GiB reserve=1.59 GiB total=31.86 GiB)
ds4: ROCm q8 fp16 cache budget exhausted; using q8 kernels (request=64.00 MiB cached=0.00 GiB free=0.42 GiB reserve=1.59 GiB total=31.86 GiB)
ds4: ROCm q8 fp16 cache budget exhausted; using q8 kernels (request=64.00 MiB cached=0.00 GiB free=0.42 GiB reserve=1.59 GiB total=31.86 GiB)
ds4: ROCm q8 fp16 cache budget exhausted; using q8 kernels (request=64.00 MiB cached=0.00 GiB free=0.42 GiB reserve=1.59 GiB total=31.86 GiB)
ds4: ROCm q8 fp16 cache budget exhausted; using q8 kernels (request=64.00 MiB cached=0.00 GiB free=0.42 GiB reserve=1.59 GiB total=31.86 GiB)
ds4: ROCm q8 fp16 cache budget exhausted; using q8 kernels (request=64.00 MiB cached=0.00 GiB free=0.42 GiB reserve=1.59 GiB total=31.86 GiB)
ds4: ROCm q8 fp16 cache budget exhausted; using q8 kernels (request=64.00 MiB cached=0.00 GiB free=0.42 GiB reserve=1.59 GiB total=31.86 GiB)
ds4: ROCm q8 fp16 cache budget exhausted; using q8 kernels (request=64.00 MiB cached=0.00 GiB free=0.42 GiB reserve=1.59 GiB total=31.86 GiB)
ds4: ROCm q8 fp16 cache budget exhausted; using q8 kernels (request=64.00 MiB cached=0.00 GiB free=0.42 GiB reserve=1.59 GiB total=31.86 GiB)
ds4: ROCm q8 fp16 cache budget exhausted; using q8 kernels (request=64.00 MiB cached=0.00 GiB free=0.42 GiB reserve=1.59 GiB total=31.86 GiB)
ds4: ROCm q8 fp16 cache budget exhausted; using q8 kernels (request=64.00 MiB cached=0.00 GiB free=0.42 GiB reserve=1.59 GiB total=31.86 GiB)
ds4: ROCm q8 fp16 cache budget exhausted; using q8 kernels (request=64.00 MiB cached=0.00 GiB free=0.42 GiB reserve=1.59 GiB total=31.86 GiB)
ds4: ROCm q8 fp16 cache budget exhausted; using q8 kernels (request=64.00 MiB cached=0.00 GiB free=0.42 GiB reserve=1.59 GiB total=31.86 GiB)
ds4: ROCm q8 fp16 cache budget exhausted; using q8 kernels (request=64.00 MiB cached=0.00 GiB free=0.42 GiB reserve=1.59 GiB total=31.86 GiB)
ds4: ROCm q8 fp16 cache budget exhausted; using q8 kernels (request=64.00 MiB cached=0.00 GiB free=0.42 GiB reserve=1.59 GiB total=31.86 GiB)
ds4: ROCm q8 fp16 cache budget exhausted; using q8 kernels (request=64.00 MiB cached=0.00 GiB free=0.42 GiB reserve=1.59 GiB total=31.86 GiB)
ds4: ROCm q8 fp16 cache budget exhausted; using q8 kernels (request=64.00 MiB cached=0.00 GiB free=0.42 GiB reserve=1.59 GiB total=31.86 GiB)
ds4: ROCm q8 fp16 cache budget exhausted; using q8 kernels (request=64.00 MiB cached=0.00 GiB free=0.42 GiB reserve=1.59 GiB total=31.86 GiB)
ds4: ROCm q8 fp16 cache budget exhausted; using q8 kernels (request=64.00 MiB cached=0.00 GiB free=0.42 GiB reserve=1.59 GiB total=31.86 GiB)
case_009 cases=10 prompt=17 target=24 avg_nll=0.214126 lcp=11 api_target_mae=0.214126 api_top_coverage=106/120 api_top1=0.917 api_topn=0.453 api_pair=1.000
ds4: ROCm q8 fp16 cache budget exhausted; using q8 kernels (request=64.00 MiB cached=0.00 GiB free=0.42 GiB reserve=1.59 GiB total=31.86 GiB)
ds4: ROCm q8 fp16 cache budget exhausted; using q8 kernels (request=64.00 MiB cached=0.00 GiB free=0.42 GiB reserve=1.59 GiB total=31.86 GiB)
ds4: ROCm q8 fp16 cache budget exhausted; using q8 kernels (request=64.00 MiB cached=0.00 GiB free=0.42 GiB reserve=1.59 GiB total=31.86 GiB)
ds4: ROCm q8 fp16 cache budget exhausted; using q8 kernels (request=64.00 MiB cached=0.00 GiB free=0.42 GiB reserve=1.59 GiB total=31.86 GiB)
ds4: ROCm q8 fp16 cache budget exhausted; using q8 kernels (request=64.00 MiB cached=0.00 GiB free=0.42 GiB reserve=1.59 GiB total=31.86 GiB)
ds4: ROCm q8 fp16 cache budget exhausted; using q8 kernels (request=64.00 MiB cached=0.00 GiB free=0.42 GiB reserve=1.59 GiB total=31.86 GiB)
ds4: ROCm q8 fp16 cache budget exhausted; using q8 kernels (request=64.00 MiB cached=0.00 GiB free=0.42 GiB reserve=1.59 GiB total=31.86 GiB)
ds4: ROCm q8 fp16 cache budget exhausted; using q8 kernels (request=64.00 MiB cached=0.00 GiB free=0.42 GiB reserve=1.59 GiB total=31.86 GiB)
ds4: ROCm q8 fp16 cache budget exhausted; using q8 kernels (request=64.00 MiB cached=0.00 GiB free=0.42 GiB reserve=1.59 GiB total=31.86 GiB)
ds4: ROCm q8 fp16 cache budget exhausted; using q8 kernels (request=64.00 MiB cached=0.00 GiB free=0.42 GiB reserve=1.59 GiB total=31.86 GiB)
ds4: ROCm q8 fp16 cache budget exhausted; using q8 kernels (request=64.00 MiB cached=0.00 GiB free=0.42 GiB reserve=1.59 GiB total=31.86 GiB)
ds4: ROCm q8 fp16 cache budget exhausted; using q8 kernels (request=64.00 MiB cached=0.00 GiB free=0.42 GiB reserve=1.59 GiB total=31.86 GiB)
ds4: ROCm q8 fp16 cache budget exhausted; using q8 kernels (request=64.00 MiB cached=0.00 GiB free=0.42 GiB reserve=1.59 GiB total=31.86 GiB)
ds4: ROCm q8 fp16 cache budget exhausted; using q8 kernels (request=64.00 MiB cached=0.00 GiB free=0.42 GiB reserve=1.59 GiB total=31.86 GiB)
ds4: ROCm q8 fp16 cache budget exhausted; using q8 kernels (request=64.00 MiB cached=0.00 GiB free=0.42 GiB reserve=1.59 GiB total=31.86 GiB)
ds4: ROCm q8 fp16 cache budget exhausted; using q8 kernels (request=64.00 MiB cached=0.00 GiB free=0.42 GiB reserve=1.59 GiB total=31.86 GiB)
ds4: ROCm q8 fp16 cache budget exhausted; using q8 kernels (request=64.00 MiB cached=0.00 GiB free=0.42 GiB reserve=1.59 GiB total=31.86 GiB)
ds4: ROCm q8 fp16 cache budget exhausted; using q8 kernels (request=64.00 MiB cached=0.00 GiB free=0.42 GiB reserve=1.59 GiB total=31.86 GiB)
ds4: ROCm q8 fp16 cache budget exhausted; using q8 kernels (request=64.00 MiB cached=0.00 GiB free=0.42 GiB reserve=1.59 GiB total=31.86 GiB)
ds4: ROCm q8 fp16 cache budget exhausted; using q8 kernels (request=64.00 MiB cached=0.00 GiB free=0.42 GiB reserve=1.59 GiB total=31.86 GiB)
ds4: ROCm q8 fp16 cache budget exhausted; using q8 kernels (request=64.00 MiB cached=0.00 GiB free=0.42 GiB reserve=1.59 GiB total=31.86 GiB)
ds4: ROCm q8 fp16 cache budget exhausted; using q8 kernels (request=64.00 MiB cached=0.00 GiB free=0.42 GiB reserve=1.59 GiB total=31.86 GiB)
ds4: ROCm q8 fp16 cache budget exhausted; using q8 kernels (request=64.00 MiB cached=0.00 GiB free=0.42 GiB reserve=1.59 GiB total=31.86 GiB)
ds4: ROCm q8 fp16 cache budget exhausted; using q8 kernels (request=64.00 MiB cached=0.00 GiB free=0.42 GiB reserve=1.59 GiB total=31.86 GiB)
ds4: ROCm q8 fp16 cache budget exhausted; using q8 kernels (request=64.00 MiB cached=0.00 GiB free=0.42 GiB reserve=1.59 GiB total=31.86 GiB)
ds4: ROCm q8 fp16 cache budget exhausted; using q8 kernels (request=64.00 MiB cached=0.00 GiB free=0.42 GiB reserve=1.59 GiB total=31.86 GiB)
ds4: ROCm q8 fp16 cache budget exhausted; using q8 kernels (request=64.00 MiB cached=0.00 GiB free=0.42 GiB reserve=1.59 GiB total=31.86 GiB)
ds4: ROCm q8 fp16 cache budget exhausted; using q8 kernels (request=64.00 MiB cached=0.00 GiB free=0.42 GiB reserve=1.59 GiB total=31.86 GiB)
ds4: ROCm q8 fp16 cache budget exhausted; using q8 kernels (request=64.00 MiB cached=0.00 GiB free=0.42 GiB reserve=1.59 GiB total=31.86 GiB)
ds4: ROCm q8 fp16 cache budget exhausted; using q8 kernels (request=64.00 MiB cached=0.00 GiB free=0.42 GiB reserve=1.59 GiB total=31.86 GiB)
ds4: ROCm q8 fp16 cache budget exhausted; using q8 kernels (request=64.00 MiB cached=0.00 GiB free=0.42 GiB reserve=1.59 GiB total=31.86 GiB)
ds4: ROCm q8 fp16 cache budget exhausted; using q8 kernels (request=64.00 MiB cached=0.00 GiB free=0.42 GiB reserve=1.59 GiB total=31.86 GiB)
ds4: ROCm q8 fp16 cache budget exhausted; using q8 kernels (request=64.00 MiB cached=0.00 GiB free=0.42 GiB reserve=1.59 GiB total=31.86 GiB)
ds4: ROCm q8 fp16 cache budget exhausted; using q8 kernels (request=64.00 MiB cached=0.00 GiB free=0.42 GiB reserve=1.59 GiB total=31.86 GiB)
ds4: ROCm q8 fp16 cache budget exhausted; using q8 kernels (request=64.00 MiB cached=0.00 GiB free=0.42 GiB reserve=1.59 GiB total=31.86 GiB)
ds4: ROCm q8 fp16 cache budget exhausted; using q8 kernels (request=64.00 MiB cached=0.00 GiB free=0.42 GiB reserve=1.59 GiB total=31.86 GiB)
ds4: ROCm q8 fp16 cache budget exhausted; using q8 kernels (request=64.00 MiB cached=0.00 GiB free=0.42 GiB reserve=1.59 GiB total=31.86 GiB)
ds4: ROCm q8 fp16 cache budget exhausted; using q8 kernels (request=64.00 MiB cached=0.00 GiB free=0.42 GiB reserve=1.59 GiB total=31.86 GiB)
ds4: ROCm q8 fp16 cache budget exhausted; using q8 kernels (request=64.00 MiB cached=0.00 GiB free=0.42 GiB reserve=1.59 GiB total=31.86 GiB)
ds4: ROCm q8 fp16 cache budget exhausted; using q8 kernels (request=64.00 MiB cached=0.00 GiB free=0.42 GiB reserve=1.59 GiB total=31.86 GiB)
ds4: ROCm q8 fp16 cache budget exhausted; using q8 kernels (request=64.00 MiB cached=0.00 GiB free=0.42 GiB reserve=1.59 GiB total=31.86 GiB)
ds4: ROCm q8 fp16 cache budget exhausted; using q8 kernels (request=64.00 MiB cached=0.00 GiB free=0.42 GiB reserve=1.59 GiB total=31.86 GiB)
ds4: ROCm q8 fp16 cache budget exhausted; using q8 kernels (request=64.00 MiB cached=0.00 GiB free=0.42 GiB reserve=1.59 GiB total=31.86 GiB)
case_010 cases=11 prompt=26 target=24 avg_nll=0.306270 lcp=0 api_target_mae=0.306270 api_top_coverage=96/120 api_top1=0.875 api_topn=0.250 api_pair=1.000
ds4: ROCm q8 fp16 cache budget exhausted; using q8 kernels (request=64.00 MiB cached=0.00 GiB free=0.42 GiB reserve=1.59 GiB total=31.86 GiB)
ds4: ROCm q8 fp16 cache budget exhausted; using q8 kernels (request=64.00 MiB cached=0.00 GiB free=0.42 GiB reserve=1.59 GiB total=31.86 GiB)
ds4: ROCm q8 fp16 cache budget exhausted; using q8 kernels (request=64.00 MiB cached=0.00 GiB free=0.42 GiB reserve=1.59 GiB total=31.86 GiB)
ds4: ROCm q8 fp16 cache budget exhausted; using q8 kernels (request=64.00 MiB cached=0.00 GiB free=0.42 GiB reserve=1.59 GiB total=31.86 GiB)
ds4: ROCm q8 fp16 cache budget exhausted; using q8 kernels (request=64.00 MiB cached=0.00 GiB free=0.42 GiB reserve=1.59 GiB total=31.86 GiB)
ds4: ROCm q8 fp16 cache budget exhausted; using q8 kernels (request=64.00 MiB cached=0.00 GiB free=0.42 GiB reserve=1.59 GiB total=31.86 GiB)
ds4: ROCm q8 fp16 cache budget exhausted; using q8 kernels (request=64.00 MiB cached=0.00 GiB free=0.42 GiB reserve=1.59 GiB total=31.86 GiB)
ds4: ROCm q8 fp16 cache budget exhausted; using q8 kernels (request=64.00 MiB cached=0.00 GiB free=0.42 GiB reserve=1.59 GiB total=31.86 GiB)
ds4: ROCm q8 fp16 cache budget exhausted; using q8 kernels (request=64.00 MiB cached=0.00 GiB free=0.42 GiB reserve=1.59 GiB total=31.86 GiB)
ds4: ROCm q8 fp16 cache budget exhausted; using q8 kernels (request=64.00 MiB cached=0.00 GiB free=0.42 GiB reserve=1.59 GiB total=31.86 GiB)
ds4: ROCm q8 fp16 cache budget exhausted; using q8 kernels (request=64.00 MiB cached=0.00 GiB free=0.42 GiB reserve=1.59 GiB total=31.86 GiB)
ds4: ROCm q8 fp16 cache budget exhausted; using q8 kernels (request=64.00 MiB cached=0.00 GiB free=0.42 GiB reserve=1.59 GiB total=31.86 GiB)
ds4: ROCm q8 fp16 cache budget exhausted; using q8 kernels (request=64.00 MiB cached=0.00 GiB free=0.42 GiB reserve=1.59 GiB total=31.86 GiB)
ds4: ROCm q8 fp16 cache budget exhausted; using q8 kernels (request=64.00 MiB cached=0.00 GiB free=0.42 GiB reserve=1.59 GiB total=31.86 GiB)
ds4: ROCm q8 fp16 cache budget exhausted; using q8 kernels (request=64.00 MiB cached=0.00 GiB free=0.42 GiB reserve=1.59 GiB total=31.86 GiB)
ds4: ROCm q8 fp16 cache budget exhausted; using q8 kernels (request=64.00 MiB cached=0.00 GiB free=0.42 GiB reserve=1.59 GiB total=31.86 GiB)
ds4: ROCm q8 fp16 cache budget exhausted; using q8 kernels (request=64.00 MiB cached=0.00 GiB free=0.42 GiB reserve=1.59 GiB total=31.86 GiB)
ds4: ROCm q8 fp16 cache budget exhausted; using q8 kernels (request=64.00 MiB cached=0.00 GiB free=0.42 GiB reserve=1.59 GiB total=31.86 GiB)
ds4: ROCm q8 fp16 cache budget exhausted; using q8 kernels (request=64.00 MiB cached=0.00 GiB free=0.42 GiB reserve=1.59 GiB total=31.86 GiB)
ds4: ROCm q8 fp16 cache budget exhausted; using q8 kernels (request=64.00 MiB cached=0.00 GiB free=0.42 GiB reserve=1.59 GiB total=31.86 GiB)
ds4: ROCm q8 fp16 cache budget exhausted; using q8 kernels (request=64.00 MiB cached=0.00 GiB free=0.42 GiB reserve=1.59 GiB total=31.86 GiB)
ds4: ROCm q8 fp16 cache budget exhausted; using q8 kernels (request=64.00 MiB cached=0.00 GiB free=0.42 GiB reserve=1.59 GiB total=31.86 GiB)
ds4: ROCm q8 fp16 cache budget exhausted; using q8 kernels (request=64.00 MiB cached=0.00 GiB free=0.42 GiB reserve=1.59 GiB total=31.86 GiB)
ds4: ROCm q8 fp16 cache budget exhausted; using q8 kernels (request=64.00 MiB cached=0.00 GiB free=0.42 GiB reserve=1.59 GiB total=31.86 GiB)
ds4: ROCm q8 fp16 cache budget exhausted; using q8 kernels (request=64.00 MiB cached=0.00 GiB free=0.42 GiB reserve=1.59 GiB total=31.86 GiB)
ds4: ROCm q8 fp16 cache budget exhausted; using q8 kernels (request=64.00 MiB cached=0.00 GiB free=0.42 GiB reserve=1.59 GiB total=31.86 GiB)
ds4: ROCm q8 fp16 cache budget exhausted; using q8 kernels (request=64.00 MiB cached=0.00 GiB free=0.42 GiB reserve=1.59 GiB total=31.86 GiB)
ds4: ROCm q8 fp16 cache budget exhausted; using q8 kernels (request=64.00 MiB cached=0.00 GiB free=0.42 GiB reserve=1.59 GiB total=31.86 GiB)
ds4: ROCm q8 fp16 cache budget exhausted; using q8 kernels (request=64.00 MiB cached=0.00 GiB free=0.42 GiB reserve=1.59 GiB total=31.86 GiB)
ds4: ROCm q8 fp16 cache budget exhausted; using q8 kernels (request=64.00 MiB cached=0.00 GiB free=0.42 GiB reserve=1.59 GiB total=31.86 GiB)
ds4: ROCm q8 fp16 cache budget exhausted; using q8 kernels (request=64.00 MiB cached=0.00 GiB free=0.42 GiB reserve=1.59 GiB total=31.86 GiB)
ds4: ROCm q8 fp16 cache budget exhausted; using q8 kernels (request=64.00 MiB cached=0.00 GiB free=0.42 GiB reserve=1.59 GiB total=31.86 GiB)
ds4: ROCm q8 fp16 cache budget exhausted; using q8 kernels (request=64.00 MiB cached=0.00 GiB free=0.42 GiB reserve=1.59 GiB total=31.86 GiB)
ds4: ROCm q8 fp16 cache budget exhausted; using q8 kernels (request=64.00 MiB cached=0.00 GiB free=0.42 GiB reserve=1.59 GiB total=31.86 GiB)
ds4: ROCm q8 fp16 cache budget exhausted; using q8 kernels (request=64.00 MiB cached=0.00 GiB free=0.42 GiB reserve=1.59 GiB total=31.86 GiB)
ds4: ROCm q8 fp16 cache budget exhausted; using q8 kernels (request=64.00 MiB cached=0.00 GiB free=0.42 GiB reserve=1.59 GiB total=31.86 GiB)
ds4: ROCm q8 fp16 cache budget exhausted; using q8 kernels (request=64.00 MiB cached=0.00 GiB free=0.42 GiB reserve=1.59 GiB total=31.86 GiB)
ds4: ROCm q8 fp16 cache budget exhausted; using q8 kernels (request=64.00 MiB cached=0.00 GiB free=0.42 GiB reserve=1.59 GiB total=31.86 GiB)
ds4: ROCm q8 fp16 cache budget exhausted; using q8 kernels (request=64.00 MiB cached=0.00 GiB free=0.42 GiB reserve=1.59 GiB total=31.86 GiB)
ds4: ROCm q8 fp16 cache budget exhausted; using q8 kernels (request=64.00 MiB cached=0.00 GiB free=0.42 GiB reserve=1.59 GiB total=31.86 GiB)
ds4: ROCm q8 fp16 cache budget exhausted; using q8 kernels (request=64.00 MiB cached=0.00 GiB free=0.42 GiB reserve=1.59 GiB total=31.86 GiB)
ds4: ROCm q8 fp16 cache budget exhausted; using q8 kernels (request=64.00 MiB cached=0.00 GiB free=0.42 GiB reserve=1.59 GiB total=31.86 GiB)
ds4: ROCm q8 fp16 cache budget exhausted; using q8 kernels (request=64.00 MiB cached=0.00 GiB free=0.42 GiB reserve=1.59 GiB total=31.86 GiB)
case_011 cases=12 prompt=21 target=24 avg_nll=0.229347 lcp=19 api_target_mae=0.229347 api_top_coverage=98/120 api_top1=0.917 api_topn=0.255 api_pair=1.000
ds4: ROCm q8 fp16 cache budget exhausted; using q8 kernels (request=64.00 MiB cached=0.00 GiB free=0.42 GiB reserve=1.59 GiB total=31.86 GiB)
ds4: ROCm q8 fp16 cache budget exhausted; using q8 kernels (request=64.00 MiB cached=0.00 GiB free=0.42 GiB reserve=1.59 GiB total=31.86 GiB)
ds4: ROCm q8 fp16 cache budget exhausted; using q8 kernels (request=64.00 MiB cached=0.00 GiB free=0.42 GiB reserve=1.59 GiB total=31.86 GiB)
ds4: ROCm q8 fp16 cache budget exhausted; using q8 kernels (request=64.00 MiB cached=0.00 GiB free=0.42 GiB reserve=1.59 GiB total=31.86 GiB)
ds4: ROCm q8 fp16 cache budget exhausted; using q8 kernels (request=64.00 MiB cached=0.00 GiB free=0.42 GiB reserve=1.59 GiB total=31.86 GiB)
ds4: ROCm q8 fp16 cache budget exhausted; using q8 kernels (request=64.00 MiB cached=0.00 GiB free=0.42 GiB reserve=1.59 GiB total=31.86 GiB)
ds4: ROCm q8 fp16 cache budget exhausted; using q8 kernels (request=64.00 MiB cached=0.00 GiB free=0.42 GiB reserve=1.59 GiB total=31.86 GiB)
ds4: ROCm q8 fp16 cache budget exhausted; using q8 kernels (request=64.00 MiB cached=0.00 GiB free=0.42 GiB reserve=1.59 GiB total=31.86 GiB)
ds4: ROCm q8 fp16 cache budget exhausted; using q8 kernels (request=64.00 MiB cached=0.00 GiB free=0.42 GiB reserve=1.59 GiB total=31.86 GiB)
ds4: ROCm q8 fp16 cache budget exhausted; using q8 kernels (request=64.00 MiB cached=0.00 GiB free=0.42 GiB reserve=1.59 GiB total=31.86 GiB)
ds4: ROCm q8 fp16 cache budget exhausted; using q8 kernels (request=64.00 MiB cached=0.00 GiB free=0.42 GiB reserve=1.59 GiB total=31.86 GiB)
ds4: ROCm q8 fp16 cache budget exhausted; using q8 kernels (request=64.00 MiB cached=0.00 GiB free=0.42 GiB reserve=1.59 GiB total=31.86 GiB)
ds4: ROCm q8 fp16 cache budget exhausted; using q8 kernels (request=64.00 MiB cached=0.00 GiB free=0.42 GiB reserve=1.59 GiB total=31.86 GiB)
ds4: ROCm q8 fp16 cache budget exhausted; using q8 kernels (request=64.00 MiB cached=0.00 GiB free=0.42 GiB reserve=1.59 GiB total=31.86 GiB)
ds4: ROCm q8 fp16 cache budget exhausted; using q8 kernels (request=64.00 MiB cached=0.00 GiB free=0.42 GiB reserve=1.59 GiB total=31.86 GiB)
ds4: ROCm q8 fp16 cache budget exhausted; using q8 kernels (request=64.00 MiB cached=0.00 GiB free=0.42 GiB reserve=1.59 GiB total=31.86 GiB)
ds4: ROCm q8 fp16 cache budget exhausted; using q8 kernels (request=64.00 MiB cached=0.00 GiB free=0.42 GiB reserve=1.59 GiB total=31.86 GiB)
ds4: ROCm q8 fp16 cache budget exhausted; using q8 kernels (request=64.00 MiB cached=0.00 GiB free=0.42 GiB reserve=1.59 GiB total=31.86 GiB)
ds4: ROCm q8 fp16 cache budget exhausted; using q8 kernels (request=64.00 MiB cached=0.00 GiB free=0.42 GiB reserve=1.59 GiB total=31.86 GiB)
ds4: ROCm q8 fp16 cache budget exhausted; using q8 kernels (request=64.00 MiB cached=0.00 GiB free=0.42 GiB reserve=1.59 GiB total=31.86 GiB)
ds4: ROCm q8 fp16 cache budget exhausted; using q8 kernels (request=64.00 MiB cached=0.00 GiB free=0.42 GiB reserve=1.59 GiB total=31.86 GiB)
ds4: ROCm q8 fp16 cache budget exhausted; using q8 kernels (request=64.00 MiB cached=0.00 GiB free=0.42 GiB reserve=1.59 GiB total=31.86 GiB)
ds4: ROCm q8 fp16 cache budget exhausted; using q8 kernels (request=64.00 MiB cached=0.00 GiB free=0.42 GiB reserve=1.59 GiB total=31.86 GiB)
ds4: ROCm q8 fp16 cache budget exhausted; using q8 kernels (request=64.00 MiB cached=0.00 GiB free=0.42 GiB reserve=1.59 GiB total=31.86 GiB)
ds4: ROCm q8 fp16 cache budget exhausted; using q8 kernels (request=64.00 MiB cached=0.00 GiB free=0.42 GiB reserve=1.59 GiB total=31.86 GiB)
ds4: ROCm q8 fp16 cache budget exhausted; using q8 kernels (request=64.00 MiB cached=0.00 GiB free=0.42 GiB reserve=1.59 GiB total=31.86 GiB)
ds4: ROCm q8 fp16 cache budget exhausted; using q8 kernels (request=64.00 MiB cached=0.00 GiB free=0.42 GiB reserve=1.59 GiB total=31.86 GiB)
ds4: ROCm q8 fp16 cache budget exhausted; using q8 kernels (request=64.00 MiB cached=0.00 GiB free=0.42 GiB reserve=1.59 GiB total=31.86 GiB)
ds4: ROCm q8 fp16 cache budget exhausted; using q8 kernels (request=64.00 MiB cached=0.00 GiB free=0.42 GiB reserve=1.59 GiB total=31.86 GiB)
ds4: ROCm q8 fp16 cache budget exhausted; using q8 kernels (request=64.00 MiB cached=0.00 GiB free=0.42 GiB reserve=1.59 GiB total=31.86 GiB)
ds4: ROCm q8 fp16 cache budget exhausted; using q8 kernels (request=64.00 MiB cached=0.00 GiB free=0.42 GiB reserve=1.59 GiB total=31.86 GiB)
ds4: ROCm q8 fp16 cache budget exhausted; using q8 kernels (request=64.00 MiB cached=0.00 GiB free=0.42 GiB reserve=1.59 GiB total=31.86 GiB)
ds4: ROCm q8 fp16 cache budget exhausted; using q8 kernels (request=64.00 MiB cached=0.00 GiB free=0.42 GiB reserve=1.59 GiB total=31.86 GiB)
ds4: ROCm q8 fp16 cache budget exhausted; using q8 kernels (request=64.00 MiB cached=0.00 GiB free=0.42 GiB reserve=1.59 GiB total=31.86 GiB)
ds4: ROCm q8 fp16 cache budget exhausted; using q8 kernels (request=64.00 MiB cached=0.00 GiB free=0.42 GiB reserve=1.59 GiB total=31.86 GiB)
ds4: ROCm q8 fp16 cache budget exhausted; using q8 kernels (request=64.00 MiB cached=0.00 GiB free=0.42 GiB reserve=1.59 GiB total=31.86 GiB)
ds4: ROCm q8 fp16 cache budget exhausted; using q8 kernels (request=64.00 MiB cached=0.00 GiB free=0.42 GiB reserve=1.59 GiB total=31.86 GiB)
ds4: ROCm q8 fp16 cache budget exhausted; using q8 kernels (request=64.00 MiB cached=0.00 GiB free=0.42 GiB reserve=1.59 GiB total=31.86 GiB)
ds4: ROCm q8 fp16 cache budget exhausted; using q8 kernels (request=64.00 MiB cached=0.00 GiB free=0.42 GiB reserve=1.59 GiB total=31.86 GiB)
ds4: ROCm q8 fp16 cache budget exhausted; using q8 kernels (request=64.00 MiB cached=0.00 GiB free=0.42 GiB reserve=1.59 GiB total=31.86 GiB)
ds4: ROCm q8 fp16 cache budget exhausted; using q8 kernels (request=64.00 MiB cached=0.00 GiB free=0.42 GiB reserve=1.59 GiB total=31.86 GiB)
ds4: ROCm q8 fp16 cache budget exhausted; using q8 kernels (request=64.00 MiB cached=0.00 GiB free=0.42 GiB reserve=1.59 GiB total=31.86 GiB)
ds4: ROCm q8 fp16 cache budget exhausted; using q8 kernels (request=64.00 MiB cached=0.00 GiB free=0.42 GiB reserve=1.59 GiB total=31.86 GiB)
case_012 cases=13 prompt=22 target=24 avg_nll=0.298705 lcp=0 api_target_mae=0.298705 api_top_coverage=100/120 api_top1=0.833 api_topn=0.260 api_pair=0.987
ds4: ROCm q8 fp16 cache budget exhausted; using q8 kernels (request=64.00 MiB cached=0.00 GiB free=0.42 GiB reserve=1.59 GiB total=31.86 GiB)
ds4: ROCm q8 fp16 cache budget exhausted; using q8 kernels (request=64.00 MiB cached=0.00 GiB free=0.42 GiB reserve=1.59 GiB total=31.86 GiB)
ds4: ROCm q8 fp16 cache budget exhausted; using q8 kernels (request=64.00 MiB cached=0.00 GiB free=0.42 GiB reserve=1.59 GiB total=31.86 GiB)
ds4: ROCm q8 fp16 cache budget exhausted; using q8 kernels (request=64.00 MiB cached=0.00 GiB free=0.42 GiB reserve=1.59 GiB total=31.86 GiB)
ds4: ROCm q8 fp16 cache budget exhausted; using q8 kernels (request=64.00 MiB cached=0.00 GiB free=0.42 GiB reserve=1.59 GiB total=31.86 GiB)
ds4: ROCm q8 fp16 cache budget exhausted; using q8 kernels (request=64.00 MiB cached=0.00 GiB free=0.42 GiB reserve=1.59 GiB total=31.86 GiB)
ds4: ROCm q8 fp16 cache budget exhausted; using q8 kernels (request=64.00 MiB cached=0.00 GiB free=0.42 GiB reserve=1.59 GiB total=31.86 GiB)
ds4: ROCm q8 fp16 cache budget exhausted; using q8 kernels (request=64.00 MiB cached=0.00 GiB free=0.42 GiB reserve=1.59 GiB total=31.86 GiB)
ds4: ROCm q8 fp16 cache budget exhausted; using q8 kernels (request=64.00 MiB cached=0.00 GiB free=0.42 GiB reserve=1.59 GiB total=31.86 GiB)
ds4: ROCm q8 fp16 cache budget exhausted; using q8 kernels (request=64.00 MiB cached=0.00 GiB free=0.42 GiB reserve=1.59 GiB total=31.86 GiB)
ds4: ROCm q8 fp16 cache budget exhausted; using q8 kernels (request=64.00 MiB cached=0.00 GiB free=0.42 GiB reserve=1.59 GiB total=31.86 GiB)
ds4: ROCm q8 fp16 cache budget exhausted; using q8 kernels (request=64.00 MiB cached=0.00 GiB free=0.42 GiB reserve=1.59 GiB total=31.86 GiB)
ds4: ROCm q8 fp16 cache budget exhausted; using q8 kernels (request=64.00 MiB cached=0.00 GiB free=0.42 GiB reserve=1.59 GiB total=31.86 GiB)
ds4: ROCm q8 fp16 cache budget exhausted; using q8 kernels (request=64.00 MiB cached=0.00 GiB free=0.42 GiB reserve=1.59 GiB total=31.86 GiB)
ds4: ROCm q8 fp16 cache budget exhausted; using q8 kernels (request=64.00 MiB cached=0.00 GiB free=0.42 GiB reserve=1.59 GiB total=31.86 GiB)
ds4: ROCm q8 fp16 cache budget exhausted; using q8 kernels (request=64.00 MiB cached=0.00 GiB free=0.42 GiB reserve=1.59 GiB total=31.86 GiB)
ds4: ROCm q8 fp16 cache budget exhausted; using q8 kernels (request=64.00 MiB cached=0.00 GiB free=0.42 GiB reserve=1.59 GiB total=31.86 GiB)
ds4: ROCm q8 fp16 cache budget exhausted; using q8 kernels (request=64.00 MiB cached=0.00 GiB free=0.42 GiB reserve=1.59 GiB total=31.86 GiB)
ds4: ROCm q8 fp16 cache budget exhausted; using q8 kernels (request=64.00 MiB cached=0.00 GiB free=0.42 GiB reserve=1.59 GiB total=31.86 GiB)
ds4: ROCm q8 fp16 cache budget exhausted; using q8 kernels (request=64.00 MiB cached=0.00 GiB free=0.42 GiB reserve=1.59 GiB total=31.86 GiB)
ds4: ROCm q8 fp16 cache budget exhausted; using q8 kernels (request=64.00 MiB cached=0.00 GiB free=0.42 GiB reserve=1.59 GiB total=31.86 GiB)
ds4: ROCm q8 fp16 cache budget exhausted; using q8 kernels (request=64.00 MiB cached=0.00 GiB free=0.42 GiB reserve=1.59 GiB total=31.86 GiB)
ds4: ROCm q8 fp16 cache budget exhausted; using q8 kernels (request=64.00 MiB cached=0.00 GiB free=0.42 GiB reserve=1.59 GiB total=31.86 GiB)
ds4: ROCm q8 fp16 cache budget exhausted; using q8 kernels (request=64.00 MiB cached=0.00 GiB free=0.42 GiB reserve=1.59 GiB total=31.86 GiB)
ds4: ROCm q8 fp16 cache budget exhausted; using q8 kernels (request=64.00 MiB cached=0.00 GiB free=0.42 GiB reserve=1.59 GiB total=31.86 GiB)
ds4: ROCm q8 fp16 cache budget exhausted; using q8 kernels (request=64.00 MiB cached=0.00 GiB free=0.42 GiB reserve=1.59 GiB total=31.86 GiB)
ds4: ROCm q8 fp16 cache budget exhausted; using q8 kernels (request=64.00 MiB cached=0.00 GiB free=0.42 GiB reserve=1.59 GiB total=31.86 GiB)
ds4: ROCm q8 fp16 cache budget exhausted; using q8 kernels (request=64.00 MiB cached=0.00 GiB free=0.42 GiB reserve=1.59 GiB total=31.86 GiB)
ds4: ROCm q8 fp16 cache budget exhausted; using q8 kernels (request=64.00 MiB cached=0.00 GiB free=0.42 GiB reserve=1.59 GiB total=31.86 GiB)
ds4: ROCm q8 fp16 cache budget exhausted; using q8 kernels (request=64.00 MiB cached=0.00 GiB free=0.42 GiB reserve=1.59 GiB total=31.86 GiB)
ds4: ROCm q8 fp16 cache budget exhausted; using q8 kernels (request=64.00 MiB cached=0.00 GiB free=0.42 GiB reserve=1.59 GiB total=31.86 GiB)
ds4: ROCm q8 fp16 cache budget exhausted; using q8 kernels (request=64.00 MiB cached=0.00 GiB free=0.42 GiB reserve=1.59 GiB total=31.86 GiB)
ds4: ROCm q8 fp16 cache budget exhausted; using q8 kernels (request=64.00 MiB cached=0.00 GiB free=0.42 GiB reserve=1.59 GiB total=31.86 GiB)
ds4: ROCm q8 fp16 cache budget exhausted; using q8 kernels (request=64.00 MiB cached=0.00 GiB free=0.42 GiB reserve=1.59 GiB total=31.86 GiB)
ds4: ROCm q8 fp16 cache budget exhausted; using q8 kernels (request=64.00 MiB cached=0.00 GiB free=0.42 GiB reserve=1.59 GiB total=31.86 GiB)
ds4: ROCm q8 fp16 cache budget exhausted; using q8 kernels (request=64.00 MiB cached=0.00 GiB free=0.42 GiB reserve=1.59 GiB total=31.86 GiB)
ds4: ROCm q8 fp16 cache budget exhausted; using q8 kernels (request=64.00 MiB cached=0.00 GiB free=0.42 GiB reserve=1.59 GiB total=31.86 GiB)
ds4: ROCm q8 fp16 cache budget exhausted; using q8 kernels (request=64.00 MiB cached=0.00 GiB free=0.42 GiB reserve=1.59 GiB total=31.86 GiB)
ds4: ROCm q8 fp16 cache budget exhausted; using q8 kernels (request=64.00 MiB cached=0.00 GiB free=0.42 GiB reserve=1.59 GiB total=31.86 GiB)
ds4: ROCm q8 fp16 cache budget exhausted; using q8 kernels (request=64.00 MiB cached=0.00 GiB free=0.42 GiB reserve=1.59 GiB total=31.86 GiB)
ds4: ROCm q8 fp16 cache budget exhausted; using q8 kernels (request=64.00 MiB cached=0.00 GiB free=0.42 GiB reserve=1.59 GiB total=31.86 GiB)
ds4: ROCm q8 fp16 cache budget exhausted; using q8 kernels (request=64.00 MiB cached=0.00 GiB free=0.42 GiB reserve=1.59 GiB total=31.86 GiB)
ds4: ROCm q8 fp16 cache budget exhausted; using q8 kernels (request=64.00 MiB cached=0.00 GiB free=0.42 GiB reserve=1.59 GiB total=31.86 GiB)
case_013 cases=14 prompt=22 target=24 avg_nll=0.398879 lcp=0 api_target_mae=0.398879 api_top_coverage=97/120 api_top1=0.875 api_topn=0.289 api_pair=0.986
ds4: ROCm q8 fp16 cache budget exhausted; using q8 kernels (request=64.00 MiB cached=0.00 GiB free=0.42 GiB reserve=1.59 GiB total=31.86 GiB)
ds4: ROCm q8 fp16 cache budget exhausted; using q8 kernels (request=64.00 MiB cached=0.00 GiB free=0.42 GiB reserve=1.59 GiB total=31.86 GiB)
ds4: ROCm q8 fp16 cache budget exhausted; using q8 kernels (request=64.00 MiB cached=0.00 GiB free=0.42 GiB reserve=1.59 GiB total=31.86 GiB)
ds4: ROCm q8 fp16 cache budget exhausted; using q8 kernels (request=64.00 MiB cached=0.00 GiB free=0.42 GiB reserve=1.59 GiB total=31.86 GiB)
ds4: ROCm q8 fp16 cache budget exhausted; using q8 kernels (request=64.00 MiB cached=0.00 GiB free=0.42 GiB reserve=1.59 GiB total=31.86 GiB)
ds4: ROCm q8 fp16 cache budget exhausted; using q8 kernels (request=64.00 MiB cached=0.00 GiB free=0.42 GiB reserve=1.59 GiB total=31.86 GiB)
ds4: ROCm q8 fp16 cache budget exhausted; using q8 kernels (request=64.00 MiB cached=0.00 GiB free=0.42 GiB reserve=1.59 GiB total=31.86 GiB)
ds4: ROCm q8 fp16 cache budget exhausted; using q8 kernels (request=64.00 MiB cached=0.00 GiB free=0.42 GiB reserve=1.59 GiB total=31.86 GiB)
ds4: ROCm q8 fp16 cache budget exhausted; using q8 kernels (request=64.00 MiB cached=0.00 GiB free=0.42 GiB reserve=1.59 GiB total=31.86 GiB)
ds4: ROCm q8 fp16 cache budget exhausted; using q8 kernels (request=64.00 MiB cached=0.00 GiB free=0.42 GiB reserve=1.59 GiB total=31.86 GiB)
ds4: ROCm q8 fp16 cache budget exhausted; using q8 kernels (request=64.00 MiB cached=0.00 GiB free=0.42 GiB reserve=1.59 GiB total=31.86 GiB)
ds4: ROCm q8 fp16 cache budget exhausted; using q8 kernels (request=64.00 MiB cached=0.00 GiB free=0.42 GiB reserve=1.59 GiB total=31.86 GiB)
ds4: ROCm q8 fp16 cache budget exhausted; using q8 kernels (request=64.00 MiB cached=0.00 GiB free=0.42 GiB reserve=1.59 GiB total=31.86 GiB)
ds4: ROCm q8 fp16 cache budget exhausted; using q8 kernels (request=64.00 MiB cached=0.00 GiB free=0.42 GiB reserve=1.59 GiB total=31.86 GiB)
ds4: ROCm q8 fp16 cache budget exhausted; using q8 kernels (request=64.00 MiB cached=0.00 GiB free=0.42 GiB reserve=1.59 GiB total=31.86 GiB)
ds4: ROCm q8 fp16 cache budget exhausted; using q8 kernels (request=64.00 MiB cached=0.00 GiB free=0.42 GiB reserve=1.59 GiB total=31.86 GiB)
ds4: ROCm q8 fp16 cache budget exhausted; using q8 kernels (request=64.00 MiB cached=0.00 GiB free=0.42 GiB reserve=1.59 GiB total=31.86 GiB)
ds4: ROCm q8 fp16 cache budget exhausted; using q8 kernels (request=64.00 MiB cached=0.00 GiB free=0.42 GiB reserve=1.59 GiB total=31.86 GiB)
ds4: ROCm q8 fp16 cache budget exhausted; using q8 kernels (request=64.00 MiB cached=0.00 GiB free=0.42 GiB reserve=1.59 GiB total=31.86 GiB)
ds4: ROCm q8 fp16 cache budget exhausted; using q8 kernels (request=64.00 MiB cached=0.00 GiB free=0.42 GiB reserve=1.59 GiB total=31.86 GiB)
ds4: ROCm q8 fp16 cache budget exhausted; using q8 kernels (request=64.00 MiB cached=0.00 GiB free=0.42 GiB reserve=1.59 GiB total=31.86 GiB)
ds4: ROCm q8 fp16 cache budget exhausted; using q8 kernels (request=64.00 MiB cached=0.00 GiB free=0.42 GiB reserve=1.59 GiB total=31.86 GiB)
ds4: ROCm q8 fp16 cache budget exhausted; using q8 kernels (request=64.00 MiB cached=0.00 GiB free=0.42 GiB reserve=1.59 GiB total=31.86 GiB)
ds4: ROCm q8 fp16 cache budget exhausted; using q8 kernels (request=64.00 MiB cached=0.00 GiB free=0.42 GiB reserve=1.59 GiB total=31.86 GiB)
ds4: ROCm q8 fp16 cache budget exhausted; using q8 kernels (request=64.00 MiB cached=0.00 GiB free=0.42 GiB reserve=1.59 GiB total=31.86 GiB)
ds4: ROCm q8 fp16 cache budget exhausted; using q8 kernels (request=64.00 MiB cached=0.00 GiB free=0.42 GiB reserve=1.59 GiB total=31.86 GiB)
ds4: ROCm q8 fp16 cache budget exhausted; using q8 kernels (request=64.00 MiB cached=0.00 GiB free=0.42 GiB reserve=1.59 GiB total=31.86 GiB)
ds4: ROCm q8 fp16 cache budget exhausted; using q8 kernels (request=64.00 MiB cached=0.00 GiB free=0.42 GiB reserve=1.59 GiB total=31.86 GiB)
ds4: ROCm q8 fp16 cache budget exhausted; using q8 kernels (request=64.00 MiB cached=0.00 GiB free=0.42 GiB reserve=1.59 GiB total=31.86 GiB)
ds4: ROCm q8 fp16 cache budget exhausted; using q8 kernels (request=64.00 MiB cached=0.00 GiB free=0.42 GiB reserve=1.59 GiB total=31.86 GiB)
ds4: ROCm q8 fp16 cache budget exhausted; using q8 kernels (request=64.00 MiB cached=0.00 GiB free=0.42 GiB reserve=1.59 GiB total=31.86 GiB)
ds4: ROCm q8 fp16 cache budget exhausted; using q8 kernels (request=64.00 MiB cached=0.00 GiB free=0.42 GiB reserve=1.59 GiB total=31.86 GiB)
ds4: ROCm q8 fp16 cache budget exhausted; using q8 kernels (request=64.00 MiB cached=0.00 GiB free=0.42 GiB reserve=1.59 GiB total=31.86 GiB)
ds4: ROCm q8 fp16 cache budget exhausted; using q8 kernels (request=64.00 MiB cached=0.00 GiB free=0.42 GiB reserve=1.59 GiB total=31.86 GiB)
ds4: ROCm q8 fp16 cache budget exhausted; using q8 kernels (request=64.00 MiB cached=0.00 GiB free=0.42 GiB reserve=1.59 GiB total=31.86 GiB)
ds4: ROCm q8 fp16 cache budget exhausted; using q8 kernels (request=64.00 MiB cached=0.00 GiB free=0.42 GiB reserve=1.59 GiB total=31.86 GiB)
ds4: ROCm q8 fp16 cache budget exhausted; using q8 kernels (request=64.00 MiB cached=0.00 GiB free=0.42 GiB reserve=1.59 GiB total=31.86 GiB)
ds4: ROCm q8 fp16 cache budget exhausted; using q8 kernels (request=64.00 MiB cached=0.00 GiB free=0.42 GiB reserve=1.59 GiB total=31.86 GiB)
ds4: ROCm q8 fp16 cache budget exhausted; using q8 kernels (request=64.00 MiB cached=0.00 GiB free=0.42 GiB reserve=1.59 GiB total=31.86 GiB)
ds4: ROCm q8 fp16 cache budget exhausted; using q8 kernels (request=64.00 MiB cached=0.00 GiB free=0.42 GiB reserve=1.59 GiB total=31.86 GiB)
ds4: ROCm q8 fp16 cache budget exhausted; using q8 kernels (request=64.00 MiB cached=0.00 GiB free=0.42 GiB reserve=1.59 GiB total=31.86 GiB)
ds4: ROCm q8 fp16 cache budget exhausted; using q8 kernels (request=64.00 MiB cached=0.00 GiB free=0.42 GiB reserve=1.59 GiB total=31.86 GiB)
ds4: ROCm q8 fp16 cache budget exhausted; using q8 kernels (request=64.00 MiB cached=0.00 GiB free=0.42 GiB reserve=1.59 GiB total=31.86 GiB)
case_014 cases=15 prompt=21 target=24 avg_nll=0.746716 lcp=0 api_target_mae=0.746716 api_top_coverage=98/120 api_top1=0.833 api_topn=0.255 api_pair=0.973
ds4: ROCm q8 fp16 cache budget exhausted; using q8 kernels (request=64.00 MiB cached=0.00 GiB free=0.42 GiB reserve=1.59 GiB total=31.86 GiB)
ds4: ROCm q8 fp16 cache budget exhausted; using q8 kernels (request=64.00 MiB cached=0.00 GiB free=0.42 GiB reserve=1.59 GiB total=31.86 GiB)
ds4: ROCm q8 fp16 cache budget exhausted; using q8 kernels (request=64.00 MiB cached=0.00 GiB free=0.42 GiB reserve=1.59 GiB total=31.86 GiB)
ds4: ROCm q8 fp16 cache budget exhausted; using q8 kernels (request=64.00 MiB cached=0.00 GiB free=0.42 GiB reserve=1.59 GiB total=31.86 GiB)
ds4: ROCm q8 fp16 cache budget exhausted; using q8 kernels (request=64.00 MiB cached=0.00 GiB free=0.42 GiB reserve=1.59 GiB total=31.86 GiB)
ds4: ROCm q8 fp16 cache budget exhausted; using q8 kernels (request=64.00 MiB cached=0.00 GiB free=0.42 GiB reserve=1.59 GiB total=31.86 GiB)
ds4: ROCm q8 fp16 cache budget exhausted; using q8 kernels (request=64.00 MiB cached=0.00 GiB free=0.42 GiB reserve=1.59 GiB total=31.86 GiB)
ds4: ROCm q8 fp16 cache budget exhausted; using q8 kernels (request=64.00 MiB cached=0.00 GiB free=0.42 GiB reserve=1.59 GiB total=31.86 GiB)
ds4: ROCm q8 fp16 cache budget exhausted; using q8 kernels (request=64.00 MiB cached=0.00 GiB free=0.42 GiB reserve=1.59 GiB total=31.86 GiB)
ds4: ROCm q8 fp16 cache budget exhausted; using q8 kernels (request=64.00 MiB cached=0.00 GiB free=0.42 GiB reserve=1.59 GiB total=31.86 GiB)
ds4: ROCm q8 fp16 cache budget exhausted; using q8 kernels (request=64.00 MiB cached=0.00 GiB free=0.42 GiB reserve=1.59 GiB total=31.86 GiB)
ds4: ROCm q8 fp16 cache budget exhausted; using q8 kernels (request=64.00 MiB cached=0.00 GiB free=0.42 GiB reserve=1.59 GiB total=31.86 GiB)
ds4: ROCm q8 fp16 cache budget exhausted; using q8 kernels (request=64.00 MiB cached=0.00 GiB free=0.42 GiB reserve=1.59 GiB total=31.86 GiB)
ds4: ROCm q8 fp16 cache budget exhausted; using q8 kernels (request=64.00 MiB cached=0.00 GiB free=0.42 GiB reserve=1.59 GiB total=31.86 GiB)
ds4: ROCm q8 fp16 cache budget exhausted; using q8 kernels (request=64.00 MiB cached=0.00 GiB free=0.42 GiB reserve=1.59 GiB total=31.86 GiB)
ds4: ROCm q8 fp16 cache budget exhausted; using q8 kernels (request=64.00 MiB cached=0.00 GiB free=0.42 GiB reserve=1.59 GiB total=31.86 GiB)
ds4: ROCm q8 fp16 cache budget exhausted; using q8 kernels (request=64.00 MiB cached=0.00 GiB free=0.42 GiB reserve=1.59 GiB total=31.86 GiB)
ds4: ROCm q8 fp16 cache budget exhausted; using q8 kernels (request=64.00 MiB cached=0.00 GiB free=0.42 GiB reserve=1.59 GiB total=31.86 GiB)
ds4: ROCm q8 fp16 cache budget exhausted; using q8 kernels (request=64.00 MiB cached=0.00 GiB free=0.42 GiB reserve=1.59 GiB total=31.86 GiB)
ds4: ROCm q8 fp16 cache budget exhausted; using q8 kernels (request=64.00 MiB cached=0.00 GiB free=0.42 GiB reserve=1.59 GiB total=31.86 GiB)
ds4: ROCm q8 fp16 cache budget exhausted; using q8 kernels (request=64.00 MiB cached=0.00 GiB free=0.42 GiB reserve=1.59 GiB total=31.86 GiB)
ds4: ROCm q8 fp16 cache budget exhausted; using q8 kernels (request=64.00 MiB cached=0.00 GiB free=0.42 GiB reserve=1.59 GiB total=31.86 GiB)
ds4: ROCm q8 fp16 cache budget exhausted; using q8 kernels (request=64.00 MiB cached=0.00 GiB free=0.42 GiB reserve=1.59 GiB total=31.86 GiB)
ds4: ROCm q8 fp16 cache budget exhausted; using q8 kernels (request=64.00 MiB cached=0.00 GiB free=0.42 GiB reserve=1.59 GiB total=31.86 GiB)
ds4: ROCm q8 fp16 cache budget exhausted; using q8 kernels (request=64.00 MiB cached=0.00 GiB free=0.42 GiB reserve=1.59 GiB total=31.86 GiB)
ds4: ROCm q8 fp16 cache budget exhausted; using q8 kernels (request=64.00 MiB cached=0.00 GiB free=0.42 GiB reserve=1.59 GiB total=31.86 GiB)
ds4: ROCm q8 fp16 cache budget exhausted; using q8 kernels (request=64.00 MiB cached=0.00 GiB free=0.42 GiB reserve=1.59 GiB total=31.86 GiB)
ds4: ROCm q8 fp16 cache budget exhausted; using q8 kernels (request=64.00 MiB cached=0.00 GiB free=0.42 GiB reserve=1.59 GiB total=31.86 GiB)
ds4: ROCm q8 fp16 cache budget exhausted; using q8 kernels (request=64.00 MiB cached=0.00 GiB free=0.42 GiB reserve=1.59 GiB total=31.86 GiB)
ds4: ROCm q8 fp16 cache budget exhausted; using q8 kernels (request=64.00 MiB cached=0.00 GiB free=0.42 GiB reserve=1.59 GiB total=31.86 GiB)
ds4: ROCm q8 fp16 cache budget exhausted; using q8 kernels (request=64.00 MiB cached=0.00 GiB free=0.42 GiB reserve=1.59 GiB total=31.86 GiB)
ds4: ROCm q8 fp16 cache budget exhausted; using q8 kernels (request=64.00 MiB cached=0.00 GiB free=0.42 GiB reserve=1.59 GiB total=31.86 GiB)
ds4: ROCm q8 fp16 cache budget exhausted; using q8 kernels (request=64.00 MiB cached=0.00 GiB free=0.42 GiB reserve=1.59 GiB total=31.86 GiB)
ds4: ROCm q8 fp16 cache budget exhausted; using q8 kernels (request=64.00 MiB cached=0.00 GiB free=0.42 GiB reserve=1.59 GiB total=31.86 GiB)
ds4: ROCm q8 fp16 cache budget exhausted; using q8 kernels (request=64.00 MiB cached=0.00 GiB free=0.42 GiB reserve=1.59 GiB total=31.86 GiB)
ds4: ROCm q8 fp16 cache budget exhausted; using q8 kernels (request=64.00 MiB cached=0.00 GiB free=0.42 GiB reserve=1.59 GiB total=31.86 GiB)
ds4: ROCm q8 fp16 cache budget exhausted; using q8 kernels (request=64.00 MiB cached=0.00 GiB free=0.42 GiB reserve=1.59 GiB total=31.86 GiB)
ds4: ROCm q8 fp16 cache budget exhausted; using q8 kernels (request=64.00 MiB cached=0.00 GiB free=0.42 GiB reserve=1.59 GiB total=31.86 GiB)
ds4: ROCm q8 fp16 cache budget exhausted; using q8 kernels (request=64.00 MiB cached=0.00 GiB free=0.42 GiB reserve=1.59 GiB total=31.86 GiB)
ds4: ROCm q8 fp16 cache budget exhausted; using q8 kernels (request=64.00 MiB cached=0.00 GiB free=0.42 GiB reserve=1.59 GiB total=31.86 GiB)
ds4: ROCm q8 fp16 cache budget exhausted; using q8 kernels (request=64.00 MiB cached=0.00 GiB free=0.42 GiB reserve=1.59 GiB total=31.86 GiB)
ds4: ROCm q8 fp16 cache budget exhausted; using q8 kernels (request=64.00 MiB cached=0.00 GiB free=0.42 GiB reserve=1.59 GiB total=31.86 GiB)
ds4: ROCm q8 fp16 cache budget exhausted; using q8 kernels (request=64.00 MiB cached=0.00 GiB free=0.42 GiB reserve=1.59 GiB total=31.86 GiB)
case_015 cases=16 prompt=22 target=24 avg_nll=0.040554 lcp=24 api_target_mae=0.040554 api_top_coverage=96/120 api_top1=1.000 api_topn=0.250 api_pair=1.000
ds4: ROCm q8 fp16 cache budget exhausted; using q8 kernels (request=64.00 MiB cached=0.00 GiB free=0.42 GiB reserve=1.59 GiB total=31.86 GiB)
ds4: ROCm q8 fp16 cache budget exhausted; using q8 kernels (request=64.00 MiB cached=0.00 GiB free=0.42 GiB reserve=1.59 GiB total=31.86 GiB)
ds4: ROCm q8 fp16 cache budget exhausted; using q8 kernels (request=64.00 MiB cached=0.00 GiB free=0.42 GiB reserve=1.59 GiB total=31.86 GiB)
ds4: ROCm q8 fp16 cache budget exhausted; using q8 kernels (request=64.00 MiB cached=0.00 GiB free=0.42 GiB reserve=1.59 GiB total=31.86 GiB)
ds4: ROCm q8 fp16 cache budget exhausted; using q8 kernels (request=64.00 MiB cached=0.00 GiB free=0.42 GiB reserve=1.59 GiB total=31.86 GiB)
ds4: ROCm q8 fp16 cache budget exhausted; using q8 kernels (request=64.00 MiB cached=0.00 GiB free=0.42 GiB reserve=1.59 GiB total=31.86 GiB)
ds4: ROCm q8 fp16 cache budget exhausted; using q8 kernels (request=64.00 MiB cached=0.00 GiB free=0.42 GiB reserve=1.59 GiB total=31.86 GiB)
ds4: ROCm q8 fp16 cache budget exhausted; using q8 kernels (request=64.00 MiB cached=0.00 GiB free=0.42 GiB reserve=1.59 GiB total=31.86 GiB)
ds4: ROCm q8 fp16 cache budget exhausted; using q8 kernels (request=64.00 MiB cached=0.00 GiB free=0.42 GiB reserve=1.59 GiB total=31.86 GiB)
ds4: ROCm q8 fp16 cache budget exhausted; using q8 kernels (request=64.00 MiB cached=0.00 GiB free=0.42 GiB reserve=1.59 GiB total=31.86 GiB)
ds4: ROCm q8 fp16 cache budget exhausted; using q8 kernels (request=64.00 MiB cached=0.00 GiB free=0.42 GiB reserve=1.59 GiB total=31.86 GiB)
ds4: ROCm q8 fp16 cache budget exhausted; using q8 kernels (request=64.00 MiB cached=0.00 GiB free=0.42 GiB reserve=1.59 GiB total=31.86 GiB)
ds4: ROCm q8 fp16 cache budget exhausted; using q8 kernels (request=64.00 MiB cached=0.00 GiB free=0.42 GiB reserve=1.59 GiB total=31.86 GiB)
ds4: ROCm q8 fp16 cache budget exhausted; using q8 kernels (request=64.00 MiB cached=0.00 GiB free=0.42 GiB reserve=1.59 GiB total=31.86 GiB)
ds4: ROCm q8 fp16 cache budget exhausted; using q8 kernels (request=64.00 MiB cached=0.00 GiB free=0.42 GiB reserve=1.59 GiB total=31.86 GiB)
ds4: ROCm q8 fp16 cache budget exhausted; using q8 kernels (request=64.00 MiB cached=0.00 GiB free=0.42 GiB reserve=1.59 GiB total=31.86 GiB)
ds4: ROCm q8 fp16 cache budget exhausted; using q8 kernels (request=64.00 MiB cached=0.00 GiB free=0.42 GiB reserve=1.59 GiB total=31.86 GiB)
ds4: ROCm q8 fp16 cache budget exhausted; using q8 kernels (request=64.00 MiB cached=0.00 GiB free=0.42 GiB reserve=1.59 GiB total=31.86 GiB)
ds4: ROCm q8 fp16 cache budget exhausted; using q8 kernels (request=64.00 MiB cached=0.00 GiB free=0.42 GiB reserve=1.59 GiB total=31.86 GiB)
ds4: ROCm q8 fp16 cache budget exhausted; using q8 kernels (request=64.00 MiB cached=0.00 GiB free=0.42 GiB reserve=1.59 GiB total=31.86 GiB)
ds4: ROCm q8 fp16 cache budget exhausted; using q8 kernels (request=64.00 MiB cached=0.00 GiB free=0.42 GiB reserve=1.59 GiB total=31.86 GiB)
ds4: ROCm q8 fp16 cache budget exhausted; using q8 kernels (request=64.00 MiB cached=0.00 GiB free=0.42 GiB reserve=1.59 GiB total=31.86 GiB)
ds4: ROCm q8 fp16 cache budget exhausted; using q8 kernels (request=64.00 MiB cached=0.00 GiB free=0.42 GiB reserve=1.59 GiB total=31.86 GiB)
ds4: ROCm q8 fp16 cache budget exhausted; using q8 kernels (request=64.00 MiB cached=0.00 GiB free=0.42 GiB reserve=1.59 GiB total=31.86 GiB)
ds4: ROCm q8 fp16 cache budget exhausted; using q8 kernels (request=64.00 MiB cached=0.00 GiB free=0.42 GiB reserve=1.59 GiB total=31.86 GiB)
ds4: ROCm q8 fp16 cache budget exhausted; using q8 kernels (request=64.00 MiB cached=0.00 GiB free=0.42 GiB reserve=1.59 GiB total=31.86 GiB)
ds4: ROCm q8 fp16 cache budget exhausted; using q8 kernels (request=64.00 MiB cached=0.00 GiB free=0.42 GiB reserve=1.59 GiB total=31.86 GiB)
ds4: ROCm q8 fp16 cache budget exhausted; using q8 kernels (request=64.00 MiB cached=0.00 GiB free=0.42 GiB reserve=1.59 GiB total=31.86 GiB)
ds4: ROCm q8 fp16 cache budget exhausted; using q8 kernels (request=64.00 MiB cached=0.00 GiB free=0.42 GiB reserve=1.59 GiB total=31.86 GiB)
ds4: ROCm q8 fp16 cache budget exhausted; using q8 kernels (request=64.00 MiB cached=0.00 GiB free=0.42 GiB reserve=1.59 GiB total=31.86 GiB)
ds4: ROCm q8 fp16 cache budget exhausted; using q8 kernels (request=64.00 MiB cached=0.00 GiB free=0.42 GiB reserve=1.59 GiB total=31.86 GiB)
ds4: ROCm q8 fp16 cache budget exhausted; using q8 kernels (request=64.00 MiB cached=0.00 GiB free=0.42 GiB reserve=1.59 GiB total=31.86 GiB)
ds4: ROCm q8 fp16 cache budget exhausted; using q8 kernels (request=64.00 MiB cached=0.00 GiB free=0.42 GiB reserve=1.59 GiB total=31.86 GiB)
ds4: ROCm q8 fp16 cache budget exhausted; using q8 kernels (request=64.00 MiB cached=0.00 GiB free=0.42 GiB reserve=1.59 GiB total=31.86 GiB)
ds4: ROCm q8 fp16 cache budget exhausted; using q8 kernels (request=64.00 MiB cached=0.00 GiB free=0.42 GiB reserve=1.59 GiB total=31.86 GiB)
ds4: ROCm q8 fp16 cache budget exhausted; using q8 kernels (request=64.00 MiB cached=0.00 GiB free=0.42 GiB reserve=1.59 GiB total=31.86 GiB)
ds4: ROCm q8 fp16 cache budget exhausted; using q8 kernels (request=64.00 MiB cached=0.00 GiB free=0.42 GiB reserve=1.59 GiB total=31.86 GiB)
ds4: ROCm q8 fp16 cache budget exhausted; using q8 kernels (request=64.00 MiB cached=0.00 GiB free=0.42 GiB reserve=1.59 GiB total=31.86 GiB)
ds4: ROCm q8 fp16 cache budget exhausted; using q8 kernels (request=64.00 MiB cached=0.00 GiB free=0.42 GiB reserve=1.59 GiB total=31.86 GiB)
ds4: ROCm q8 fp16 cache budget exhausted; using q8 kernels (request=64.00 MiB cached=0.00 GiB free=0.42 GiB reserve=1.59 GiB total=31.86 GiB)
ds4: ROCm q8 fp16 cache budget exhausted; using q8 kernels (request=64.00 MiB cached=0.00 GiB free=0.42 GiB reserve=1.59 GiB total=31.86 GiB)
ds4: ROCm q8 fp16 cache budget exhausted; using q8 kernels (request=64.00 MiB cached=0.00 GiB free=0.42 GiB reserve=1.59 GiB total=31.86 GiB)
ds4: ROCm q8 fp16 cache budget exhausted; using q8 kernels (request=64.00 MiB cached=0.00 GiB free=0.42 GiB reserve=1.59 GiB total=31.86 GiB)
case_016 cases=17 prompt=19 target=24 avg_nll=0.354051 lcp=2 api_target_mae=0.354051 api_top_coverage=97/120 api_top1=0.875 api_topn=0.268 api_pair=1.000
ds4: ROCm q8 fp16 cache budget exhausted; using q8 kernels (request=64.00 MiB cached=0.00 GiB free=0.42 GiB reserve=1.59 GiB total=31.86 GiB)
ds4: ROCm q8 fp16 cache budget exhausted; using q8 kernels (request=64.00 MiB cached=0.00 GiB free=0.42 GiB reserve=1.59 GiB total=31.86 GiB)
ds4: ROCm q8 fp16 cache budget exhausted; using q8 kernels (request=64.00 MiB cached=0.00 GiB free=0.42 GiB reserve=1.59 GiB total=31.86 GiB)
ds4: ROCm q8 fp16 cache budget exhausted; using q8 kernels (request=64.00 MiB cached=0.00 GiB free=0.42 GiB reserve=1.59 GiB total=31.86 GiB)
ds4: ROCm q8 fp16 cache budget exhausted; using q8 kernels (request=64.00 MiB cached=0.00 GiB free=0.42 GiB reserve=1.59 GiB total=31.86 GiB)
ds4: ROCm q8 fp16 cache budget exhausted; using q8 kernels (request=64.00 MiB cached=0.00 GiB free=0.42 GiB reserve=1.59 GiB total=31.86 GiB)
ds4: ROCm q8 fp16 cache budget exhausted; using q8 kernels (request=64.00 MiB cached=0.00 GiB free=0.42 GiB reserve=1.59 GiB total=31.86 GiB)
ds4: ROCm q8 fp16 cache budget exhausted; using q8 kernels (request=64.00 MiB cached=0.00 GiB free=0.42 GiB reserve=1.59 GiB total=31.86 GiB)
ds4: ROCm q8 fp16 cache budget exhausted; using q8 kernels (request=64.00 MiB cached=0.00 GiB free=0.42 GiB reserve=1.59 GiB total=31.86 GiB)
ds4: ROCm q8 fp16 cache budget exhausted; using q8 kernels (request=64.00 MiB cached=0.00 GiB free=0.42 GiB reserve=1.59 GiB total=31.86 GiB)
ds4: ROCm q8 fp16 cache budget exhausted; using q8 kernels (request=64.00 MiB cached=0.00 GiB free=0.42 GiB reserve=1.59 GiB total=31.86 GiB)
ds4: ROCm q8 fp16 cache budget exhausted; using q8 kernels (request=64.00 MiB cached=0.00 GiB free=0.42 GiB reserve=1.59 GiB total=31.86 GiB)
ds4: ROCm q8 fp16 cache budget exhausted; using q8 kernels (request=64.00 MiB cached=0.00 GiB free=0.42 GiB reserve=1.59 GiB total=31.86 GiB)
ds4: ROCm q8 fp16 cache budget exhausted; using q8 kernels (request=64.00 MiB cached=0.00 GiB free=0.42 GiB reserve=1.59 GiB total=31.86 GiB)
ds4: ROCm q8 fp16 cache budget exhausted; using q8 kernels (request=64.00 MiB cached=0.00 GiB free=0.42 GiB reserve=1.59 GiB total=31.86 GiB)
ds4: ROCm q8 fp16 cache budget exhausted; using q8 kernels (request=64.00 MiB cached=0.00 GiB free=0.42 GiB reserve=1.59 GiB total=31.86 GiB)
ds4: ROCm q8 fp16 cache budget exhausted; using q8 kernels (request=64.00 MiB cached=0.00 GiB free=0.42 GiB reserve=1.59 GiB total=31.86 GiB)
ds4: ROCm q8 fp16 cache budget exhausted; using q8 kernels (request=64.00 MiB cached=0.00 GiB free=0.42 GiB reserve=1.59 GiB total=31.86 GiB)
ds4: ROCm q8 fp16 cache budget exhausted; using q8 kernels (request=64.00 MiB cached=0.00 GiB free=0.42 GiB reserve=1.59 GiB total=31.86 GiB)
ds4: ROCm q8 fp16 cache budget exhausted; using q8 kernels (request=64.00 MiB cached=0.00 GiB free=0.42 GiB reserve=1.59 GiB total=31.86 GiB)
ds4: ROCm q8 fp16 cache budget exhausted; using q8 kernels (request=64.00 MiB cached=0.00 GiB free=0.42 GiB reserve=1.59 GiB total=31.86 GiB)
ds4: ROCm q8 fp16 cache budget exhausted; using q8 kernels (request=64.00 MiB cached=0.00 GiB free=0.42 GiB reserve=1.59 GiB total=31.86 GiB)
ds4: ROCm q8 fp16 cache budget exhausted; using q8 kernels (request=64.00 MiB cached=0.00 GiB free=0.42 GiB reserve=1.59 GiB total=31.86 GiB)
ds4: ROCm q8 fp16 cache budget exhausted; using q8 kernels (request=64.00 MiB cached=0.00 GiB free=0.42 GiB reserve=1.59 GiB total=31.86 GiB)
ds4: ROCm q8 fp16 cache budget exhausted; using q8 kernels (request=64.00 MiB cached=0.00 GiB free=0.42 GiB reserve=1.59 GiB total=31.86 GiB)
ds4: ROCm q8 fp16 cache budget exhausted; using q8 kernels (request=64.00 MiB cached=0.00 GiB free=0.42 GiB reserve=1.59 GiB total=31.86 GiB)
ds4: ROCm q8 fp16 cache budget exhausted; using q8 kernels (request=64.00 MiB cached=0.00 GiB free=0.42 GiB reserve=1.59 GiB total=31.86 GiB)
ds4: ROCm q8 fp16 cache budget exhausted; using q8 kernels (request=64.00 MiB cached=0.00 GiB free=0.42 GiB reserve=1.59 GiB total=31.86 GiB)
ds4: ROCm q8 fp16 cache budget exhausted; using q8 kernels (request=64.00 MiB cached=0.00 GiB free=0.42 GiB reserve=1.59 GiB total=31.86 GiB)
ds4: ROCm q8 fp16 cache budget exhausted; using q8 kernels (request=64.00 MiB cached=0.00 GiB free=0.42 GiB reserve=1.59 GiB total=31.86 GiB)
ds4: ROCm q8 fp16 cache budget exhausted; using q8 kernels (request=64.00 MiB cached=0.00 GiB free=0.42 GiB reserve=1.59 GiB total=31.86 GiB)
ds4: ROCm q8 fp16 cache budget exhausted; using q8 kernels (request=64.00 MiB cached=0.00 GiB free=0.42 GiB reserve=1.59 GiB total=31.86 GiB)
ds4: ROCm q8 fp16 cache budget exhausted; using q8 kernels (request=64.00 MiB cached=0.00 GiB free=0.42 GiB reserve=1.59 GiB total=31.86 GiB)
ds4: ROCm q8 fp16 cache budget exhausted; using q8 kernels (request=64.00 MiB cached=0.00 GiB free=0.42 GiB reserve=1.59 GiB total=31.86 GiB)
ds4: ROCm q8 fp16 cache budget exhausted; using q8 kernels (request=64.00 MiB cached=0.00 GiB free=0.42 GiB reserve=1.59 GiB total=31.86 GiB)
ds4: ROCm q8 fp16 cache budget exhausted; using q8 kernels (request=64.00 MiB cached=0.00 GiB free=0.42 GiB reserve=1.59 GiB total=31.86 GiB)
ds4: ROCm q8 fp16 cache budget exhausted; using q8 kernels (request=64.00 MiB cached=0.00 GiB free=0.42 GiB reserve=1.59 GiB total=31.86 GiB)
ds4: ROCm q8 fp16 cache budget exhausted; using q8 kernels (request=64.00 MiB cached=0.00 GiB free=0.42 GiB reserve=1.59 GiB total=31.86 GiB)
ds4: ROCm q8 fp16 cache budget exhausted; using q8 kernels (request=64.00 MiB cached=0.00 GiB free=0.42 GiB reserve=1.59 GiB total=31.86 GiB)
ds4: ROCm q8 fp16 cache budget exhausted; using q8 kernels (request=64.00 MiB cached=0.00 GiB free=0.42 GiB reserve=1.59 GiB total=31.86 GiB)
ds4: ROCm q8 fp16 cache budget exhausted; using q8 kernels (request=64.00 MiB cached=0.00 GiB free=0.42 GiB reserve=1.59 GiB total=31.86 GiB)
ds4: ROCm q8 fp16 cache budget exhausted; using q8 kernels (request=64.00 MiB cached=0.00 GiB free=0.42 GiB reserve=1.59 GiB total=31.86 GiB)
ds4: ROCm q8 fp16 cache budget exhausted; using q8 kernels (request=64.00 MiB cached=0.00 GiB free=0.42 GiB reserve=1.59 GiB total=31.86 GiB)
case_017 cases=18 prompt=26 target=24 avg_nll=0.397837 lcp=0 api_target_mae=0.397837 api_top_coverage=96/120 api_top1=0.875 api_topn=0.260 api_pair=0.986
ds4: ROCm q8 fp16 cache budget exhausted; using q8 kernels (request=64.00 MiB cached=0.00 GiB free=0.42 GiB reserve=1.59 GiB total=31.86 GiB)
ds4: ROCm q8 fp16 cache budget exhausted; using q8 kernels (request=64.00 MiB cached=0.00 GiB free=0.42 GiB reserve=1.59 GiB total=31.86 GiB)
ds4: ROCm q8 fp16 cache budget exhausted; using q8 kernels (request=64.00 MiB cached=0.00 GiB free=0.42 GiB reserve=1.59 GiB total=31.86 GiB)
ds4: ROCm q8 fp16 cache budget exhausted; using q8 kernels (request=64.00 MiB cached=0.00 GiB free=0.42 GiB reserve=1.59 GiB total=31.86 GiB)
ds4: ROCm q8 fp16 cache budget exhausted; using q8 kernels (request=64.00 MiB cached=0.00 GiB free=0.42 GiB reserve=1.59 GiB total=31.86 GiB)
ds4: ROCm q8 fp16 cache budget exhausted; using q8 kernels (request=64.00 MiB cached=0.00 GiB free=0.42 GiB reserve=1.59 GiB total=31.86 GiB)
ds4: ROCm q8 fp16 cache budget exhausted; using q8 kernels (request=64.00 MiB cached=0.00 GiB free=0.42 GiB reserve=1.59 GiB total=31.86 GiB)
ds4: ROCm q8 fp16 cache budget exhausted; using q8 kernels (request=64.00 MiB cached=0.00 GiB free=0.42 GiB reserve=1.59 GiB total=31.86 GiB)
ds4: ROCm q8 fp16 cache budget exhausted; using q8 kernels (request=64.00 MiB cached=0.00 GiB free=0.42 GiB reserve=1.59 GiB total=31.86 GiB)
ds4: ROCm q8 fp16 cache budget exhausted; using q8 kernels (request=64.00 MiB cached=0.00 GiB free=0.42 GiB reserve=1.59 GiB total=31.86 GiB)
ds4: ROCm q8 fp16 cache budget exhausted; using q8 kernels (request=64.00 MiB cached=0.00 GiB free=0.42 GiB reserve=1.59 GiB total=31.86 GiB)
ds4: ROCm q8 fp16 cache budget exhausted; using q8 kernels (request=64.00 MiB cached=0.00 GiB free=0.42 GiB reserve=1.59 GiB total=31.86 GiB)
ds4: ROCm q8 fp16 cache budget exhausted; using q8 kernels (request=64.00 MiB cached=0.00 GiB free=0.42 GiB reserve=1.59 GiB total=31.86 GiB)
ds4: ROCm q8 fp16 cache budget exhausted; using q8 kernels (request=64.00 MiB cached=0.00 GiB free=0.42 GiB reserve=1.59 GiB total=31.86 GiB)
ds4: ROCm q8 fp16 cache budget exhausted; using q8 kernels (request=64.00 MiB cached=0.00 GiB free=0.42 GiB reserve=1.59 GiB total=31.86 GiB)
ds4: ROCm q8 fp16 cache budget exhausted; using q8 kernels (request=64.00 MiB cached=0.00 GiB free=0.42 GiB reserve=1.59 GiB total=31.86 GiB)
ds4: ROCm q8 fp16 cache budget exhausted; using q8 kernels (request=64.00 MiB cached=0.00 GiB free=0.42 GiB reserve=1.59 GiB total=31.86 GiB)
ds4: ROCm q8 fp16 cache budget exhausted; using q8 kernels (request=64.00 MiB cached=0.00 GiB free=0.42 GiB reserve=1.59 GiB total=31.86 GiB)
ds4: ROCm q8 fp16 cache budget exhausted; using q8 kernels (request=64.00 MiB cached=0.00 GiB free=0.42 GiB reserve=1.59 GiB total=31.86 GiB)
ds4: ROCm q8 fp16 cache budget exhausted; using q8 kernels (request=64.00 MiB cached=0.00 GiB free=0.42 GiB reserve=1.59 GiB total=31.86 GiB)
ds4: ROCm q8 fp16 cache budget exhausted; using q8 kernels (request=64.00 MiB cached=0.00 GiB free=0.42 GiB reserve=1.59 GiB total=31.86 GiB)
ds4: ROCm q8 fp16 cache budget exhausted; using q8 kernels (request=64.00 MiB cached=0.00 GiB free=0.42 GiB reserve=1.59 GiB total=31.86 GiB)
ds4: ROCm q8 fp16 cache budget exhausted; using q8 kernels (request=64.00 MiB cached=0.00 GiB free=0.42 GiB reserve=1.59 GiB total=31.86 GiB)
ds4: ROCm q8 fp16 cache budget exhausted; using q8 kernels (request=64.00 MiB cached=0.00 GiB free=0.42 GiB reserve=1.59 GiB total=31.86 GiB)
ds4: ROCm q8 fp16 cache budget exhausted; using q8 kernels (request=64.00 MiB cached=0.00 GiB free=0.42 GiB reserve=1.59 GiB total=31.86 GiB)
ds4: ROCm q8 fp16 cache budget exhausted; using q8 kernels (request=64.00 MiB cached=0.00 GiB free=0.42 GiB reserve=1.59 GiB total=31.86 GiB)
ds4: ROCm q8 fp16 cache budget exhausted; using q8 kernels (request=64.00 MiB cached=0.00 GiB free=0.42 GiB reserve=1.59 GiB total=31.86 GiB)
ds4: ROCm q8 fp16 cache budget exhausted; using q8 kernels (request=64.00 MiB cached=0.00 GiB free=0.42 GiB reserve=1.59 GiB total=31.86 GiB)
ds4: ROCm q8 fp16 cache budget exhausted; using q8 kernels (request=64.00 MiB cached=0.00 GiB free=0.42 GiB reserve=1.59 GiB total=31.86 GiB)
ds4: ROCm q8 fp16 cache budget exhausted; using q8 kernels (request=64.00 MiB cached=0.00 GiB free=0.42 GiB reserve=1.59 GiB total=31.86 GiB)
ds4: ROCm q8 fp16 cache budget exhausted; using q8 kernels (request=64.00 MiB cached=0.00 GiB free=0.42 GiB reserve=1.59 GiB total=31.86 GiB)
ds4: ROCm q8 fp16 cache budget exhausted; using q8 kernels (request=64.00 MiB cached=0.00 GiB free=0.42 GiB reserve=1.59 GiB total=31.86 GiB)
ds4: ROCm q8 fp16 cache budget exhausted; using q8 kernels (request=64.00 MiB cached=0.00 GiB free=0.42 GiB reserve=1.59 GiB total=31.86 GiB)
ds4: ROCm q8 fp16 cache budget exhausted; using q8 kernels (request=64.00 MiB cached=0.00 GiB free=0.42 GiB reserve=1.59 GiB total=31.86 GiB)
ds4: ROCm q8 fp16 cache budget exhausted; using q8 kernels (request=64.00 MiB cached=0.00 GiB free=0.42 GiB reserve=1.59 GiB total=31.86 GiB)
ds4: ROCm q8 fp16 cache budget exhausted; using q8 kernels (request=64.00 MiB cached=0.00 GiB free=0.42 GiB reserve=1.59 GiB total=31.86 GiB)
ds4: ROCm q8 fp16 cache budget exhausted; using q8 kernels (request=64.00 MiB cached=0.00 GiB free=0.42 GiB reserve=1.59 GiB total=31.86 GiB)
ds4: ROCm q8 fp16 cache budget exhausted; using q8 kernels (request=64.00 MiB cached=0.00 GiB free=0.42 GiB reserve=1.59 GiB total=31.86 GiB)
ds4: ROCm q8 fp16 cache budget exhausted; using q8 kernels (request=64.00 MiB cached=0.00 GiB free=0.42 GiB reserve=1.59 GiB total=31.86 GiB)
ds4: ROCm q8 fp16 cache budget exhausted; using q8 kernels (request=64.00 MiB cached=0.00 GiB free=0.42 GiB reserve=1.59 GiB total=31.86 GiB)
ds4: ROCm q8 fp16 cache budget exhausted; using q8 kernels (request=64.00 MiB cached=0.00 GiB free=0.42 GiB reserve=1.59 GiB total=31.86 GiB)
ds4: ROCm q8 fp16 cache budget exhausted; using q8 kernels (request=64.00 MiB cached=0.00 GiB free=0.42 GiB reserve=1.59 GiB total=31.86 GiB)
ds4: ROCm q8 fp16 cache budget exhausted; using q8 kernels (request=64.00 MiB cached=0.00 GiB free=0.42 GiB reserve=1.59 GiB total=31.86 GiB)
case_018 cases=19 prompt=25 target=24 avg_nll=0.160770 lcp=12 api_target_mae=0.160770 api_top_coverage=115/120 api_top1=0.917 api_topn=0.678 api_pair=0.989
ds4: ROCm q8 fp16 cache budget exhausted; using q8 kernels (request=64.00 MiB cached=0.00 GiB free=0.42 GiB reserve=1.59 GiB total=31.86 GiB)
ds4: ROCm q8 fp16 cache budget exhausted; using q8 kernels (request=64.00 MiB cached=0.00 GiB free=0.42 GiB reserve=1.59 GiB total=31.86 GiB)
ds4: ROCm q8 fp16 cache budget exhausted; using q8 kernels (request=64.00 MiB cached=0.00 GiB free=0.42 GiB reserve=1.59 GiB total=31.86 GiB)
ds4: ROCm q8 fp16 cache budget exhausted; using q8 kernels (request=64.00 MiB cached=0.00 GiB free=0.42 GiB reserve=1.59 GiB total=31.86 GiB)
ds4: ROCm q8 fp16 cache budget exhausted; using q8 kernels (request=64.00 MiB cached=0.00 GiB free=0.42 GiB reserve=1.59 GiB total=31.86 GiB)
ds4: ROCm q8 fp16 cache budget exhausted; using q8 kernels (request=64.00 MiB cached=0.00 GiB free=0.42 GiB reserve=1.59 GiB total=31.86 GiB)
ds4: ROCm q8 fp16 cache budget exhausted; using q8 kernels (request=64.00 MiB cached=0.00 GiB free=0.42 GiB reserve=1.59 GiB total=31.86 GiB)
ds4: ROCm q8 fp16 cache budget exhausted; using q8 kernels (request=64.00 MiB cached=0.00 GiB free=0.42 GiB reserve=1.59 GiB total=31.86 GiB)
ds4: ROCm q8 fp16 cache budget exhausted; using q8 kernels (request=64.00 MiB cached=0.00 GiB free=0.42 GiB reserve=1.59 GiB total=31.86 GiB)
ds4: ROCm q8 fp16 cache budget exhausted; using q8 kernels (request=64.00 MiB cached=0.00 GiB free=0.42 GiB reserve=1.59 GiB total=31.86 GiB)
ds4: ROCm q8 fp16 cache budget exhausted; using q8 kernels (request=64.00 MiB cached=0.00 GiB free=0.42 GiB reserve=1.59 GiB total=31.86 GiB)
ds4: ROCm q8 fp16 cache budget exhausted; using q8 kernels (request=64.00 MiB cached=0.00 GiB free=0.42 GiB reserve=1.59 GiB total=31.86 GiB)
ds4: ROCm q8 fp16 cache budget exhausted; using q8 kernels (request=64.00 MiB cached=0.00 GiB free=0.42 GiB reserve=1.59 GiB total=31.86 GiB)
ds4: ROCm q8 fp16 cache budget exhausted; using q8 kernels (request=64.00 MiB cached=0.00 GiB free=0.42 GiB reserve=1.59 GiB total=31.86 GiB)
ds4: ROCm q8 fp16 cache budget exhausted; using q8 kernels (request=64.00 MiB cached=0.00 GiB free=0.42 GiB reserve=1.59 GiB total=31.86 GiB)
ds4: ROCm q8 fp16 cache budget exhausted; using q8 kernels (request=64.00 MiB cached=0.00 GiB free=0.42 GiB reserve=1.59 GiB total=31.86 GiB)
ds4: ROCm q8 fp16 cache budget exhausted; using q8 kernels (request=64.00 MiB cached=0.00 GiB free=0.42 GiB reserve=1.59 GiB total=31.86 GiB)
ds4: ROCm q8 fp16 cache budget exhausted; using q8 kernels (request=64.00 MiB cached=0.00 GiB free=0.42 GiB reserve=1.59 GiB total=31.86 GiB)
ds4: ROCm q8 fp16 cache budget exhausted; using q8 kernels (request=64.00 MiB cached=0.00 GiB free=0.42 GiB reserve=1.59 GiB total=31.86 GiB)
ds4: ROCm q8 fp16 cache budget exhausted; using q8 kernels (request=64.00 MiB cached=0.00 GiB free=0.42 GiB reserve=1.59 GiB total=31.86 GiB)
ds4: ROCm q8 fp16 cache budget exhausted; using q8 kernels (request=64.00 MiB cached=0.00 GiB free=0.42 GiB reserve=1.59 GiB total=31.86 GiB)
ds4: ROCm q8 fp16 cache budget exhausted; using q8 kernels (request=64.00 MiB cached=0.00 GiB free=0.42 GiB reserve=1.59 GiB total=31.86 GiB)
ds4: ROCm q8 fp16 cache budget exhausted; using q8 kernels (request=64.00 MiB cached=0.00 GiB free=0.42 GiB reserve=1.59 GiB total=31.86 GiB)
ds4: ROCm q8 fp16 cache budget exhausted; using q8 kernels (request=64.00 MiB cached=0.00 GiB free=0.42 GiB reserve=1.59 GiB total=31.86 GiB)
ds4: ROCm q8 fp16 cache budget exhausted; using q8 kernels (request=64.00 MiB cached=0.00 GiB free=0.42 GiB reserve=1.59 GiB total=31.86 GiB)
ds4: ROCm q8 fp16 cache budget exhausted; using q8 kernels (request=64.00 MiB cached=0.00 GiB free=0.42 GiB reserve=1.59 GiB total=31.86 GiB)
ds4: ROCm q8 fp16 cache budget exhausted; using q8 kernels (request=64.00 MiB cached=0.00 GiB free=0.42 GiB reserve=1.59 GiB total=31.86 GiB)
ds4: ROCm q8 fp16 cache budget exhausted; using q8 kernels (request=64.00 MiB cached=0.00 GiB free=0.42 GiB reserve=1.59 GiB total=31.86 GiB)
ds4: ROCm q8 fp16 cache budget exhausted; using q8 kernels (request=64.00 MiB cached=0.00 GiB free=0.42 GiB reserve=1.59 GiB total=31.86 GiB)
ds4: ROCm q8 fp16 cache budget exhausted; using q8 kernels (request=64.00 MiB cached=0.00 GiB free=0.42 GiB reserve=1.59 GiB total=31.86 GiB)
ds4: ROCm q8 fp16 cache budget exhausted; using q8 kernels (request=64.00 MiB cached=0.00 GiB free=0.42 GiB reserve=1.59 GiB total=31.86 GiB)
ds4: ROCm q8 fp16 cache budget exhausted; using q8 kernels (request=64.00 MiB cached=0.00 GiB free=0.42 GiB reserve=1.59 GiB total=31.86 GiB)
ds4: ROCm q8 fp16 cache budget exhausted; using q8 kernels (request=64.00 MiB cached=0.00 GiB free=0.42 GiB reserve=1.59 GiB total=31.86 GiB)
ds4: ROCm q8 fp16 cache budget exhausted; using q8 kernels (request=64.00 MiB cached=0.00 GiB free=0.42 GiB reserve=1.59 GiB total=31.86 GiB)
ds4: ROCm q8 fp16 cache budget exhausted; using q8 kernels (request=64.00 MiB cached=0.00 GiB free=0.42 GiB reserve=1.59 GiB total=31.86 GiB)
ds4: ROCm q8 fp16 cache budget exhausted; using q8 kernels (request=64.00 MiB cached=0.00 GiB free=0.42 GiB reserve=1.59 GiB total=31.86 GiB)
ds4: ROCm q8 fp16 cache budget exhausted; using q8 kernels (request=64.00 MiB cached=0.00 GiB free=0.42 GiB reserve=1.59 GiB total=31.86 GiB)
ds4: ROCm q8 fp16 cache budget exhausted; using q8 kernels (request=64.00 MiB cached=0.00 GiB free=0.42 GiB reserve=1.59 GiB total=31.86 GiB)
ds4: ROCm q8 fp16 cache budget exhausted; using q8 kernels (request=64.00 MiB cached=0.00 GiB free=0.42 GiB reserve=1.59 GiB total=31.86 GiB)
ds4: ROCm q8 fp16 cache budget exhausted; using q8 kernels (request=64.00 MiB cached=0.00 GiB free=0.42 GiB reserve=1.59 GiB total=31.86 GiB)
ds4: ROCm q8 fp16 cache budget exhausted; using q8 kernels (request=64.00 MiB cached=0.00 GiB free=0.42 GiB reserve=1.59 GiB total=31.86 GiB)
ds4: ROCm q8 fp16 cache budget exhausted; using q8 kernels (request=64.00 MiB cached=0.00 GiB free=0.42 GiB reserve=1.59 GiB total=31.86 GiB)
ds4: ROCm q8 fp16 cache budget exhausted; using q8 kernels (request=64.00 MiB cached=0.00 GiB free=0.42 GiB reserve=1.59 GiB total=31.86 GiB)
case_019 cases=20 prompt=19 target=24 avg_nll=0.378311 lcp=14 api_target_mae=0.378311 api_top_coverage=98/120 api_top1=0.875 api_topn=0.265 api_pair=1.000
ds4: ROCm q8 fp16 cache budget exhausted; using q8 kernels (request=64.00 MiB cached=0.00 GiB free=0.42 GiB reserve=1.59 GiB total=31.86 GiB)
ds4: ROCm q8 fp16 cache budget exhausted; using q8 kernels (request=64.00 MiB cached=0.00 GiB free=0.42 GiB reserve=1.59 GiB total=31.86 GiB)
ds4: ROCm q8 fp16 cache budget exhausted; using q8 kernels (request=64.00 MiB cached=0.00 GiB free=0.42 GiB reserve=1.59 GiB total=31.86 GiB)
ds4: ROCm q8 fp16 cache budget exhausted; using q8 kernels (request=64.00 MiB cached=0.00 GiB free=0.42 GiB reserve=1.59 GiB total=31.86 GiB)
ds4: ROCm q8 fp16 cache budget exhausted; using q8 kernels (request=64.00 MiB cached=0.00 GiB free=0.42 GiB reserve=1.59 GiB total=31.86 GiB)
ds4: ROCm q8 fp16 cache budget exhausted; using q8 kernels (request=64.00 MiB cached=0.00 GiB free=0.42 GiB reserve=1.59 GiB total=31.86 GiB)
ds4: ROCm q8 fp16 cache budget exhausted; using q8 kernels (request=64.00 MiB cached=0.00 GiB free=0.42 GiB reserve=1.59 GiB total=31.86 GiB)
ds4: ROCm q8 fp16 cache budget exhausted; using q8 kernels (request=64.00 MiB cached=0.00 GiB free=0.42 GiB reserve=1.59 GiB total=31.86 GiB)
ds4: ROCm q8 fp16 cache budget exhausted; using q8 kernels (request=64.00 MiB cached=0.00 GiB free=0.42 GiB reserve=1.59 GiB total=31.86 GiB)
ds4: ROCm q8 fp16 cache budget exhausted; using q8 kernels (request=64.00 MiB cached=0.00 GiB free=0.42 GiB reserve=1.59 GiB total=31.86 GiB)
ds4: ROCm q8 fp16 cache budget exhausted; using q8 kernels (request=64.00 MiB cached=0.00 GiB free=0.42 GiB reserve=1.59 GiB total=31.86 GiB)
ds4: ROCm q8 fp16 cache budget exhausted; using q8 kernels (request=64.00 MiB cached=0.00 GiB free=0.42 GiB reserve=1.59 GiB total=31.86 GiB)
ds4: ROCm q8 fp16 cache budget exhausted; using q8 kernels (request=64.00 MiB cached=0.00 GiB free=0.42 GiB reserve=1.59 GiB total=31.86 GiB)
ds4: ROCm q8 fp16 cache budget exhausted; using q8 kernels (request=64.00 MiB cached=0.00 GiB free=0.42 GiB reserve=1.59 GiB total=31.86 GiB)
ds4: ROCm q8 fp16 cache budget exhausted; using q8 kernels (request=64.00 MiB cached=0.00 GiB free=0.42 GiB reserve=1.59 GiB total=31.86 GiB)
ds4: ROCm q8 fp16 cache budget exhausted; using q8 kernels (request=64.00 MiB cached=0.00 GiB free=0.42 GiB reserve=1.59 GiB total=31.86 GiB)
ds4: ROCm q8 fp16 cache budget exhausted; using q8 kernels (request=64.00 MiB cached=0.00 GiB free=0.42 GiB reserve=1.59 GiB total=31.86 GiB)
ds4: ROCm q8 fp16 cache budget exhausted; using q8 kernels (request=64.00 MiB cached=0.00 GiB free=0.42 GiB reserve=1.59 GiB total=31.86 GiB)
ds4: ROCm q8 fp16 cache budget exhausted; using q8 kernels (request=64.00 MiB cached=0.00 GiB free=0.42 GiB reserve=1.59 GiB total=31.86 GiB)
ds4: ROCm q8 fp16 cache budget exhausted; using q8 kernels (request=64.00 MiB cached=0.00 GiB free=0.42 GiB reserve=1.59 GiB total=31.86 GiB)
ds4: ROCm q8 fp16 cache budget exhausted; using q8 kernels (request=64.00 MiB cached=0.00 GiB free=0.42 GiB reserve=1.59 GiB total=31.86 GiB)
ds4: ROCm q8 fp16 cache budget exhausted; using q8 kernels (request=64.00 MiB cached=0.00 GiB free=0.42 GiB reserve=1.59 GiB total=31.86 GiB)
ds4: ROCm q8 fp16 cache budget exhausted; using q8 kernels (request=64.00 MiB cached=0.00 GiB free=0.42 GiB reserve=1.59 GiB total=31.86 GiB)
ds4: ROCm q8 fp16 cache budget exhausted; using q8 kernels (request=64.00 MiB cached=0.00 GiB free=0.42 GiB reserve=1.59 GiB total=31.86 GiB)
ds4: ROCm q8 fp16 cache budget exhausted; using q8 kernels (request=64.00 MiB cached=0.00 GiB free=0.42 GiB reserve=1.59 GiB total=31.86 GiB)
ds4: ROCm q8 fp16 cache budget exhausted; using q8 kernels (request=64.00 MiB cached=0.00 GiB free=0.42 GiB reserve=1.59 GiB total=31.86 GiB)
ds4: ROCm q8 fp16 cache budget exhausted; using q8 kernels (request=64.00 MiB cached=0.00 GiB free=0.42 GiB reserve=1.59 GiB total=31.86 GiB)
ds4: ROCm q8 fp16 cache budget exhausted; using q8 kernels (request=64.00 MiB cached=0.00 GiB free=0.42 GiB reserve=1.59 GiB total=31.86 GiB)
ds4: ROCm q8 fp16 cache budget exhausted; using q8 kernels (request=64.00 MiB cached=0.00 GiB free=0.42 GiB reserve=1.59 GiB total=31.86 GiB)
ds4: ROCm q8 fp16 cache budget exhausted; using q8 kernels (request=64.00 MiB cached=0.00 GiB free=0.42 GiB reserve=1.59 GiB total=31.86 GiB)
ds4: ROCm q8 fp16 cache budget exhausted; using q8 kernels (request=64.00 MiB cached=0.00 GiB free=0.42 GiB reserve=1.59 GiB total=31.86 GiB)
ds4: ROCm q8 fp16 cache budget exhausted; using q8 kernels (request=64.00 MiB cached=0.00 GiB free=0.42 GiB reserve=1.59 GiB total=31.86 GiB)
ds4: ROCm q8 fp16 cache budget exhausted; using q8 kernels (request=64.00 MiB cached=0.00 GiB free=0.42 GiB reserve=1.59 GiB total=31.86 GiB)
ds4: ROCm q8 fp16 cache budget exhausted; using q8 kernels (request=64.00 MiB cached=0.00 GiB free=0.42 GiB reserve=1.59 GiB total=31.86 GiB)
ds4: ROCm q8 fp16 cache budget exhausted; using q8 kernels (request=64.00 MiB cached=0.00 GiB free=0.42 GiB reserve=1.59 GiB total=31.86 GiB)
ds4: ROCm q8 fp16 cache budget exhausted; using q8 kernels (request=64.00 MiB cached=0.00 GiB free=0.42 GiB reserve=1.59 GiB total=31.86 GiB)
ds4: ROCm q8 fp16 cache budget exhausted; using q8 kernels (request=64.00 MiB cached=0.00 GiB free=0.42 GiB reserve=1.59 GiB total=31.86 GiB)
ds4: ROCm q8 fp16 cache budget exhausted; using q8 kernels (request=64.00 MiB cached=0.00 GiB free=0.42 GiB reserve=1.59 GiB total=31.86 GiB)
ds4: ROCm q8 fp16 cache budget exhausted; using q8 kernels (request=64.00 MiB cached=0.00 GiB free=0.42 GiB reserve=1.59 GiB total=31.86 GiB)
ds4: ROCm q8 fp16 cache budget exhausted; using q8 kernels (request=64.00 MiB cached=0.00 GiB free=0.42 GiB reserve=1.59 GiB total=31.86 GiB)
ds4: ROCm q8 fp16 cache budget exhausted; using q8 kernels (request=64.00 MiB cached=0.00 GiB free=0.42 GiB reserve=1.59 GiB total=31.86 GiB)
ds4: ROCm q8 fp16 cache budget exhausted; using q8 kernels (request=64.00 MiB cached=0.00 GiB free=0.42 GiB reserve=1.59 GiB total=31.86 GiB)
ds4: ROCm q8 fp16 cache budget exhausted; using q8 kernels (request=64.00 MiB cached=0.00 GiB free=0.42 GiB reserve=1.59 GiB total=31.86 GiB)
case_020 cases=21 prompt=18 target=24 avg_nll=0.365515 lcp=0 api_target_mae=0.365515 api_top_coverage=96/120 api_top1=0.917 api_topn=0.240 api_pair=1.000
ds4: ROCm q8 fp16 cache budget exhausted; using q8 kernels (request=64.00 MiB cached=0.00 GiB free=0.42 GiB reserve=1.59 GiB total=31.86 GiB)
ds4: ROCm q8 fp16 cache budget exhausted; using q8 kernels (request=64.00 MiB cached=0.00 GiB free=0.42 GiB reserve=1.59 GiB total=31.86 GiB)
ds4: ROCm q8 fp16 cache budget exhausted; using q8 kernels (request=64.00 MiB cached=0.00 GiB free=0.42 GiB reserve=1.59 GiB total=31.86 GiB)
ds4: ROCm q8 fp16 cache budget exhausted; using q8 kernels (request=64.00 MiB cached=0.00 GiB free=0.42 GiB reserve=1.59 GiB total=31.86 GiB)
ds4: ROCm q8 fp16 cache budget exhausted; using q8 kernels (request=64.00 MiB cached=0.00 GiB free=0.42 GiB reserve=1.59 GiB total=31.86 GiB)
ds4: ROCm q8 fp16 cache budget exhausted; using q8 kernels (request=64.00 MiB cached=0.00 GiB free=0.42 GiB reserve=1.59 GiB total=31.86 GiB)
ds4: ROCm q8 fp16 cache budget exhausted; using q8 kernels (request=64.00 MiB cached=0.00 GiB free=0.42 GiB reserve=1.59 GiB total=31.86 GiB)
ds4: ROCm q8 fp16 cache budget exhausted; using q8 kernels (request=64.00 MiB cached=0.00 GiB free=0.42 GiB reserve=1.59 GiB total=31.86 GiB)
ds4: ROCm q8 fp16 cache budget exhausted; using q8 kernels (request=64.00 MiB cached=0.00 GiB free=0.42 GiB reserve=1.59 GiB total=31.86 GiB)
ds4: ROCm q8 fp16 cache budget exhausted; using q8 kernels (request=64.00 MiB cached=0.00 GiB free=0.42 GiB reserve=1.59 GiB total=31.86 GiB)
ds4: ROCm q8 fp16 cache budget exhausted; using q8 kernels (request=64.00 MiB cached=0.00 GiB free=0.42 GiB reserve=1.59 GiB total=31.86 GiB)
ds4: ROCm q8 fp16 cache budget exhausted; using q8 kernels (request=64.00 MiB cached=0.00 GiB free=0.42 GiB reserve=1.59 GiB total=31.86 GiB)
ds4: ROCm q8 fp16 cache budget exhausted; using q8 kernels (request=64.00 MiB cached=0.00 GiB free=0.42 GiB reserve=1.59 GiB total=31.86 GiB)
ds4: ROCm q8 fp16 cache budget exhausted; using q8 kernels (request=64.00 MiB cached=0.00 GiB free=0.42 GiB reserve=1.59 GiB total=31.86 GiB)
ds4: ROCm q8 fp16 cache budget exhausted; using q8 kernels (request=64.00 MiB cached=0.00 GiB free=0.42 GiB reserve=1.59 GiB total=31.86 GiB)
ds4: ROCm q8 fp16 cache budget exhausted; using q8 kernels (request=64.00 MiB cached=0.00 GiB free=0.42 GiB reserve=1.59 GiB total=31.86 GiB)
ds4: ROCm q8 fp16 cache budget exhausted; using q8 kernels (request=64.00 MiB cached=0.00 GiB free=0.42 GiB reserve=1.59 GiB total=31.86 GiB)
ds4: ROCm q8 fp16 cache budget exhausted; using q8 kernels (request=64.00 MiB cached=0.00 GiB free=0.42 GiB reserve=1.59 GiB total=31.86 GiB)
ds4: ROCm q8 fp16 cache budget exhausted; using q8 kernels (request=64.00 MiB cached=0.00 GiB free=0.42 GiB reserve=1.59 GiB total=31.86 GiB)
ds4: ROCm q8 fp16 cache budget exhausted; using q8 kernels (request=64.00 MiB cached=0.00 GiB free=0.42 GiB reserve=1.59 GiB total=31.86 GiB)
ds4: ROCm q8 fp16 cache budget exhausted; using q8 kernels (request=64.00 MiB cached=0.00 GiB free=0.42 GiB reserve=1.59 GiB total=31.86 GiB)
ds4: ROCm q8 fp16 cache budget exhausted; using q8 kernels (request=64.00 MiB cached=0.00 GiB free=0.42 GiB reserve=1.59 GiB total=31.86 GiB)
ds4: ROCm q8 fp16 cache budget exhausted; using q8 kernels (request=64.00 MiB cached=0.00 GiB free=0.42 GiB reserve=1.59 GiB total=31.86 GiB)
ds4: ROCm q8 fp16 cache budget exhausted; using q8 kernels (request=64.00 MiB cached=0.00 GiB free=0.42 GiB reserve=1.59 GiB total=31.86 GiB)
ds4: ROCm q8 fp16 cache budget exhausted; using q8 kernels (request=64.00 MiB cached=0.00 GiB free=0.42 GiB reserve=1.59 GiB total=31.86 GiB)
ds4: ROCm q8 fp16 cache budget exhausted; using q8 kernels (request=64.00 MiB cached=0.00 GiB free=0.42 GiB reserve=1.59 GiB total=31.86 GiB)
ds4: ROCm q8 fp16 cache budget exhausted; using q8 kernels (request=64.00 MiB cached=0.00 GiB free=0.42 GiB reserve=1.59 GiB total=31.86 GiB)
ds4: ROCm q8 fp16 cache budget exhausted; using q8 kernels (request=64.00 MiB cached=0.00 GiB free=0.42 GiB reserve=1.59 GiB total=31.86 GiB)
ds4: ROCm q8 fp16 cache budget exhausted; using q8 kernels (request=64.00 MiB cached=0.00 GiB free=0.42 GiB reserve=1.59 GiB total=31.86 GiB)
ds4: ROCm q8 fp16 cache budget exhausted; using q8 kernels (request=64.00 MiB cached=0.00 GiB free=0.42 GiB reserve=1.59 GiB total=31.86 GiB)
ds4: ROCm q8 fp16 cache budget exhausted; using q8 kernels (request=64.00 MiB cached=0.00 GiB free=0.42 GiB reserve=1.59 GiB total=31.86 GiB)
ds4: ROCm q8 fp16 cache budget exhausted; using q8 kernels (request=64.00 MiB cached=0.00 GiB free=0.42 GiB reserve=1.59 GiB total=31.86 GiB)
ds4: ROCm q8 fp16 cache budget exhausted; using q8 kernels (request=64.00 MiB cached=0.00 GiB free=0.42 GiB reserve=1.59 GiB total=31.86 GiB)
ds4: ROCm q8 fp16 cache budget exhausted; using q8 kernels (request=64.00 MiB cached=0.00 GiB free=0.42 GiB reserve=1.59 GiB total=31.86 GiB)
ds4: ROCm q8 fp16 cache budget exhausted; using q8 kernels (request=64.00 MiB cached=0.00 GiB free=0.42 GiB reserve=1.59 GiB total=31.86 GiB)
ds4: ROCm q8 fp16 cache budget exhausted; using q8 kernels (request=64.00 MiB cached=0.00 GiB free=0.42 GiB reserve=1.59 GiB total=31.86 GiB)
ds4: ROCm q8 fp16 cache budget exhausted; using q8 kernels (request=64.00 MiB cached=0.00 GiB free=0.42 GiB reserve=1.59 GiB total=31.86 GiB)
ds4: ROCm q8 fp16 cache budget exhausted; using q8 kernels (request=64.00 MiB cached=0.00 GiB free=0.42 GiB reserve=1.59 GiB total=31.86 GiB)
ds4: ROCm q8 fp16 cache budget exhausted; using q8 kernels (request=64.00 MiB cached=0.00 GiB free=0.42 GiB reserve=1.59 GiB total=31.86 GiB)
ds4: ROCm q8 fp16 cache budget exhausted; using q8 kernels (request=64.00 MiB cached=0.00 GiB free=0.42 GiB reserve=1.59 GiB total=31.86 GiB)
ds4: ROCm q8 fp16 cache budget exhausted; using q8 kernels (request=64.00 MiB cached=0.00 GiB free=0.42 GiB reserve=1.59 GiB total=31.86 GiB)
ds4: ROCm q8 fp16 cache budget exhausted; using q8 kernels (request=64.00 MiB cached=0.00 GiB free=0.42 GiB reserve=1.59 GiB total=31.86 GiB)
ds4: ROCm q8 fp16 cache budget exhausted; using q8 kernels (request=64.00 MiB cached=0.00 GiB free=0.42 GiB reserve=1.59 GiB total=31.86 GiB)
case_021 cases=22 prompt=18 target=24 avg_nll=0.023220 lcp=24 api_target_mae=0.023220 api_top_coverage=96/120 api_top1=1.000 api_topn=0.250 api_pair=1.000
ds4: ROCm q8 fp16 cache budget exhausted; using q8 kernels (request=64.00 MiB cached=0.00 GiB free=0.42 GiB reserve=1.59 GiB total=31.86 GiB)
ds4: ROCm q8 fp16 cache budget exhausted; using q8 kernels (request=64.00 MiB cached=0.00 GiB free=0.42 GiB reserve=1.59 GiB total=31.86 GiB)
ds4: ROCm q8 fp16 cache budget exhausted; using q8 kernels (request=64.00 MiB cached=0.00 GiB free=0.42 GiB reserve=1.59 GiB total=31.86 GiB)
ds4: ROCm q8 fp16 cache budget exhausted; using q8 kernels (request=64.00 MiB cached=0.00 GiB free=0.42 GiB reserve=1.59 GiB total=31.86 GiB)
ds4: ROCm q8 fp16 cache budget exhausted; using q8 kernels (request=64.00 MiB cached=0.00 GiB free=0.42 GiB reserve=1.59 GiB total=31.86 GiB)
ds4: ROCm q8 fp16 cache budget exhausted; using q8 kernels (request=64.00 MiB cached=0.00 GiB free=0.42 GiB reserve=1.59 GiB total=31.86 GiB)
ds4: ROCm q8 fp16 cache budget exhausted; using q8 kernels (request=64.00 MiB cached=0.00 GiB free=0.42 GiB reserve=1.59 GiB total=31.86 GiB)
ds4: ROCm q8 fp16 cache budget exhausted; using q8 kernels (request=64.00 MiB cached=0.00 GiB free=0.42 GiB reserve=1.59 GiB total=31.86 GiB)
ds4: ROCm q8 fp16 cache budget exhausted; using q8 kernels (request=64.00 MiB cached=0.00 GiB free=0.42 GiB reserve=1.59 GiB total=31.86 GiB)
ds4: ROCm q8 fp16 cache budget exhausted; using q8 kernels (request=64.00 MiB cached=0.00 GiB free=0.42 GiB reserve=1.59 GiB total=31.86 GiB)
ds4: ROCm q8 fp16 cache budget exhausted; using q8 kernels (request=64.00 MiB cached=0.00 GiB free=0.42 GiB reserve=1.59 GiB total=31.86 GiB)
ds4: ROCm q8 fp16 cache budget exhausted; using q8 kernels (request=64.00 MiB cached=0.00 GiB free=0.42 GiB reserve=1.59 GiB total=31.86 GiB)
ds4: ROCm q8 fp16 cache budget exhausted; using q8 kernels (request=64.00 MiB cached=0.00 GiB free=0.42 GiB reserve=1.59 GiB total=31.86 GiB)
ds4: ROCm q8 fp16 cache budget exhausted; using q8 kernels (request=64.00 MiB cached=0.00 GiB free=0.42 GiB reserve=1.59 GiB total=31.86 GiB)
ds4: ROCm q8 fp16 cache budget exhausted; using q8 kernels (request=64.00 MiB cached=0.00 GiB free=0.42 GiB reserve=1.59 GiB total=31.86 GiB)
ds4: ROCm q8 fp16 cache budget exhausted; using q8 kernels (request=64.00 MiB cached=0.00 GiB free=0.42 GiB reserve=1.59 GiB total=31.86 GiB)
ds4: ROCm q8 fp16 cache budget exhausted; using q8 kernels (request=64.00 MiB cached=0.00 GiB free=0.42 GiB reserve=1.59 GiB total=31.86 GiB)
ds4: ROCm q8 fp16 cache budget exhausted; using q8 kernels (request=64.00 MiB cached=0.00 GiB free=0.42 GiB reserve=1.59 GiB total=31.86 GiB)
ds4: ROCm q8 fp16 cache budget exhausted; using q8 kernels (request=64.00 MiB cached=0.00 GiB free=0.42 GiB reserve=1.59 GiB total=31.86 GiB)
ds4: ROCm q8 fp16 cache budget exhausted; using q8 kernels (request=64.00 MiB cached=0.00 GiB free=0.42 GiB reserve=1.59 GiB total=31.86 GiB)
ds4: ROCm q8 fp16 cache budget exhausted; using q8 kernels (request=64.00 MiB cached=0.00 GiB free=0.42 GiB reserve=1.59 GiB total=31.86 GiB)
ds4: ROCm q8 fp16 cache budget exhausted; using q8 kernels (request=64.00 MiB cached=0.00 GiB free=0.42 GiB reserve=1.59 GiB total=31.86 GiB)
ds4: ROCm q8 fp16 cache budget exhausted; using q8 kernels (request=64.00 MiB cached=0.00 GiB free=0.42 GiB reserve=1.59 GiB total=31.86 GiB)
ds4: ROCm q8 fp16 cache budget exhausted; using q8 kernels (request=64.00 MiB cached=0.00 GiB free=0.42 GiB reserve=1.59 GiB total=31.86 GiB)
ds4: ROCm q8 fp16 cache budget exhausted; using q8 kernels (request=64.00 MiB cached=0.00 GiB free=0.42 GiB reserve=1.59 GiB total=31.86 GiB)
ds4: ROCm q8 fp16 cache budget exhausted; using q8 kernels (request=64.00 MiB cached=0.00 GiB free=0.42 GiB reserve=1.59 GiB total=31.86 GiB)
ds4: ROCm q8 fp16 cache budget exhausted; using q8 kernels (request=64.00 MiB cached=0.00 GiB free=0.42 GiB reserve=1.59 GiB total=31.86 GiB)
ds4: ROCm q8 fp16 cache budget exhausted; using q8 kernels (request=64.00 MiB cached=0.00 GiB free=0.42 GiB reserve=1.59 GiB total=31.86 GiB)
ds4: ROCm q8 fp16 cache budget exhausted; using q8 kernels (request=64.00 MiB cached=0.00 GiB free=0.42 GiB reserve=1.59 GiB total=31.86 GiB)
ds4: ROCm q8 fp16 cache budget exhausted; using q8 kernels (request=64.00 MiB cached=0.00 GiB free=0.42 GiB reserve=1.59 GiB total=31.86 GiB)
ds4: ROCm q8 fp16 cache budget exhausted; using q8 kernels (request=64.00 MiB cached=0.00 GiB free=0.42 GiB reserve=1.59 GiB total=31.86 GiB)
ds4: ROCm q8 fp16 cache budget exhausted; using q8 kernels (request=64.00 MiB cached=0.00 GiB free=0.42 GiB reserve=1.59 GiB total=31.86 GiB)
ds4: ROCm q8 fp16 cache budget exhausted; using q8 kernels (request=64.00 MiB cached=0.00 GiB free=0.42 GiB reserve=1.59 GiB total=31.86 GiB)
ds4: ROCm q8 fp16 cache budget exhausted; using q8 kernels (request=64.00 MiB cached=0.00 GiB free=0.42 GiB reserve=1.59 GiB total=31.86 GiB)
ds4: ROCm q8 fp16 cache budget exhausted; using q8 kernels (request=64.00 MiB cached=0.00 GiB free=0.42 GiB reserve=1.59 GiB total=31.86 GiB)
ds4: ROCm q8 fp16 cache budget exhausted; using q8 kernels (request=64.00 MiB cached=0.00 GiB free=0.42 GiB reserve=1.59 GiB total=31.86 GiB)
ds4: ROCm q8 fp16 cache budget exhausted; using q8 kernels (request=64.00 MiB cached=0.00 GiB free=0.42 GiB reserve=1.59 GiB total=31.86 GiB)
ds4: ROCm q8 fp16 cache budget exhausted; using q8 kernels (request=64.00 MiB cached=0.00 GiB free=0.42 GiB reserve=1.59 GiB total=31.86 GiB)
ds4: ROCm q8 fp16 cache budget exhausted; using q8 kernels (request=64.00 MiB cached=0.00 GiB free=0.42 GiB reserve=1.59 GiB total=31.86 GiB)
ds4: ROCm q8 fp16 cache budget exhausted; using q8 kernels (request=64.00 MiB cached=0.00 GiB free=0.42 GiB reserve=1.59 GiB total=31.86 GiB)
ds4: ROCm q8 fp16 cache budget exhausted; using q8 kernels (request=64.00 MiB cached=0.00 GiB free=0.42 GiB reserve=1.59 GiB total=31.86 GiB)
ds4: ROCm q8 fp16 cache budget exhausted; using q8 kernels (request=64.00 MiB cached=0.00 GiB free=0.42 GiB reserve=1.59 GiB total=31.86 GiB)
ds4: ROCm q8 fp16 cache budget exhausted; using q8 kernels (request=64.00 MiB cached=0.00 GiB free=0.42 GiB reserve=1.59 GiB total=31.86 GiB)
case_022 cases=23 prompt=16 target=24 avg_nll=0.420422 lcp=3 api_target_mae=0.420422 api_top_coverage=100/120 api_top1=0.875 api_topn=0.260 api_pair=1.000
ds4: ROCm q8 fp16 cache budget exhausted; using q8 kernels (request=64.00 MiB cached=0.00 GiB free=0.42 GiB reserve=1.59 GiB total=31.86 GiB)
ds4: ROCm q8 fp16 cache budget exhausted; using q8 kernels (request=64.00 MiB cached=0.00 GiB free=0.42 GiB reserve=1.59 GiB total=31.86 GiB)
ds4: ROCm q8 fp16 cache budget exhausted; using q8 kernels (request=64.00 MiB cached=0.00 GiB free=0.42 GiB reserve=1.59 GiB total=31.86 GiB)
ds4: ROCm q8 fp16 cache budget exhausted; using q8 kernels (request=64.00 MiB cached=0.00 GiB free=0.42 GiB reserve=1.59 GiB total=31.86 GiB)
ds4: ROCm q8 fp16 cache budget exhausted; using q8 kernels (request=64.00 MiB cached=0.00 GiB free=0.42 GiB reserve=1.59 GiB total=31.86 GiB)
ds4: ROCm q8 fp16 cache budget exhausted; using q8 kernels (request=64.00 MiB cached=0.00 GiB free=0.42 GiB reserve=1.59 GiB total=31.86 GiB)
ds4: ROCm q8 fp16 cache budget exhausted; using q8 kernels (request=64.00 MiB cached=0.00 GiB free=0.42 GiB reserve=1.59 GiB total=31.86 GiB)
ds4: ROCm q8 fp16 cache budget exhausted; using q8 kernels (request=64.00 MiB cached=0.00 GiB free=0.42 GiB reserve=1.59 GiB total=31.86 GiB)
ds4: ROCm q8 fp16 cache budget exhausted; using q8 kernels (request=64.00 MiB cached=0.00 GiB free=0.42 GiB reserve=1.59 GiB total=31.86 GiB)
ds4: ROCm q8 fp16 cache budget exhausted; using q8 kernels (request=64.00 MiB cached=0.00 GiB free=0.42 GiB reserve=1.59 GiB total=31.86 GiB)
ds4: ROCm q8 fp16 cache budget exhausted; using q8 kernels (request=64.00 MiB cached=0.00 GiB free=0.42 GiB reserve=1.59 GiB total=31.86 GiB)
ds4: ROCm q8 fp16 cache budget exhausted; using q8 kernels (request=64.00 MiB cached=0.00 GiB free=0.42 GiB reserve=1.59 GiB total=31.86 GiB)
ds4: ROCm q8 fp16 cache budget exhausted; using q8 kernels (request=64.00 MiB cached=0.00 GiB free=0.42 GiB reserve=1.59 GiB total=31.86 GiB)
ds4: ROCm q8 fp16 cache budget exhausted; using q8 kernels (request=64.00 MiB cached=0.00 GiB free=0.42 GiB reserve=1.59 GiB total=31.86 GiB)
ds4: ROCm q8 fp16 cache budget exhausted; using q8 kernels (request=64.00 MiB cached=0.00 GiB free=0.42 GiB reserve=1.59 GiB total=31.86 GiB)
ds4: ROCm q8 fp16 cache budget exhausted; using q8 kernels (request=64.00 MiB cached=0.00 GiB free=0.42 GiB reserve=1.59 GiB total=31.86 GiB)
ds4: ROCm q8 fp16 cache budget exhausted; using q8 kernels (request=64.00 MiB cached=0.00 GiB free=0.42 GiB reserve=1.59 GiB total=31.86 GiB)
ds4: ROCm q8 fp16 cache budget exhausted; using q8 kernels (request=64.00 MiB cached=0.00 GiB free=0.42 GiB reserve=1.59 GiB total=31.86 GiB)
ds4: ROCm q8 fp16 cache budget exhausted; using q8 kernels (request=64.00 MiB cached=0.00 GiB free=0.42 GiB reserve=1.59 GiB total=31.86 GiB)
ds4: ROCm q8 fp16 cache budget exhausted; using q8 kernels (request=64.00 MiB cached=0.00 GiB free=0.42 GiB reserve=1.59 GiB total=31.86 GiB)
ds4: ROCm q8 fp16 cache budget exhausted; using q8 kernels (request=64.00 MiB cached=0.00 GiB free=0.42 GiB reserve=1.59 GiB total=31.86 GiB)
ds4: ROCm q8 fp16 cache budget exhausted; using q8 kernels (request=64.00 MiB cached=0.00 GiB free=0.42 GiB reserve=1.59 GiB total=31.86 GiB)
ds4: ROCm q8 fp16 cache budget exhausted; using q8 kernels (request=64.00 MiB cached=0.00 GiB free=0.42 GiB reserve=1.59 GiB total=31.86 GiB)
ds4: ROCm q8 fp16 cache budget exhausted; using q8 kernels (request=64.00 MiB cached=0.00 GiB free=0.42 GiB reserve=1.59 GiB total=31.86 GiB)
ds4: ROCm q8 fp16 cache budget exhausted; using q8 kernels (request=64.00 MiB cached=0.00 GiB free=0.42 GiB reserve=1.59 GiB total=31.86 GiB)
ds4: ROCm q8 fp16 cache budget exhausted; using q8 kernels (request=64.00 MiB cached=0.00 GiB free=0.42 GiB reserve=1.59 GiB total=31.86 GiB)
ds4: ROCm q8 fp16 cache budget exhausted; using q8 kernels (request=64.00 MiB cached=0.00 GiB free=0.42 GiB reserve=1.59 GiB total=31.86 GiB)
ds4: ROCm q8 fp16 cache budget exhausted; using q8 kernels (request=64.00 MiB cached=0.00 GiB free=0.42 GiB reserve=1.59 GiB total=31.86 GiB)
ds4: ROCm q8 fp16 cache budget exhausted; using q8 kernels (request=64.00 MiB cached=0.00 GiB free=0.42 GiB reserve=1.59 GiB total=31.86 GiB)
ds4: ROCm q8 fp16 cache budget exhausted; using q8 kernels (request=64.00 MiB cached=0.00 GiB free=0.42 GiB reserve=1.59 GiB total=31.86 GiB)
ds4: ROCm q8 fp16 cache budget exhausted; using q8 kernels (request=64.00 MiB cached=0.00 GiB free=0.42 GiB reserve=1.59 GiB total=31.86 GiB)
ds4: ROCm q8 fp16 cache budget exhausted; using q8 kernels (request=64.00 MiB cached=0.00 GiB free=0.42 GiB reserve=1.59 GiB total=31.86 GiB)
ds4: ROCm q8 fp16 cache budget exhausted; using q8 kernels (request=64.00 MiB cached=0.00 GiB free=0.42 GiB reserve=1.59 GiB total=31.86 GiB)
ds4: ROCm q8 fp16 cache budget exhausted; using q8 kernels (request=64.00 MiB cached=0.00 GiB free=0.42 GiB reserve=1.59 GiB total=31.86 GiB)
ds4: ROCm q8 fp16 cache budget exhausted; using q8 kernels (request=64.00 MiB cached=0.00 GiB free=0.42 GiB reserve=1.59 GiB total=31.86 GiB)
ds4: ROCm q8 fp16 cache budget exhausted; using q8 kernels (request=64.00 MiB cached=0.00 GiB free=0.42 GiB reserve=1.59 GiB total=31.86 GiB)
ds4: ROCm q8 fp16 cache budget exhausted; using q8 kernels (request=64.00 MiB cached=0.00 GiB free=0.42 GiB reserve=1.59 GiB total=31.86 GiB)
ds4: ROCm q8 fp16 cache budget exhausted; using q8 kernels (request=64.00 MiB cached=0.00 GiB free=0.42 GiB reserve=1.59 GiB total=31.86 GiB)
ds4: ROCm q8 fp16 cache budget exhausted; using q8 kernels (request=64.00 MiB cached=0.00 GiB free=0.42 GiB reserve=1.59 GiB total=31.86 GiB)
ds4: ROCm q8 fp16 cache budget exhausted; using q8 kernels (request=64.00 MiB cached=0.00 GiB free=0.42 GiB reserve=1.59 GiB total=31.86 GiB)
ds4: ROCm q8 fp16 cache budget exhausted; using q8 kernels (request=64.00 MiB cached=0.00 GiB free=0.42 GiB reserve=1.59 GiB total=31.86 GiB)
ds4: ROCm q8 fp16 cache budget exhausted; using q8 kernels (request=64.00 MiB cached=0.00 GiB free=0.42 GiB reserve=1.59 GiB total=31.86 GiB)
ds4: ROCm q8 fp16 cache budget exhausted; using q8 kernels (request=64.00 MiB cached=0.00 GiB free=0.42 GiB reserve=1.59 GiB total=31.86 GiB)
case_023 cases=24 prompt=14 target=24 avg_nll=0.578254 lcp=0 api_target_mae=0.578254 api_top_coverage=114/120 api_top1=0.750 api_topn=0.667 api_pair=0.935
ds4: ROCm q8 fp16 cache budget exhausted; using q8 kernels (request=64.00 MiB cached=0.00 GiB free=0.42 GiB reserve=1.59 GiB total=31.86 GiB)
ds4: ROCm q8 fp16 cache budget exhausted; using q8 kernels (request=64.00 MiB cached=0.00 GiB free=0.42 GiB reserve=1.59 GiB total=31.86 GiB)
ds4: ROCm q8 fp16 cache budget exhausted; using q8 kernels (request=64.00 MiB cached=0.00 GiB free=0.42 GiB reserve=1.59 GiB total=31.86 GiB)
ds4: ROCm q8 fp16 cache budget exhausted; using q8 kernels (request=64.00 MiB cached=0.00 GiB free=0.42 GiB reserve=1.59 GiB total=31.86 GiB)
ds4: ROCm q8 fp16 cache budget exhausted; using q8 kernels (request=64.00 MiB cached=0.00 GiB free=0.42 GiB reserve=1.59 GiB total=31.86 GiB)
ds4: ROCm q8 fp16 cache budget exhausted; using q8 kernels (request=64.00 MiB cached=0.00 GiB free=0.42 GiB reserve=1.59 GiB total=31.86 GiB)
ds4: ROCm q8 fp16 cache budget exhausted; using q8 kernels (request=64.00 MiB cached=0.00 GiB free=0.42 GiB reserve=1.59 GiB total=31.86 GiB)
ds4: ROCm q8 fp16 cache budget exhausted; using q8 kernels (request=64.00 MiB cached=0.00 GiB free=0.42 GiB reserve=1.59 GiB total=31.86 GiB)
ds4: ROCm q8 fp16 cache budget exhausted; using q8 kernels (request=64.00 MiB cached=0.00 GiB free=0.42 GiB reserve=1.59 GiB total=31.86 GiB)
ds4: ROCm q8 fp16 cache budget exhausted; using q8 kernels (request=64.00 MiB cached=0.00 GiB free=0.42 GiB reserve=1.59 GiB total=31.86 GiB)
ds4: ROCm q8 fp16 cache budget exhausted; using q8 kernels (request=64.00 MiB cached=0.00 GiB free=0.42 GiB reserve=1.59 GiB total=31.86 GiB)
ds4: ROCm q8 fp16 cache budget exhausted; using q8 kernels (request=64.00 MiB cached=0.00 GiB free=0.42 GiB reserve=1.59 GiB total=31.86 GiB)
ds4: ROCm q8 fp16 cache budget exhausted; using q8 kernels (request=64.00 MiB cached=0.00 GiB free=0.42 GiB reserve=1.59 GiB total=31.86 GiB)
ds4: ROCm q8 fp16 cache budget exhausted; using q8 kernels (request=64.00 MiB cached=0.00 GiB free=0.42 GiB reserve=1.59 GiB total=31.86 GiB)
ds4: ROCm q8 fp16 cache budget exhausted; using q8 kernels (request=64.00 MiB cached=0.00 GiB free=0.42 GiB reserve=1.59 GiB total=31.86 GiB)
ds4: ROCm q8 fp16 cache budget exhausted; using q8 kernels (request=64.00 MiB cached=0.00 GiB free=0.42 GiB reserve=1.59 GiB total=31.86 GiB)
ds4: ROCm q8 fp16 cache budget exhausted; using q8 kernels (request=64.00 MiB cached=0.00 GiB free=0.42 GiB reserve=1.59 GiB total=31.86 GiB)
ds4: ROCm q8 fp16 cache budget exhausted; using q8 kernels (request=64.00 MiB cached=0.00 GiB free=0.42 GiB reserve=1.59 GiB total=31.86 GiB)
ds4: ROCm q8 fp16 cache budget exhausted; using q8 kernels (request=64.00 MiB cached=0.00 GiB free=0.42 GiB reserve=1.59 GiB total=31.86 GiB)
ds4: ROCm q8 fp16 cache budget exhausted; using q8 kernels (request=64.00 MiB cached=0.00 GiB free=0.42 GiB reserve=1.59 GiB total=31.86 GiB)
ds4: ROCm q8 fp16 cache budget exhausted; using q8 kernels (request=64.00 MiB cached=0.00 GiB free=0.42 GiB reserve=1.59 GiB total=31.86 GiB)
ds4: ROCm q8 fp16 cache budget exhausted; using q8 kernels (request=64.00 MiB cached=0.00 GiB free=0.42 GiB reserve=1.59 GiB total=31.86 GiB)
ds4: ROCm q8 fp16 cache budget exhausted; using q8 kernels (request=64.00 MiB cached=0.00 GiB free=0.42 GiB reserve=1.59 GiB total=31.86 GiB)
ds4: ROCm q8 fp16 cache budget exhausted; using q8 kernels (request=64.00 MiB cached=0.00 GiB free=0.42 GiB reserve=1.59 GiB total=31.86 GiB)
ds4: ROCm q8 fp16 cache budget exhausted; using q8 kernels (request=64.00 MiB cached=0.00 GiB free=0.42 GiB reserve=1.59 GiB total=31.86 GiB)
ds4: ROCm q8 fp16 cache budget exhausted; using q8 kernels (request=64.00 MiB cached=0.00 GiB free=0.42 GiB reserve=1.59 GiB total=31.86 GiB)
ds4: ROCm q8 fp16 cache budget exhausted; using q8 kernels (request=64.00 MiB cached=0.00 GiB free=0.42 GiB reserve=1.59 GiB total=31.86 GiB)
ds4: ROCm q8 fp16 cache budget exhausted; using q8 kernels (request=64.00 MiB cached=0.00 GiB free=0.42 GiB reserve=1.59 GiB total=31.86 GiB)
ds4: ROCm q8 fp16 cache budget exhausted; using q8 kernels (request=64.00 MiB cached=0.00 GiB free=0.42 GiB reserve=1.59 GiB total=31.86 GiB)
ds4: ROCm q8 fp16 cache budget exhausted; using q8 kernels (request=64.00 MiB cached=0.00 GiB free=0.42 GiB reserve=1.59 GiB total=31.86 GiB)
ds4: ROCm q8 fp16 cache budget exhausted; using q8 kernels (request=64.00 MiB cached=0.00 GiB free=0.42 GiB reserve=1.59 GiB total=31.86 GiB)
ds4: ROCm q8 fp16 cache budget exhausted; using q8 kernels (request=64.00 MiB cached=0.00 GiB free=0.42 GiB reserve=1.59 GiB total=31.86 GiB)
ds4: ROCm q8 fp16 cache budget exhausted; using q8 kernels (request=64.00 MiB cached=0.00 GiB free=0.42 GiB reserve=1.59 GiB total=31.86 GiB)
ds4: ROCm q8 fp16 cache budget exhausted; using q8 kernels (request=64.00 MiB cached=0.00 GiB free=0.42 GiB reserve=1.59 GiB total=31.86 GiB)
ds4: ROCm q8 fp16 cache budget exhausted; using q8 kernels (request=64.00 MiB cached=0.00 GiB free=0.42 GiB reserve=1.59 GiB total=31.86 GiB)
ds4: ROCm q8 fp16 cache budget exhausted; using q8 kernels (request=64.00 MiB cached=0.00 GiB free=0.42 GiB reserve=1.59 GiB total=31.86 GiB)
ds4: ROCm q8 fp16 cache budget exhausted; using q8 kernels (request=64.00 MiB cached=0.00 GiB free=0.42 GiB reserve=1.59 GiB total=31.86 GiB)
ds4: ROCm q8 fp16 cache budget exhausted; using q8 kernels (request=64.00 MiB cached=0.00 GiB free=0.42 GiB reserve=1.59 GiB total=31.86 GiB)
ds4: ROCm q8 fp16 cache budget exhausted; using q8 kernels (request=64.00 MiB cached=0.00 GiB free=0.42 GiB reserve=1.59 GiB total=31.86 GiB)
ds4: ROCm q8 fp16 cache budget exhausted; using q8 kernels (request=64.00 MiB cached=0.00 GiB free=0.42 GiB reserve=1.59 GiB total=31.86 GiB)
ds4: ROCm q8 fp16 cache budget exhausted; using q8 kernels (request=64.00 MiB cached=0.00 GiB free=0.42 GiB reserve=1.59 GiB total=31.86 GiB)
ds4: ROCm q8 fp16 cache budget exhausted; using q8 kernels (request=64.00 MiB cached=0.00 GiB free=0.42 GiB reserve=1.59 GiB total=31.86 GiB)
ds4: ROCm q8 fp16 cache budget exhausted; using q8 kernels (request=64.00 MiB cached=0.00 GiB free=0.42 GiB reserve=1.59 GiB total=31.86 GiB)
case_024 cases=25 prompt=15 target=24 avg_nll=0.365153 lcp=1 api_target_mae=0.365153 api_top_coverage=102/120 api_top1=0.917 api_topn=0.304 api_pair=0.987
ds4: ROCm q8 fp16 cache budget exhausted; using q8 kernels (request=64.00 MiB cached=0.00 GiB free=0.42 GiB reserve=1.59 GiB total=31.86 GiB)
ds4: ROCm q8 fp16 cache budget exhausted; using q8 kernels (request=64.00 MiB cached=0.00 GiB free=0.42 GiB reserve=1.59 GiB total=31.86 GiB)
ds4: ROCm q8 fp16 cache budget exhausted; using q8 kernels (request=64.00 MiB cached=0.00 GiB free=0.42 GiB reserve=1.59 GiB total=31.86 GiB)
ds4: ROCm q8 fp16 cache budget exhausted; using q8 kernels (request=64.00 MiB cached=0.00 GiB free=0.42 GiB reserve=1.59 GiB total=31.86 GiB)
ds4: ROCm q8 fp16 cache budget exhausted; using q8 kernels (request=64.00 MiB cached=0.00 GiB free=0.42 GiB reserve=1.59 GiB total=31.86 GiB)
ds4: ROCm q8 fp16 cache budget exhausted; using q8 kernels (request=64.00 MiB cached=0.00 GiB free=0.42 GiB reserve=1.59 GiB total=31.86 GiB)
ds4: ROCm q8 fp16 cache budget exhausted; using q8 kernels (request=64.00 MiB cached=0.00 GiB free=0.42 GiB reserve=1.59 GiB total=31.86 GiB)
ds4: ROCm q8 fp16 cache budget exhausted; using q8 kernels (request=64.00 MiB cached=0.00 GiB free=0.42 GiB reserve=1.59 GiB total=31.86 GiB)
ds4: ROCm q8 fp16 cache budget exhausted; using q8 kernels (request=64.00 MiB cached=0.00 GiB free=0.42 GiB reserve=1.59 GiB total=31.86 GiB)
ds4: ROCm q8 fp16 cache budget exhausted; using q8 kernels (request=64.00 MiB cached=0.00 GiB free=0.42 GiB reserve=1.59 GiB total=31.86 GiB)
ds4: ROCm q8 fp16 cache budget exhausted; using q8 kernels (request=64.00 MiB cached=0.00 GiB free=0.42 GiB reserve=1.59 GiB total=31.86 GiB)
ds4: ROCm q8 fp16 cache budget exhausted; using q8 kernels (request=64.00 MiB cached=0.00 GiB free=0.42 GiB reserve=1.59 GiB total=31.86 GiB)
ds4: ROCm q8 fp16 cache budget exhausted; using q8 kernels (request=64.00 MiB cached=0.00 GiB free=0.42 GiB reserve=1.59 GiB total=31.86 GiB)
ds4: ROCm q8 fp16 cache budget exhausted; using q8 kernels (request=64.00 MiB cached=0.00 GiB free=0.42 GiB reserve=1.59 GiB total=31.86 GiB)
ds4: ROCm q8 fp16 cache budget exhausted; using q8 kernels (request=64.00 MiB cached=0.00 GiB free=0.42 GiB reserve=1.59 GiB total=31.86 GiB)
ds4: ROCm q8 fp16 cache budget exhausted; using q8 kernels (request=64.00 MiB cached=0.00 GiB free=0.42 GiB reserve=1.59 GiB total=31.86 GiB)
ds4: ROCm q8 fp16 cache budget exhausted; using q8 kernels (request=64.00 MiB cached=0.00 GiB free=0.42 GiB reserve=1.59 GiB total=31.86 GiB)
ds4: ROCm q8 fp16 cache budget exhausted; using q8 kernels (request=64.00 MiB cached=0.00 GiB free=0.42 GiB reserve=1.59 GiB total=31.86 GiB)
ds4: ROCm q8 fp16 cache budget exhausted; using q8 kernels (request=64.00 MiB cached=0.00 GiB free=0.42 GiB reserve=1.59 GiB total=31.86 GiB)
ds4: ROCm q8 fp16 cache budget exhausted; using q8 kernels (request=64.00 MiB cached=0.00 GiB free=0.42 GiB reserve=1.59 GiB total=31.86 GiB)
ds4: ROCm q8 fp16 cache budget exhausted; using q8 kernels (request=64.00 MiB cached=0.00 GiB free=0.42 GiB reserve=1.59 GiB total=31.86 GiB)
ds4: ROCm q8 fp16 cache budget exhausted; using q8 kernels (request=64.00 MiB cached=0.00 GiB free=0.42 GiB reserve=1.59 GiB total=31.86 GiB)
ds4: ROCm q8 fp16 cache budget exhausted; using q8 kernels (request=64.00 MiB cached=0.00 GiB free=0.42 GiB reserve=1.59 GiB total=31.86 GiB)
ds4: ROCm q8 fp16 cache budget exhausted; using q8 kernels (request=64.00 MiB cached=0.00 GiB free=0.42 GiB reserve=1.59 GiB total=31.86 GiB)
ds4: ROCm q8 fp16 cache budget exhausted; using q8 kernels (request=64.00 MiB cached=0.00 GiB free=0.42 GiB reserve=1.59 GiB total=31.86 GiB)
ds4: ROCm q8 fp16 cache budget exhausted; using q8 kernels (request=64.00 MiB cached=0.00 GiB free=0.42 GiB reserve=1.59 GiB total=31.86 GiB)
ds4: ROCm q8 fp16 cache budget exhausted; using q8 kernels (request=64.00 MiB cached=0.00 GiB free=0.42 GiB reserve=1.59 GiB total=31.86 GiB)
ds4: ROCm q8 fp16 cache budget exhausted; using q8 kernels (request=64.00 MiB cached=0.00 GiB free=0.42 GiB reserve=1.59 GiB total=31.86 GiB)
ds4: ROCm q8 fp16 cache budget exhausted; using q8 kernels (request=64.00 MiB cached=0.00 GiB free=0.42 GiB reserve=1.59 GiB total=31.86 GiB)
ds4: ROCm q8 fp16 cache budget exhausted; using q8 kernels (request=64.00 MiB cached=0.00 GiB free=0.42 GiB reserve=1.59 GiB total=31.86 GiB)
ds4: ROCm q8 fp16 cache budget exhausted; using q8 kernels (request=64.00 MiB cached=0.00 GiB free=0.42 GiB reserve=1.59 GiB total=31.86 GiB)
ds4: ROCm q8 fp16 cache budget exhausted; using q8 kernels (request=64.00 MiB cached=0.00 GiB free=0.42 GiB reserve=1.59 GiB total=31.86 GiB)
ds4: ROCm q8 fp16 cache budget exhausted; using q8 kernels (request=64.00 MiB cached=0.00 GiB free=0.42 GiB reserve=1.59 GiB total=31.86 GiB)
ds4: ROCm q8 fp16 cache budget exhausted; using q8 kernels (request=64.00 MiB cached=0.00 GiB free=0.42 GiB reserve=1.59 GiB total=31.86 GiB)
ds4: ROCm q8 fp16 cache budget exhausted; using q8 kernels (request=64.00 MiB cached=0.00 GiB free=0.42 GiB reserve=1.59 GiB total=31.86 GiB)
ds4: ROCm q8 fp16 cache budget exhausted; using q8 kernels (request=64.00 MiB cached=0.00 GiB free=0.42 GiB reserve=1.59 GiB total=31.86 GiB)
ds4: ROCm q8 fp16 cache budget exhausted; using q8 kernels (request=64.00 MiB cached=0.00 GiB free=0.42 GiB reserve=1.59 GiB total=31.86 GiB)
ds4: ROCm q8 fp16 cache budget exhausted; using q8 kernels (request=64.00 MiB cached=0.00 GiB free=0.42 GiB reserve=1.59 GiB total=31.86 GiB)
ds4: ROCm q8 fp16 cache budget exhausted; using q8 kernels (request=64.00 MiB cached=0.00 GiB free=0.42 GiB reserve=1.59 GiB total=31.86 GiB)
ds4: ROCm q8 fp16 cache budget exhausted; using q8 kernels (request=64.00 MiB cached=0.00 GiB free=0.42 GiB reserve=1.59 GiB total=31.86 GiB)
ds4: ROCm q8 fp16 cache budget exhausted; using q8 kernels (request=64.00 MiB cached=0.00 GiB free=0.42 GiB reserve=1.59 GiB total=31.86 GiB)
ds4: ROCm q8 fp16 cache budget exhausted; using q8 kernels (request=64.00 MiB cached=0.00 GiB free=0.42 GiB reserve=1.59 GiB total=31.86 GiB)
ds4: ROCm q8 fp16 cache budget exhausted; using q8 kernels (request=64.00 MiB cached=0.00 GiB free=0.42 GiB reserve=1.59 GiB total=31.86 GiB)
case_025 cases=26 prompt=20 target=24 avg_nll=0.140857 lcp=21 api_target_mae=0.140857 api_top_coverage=97/120 api_top1=0.958 api_topn=0.278 api_pair=1.000
ds4: ROCm q8 fp16 cache budget exhausted; using q8 kernels (request=64.00 MiB cached=0.00 GiB free=0.42 GiB reserve=1.59 GiB total=31.86 GiB)
ds4: ROCm q8 fp16 cache budget exhausted; using q8 kernels (request=64.00 MiB cached=0.00 GiB free=0.42 GiB reserve=1.59 GiB total=31.86 GiB)
ds4: ROCm q8 fp16 cache budget exhausted; using q8 kernels (request=64.00 MiB cached=0.00 GiB free=0.42 GiB reserve=1.59 GiB total=31.86 GiB)
ds4: ROCm q8 fp16 cache budget exhausted; using q8 kernels (request=64.00 MiB cached=0.00 GiB free=0.42 GiB reserve=1.59 GiB total=31.86 GiB)
ds4: ROCm q8 fp16 cache budget exhausted; using q8 kernels (request=64.00 MiB cached=0.00 GiB free=0.42 GiB reserve=1.59 GiB total=31.86 GiB)
ds4: ROCm q8 fp16 cache budget exhausted; using q8 kernels (request=64.00 MiB cached=0.00 GiB free=0.42 GiB reserve=1.59 GiB total=31.86 GiB)
ds4: ROCm q8 fp16 cache budget exhausted; using q8 kernels (request=64.00 MiB cached=0.00 GiB free=0.42 GiB reserve=1.59 GiB total=31.86 GiB)
ds4: ROCm q8 fp16 cache budget exhausted; using q8 kernels (request=64.00 MiB cached=0.00 GiB free=0.42 GiB reserve=1.59 GiB total=31.86 GiB)
ds4: ROCm q8 fp16 cache budget exhausted; using q8 kernels (request=64.00 MiB cached=0.00 GiB free=0.42 GiB reserve=1.59 GiB total=31.86 GiB)
ds4: ROCm q8 fp16 cache budget exhausted; using q8 kernels (request=64.00 MiB cached=0.00 GiB free=0.42 GiB reserve=1.59 GiB total=31.86 GiB)
ds4: ROCm q8 fp16 cache budget exhausted; using q8 kernels (request=64.00 MiB cached=0.00 GiB free=0.42 GiB reserve=1.59 GiB total=31.86 GiB)
ds4: ROCm q8 fp16 cache budget exhausted; using q8 kernels (request=64.00 MiB cached=0.00 GiB free=0.42 GiB reserve=1.59 GiB total=31.86 GiB)
ds4: ROCm q8 fp16 cache budget exhausted; using q8 kernels (request=64.00 MiB cached=0.00 GiB free=0.42 GiB reserve=1.59 GiB total=31.86 GiB)
ds4: ROCm q8 fp16 cache budget exhausted; using q8 kernels (request=64.00 MiB cached=0.00 GiB free=0.42 GiB reserve=1.59 GiB total=31.86 GiB)
ds4: ROCm q8 fp16 cache budget exhausted; using q8 kernels (request=64.00 MiB cached=0.00 GiB free=0.42 GiB reserve=1.59 GiB total=31.86 GiB)
ds4: ROCm q8 fp16 cache budget exhausted; using q8 kernels (request=64.00 MiB cached=0.00 GiB free=0.42 GiB reserve=1.59 GiB total=31.86 GiB)
ds4: ROCm q8 fp16 cache budget exhausted; using q8 kernels (request=64.00 MiB cached=0.00 GiB free=0.42 GiB reserve=1.59 GiB total=31.86 GiB)
ds4: ROCm q8 fp16 cache budget exhausted; using q8 kernels (request=64.00 MiB cached=0.00 GiB free=0.42 GiB reserve=1.59 GiB total=31.86 GiB)
ds4: ROCm q8 fp16 cache budget exhausted; using q8 kernels (request=64.00 MiB cached=0.00 GiB free=0.42 GiB reserve=1.59 GiB total=31.86 GiB)
ds4: ROCm q8 fp16 cache budget exhausted; using q8 kernels (request=64.00 MiB cached=0.00 GiB free=0.42 GiB reserve=1.59 GiB total=31.86 GiB)
ds4: ROCm q8 fp16 cache budget exhausted; using q8 kernels (request=64.00 MiB cached=0.00 GiB free=0.42 GiB reserve=1.59 GiB total=31.86 GiB)
ds4: ROCm q8 fp16 cache budget exhausted; using q8 kernels (request=64.00 MiB cached=0.00 GiB free=0.42 GiB reserve=1.59 GiB total=31.86 GiB)
ds4: ROCm q8 fp16 cache budget exhausted; using q8 kernels (request=64.00 MiB cached=0.00 GiB free=0.42 GiB reserve=1.59 GiB total=31.86 GiB)
ds4: ROCm q8 fp16 cache budget exhausted; using q8 kernels (request=64.00 MiB cached=0.00 GiB free=0.42 GiB reserve=1.59 GiB total=31.86 GiB)
ds4: ROCm q8 fp16 cache budget exhausted; using q8 kernels (request=64.00 MiB cached=0.00 GiB free=0.42 GiB reserve=1.59 GiB total=31.86 GiB)
ds4: ROCm q8 fp16 cache budget exhausted; using q8 kernels (request=64.00 MiB cached=0.00 GiB free=0.42 GiB reserve=1.59 GiB total=31.86 GiB)
ds4: ROCm q8 fp16 cache budget exhausted; using q8 kernels (request=64.00 MiB cached=0.00 GiB free=0.42 GiB reserve=1.59 GiB total=31.86 GiB)
ds4: ROCm q8 fp16 cache budget exhausted; using q8 kernels (request=64.00 MiB cached=0.00 GiB free=0.42 GiB reserve=1.59 GiB total=31.86 GiB)
ds4: ROCm q8 fp16 cache budget exhausted; using q8 kernels (request=64.00 MiB cached=0.00 GiB free=0.42 GiB reserve=1.59 GiB total=31.86 GiB)
ds4: ROCm q8 fp16 cache budget exhausted; using q8 kernels (request=64.00 MiB cached=0.00 GiB free=0.42 GiB reserve=1.59 GiB total=31.86 GiB)
ds4: ROCm q8 fp16 cache budget exhausted; using q8 kernels (request=64.00 MiB cached=0.00 GiB free=0.42 GiB reserve=1.59 GiB total=31.86 GiB)
ds4: ROCm q8 fp16 cache budget exhausted; using q8 kernels (request=64.00 MiB cached=0.00 GiB free=0.42 GiB reserve=1.59 GiB total=31.86 GiB)
ds4: ROCm q8 fp16 cache budget exhausted; using q8 kernels (request=64.00 MiB cached=0.00 GiB free=0.42 GiB reserve=1.59 GiB total=31.86 GiB)
ds4: ROCm q8 fp16 cache budget exhausted; using q8 kernels (request=64.00 MiB cached=0.00 GiB free=0.42 GiB reserve=1.59 GiB total=31.86 GiB)
ds4: ROCm q8 fp16 cache budget exhausted; using q8 kernels (request=64.00 MiB cached=0.00 GiB free=0.42 GiB reserve=1.59 GiB total=31.86 GiB)
ds4: ROCm q8 fp16 cache budget exhausted; using q8 kernels (request=64.00 MiB cached=0.00 GiB free=0.42 GiB reserve=1.59 GiB total=31.86 GiB)
ds4: ROCm q8 fp16 cache budget exhausted; using q8 kernels (request=64.00 MiB cached=0.00 GiB free=0.42 GiB reserve=1.59 GiB total=31.86 GiB)
ds4: ROCm q8 fp16 cache budget exhausted; using q8 kernels (request=64.00 MiB cached=0.00 GiB free=0.42 GiB reserve=1.59 GiB total=31.86 GiB)
ds4: ROCm q8 fp16 cache budget exhausted; using q8 kernels (request=64.00 MiB cached=0.00 GiB free=0.42 GiB reserve=1.59 GiB total=31.86 GiB)
ds4: ROCm q8 fp16 cache budget exhausted; using q8 kernels (request=64.00 MiB cached=0.00 GiB free=0.42 GiB reserve=1.59 GiB total=31.86 GiB)
ds4: ROCm q8 fp16 cache budget exhausted; using q8 kernels (request=64.00 MiB cached=0.00 GiB free=0.42 GiB reserve=1.59 GiB total=31.86 GiB)
ds4: ROCm q8 fp16 cache budget exhausted; using q8 kernels (request=64.00 MiB cached=0.00 GiB free=0.42 GiB reserve=1.59 GiB total=31.86 GiB)
ds4: ROCm q8 fp16 cache budget exhausted; using q8 kernels (request=64.00 MiB cached=0.00 GiB free=0.42 GiB reserve=1.59 GiB total=31.86 GiB)
case_026 cases=27 prompt=17 target=24 avg_nll=0.183730 lcp=16 api_target_mae=0.183730 api_top_coverage=98/120 api_top1=0.917 api_topn=0.245 api_pair=1.000
ds4: ROCm q8 fp16 cache budget exhausted; using q8 kernels (request=64.00 MiB cached=0.00 GiB free=0.42 GiB reserve=1.59 GiB total=31.86 GiB)
ds4: ROCm q8 fp16 cache budget exhausted; using q8 kernels (request=64.00 MiB cached=0.00 GiB free=0.42 GiB reserve=1.59 GiB total=31.86 GiB)
ds4: ROCm q8 fp16 cache budget exhausted; using q8 kernels (request=64.00 MiB cached=0.00 GiB free=0.42 GiB reserve=1.59 GiB total=31.86 GiB)
ds4: ROCm q8 fp16 cache budget exhausted; using q8 kernels (request=64.00 MiB cached=0.00 GiB free=0.42 GiB reserve=1.59 GiB total=31.86 GiB)
ds4: ROCm q8 fp16 cache budget exhausted; using q8 kernels (request=64.00 MiB cached=0.00 GiB free=0.42 GiB reserve=1.59 GiB total=31.86 GiB)
ds4: ROCm q8 fp16 cache budget exhausted; using q8 kernels (request=64.00 MiB cached=0.00 GiB free=0.42 GiB reserve=1.59 GiB total=31.86 GiB)
ds4: ROCm q8 fp16 cache budget exhausted; using q8 kernels (request=64.00 MiB cached=0.00 GiB free=0.42 GiB reserve=1.59 GiB total=31.86 GiB)
ds4: ROCm q8 fp16 cache budget exhausted; using q8 kernels (request=64.00 MiB cached=0.00 GiB free=0.42 GiB reserve=1.59 GiB total=31.86 GiB)
ds4: ROCm q8 fp16 cache budget exhausted; using q8 kernels (request=64.00 MiB cached=0.00 GiB free=0.42 GiB reserve=1.59 GiB total=31.86 GiB)
ds4: ROCm q8 fp16 cache budget exhausted; using q8 kernels (request=64.00 MiB cached=0.00 GiB free=0.42 GiB reserve=1.59 GiB total=31.86 GiB)
ds4: ROCm q8 fp16 cache budget exhausted; using q8 kernels (request=64.00 MiB cached=0.00 GiB free=0.42 GiB reserve=1.59 GiB total=31.86 GiB)
ds4: ROCm q8 fp16 cache budget exhausted; using q8 kernels (request=64.00 MiB cached=0.00 GiB free=0.42 GiB reserve=1.59 GiB total=31.86 GiB)
ds4: ROCm q8 fp16 cache budget exhausted; using q8 kernels (request=64.00 MiB cached=0.00 GiB free=0.42 GiB reserve=1.59 GiB total=31.86 GiB)
ds4: ROCm q8 fp16 cache budget exhausted; using q8 kernels (request=64.00 MiB cached=0.00 GiB free=0.42 GiB reserve=1.59 GiB total=31.86 GiB)
ds4: ROCm q8 fp16 cache budget exhausted; using q8 kernels (request=64.00 MiB cached=0.00 GiB free=0.42 GiB reserve=1.59 GiB total=31.86 GiB)
ds4: ROCm q8 fp16 cache budget exhausted; using q8 kernels (request=64.00 MiB cached=0.00 GiB free=0.42 GiB reserve=1.59 GiB total=31.86 GiB)
ds4: ROCm q8 fp16 cache budget exhausted; using q8 kernels (request=64.00 MiB cached=0.00 GiB free=0.42 GiB reserve=1.59 GiB total=31.86 GiB)
ds4: ROCm q8 fp16 cache budget exhausted; using q8 kernels (request=64.00 MiB cached=0.00 GiB free=0.42 GiB reserve=1.59 GiB total=31.86 GiB)
ds4: ROCm q8 fp16 cache budget exhausted; using q8 kernels (request=64.00 MiB cached=0.00 GiB free=0.42 GiB reserve=1.59 GiB total=31.86 GiB)
ds4: ROCm q8 fp16 cache budget exhausted; using q8 kernels (request=64.00 MiB cached=0.00 GiB free=0.42 GiB reserve=1.59 GiB total=31.86 GiB)
ds4: ROCm q8 fp16 cache budget exhausted; using q8 kernels (request=64.00 MiB cached=0.00 GiB free=0.42 GiB reserve=1.59 GiB total=31.86 GiB)
ds4: ROCm q8 fp16 cache budget exhausted; using q8 kernels (request=64.00 MiB cached=0.00 GiB free=0.42 GiB reserve=1.59 GiB total=31.86 GiB)
ds4: ROCm q8 fp16 cache budget exhausted; using q8 kernels (request=64.00 MiB cached=0.00 GiB free=0.42 GiB reserve=1.59 GiB total=31.86 GiB)
ds4: ROCm q8 fp16 cache budget exhausted; using q8 kernels (request=64.00 MiB cached=0.00 GiB free=0.42 GiB reserve=1.59 GiB total=31.86 GiB)
ds4: ROCm q8 fp16 cache budget exhausted; using q8 kernels (request=64.00 MiB cached=0.00 GiB free=0.42 GiB reserve=1.59 GiB total=31.86 GiB)
ds4: ROCm q8 fp16 cache budget exhausted; using q8 kernels (request=64.00 MiB cached=0.00 GiB free=0.42 GiB reserve=1.59 GiB total=31.86 GiB)
ds4: ROCm q8 fp16 cache budget exhausted; using q8 kernels (request=64.00 MiB cached=0.00 GiB free=0.42 GiB reserve=1.59 GiB total=31.86 GiB)
ds4: ROCm q8 fp16 cache budget exhausted; using q8 kernels (request=64.00 MiB cached=0.00 GiB free=0.42 GiB reserve=1.59 GiB total=31.86 GiB)
ds4: ROCm q8 fp16 cache budget exhausted; using q8 kernels (request=64.00 MiB cached=0.00 GiB free=0.42 GiB reserve=1.59 GiB total=31.86 GiB)
ds4: ROCm q8 fp16 cache budget exhausted; using q8 kernels (request=64.00 MiB cached=0.00 GiB free=0.42 GiB reserve=1.59 GiB total=31.86 GiB)
ds4: ROCm q8 fp16 cache budget exhausted; using q8 kernels (request=64.00 MiB cached=0.00 GiB free=0.42 GiB reserve=1.59 GiB total=31.86 GiB)
ds4: ROCm q8 fp16 cache budget exhausted; using q8 kernels (request=64.00 MiB cached=0.00 GiB free=0.42 GiB reserve=1.59 GiB total=31.86 GiB)
ds4: ROCm q8 fp16 cache budget exhausted; using q8 kernels (request=64.00 MiB cached=0.00 GiB free=0.42 GiB reserve=1.59 GiB total=31.86 GiB)
ds4: ROCm q8 fp16 cache budget exhausted; using q8 kernels (request=64.00 MiB cached=0.00 GiB free=0.42 GiB reserve=1.59 GiB total=31.86 GiB)
ds4: ROCm q8 fp16 cache budget exhausted; using q8 kernels (request=64.00 MiB cached=0.00 GiB free=0.42 GiB reserve=1.59 GiB total=31.86 GiB)
ds4: ROCm q8 fp16 cache budget exhausted; using q8 kernels (request=64.00 MiB cached=0.00 GiB free=0.42 GiB reserve=1.59 GiB total=31.86 GiB)
ds4: ROCm q8 fp16 cache budget exhausted; using q8 kernels (request=64.00 MiB cached=0.00 GiB free=0.42 GiB reserve=1.59 GiB total=31.86 GiB)
ds4: ROCm q8 fp16 cache budget exhausted; using q8 kernels (request=64.00 MiB cached=0.00 GiB free=0.42 GiB reserve=1.59 GiB total=31.86 GiB)
ds4: ROCm q8 fp16 cache budget exhausted; using q8 kernels (request=64.00 MiB cached=0.00 GiB free=0.42 GiB reserve=1.59 GiB total=31.86 GiB)
ds4: ROCm q8 fp16 cache budget exhausted; using q8 kernels (request=64.00 MiB cached=0.00 GiB free=0.42 GiB reserve=1.59 GiB total=31.86 GiB)
ds4: ROCm q8 fp16 cache budget exhausted; using q8 kernels (request=64.00 MiB cached=0.00 GiB free=0.42 GiB reserve=1.59 GiB total=31.86 GiB)
ds4: ROCm q8 fp16 cache budget exhausted; using q8 kernels (request=64.00 MiB cached=0.00 GiB free=0.42 GiB reserve=1.59 GiB total=31.86 GiB)
ds4: ROCm q8 fp16 cache budget exhausted; using q8 kernels (request=64.00 MiB cached=0.00 GiB free=0.42 GiB reserve=1.59 GiB total=31.86 GiB)
case_027 cases=28 prompt=14 target=24 avg_nll=0.760769 lcp=7 api_target_mae=0.760769 api_top_coverage=97/120 api_top1=0.792 api_topn=0.268 api_pair=1.000
ds4: ROCm q8 fp16 cache budget exhausted; using q8 kernels (request=64.00 MiB cached=0.00 GiB free=0.42 GiB reserve=1.59 GiB total=31.86 GiB)
ds4: ROCm q8 fp16 cache budget exhausted; using q8 kernels (request=64.00 MiB cached=0.00 GiB free=0.42 GiB reserve=1.59 GiB total=31.86 GiB)
ds4: ROCm q8 fp16 cache budget exhausted; using q8 kernels (request=64.00 MiB cached=0.00 GiB free=0.42 GiB reserve=1.59 GiB total=31.86 GiB)
ds4: ROCm q8 fp16 cache budget exhausted; using q8 kernels (request=64.00 MiB cached=0.00 GiB free=0.42 GiB reserve=1.59 GiB total=31.86 GiB)
ds4: ROCm q8 fp16 cache budget exhausted; using q8 kernels (request=64.00 MiB cached=0.00 GiB free=0.42 GiB reserve=1.59 GiB total=31.86 GiB)
ds4: ROCm q8 fp16 cache budget exhausted; using q8 kernels (request=64.00 MiB cached=0.00 GiB free=0.42 GiB reserve=1.59 GiB total=31.86 GiB)
ds4: ROCm q8 fp16 cache budget exhausted; using q8 kernels (request=64.00 MiB cached=0.00 GiB free=0.42 GiB reserve=1.59 GiB total=31.86 GiB)
ds4: ROCm q8 fp16 cache budget exhausted; using q8 kernels (request=64.00 MiB cached=0.00 GiB free=0.42 GiB reserve=1.59 GiB total=31.86 GiB)
ds4: ROCm q8 fp16 cache budget exhausted; using q8 kernels (request=64.00 MiB cached=0.00 GiB free=0.42 GiB reserve=1.59 GiB total=31.86 GiB)
ds4: ROCm q8 fp16 cache budget exhausted; using q8 kernels (request=64.00 MiB cached=0.00 GiB free=0.42 GiB reserve=1.59 GiB total=31.86 GiB)
ds4: ROCm q8 fp16 cache budget exhausted; using q8 kernels (request=64.00 MiB cached=0.00 GiB free=0.42 GiB reserve=1.59 GiB total=31.86 GiB)
ds4: ROCm q8 fp16 cache budget exhausted; using q8 kernels (request=64.00 MiB cached=0.00 GiB free=0.42 GiB reserve=1.59 GiB total=31.86 GiB)
ds4: ROCm q8 fp16 cache budget exhausted; using q8 kernels (request=64.00 MiB cached=0.00 GiB free=0.42 GiB reserve=1.59 GiB total=31.86 GiB)
ds4: ROCm q8 fp16 cache budget exhausted; using q8 kernels (request=64.00 MiB cached=0.00 GiB free=0.42 GiB reserve=1.59 GiB total=31.86 GiB)
ds4: ROCm q8 fp16 cache budget exhausted; using q8 kernels (request=64.00 MiB cached=0.00 GiB free=0.42 GiB reserve=1.59 GiB total=31.86 GiB)
ds4: ROCm q8 fp16 cache budget exhausted; using q8 kernels (request=64.00 MiB cached=0.00 GiB free=0.42 GiB reserve=1.59 GiB total=31.86 GiB)
ds4: ROCm q8 fp16 cache budget exhausted; using q8 kernels (request=64.00 MiB cached=0.00 GiB free=0.42 GiB reserve=1.59 GiB total=31.86 GiB)
ds4: ROCm q8 fp16 cache budget exhausted; using q8 kernels (request=64.00 MiB cached=0.00 GiB free=0.42 GiB reserve=1.59 GiB total=31.86 GiB)
ds4: ROCm q8 fp16 cache budget exhausted; using q8 kernels (request=64.00 MiB cached=0.00 GiB free=0.42 GiB reserve=1.59 GiB total=31.86 GiB)
ds4: ROCm q8 fp16 cache budget exhausted; using q8 kernels (request=64.00 MiB cached=0.00 GiB free=0.42 GiB reserve=1.59 GiB total=31.86 GiB)
ds4: ROCm q8 fp16 cache budget exhausted; using q8 kernels (request=64.00 MiB cached=0.00 GiB free=0.42 GiB reserve=1.59 GiB total=31.86 GiB)
ds4: ROCm q8 fp16 cache budget exhausted; using q8 kernels (request=64.00 MiB cached=0.00 GiB free=0.42 GiB reserve=1.59 GiB total=31.86 GiB)
ds4: ROCm q8 fp16 cache budget exhausted; using q8 kernels (request=64.00 MiB cached=0.00 GiB free=0.42 GiB reserve=1.59 GiB total=31.86 GiB)
ds4: ROCm q8 fp16 cache budget exhausted; using q8 kernels (request=64.00 MiB cached=0.00 GiB free=0.42 GiB reserve=1.59 GiB total=31.86 GiB)
ds4: ROCm q8 fp16 cache budget exhausted; using q8 kernels (request=64.00 MiB cached=0.00 GiB free=0.42 GiB reserve=1.59 GiB total=31.86 GiB)
ds4: ROCm q8 fp16 cache budget exhausted; using q8 kernels (request=64.00 MiB cached=0.00 GiB free=0.42 GiB reserve=1.59 GiB total=31.86 GiB)
ds4: ROCm q8 fp16 cache budget exhausted; using q8 kernels (request=64.00 MiB cached=0.00 GiB free=0.42 GiB reserve=1.59 GiB total=31.86 GiB)
ds4: ROCm q8 fp16 cache budget exhausted; using q8 kernels (request=64.00 MiB cached=0.00 GiB free=0.42 GiB reserve=1.59 GiB total=31.86 GiB)
ds4: ROCm q8 fp16 cache budget exhausted; using q8 kernels (request=64.00 MiB cached=0.00 GiB free=0.42 GiB reserve=1.59 GiB total=31.86 GiB)
ds4: ROCm q8 fp16 cache budget exhausted; using q8 kernels (request=64.00 MiB cached=0.00 GiB free=0.42 GiB reserve=1.59 GiB total=31.86 GiB)
ds4: ROCm q8 fp16 cache budget exhausted; using q8 kernels (request=64.00 MiB cached=0.00 GiB free=0.42 GiB reserve=1.59 GiB total=31.86 GiB)
ds4: ROCm q8 fp16 cache budget exhausted; using q8 kernels (request=64.00 MiB cached=0.00 GiB free=0.42 GiB reserve=1.59 GiB total=31.86 GiB)
ds4: ROCm q8 fp16 cache budget exhausted; using q8 kernels (request=64.00 MiB cached=0.00 GiB free=0.42 GiB reserve=1.59 GiB total=31.86 GiB)
ds4: ROCm q8 fp16 cache budget exhausted; using q8 kernels (request=64.00 MiB cached=0.00 GiB free=0.42 GiB reserve=1.59 GiB total=31.86 GiB)
ds4: ROCm q8 fp16 cache budget exhausted; using q8 kernels (request=64.00 MiB cached=0.00 GiB free=0.42 GiB reserve=1.59 GiB total=31.86 GiB)
ds4: ROCm q8 fp16 cache budget exhausted; using q8 kernels (request=64.00 MiB cached=0.00 GiB free=0.42 GiB reserve=1.59 GiB total=31.86 GiB)
ds4: ROCm q8 fp16 cache budget exhausted; using q8 kernels (request=64.00 MiB cached=0.00 GiB free=0.42 GiB reserve=1.59 GiB total=31.86 GiB)
ds4: ROCm q8 fp16 cache budget exhausted; using q8 kernels (request=64.00 MiB cached=0.00 GiB free=0.42 GiB reserve=1.59 GiB total=31.86 GiB)
ds4: ROCm q8 fp16 cache budget exhausted; using q8 kernels (request=64.00 MiB cached=0.00 GiB free=0.42 GiB reserve=1.59 GiB total=31.86 GiB)
ds4: ROCm q8 fp16 cache budget exhausted; using q8 kernels (request=64.00 MiB cached=0.00 GiB free=0.42 GiB reserve=1.59 GiB total=31.86 GiB)
ds4: ROCm q8 fp16 cache budget exhausted; using q8 kernels (request=64.00 MiB cached=0.00 GiB free=0.42 GiB reserve=1.59 GiB total=31.86 GiB)
ds4: ROCm q8 fp16 cache budget exhausted; using q8 kernels (request=64.00 MiB cached=0.00 GiB free=0.42 GiB reserve=1.59 GiB total=31.86 GiB)
ds4: ROCm q8 fp16 cache budget exhausted; using q8 kernels (request=64.00 MiB cached=0.00 GiB free=0.42 GiB reserve=1.59 GiB total=31.86 GiB)
case_028 cases=29 prompt=16 target=24 avg_nll=0.602603 lcp=2 api_target_mae=0.602603 api_top_coverage=97/120 api_top1=0.667 api_topn=0.268 api_pair=1.000
ds4: ROCm q8 fp16 cache budget exhausted; using q8 kernels (request=64.00 MiB cached=0.00 GiB free=0.42 GiB reserve=1.59 GiB total=31.86 GiB)
ds4: ROCm q8 fp16 cache budget exhausted; using q8 kernels (request=64.00 MiB cached=0.00 GiB free=0.42 GiB reserve=1.59 GiB total=31.86 GiB)
ds4: ROCm q8 fp16 cache budget exhausted; using q8 kernels (request=64.00 MiB cached=0.00 GiB free=0.42 GiB reserve=1.59 GiB total=31.86 GiB)
ds4: ROCm q8 fp16 cache budget exhausted; using q8 kernels (request=64.00 MiB cached=0.00 GiB free=0.42 GiB reserve=1.59 GiB total=31.86 GiB)
ds4: ROCm q8 fp16 cache budget exhausted; using q8 kernels (request=64.00 MiB cached=0.00 GiB free=0.42 GiB reserve=1.59 GiB total=31.86 GiB)
ds4: ROCm q8 fp16 cache budget exhausted; using q8 kernels (request=64.00 MiB cached=0.00 GiB free=0.42 GiB reserve=1.59 GiB total=31.86 GiB)
ds4: ROCm q8 fp16 cache budget exhausted; using q8 kernels (request=64.00 MiB cached=0.00 GiB free=0.42 GiB reserve=1.59 GiB total=31.86 GiB)
ds4: ROCm q8 fp16 cache budget exhausted; using q8 kernels (request=64.00 MiB cached=0.00 GiB free=0.42 GiB reserve=1.59 GiB total=31.86 GiB)
ds4: ROCm q8 fp16 cache budget exhausted; using q8 kernels (request=64.00 MiB cached=0.00 GiB free=0.42 GiB reserve=1.59 GiB total=31.86 GiB)
ds4: ROCm q8 fp16 cache budget exhausted; using q8 kernels (request=64.00 MiB cached=0.00 GiB free=0.42 GiB reserve=1.59 GiB total=31.86 GiB)
ds4: ROCm q8 fp16 cache budget exhausted; using q8 kernels (request=64.00 MiB cached=0.00 GiB free=0.42 GiB reserve=1.59 GiB total=31.86 GiB)
ds4: ROCm q8 fp16 cache budget exhausted; using q8 kernels (request=64.00 MiB cached=0.00 GiB free=0.42 GiB reserve=1.59 GiB total=31.86 GiB)
ds4: ROCm q8 fp16 cache budget exhausted; using q8 kernels (request=64.00 MiB cached=0.00 GiB free=0.42 GiB reserve=1.59 GiB total=31.86 GiB)
ds4: ROCm q8 fp16 cache budget exhausted; using q8 kernels (request=64.00 MiB cached=0.00 GiB free=0.42 GiB reserve=1.59 GiB total=31.86 GiB)
ds4: ROCm q8 fp16 cache budget exhausted; using q8 kernels (request=64.00 MiB cached=0.00 GiB free=0.42 GiB reserve=1.59 GiB total=31.86 GiB)
ds4: ROCm q8 fp16 cache budget exhausted; using q8 kernels (request=64.00 MiB cached=0.00 GiB free=0.42 GiB reserve=1.59 GiB total=31.86 GiB)
ds4: ROCm q8 fp16 cache budget exhausted; using q8 kernels (request=64.00 MiB cached=0.00 GiB free=0.42 GiB reserve=1.59 GiB total=31.86 GiB)
ds4: ROCm q8 fp16 cache budget exhausted; using q8 kernels (request=64.00 MiB cached=0.00 GiB free=0.42 GiB reserve=1.59 GiB total=31.86 GiB)
ds4: ROCm q8 fp16 cache budget exhausted; using q8 kernels (request=64.00 MiB cached=0.00 GiB free=0.42 GiB reserve=1.59 GiB total=31.86 GiB)
ds4: ROCm q8 fp16 cache budget exhausted; using q8 kernels (request=64.00 MiB cached=0.00 GiB free=0.42 GiB reserve=1.59 GiB total=31.86 GiB)
ds4: ROCm q8 fp16 cache budget exhausted; using q8 kernels (request=64.00 MiB cached=0.00 GiB free=0.42 GiB reserve=1.59 GiB total=31.86 GiB)
ds4: ROCm q8 fp16 cache budget exhausted; using q8 kernels (request=64.00 MiB cached=0.00 GiB free=0.42 GiB reserve=1.59 GiB total=31.86 GiB)
ds4: ROCm q8 fp16 cache budget exhausted; using q8 kernels (request=64.00 MiB cached=0.00 GiB free=0.42 GiB reserve=1.59 GiB total=31.86 GiB)
ds4: ROCm q8 fp16 cache budget exhausted; using q8 kernels (request=64.00 MiB cached=0.00 GiB free=0.42 GiB reserve=1.59 GiB total=31.86 GiB)
ds4: ROCm q8 fp16 cache budget exhausted; using q8 kernels (request=64.00 MiB cached=0.00 GiB free=0.42 GiB reserve=1.59 GiB total=31.86 GiB)
ds4: ROCm q8 fp16 cache budget exhausted; using q8 kernels (request=64.00 MiB cached=0.00 GiB free=0.42 GiB reserve=1.59 GiB total=31.86 GiB)
ds4: ROCm q8 fp16 cache budget exhausted; using q8 kernels (request=64.00 MiB cached=0.00 GiB free=0.42 GiB reserve=1.59 GiB total=31.86 GiB)
ds4: ROCm q8 fp16 cache budget exhausted; using q8 kernels (request=64.00 MiB cached=0.00 GiB free=0.42 GiB reserve=1.59 GiB total=31.86 GiB)
ds4: ROCm q8 fp16 cache budget exhausted; using q8 kernels (request=64.00 MiB cached=0.00 GiB free=0.42 GiB reserve=1.59 GiB total=31.86 GiB)
ds4: ROCm q8 fp16 cache budget exhausted; using q8 kernels (request=64.00 MiB cached=0.00 GiB free=0.42 GiB reserve=1.59 GiB total=31.86 GiB)
ds4: ROCm q8 fp16 cache budget exhausted; using q8 kernels (request=64.00 MiB cached=0.00 GiB free=0.42 GiB reserve=1.59 GiB total=31.86 GiB)
ds4: ROCm q8 fp16 cache budget exhausted; using q8 kernels (request=64.00 MiB cached=0.00 GiB free=0.42 GiB reserve=1.59 GiB total=31.86 GiB)
ds4: ROCm q8 fp16 cache budget exhausted; using q8 kernels (request=64.00 MiB cached=0.00 GiB free=0.42 GiB reserve=1.59 GiB total=31.86 GiB)
ds4: ROCm q8 fp16 cache budget exhausted; using q8 kernels (request=64.00 MiB cached=0.00 GiB free=0.42 GiB reserve=1.59 GiB total=31.86 GiB)
ds4: ROCm q8 fp16 cache budget exhausted; using q8 kernels (request=64.00 MiB cached=0.00 GiB free=0.42 GiB reserve=1.59 GiB total=31.86 GiB)
ds4: ROCm q8 fp16 cache budget exhausted; using q8 kernels (request=64.00 MiB cached=0.00 GiB free=0.42 GiB reserve=1.59 GiB total=31.86 GiB)
ds4: ROCm q8 fp16 cache budget exhausted; using q8 kernels (request=64.00 MiB cached=0.00 GiB free=0.42 GiB reserve=1.59 GiB total=31.86 GiB)
ds4: ROCm q8 fp16 cache budget exhausted; using q8 kernels (request=64.00 MiB cached=0.00 GiB free=0.42 GiB reserve=1.59 GiB total=31.86 GiB)
ds4: ROCm q8 fp16 cache budget exhausted; using q8 kernels (request=64.00 MiB cached=0.00 GiB free=0.42 GiB reserve=1.59 GiB total=31.86 GiB)
ds4: ROCm q8 fp16 cache budget exhausted; using q8 kernels (request=64.00 MiB cached=0.00 GiB free=0.42 GiB reserve=1.59 GiB total=31.86 GiB)
ds4: ROCm q8 fp16 cache budget exhausted; using q8 kernels (request=64.00 MiB cached=0.00 GiB free=0.42 GiB reserve=1.59 GiB total=31.86 GiB)
ds4: ROCm q8 fp16 cache budget exhausted; using q8 kernels (request=64.00 MiB cached=0.00 GiB free=0.42 GiB reserve=1.59 GiB total=31.86 GiB)
ds4: ROCm q8 fp16 cache budget exhausted; using q8 kernels (request=64.00 MiB cached=0.00 GiB free=0.42 GiB reserve=1.59 GiB total=31.86 GiB)
case_029 cases=30 prompt=18 target=24 avg_nll=0.465850 lcp=2 api_target_mae=0.465850 api_top_coverage=119/120 api_top1=0.875 api_topn=0.739 api_pair=0.947
ds4: ROCm q8 fp16 cache budget exhausted; using q8 kernels (request=64.00 MiB cached=0.00 GiB free=0.42 GiB reserve=1.59 GiB total=31.86 GiB)
ds4: ROCm q8 fp16 cache budget exhausted; using q8 kernels (request=64.00 MiB cached=0.00 GiB free=0.42 GiB reserve=1.59 GiB total=31.86 GiB)
ds4: ROCm q8 fp16 cache budget exhausted; using q8 kernels (request=64.00 MiB cached=0.00 GiB free=0.42 GiB reserve=1.59 GiB total=31.86 GiB)
ds4: ROCm q8 fp16 cache budget exhausted; using q8 kernels (request=64.00 MiB cached=0.00 GiB free=0.42 GiB reserve=1.59 GiB total=31.86 GiB)
ds4: ROCm q8 fp16 cache budget exhausted; using q8 kernels (request=64.00 MiB cached=0.00 GiB free=0.42 GiB reserve=1.59 GiB total=31.86 GiB)
ds4: ROCm q8 fp16 cache budget exhausted; using q8 kernels (request=64.00 MiB cached=0.00 GiB free=0.42 GiB reserve=1.59 GiB total=31.86 GiB)
ds4: ROCm q8 fp16 cache budget exhausted; using q8 kernels (request=64.00 MiB cached=0.00 GiB free=0.42 GiB reserve=1.59 GiB total=31.86 GiB)
ds4: ROCm q8 fp16 cache budget exhausted; using q8 kernels (request=64.00 MiB cached=0.00 GiB free=0.42 GiB reserve=1.59 GiB total=31.86 GiB)
ds4: ROCm q8 fp16 cache budget exhausted; using q8 kernels (request=64.00 MiB cached=0.00 GiB free=0.42 GiB reserve=1.59 GiB total=31.86 GiB)
ds4: ROCm q8 fp16 cache budget exhausted; using q8 kernels (request=64.00 MiB cached=0.00 GiB free=0.42 GiB reserve=1.59 GiB total=31.86 GiB)
ds4: ROCm q8 fp16 cache budget exhausted; using q8 kernels (request=64.00 MiB cached=0.00 GiB free=0.42 GiB reserve=1.59 GiB total=31.86 GiB)
ds4: ROCm q8 fp16 cache budget exhausted; using q8 kernels (request=64.00 MiB cached=0.00 GiB free=0.42 GiB reserve=1.59 GiB total=31.86 GiB)
ds4: ROCm q8 fp16 cache budget exhausted; using q8 kernels (request=64.00 MiB cached=0.00 GiB free=0.42 GiB reserve=1.59 GiB total=31.86 GiB)
ds4: ROCm q8 fp16 cache budget exhausted; using q8 kernels (request=64.00 MiB cached=0.00 GiB free=0.42 GiB reserve=1.59 GiB total=31.86 GiB)
ds4: ROCm q8 fp16 cache budget exhausted; using q8 kernels (request=64.00 MiB cached=0.00 GiB free=0.42 GiB reserve=1.59 GiB total=31.86 GiB)
ds4: ROCm q8 fp16 cache budget exhausted; using q8 kernels (request=64.00 MiB cached=0.00 GiB free=0.42 GiB reserve=1.59 GiB total=31.86 GiB)
ds4: ROCm q8 fp16 cache budget exhausted; using q8 kernels (request=64.00 MiB cached=0.00 GiB free=0.42 GiB reserve=1.59 GiB total=31.86 GiB)
ds4: ROCm q8 fp16 cache budget exhausted; using q8 kernels (request=64.00 MiB cached=0.00 GiB free=0.42 GiB reserve=1.59 GiB total=31.86 GiB)
ds4: ROCm q8 fp16 cache budget exhausted; using q8 kernels (request=64.00 MiB cached=0.00 GiB free=0.42 GiB reserve=1.59 GiB total=31.86 GiB)
ds4: ROCm q8 fp16 cache budget exhausted; using q8 kernels (request=64.00 MiB cached=0.00 GiB free=0.42 GiB reserve=1.59 GiB total=31.86 GiB)
ds4: ROCm q8 fp16 cache budget exhausted; using q8 kernels (request=64.00 MiB cached=0.00 GiB free=0.42 GiB reserve=1.59 GiB total=31.86 GiB)
ds4: ROCm q8 fp16 cache budget exhausted; using q8 kernels (request=64.00 MiB cached=0.00 GiB free=0.42 GiB reserve=1.59 GiB total=31.86 GiB)
ds4: ROCm q8 fp16 cache budget exhausted; using q8 kernels (request=64.00 MiB cached=0.00 GiB free=0.42 GiB reserve=1.59 GiB total=31.86 GiB)
ds4: ROCm q8 fp16 cache budget exhausted; using q8 kernels (request=64.00 MiB cached=0.00 GiB free=0.42 GiB reserve=1.59 GiB total=31.86 GiB)
ds4: ROCm q8 fp16 cache budget exhausted; using q8 kernels (request=64.00 MiB cached=0.00 GiB free=0.42 GiB reserve=1.59 GiB total=31.86 GiB)
ds4: ROCm q8 fp16 cache budget exhausted; using q8 kernels (request=64.00 MiB cached=0.00 GiB free=0.42 GiB reserve=1.59 GiB total=31.86 GiB)
ds4: ROCm q8 fp16 cache budget exhausted; using q8 kernels (request=64.00 MiB cached=0.00 GiB free=0.42 GiB reserve=1.59 GiB total=31.86 GiB)
ds4: ROCm q8 fp16 cache budget exhausted; using q8 kernels (request=64.00 MiB cached=0.00 GiB free=0.42 GiB reserve=1.59 GiB total=31.86 GiB)
ds4: ROCm q8 fp16 cache budget exhausted; using q8 kernels (request=64.00 MiB cached=0.00 GiB free=0.42 GiB reserve=1.59 GiB total=31.86 GiB)
ds4: ROCm q8 fp16 cache budget exhausted; using q8 kernels (request=64.00 MiB cached=0.00 GiB free=0.42 GiB reserve=1.59 GiB total=31.86 GiB)
ds4: ROCm q8 fp16 cache budget exhausted; using q8 kernels (request=64.00 MiB cached=0.00 GiB free=0.42 GiB reserve=1.59 GiB total=31.86 GiB)
ds4: ROCm q8 fp16 cache budget exhausted; using q8 kernels (request=64.00 MiB cached=0.00 GiB free=0.42 GiB reserve=1.59 GiB total=31.86 GiB)
ds4: ROCm q8 fp16 cache budget exhausted; using q8 kernels (request=64.00 MiB cached=0.00 GiB free=0.42 GiB reserve=1.59 GiB total=31.86 GiB)
ds4: ROCm q8 fp16 cache budget exhausted; using q8 kernels (request=64.00 MiB cached=0.00 GiB free=0.42 GiB reserve=1.59 GiB total=31.86 GiB)
ds4: ROCm q8 fp16 cache budget exhausted; using q8 kernels (request=64.00 MiB cached=0.00 GiB free=0.42 GiB reserve=1.59 GiB total=31.86 GiB)
ds4: ROCm q8 fp16 cache budget exhausted; using q8 kernels (request=64.00 MiB cached=0.00 GiB free=0.42 GiB reserve=1.59 GiB total=31.86 GiB)
ds4: ROCm q8 fp16 cache budget exhausted; using q8 kernels (request=64.00 MiB cached=0.00 GiB free=0.42 GiB reserve=1.59 GiB total=31.86 GiB)
ds4: ROCm q8 fp16 cache budget exhausted; using q8 kernels (request=64.00 MiB cached=0.00 GiB free=0.42 GiB reserve=1.59 GiB total=31.86 GiB)
ds4: ROCm q8 fp16 cache budget exhausted; using q8 kernels (request=64.00 MiB cached=0.00 GiB free=0.42 GiB reserve=1.59 GiB total=31.86 GiB)
ds4: ROCm q8 fp16 cache budget exhausted; using q8 kernels (request=64.00 MiB cached=0.00 GiB free=0.42 GiB reserve=1.59 GiB total=31.86 GiB)
ds4: ROCm q8 fp16 cache budget exhausted; using q8 kernels (request=64.00 MiB cached=0.00 GiB free=0.42 GiB reserve=1.59 GiB total=31.86 GiB)
ds4: ROCm q8 fp16 cache budget exhausted; using q8 kernels (request=64.00 MiB cached=0.00 GiB free=0.42 GiB reserve=1.59 GiB total=31.86 GiB)
ds4: ROCm q8 fp16 cache budget exhausted; using q8 kernels (request=64.00 MiB cached=0.00 GiB free=0.42 GiB reserve=1.59 GiB total=31.86 GiB)
case_030 cases=31 prompt=23 target=24 avg_nll=0.341853 lcp=0 api_target_mae=0.341853 api_top_coverage=97/120 api_top1=0.917 api_topn=0.278 api_pair=0.945
ds4: ROCm q8 fp16 cache budget exhausted; using q8 kernels (request=64.00 MiB cached=0.00 GiB free=0.42 GiB reserve=1.59 GiB total=31.86 GiB)
ds4: ROCm q8 fp16 cache budget exhausted; using q8 kernels (request=64.00 MiB cached=0.00 GiB free=0.42 GiB reserve=1.59 GiB total=31.86 GiB)
ds4: ROCm q8 fp16 cache budget exhausted; using q8 kernels (request=64.00 MiB cached=0.00 GiB free=0.42 GiB reserve=1.59 GiB total=31.86 GiB)
ds4: ROCm q8 fp16 cache budget exhausted; using q8 kernels (request=64.00 MiB cached=0.00 GiB free=0.42 GiB reserve=1.59 GiB total=31.86 GiB)
ds4: ROCm q8 fp16 cache budget exhausted; using q8 kernels (request=64.00 MiB cached=0.00 GiB free=0.42 GiB reserve=1.59 GiB total=31.86 GiB)
ds4: ROCm q8 fp16 cache budget exhausted; using q8 kernels (request=64.00 MiB cached=0.00 GiB free=0.42 GiB reserve=1.59 GiB total=31.86 GiB)
ds4: ROCm q8 fp16 cache budget exhausted; using q8 kernels (request=64.00 MiB cached=0.00 GiB free=0.42 GiB reserve=1.59 GiB total=31.86 GiB)
ds4: ROCm q8 fp16 cache budget exhausted; using q8 kernels (request=64.00 MiB cached=0.00 GiB free=0.42 GiB reserve=1.59 GiB total=31.86 GiB)
ds4: ROCm q8 fp16 cache budget exhausted; using q8 kernels (request=64.00 MiB cached=0.00 GiB free=0.42 GiB reserve=1.59 GiB total=31.86 GiB)
ds4: ROCm q8 fp16 cache budget exhausted; using q8 kernels (request=64.00 MiB cached=0.00 GiB free=0.42 GiB reserve=1.59 GiB total=31.86 GiB)
ds4: ROCm q8 fp16 cache budget exhausted; using q8 kernels (request=64.00 MiB cached=0.00 GiB free=0.42 GiB reserve=1.59 GiB total=31.86 GiB)
ds4: ROCm q8 fp16 cache budget exhausted; using q8 kernels (request=64.00 MiB cached=0.00 GiB free=0.42 GiB reserve=1.59 GiB total=31.86 GiB)
ds4: ROCm q8 fp16 cache budget exhausted; using q8 kernels (request=64.00 MiB cached=0.00 GiB free=0.42 GiB reserve=1.59 GiB total=31.86 GiB)
ds4: ROCm q8 fp16 cache budget exhausted; using q8 kernels (request=64.00 MiB cached=0.00 GiB free=0.42 GiB reserve=1.59 GiB total=31.86 GiB)
ds4: ROCm q8 fp16 cache budget exhausted; using q8 kernels (request=64.00 MiB cached=0.00 GiB free=0.42 GiB reserve=1.59 GiB total=31.86 GiB)
ds4: ROCm q8 fp16 cache budget exhausted; using q8 kernels (request=64.00 MiB cached=0.00 GiB free=0.42 GiB reserve=1.59 GiB total=31.86 GiB)
ds4: ROCm q8 fp16 cache budget exhausted; using q8 kernels (request=64.00 MiB cached=0.00 GiB free=0.42 GiB reserve=1.59 GiB total=31.86 GiB)
ds4: ROCm q8 fp16 cache budget exhausted; using q8 kernels (request=64.00 MiB cached=0.00 GiB free=0.42 GiB reserve=1.59 GiB total=31.86 GiB)
ds4: ROCm q8 fp16 cache budget exhausted; using q8 kernels (request=64.00 MiB cached=0.00 GiB free=0.42 GiB reserve=1.59 GiB total=31.86 GiB)
ds4: ROCm q8 fp16 cache budget exhausted; using q8 kernels (request=64.00 MiB cached=0.00 GiB free=0.42 GiB reserve=1.59 GiB total=31.86 GiB)
ds4: ROCm q8 fp16 cache budget exhausted; using q8 kernels (request=64.00 MiB cached=0.00 GiB free=0.42 GiB reserve=1.59 GiB total=31.86 GiB)
ds4: ROCm q8 fp16 cache budget exhausted; using q8 kernels (request=64.00 MiB cached=0.00 GiB free=0.42 GiB reserve=1.59 GiB total=31.86 GiB)
ds4: ROCm q8 fp16 cache budget exhausted; using q8 kernels (request=64.00 MiB cached=0.00 GiB free=0.42 GiB reserve=1.59 GiB total=31.86 GiB)
ds4: ROCm q8 fp16 cache budget exhausted; using q8 kernels (request=64.00 MiB cached=0.00 GiB free=0.42 GiB reserve=1.59 GiB total=31.86 GiB)
ds4: ROCm q8 fp16 cache budget exhausted; using q8 kernels (request=64.00 MiB cached=0.00 GiB free=0.42 GiB reserve=1.59 GiB total=31.86 GiB)
ds4: ROCm q8 fp16 cache budget exhausted; using q8 kernels (request=64.00 MiB cached=0.00 GiB free=0.42 GiB reserve=1.59 GiB total=31.86 GiB)
ds4: ROCm q8 fp16 cache budget exhausted; using q8 kernels (request=64.00 MiB cached=0.00 GiB free=0.42 GiB reserve=1.59 GiB total=31.86 GiB)
ds4: ROCm q8 fp16 cache budget exhausted; using q8 kernels (request=64.00 MiB cached=0.00 GiB free=0.42 GiB reserve=1.59 GiB total=31.86 GiB)
ds4: ROCm q8 fp16 cache budget exhausted; using q8 kernels (request=64.00 MiB cached=0.00 GiB free=0.42 GiB reserve=1.59 GiB total=31.86 GiB)
ds4: ROCm q8 fp16 cache budget exhausted; using q8 kernels (request=64.00 MiB cached=0.00 GiB free=0.42 GiB reserve=1.59 GiB total=31.86 GiB)
ds4: ROCm q8 fp16 cache budget exhausted; using q8 kernels (request=64.00 MiB cached=0.00 GiB free=0.42 GiB reserve=1.59 GiB total=31.86 GiB)
ds4: ROCm q8 fp16 cache budget exhausted; using q8 kernels (request=64.00 MiB cached=0.00 GiB free=0.42 GiB reserve=1.59 GiB total=31.86 GiB)
ds4: ROCm q8 fp16 cache budget exhausted; using q8 kernels (request=64.00 MiB cached=0.00 GiB free=0.42 GiB reserve=1.59 GiB total=31.86 GiB)
ds4: ROCm q8 fp16 cache budget exhausted; using q8 kernels (request=64.00 MiB cached=0.00 GiB free=0.42 GiB reserve=1.59 GiB total=31.86 GiB)
ds4: ROCm q8 fp16 cache budget exhausted; using q8 kernels (request=64.00 MiB cached=0.00 GiB free=0.42 GiB reserve=1.59 GiB total=31.86 GiB)
ds4: ROCm q8 fp16 cache budget exhausted; using q8 kernels (request=64.00 MiB cached=0.00 GiB free=0.42 GiB reserve=1.59 GiB total=31.86 GiB)
ds4: ROCm q8 fp16 cache budget exhausted; using q8 kernels (request=64.00 MiB cached=0.00 GiB free=0.42 GiB reserve=1.59 GiB total=31.86 GiB)
ds4: ROCm q8 fp16 cache budget exhausted; using q8 kernels (request=64.00 MiB cached=0.00 GiB free=0.42 GiB reserve=1.59 GiB total=31.86 GiB)
ds4: ROCm q8 fp16 cache budget exhausted; using q8 kernels (request=64.00 MiB cached=0.00 GiB free=0.42 GiB reserve=1.59 GiB total=31.86 GiB)
ds4: ROCm q8 fp16 cache budget exhausted; using q8 kernels (request=64.00 MiB cached=0.00 GiB free=0.42 GiB reserve=1.59 GiB total=31.86 GiB)
ds4: ROCm q8 fp16 cache budget exhausted; using q8 kernels (request=64.00 MiB cached=0.00 GiB free=0.42 GiB reserve=1.59 GiB total=31.86 GiB)
ds4: ROCm q8 fp16 cache budget exhausted; using q8 kernels (request=64.00 MiB cached=0.00 GiB free=0.42 GiB reserve=1.59 GiB total=31.86 GiB)
ds4: ROCm q8 fp16 cache budget exhausted; using q8 kernels (request=64.00 MiB cached=0.00 GiB free=0.42 GiB reserve=1.59 GiB total=31.86 GiB)
case_031 cases=32 prompt=22 target=24 avg_nll=0.029246 lcp=24 api_target_mae=0.029246 api_top_coverage=97/120 api_top1=1.000 api_topn=0.278 api_pair=1.000
ds4: ROCm q8 fp16 cache budget exhausted; using q8 kernels (request=64.00 MiB cached=0.00 GiB free=0.42 GiB reserve=1.59 GiB total=31.86 GiB)
ds4: ROCm q8 fp16 cache budget exhausted; using q8 kernels (request=64.00 MiB cached=0.00 GiB free=0.42 GiB reserve=1.59 GiB total=31.86 GiB)
ds4: ROCm q8 fp16 cache budget exhausted; using q8 kernels (request=64.00 MiB cached=0.00 GiB free=0.42 GiB reserve=1.59 GiB total=31.86 GiB)
ds4: ROCm q8 fp16 cache budget exhausted; using q8 kernels (request=64.00 MiB cached=0.00 GiB free=0.42 GiB reserve=1.59 GiB total=31.86 GiB)
ds4: ROCm q8 fp16 cache budget exhausted; using q8 kernels (request=64.00 MiB cached=0.00 GiB free=0.42 GiB reserve=1.59 GiB total=31.86 GiB)
ds4: ROCm q8 fp16 cache budget exhausted; using q8 kernels (request=64.00 MiB cached=0.00 GiB free=0.42 GiB reserve=1.59 GiB total=31.86 GiB)
ds4: ROCm q8 fp16 cache budget exhausted; using q8 kernels (request=64.00 MiB cached=0.00 GiB free=0.42 GiB reserve=1.59 GiB total=31.86 GiB)
ds4: ROCm q8 fp16 cache budget exhausted; using q8 kernels (request=64.00 MiB cached=0.00 GiB free=0.42 GiB reserve=1.59 GiB total=31.86 GiB)
ds4: ROCm q8 fp16 cache budget exhausted; using q8 kernels (request=64.00 MiB cached=0.00 GiB free=0.42 GiB reserve=1.59 GiB total=31.86 GiB)
ds4: ROCm q8 fp16 cache budget exhausted; using q8 kernels (request=64.00 MiB cached=0.00 GiB free=0.42 GiB reserve=1.59 GiB total=31.86 GiB)
ds4: ROCm q8 fp16 cache budget exhausted; using q8 kernels (request=64.00 MiB cached=0.00 GiB free=0.42 GiB reserve=1.59 GiB total=31.86 GiB)
ds4: ROCm q8 fp16 cache budget exhausted; using q8 kernels (request=64.00 MiB cached=0.00 GiB free=0.42 GiB reserve=1.59 GiB total=31.86 GiB)
ds4: ROCm q8 fp16 cache budget exhausted; using q8 kernels (request=64.00 MiB cached=0.00 GiB free=0.42 GiB reserve=1.59 GiB total=31.86 GiB)
ds4: ROCm q8 fp16 cache budget exhausted; using q8 kernels (request=64.00 MiB cached=0.00 GiB free=0.42 GiB reserve=1.59 GiB total=31.86 GiB)
ds4: ROCm q8 fp16 cache budget exhausted; using q8 kernels (request=64.00 MiB cached=0.00 GiB free=0.42 GiB reserve=1.59 GiB total=31.86 GiB)
ds4: ROCm q8 fp16 cache budget exhausted; using q8 kernels (request=64.00 MiB cached=0.00 GiB free=0.42 GiB reserve=1.59 GiB total=31.86 GiB)
ds4: ROCm q8 fp16 cache budget exhausted; using q8 kernels (request=64.00 MiB cached=0.00 GiB free=0.42 GiB reserve=1.59 GiB total=31.86 GiB)
ds4: ROCm q8 fp16 cache budget exhausted; using q8 kernels (request=64.00 MiB cached=0.00 GiB free=0.42 GiB reserve=1.59 GiB total=31.86 GiB)
ds4: ROCm q8 fp16 cache budget exhausted; using q8 kernels (request=64.00 MiB cached=0.00 GiB free=0.42 GiB reserve=1.59 GiB total=31.86 GiB)
ds4: ROCm q8 fp16 cache budget exhausted; using q8 kernels (request=64.00 MiB cached=0.00 GiB free=0.42 GiB reserve=1.59 GiB total=31.86 GiB)
ds4: ROCm q8 fp16 cache budget exhausted; using q8 kernels (request=64.00 MiB cached=0.00 GiB free=0.42 GiB reserve=1.59 GiB total=31.86 GiB)
ds4: ROCm q8 fp16 cache budget exhausted; using q8 kernels (request=64.00 MiB cached=0.00 GiB free=0.42 GiB reserve=1.59 GiB total=31.86 GiB)
ds4: ROCm q8 fp16 cache budget exhausted; using q8 kernels (request=64.00 MiB cached=0.00 GiB free=0.42 GiB reserve=1.59 GiB total=31.86 GiB)
ds4: ROCm q8 fp16 cache budget exhausted; using q8 kernels (request=64.00 MiB cached=0.00 GiB free=0.42 GiB reserve=1.59 GiB total=31.86 GiB)
ds4: ROCm q8 fp16 cache budget exhausted; using q8 kernels (request=64.00 MiB cached=0.00 GiB free=0.42 GiB reserve=1.59 GiB total=31.86 GiB)
ds4: ROCm q8 fp16 cache budget exhausted; using q8 kernels (request=64.00 MiB cached=0.00 GiB free=0.42 GiB reserve=1.59 GiB total=31.86 GiB)
ds4: ROCm q8 fp16 cache budget exhausted; using q8 kernels (request=64.00 MiB cached=0.00 GiB free=0.42 GiB reserve=1.59 GiB total=31.86 GiB)
ds4: ROCm q8 fp16 cache budget exhausted; using q8 kernels (request=64.00 MiB cached=0.00 GiB free=0.42 GiB reserve=1.59 GiB total=31.86 GiB)
ds4: ROCm q8 fp16 cache budget exhausted; using q8 kernels (request=64.00 MiB cached=0.00 GiB free=0.42 GiB reserve=1.59 GiB total=31.86 GiB)
ds4: ROCm q8 fp16 cache budget exhausted; using q8 kernels (request=64.00 MiB cached=0.00 GiB free=0.42 GiB reserve=1.59 GiB total=31.86 GiB)
ds4: ROCm q8 fp16 cache budget exhausted; using q8 kernels (request=64.00 MiB cached=0.00 GiB free=0.42 GiB reserve=1.59 GiB total=31.86 GiB)
ds4: ROCm q8 fp16 cache budget exhausted; using q8 kernels (request=64.00 MiB cached=0.00 GiB free=0.42 GiB reserve=1.59 GiB total=31.86 GiB)
ds4: ROCm q8 fp16 cache budget exhausted; using q8 kernels (request=64.00 MiB cached=0.00 GiB free=0.42 GiB reserve=1.59 GiB total=31.86 GiB)
ds4: ROCm q8 fp16 cache budget exhausted; using q8 kernels (request=64.00 MiB cached=0.00 GiB free=0.42 GiB reserve=1.59 GiB total=31.86 GiB)
ds4: ROCm q8 fp16 cache budget exhausted; using q8 kernels (request=64.00 MiB cached=0.00 GiB free=0.42 GiB reserve=1.59 GiB total=31.86 GiB)
ds4: ROCm q8 fp16 cache budget exhausted; using q8 kernels (request=64.00 MiB cached=0.00 GiB free=0.42 GiB reserve=1.59 GiB total=31.86 GiB)
ds4: ROCm q8 fp16 cache budget exhausted; using q8 kernels (request=64.00 MiB cached=0.00 GiB free=0.42 GiB reserve=1.59 GiB total=31.86 GiB)
ds4: ROCm q8 fp16 cache budget exhausted; using q8 kernels (request=64.00 MiB cached=0.00 GiB free=0.42 GiB reserve=1.59 GiB total=31.86 GiB)
ds4: ROCm q8 fp16 cache budget exhausted; using q8 kernels (request=64.00 MiB cached=0.00 GiB free=0.42 GiB reserve=1.59 GiB total=31.86 GiB)
ds4: ROCm q8 fp16 cache budget exhausted; using q8 kernels (request=64.00 MiB cached=0.00 GiB free=0.42 GiB reserve=1.59 GiB total=31.86 GiB)
ds4: ROCm q8 fp16 cache budget exhausted; using q8 kernels (request=64.00 MiB cached=0.00 GiB free=0.42 GiB reserve=1.59 GiB total=31.86 GiB)
ds4: ROCm q8 fp16 cache budget exhausted; using q8 kernels (request=64.00 MiB cached=0.00 GiB free=0.42 GiB reserve=1.59 GiB total=31.86 GiB)
ds4: ROCm q8 fp16 cache budget exhausted; using q8 kernels (request=64.00 MiB cached=0.00 GiB free=0.42 GiB reserve=1.59 GiB total=31.86 GiB)
case_032 cases=33 prompt=18 target=24 avg_nll=0.414966 lcp=0 api_target_mae=0.414966 api_top_coverage=97/120 api_top1=0.833 api_topn=0.258 api_pair=0.986
ds4: ROCm q8 fp16 cache budget exhausted; using q8 kernels (request=64.00 MiB cached=0.00 GiB free=0.42 GiB reserve=1.59 GiB total=31.86 GiB)
ds4: ROCm q8 fp16 cache budget exhausted; using q8 kernels (request=64.00 MiB cached=0.00 GiB free=0.42 GiB reserve=1.59 GiB total=31.86 GiB)
ds4: ROCm q8 fp16 cache budget exhausted; using q8 kernels (request=64.00 MiB cached=0.00 GiB free=0.42 GiB reserve=1.59 GiB total=31.86 GiB)
ds4: ROCm q8 fp16 cache budget exhausted; using q8 kernels (request=64.00 MiB cached=0.00 GiB free=0.42 GiB reserve=1.59 GiB total=31.86 GiB)
ds4: ROCm q8 fp16 cache budget exhausted; using q8 kernels (request=64.00 MiB cached=0.00 GiB free=0.42 GiB reserve=1.59 GiB total=31.86 GiB)
ds4: ROCm q8 fp16 cache budget exhausted; using q8 kernels (request=64.00 MiB cached=0.00 GiB free=0.42 GiB reserve=1.59 GiB total=31.86 GiB)
ds4: ROCm q8 fp16 cache budget exhausted; using q8 kernels (request=64.00 MiB cached=0.00 GiB free=0.42 GiB reserve=1.59 GiB total=31.86 GiB)
ds4: ROCm q8 fp16 cache budget exhausted; using q8 kernels (request=64.00 MiB cached=0.00 GiB free=0.42 GiB reserve=1.59 GiB total=31.86 GiB)
ds4: ROCm q8 fp16 cache budget exhausted; using q8 kernels (request=64.00 MiB cached=0.00 GiB free=0.42 GiB reserve=1.59 GiB total=31.86 GiB)
ds4: ROCm q8 fp16 cache budget exhausted; using q8 kernels (request=64.00 MiB cached=0.00 GiB free=0.42 GiB reserve=1.59 GiB total=31.86 GiB)
ds4: ROCm q8 fp16 cache budget exhausted; using q8 kernels (request=64.00 MiB cached=0.00 GiB free=0.42 GiB reserve=1.59 GiB total=31.86 GiB)
ds4: ROCm q8 fp16 cache budget exhausted; using q8 kernels (request=64.00 MiB cached=0.00 GiB free=0.42 GiB reserve=1.59 GiB total=31.86 GiB)
ds4: ROCm q8 fp16 cache budget exhausted; using q8 kernels (request=64.00 MiB cached=0.00 GiB free=0.42 GiB reserve=1.59 GiB total=31.86 GiB)
ds4: ROCm q8 fp16 cache budget exhausted; using q8 kernels (request=64.00 MiB cached=0.00 GiB free=0.42 GiB reserve=1.59 GiB total=31.86 GiB)
ds4: ROCm q8 fp16 cache budget exhausted; using q8 kernels (request=64.00 MiB cached=0.00 GiB free=0.42 GiB reserve=1.59 GiB total=31.86 GiB)
ds4: ROCm q8 fp16 cache budget exhausted; using q8 kernels (request=64.00 MiB cached=0.00 GiB free=0.42 GiB reserve=1.59 GiB total=31.86 GiB)
ds4: ROCm q8 fp16 cache budget exhausted; using q8 kernels (request=64.00 MiB cached=0.00 GiB free=0.42 GiB reserve=1.59 GiB total=31.86 GiB)
ds4: ROCm q8 fp16 cache budget exhausted; using q8 kernels (request=64.00 MiB cached=0.00 GiB free=0.42 GiB reserve=1.59 GiB total=31.86 GiB)
ds4: ROCm q8 fp16 cache budget exhausted; using q8 kernels (request=64.00 MiB cached=0.00 GiB free=0.42 GiB reserve=1.59 GiB total=31.86 GiB)
ds4: ROCm q8 fp16 cache budget exhausted; using q8 kernels (request=64.00 MiB cached=0.00 GiB free=0.42 GiB reserve=1.59 GiB total=31.86 GiB)
ds4: ROCm q8 fp16 cache budget exhausted; using q8 kernels (request=64.00 MiB cached=0.00 GiB free=0.42 GiB reserve=1.59 GiB total=31.86 GiB)
ds4: ROCm q8 fp16 cache budget exhausted; using q8 kernels (request=64.00 MiB cached=0.00 GiB free=0.42 GiB reserve=1.59 GiB total=31.86 GiB)
ds4: ROCm q8 fp16 cache budget exhausted; using q8 kernels (request=64.00 MiB cached=0.00 GiB free=0.42 GiB reserve=1.59 GiB total=31.86 GiB)
ds4: ROCm q8 fp16 cache budget exhausted; using q8 kernels (request=64.00 MiB cached=0.00 GiB free=0.42 GiB reserve=1.59 GiB total=31.86 GiB)
ds4: ROCm q8 fp16 cache budget exhausted; using q8 kernels (request=64.00 MiB cached=0.00 GiB free=0.42 GiB reserve=1.59 GiB total=31.86 GiB)
ds4: ROCm q8 fp16 cache budget exhausted; using q8 kernels (request=64.00 MiB cached=0.00 GiB free=0.42 GiB reserve=1.59 GiB total=31.86 GiB)
ds4: ROCm q8 fp16 cache budget exhausted; using q8 kernels (request=64.00 MiB cached=0.00 GiB free=0.42 GiB reserve=1.59 GiB total=31.86 GiB)
ds4: ROCm q8 fp16 cache budget exhausted; using q8 kernels (request=64.00 MiB cached=0.00 GiB free=0.42 GiB reserve=1.59 GiB total=31.86 GiB)
ds4: ROCm q8 fp16 cache budget exhausted; using q8 kernels (request=64.00 MiB cached=0.00 GiB free=0.42 GiB reserve=1.59 GiB total=31.86 GiB)
ds4: ROCm q8 fp16 cache budget exhausted; using q8 kernels (request=64.00 MiB cached=0.00 GiB free=0.42 GiB reserve=1.59 GiB total=31.86 GiB)
ds4: ROCm q8 fp16 cache budget exhausted; using q8 kernels (request=64.00 MiB cached=0.00 GiB free=0.42 GiB reserve=1.59 GiB total=31.86 GiB)
ds4: ROCm q8 fp16 cache budget exhausted; using q8 kernels (request=64.00 MiB cached=0.00 GiB free=0.42 GiB reserve=1.59 GiB total=31.86 GiB)
ds4: ROCm q8 fp16 cache budget exhausted; using q8 kernels (request=64.00 MiB cached=0.00 GiB free=0.42 GiB reserve=1.59 GiB total=31.86 GiB)
ds4: ROCm q8 fp16 cache budget exhausted; using q8 kernels (request=64.00 MiB cached=0.00 GiB free=0.42 GiB reserve=1.59 GiB total=31.86 GiB)
ds4: ROCm q8 fp16 cache budget exhausted; using q8 kernels (request=64.00 MiB cached=0.00 GiB free=0.42 GiB reserve=1.59 GiB total=31.86 GiB)
ds4: ROCm q8 fp16 cache budget exhausted; using q8 kernels (request=64.00 MiB cached=0.00 GiB free=0.42 GiB reserve=1.59 GiB total=31.86 GiB)
ds4: ROCm q8 fp16 cache budget exhausted; using q8 kernels (request=64.00 MiB cached=0.00 GiB free=0.42 GiB reserve=1.59 GiB total=31.86 GiB)
ds4: ROCm q8 fp16 cache budget exhausted; using q8 kernels (request=64.00 MiB cached=0.00 GiB free=0.42 GiB reserve=1.59 GiB total=31.86 GiB)
ds4: ROCm q8 fp16 cache budget exhausted; using q8 kernels (request=64.00 MiB cached=0.00 GiB free=0.42 GiB reserve=1.59 GiB total=31.86 GiB)
ds4: ROCm q8 fp16 cache budget exhausted; using q8 kernels (request=64.00 MiB cached=0.00 GiB free=0.42 GiB reserve=1.59 GiB total=31.86 GiB)
ds4: ROCm q8 fp16 cache budget exhausted; using q8 kernels (request=64.00 MiB cached=0.00 GiB free=0.42 GiB reserve=1.59 GiB total=31.86 GiB)
ds4: ROCm q8 fp16 cache budget exhausted; using q8 kernels (request=64.00 MiB cached=0.00 GiB free=0.42 GiB reserve=1.59 GiB total=31.86 GiB)
ds4: ROCm q8 fp16 cache budget exhausted; using q8 kernels (request=64.00 MiB cached=0.00 GiB free=0.42 GiB reserve=1.59 GiB total=31.86 GiB)
case_033 cases=34 prompt=15 target=24 avg_nll=0.410393 lcp=0 api_target_mae=0.410393 api_top_coverage=97/120 api_top1=0.792 api_topn=0.278 api_pair=0.986
ds4: ROCm q8 fp16 cache budget exhausted; using q8 kernels (request=64.00 MiB cached=0.00 GiB free=0.42 GiB reserve=1.59 GiB total=31.86 GiB)
ds4: ROCm q8 fp16 cache budget exhausted; using q8 kernels (request=64.00 MiB cached=0.00 GiB free=0.42 GiB reserve=1.59 GiB total=31.86 GiB)
ds4: ROCm q8 fp16 cache budget exhausted; using q8 kernels (request=64.00 MiB cached=0.00 GiB free=0.42 GiB reserve=1.59 GiB total=31.86 GiB)
ds4: ROCm q8 fp16 cache budget exhausted; using q8 kernels (request=64.00 MiB cached=0.00 GiB free=0.42 GiB reserve=1.59 GiB total=31.86 GiB)
ds4: ROCm q8 fp16 cache budget exhausted; using q8 kernels (request=64.00 MiB cached=0.00 GiB free=0.42 GiB reserve=1.59 GiB total=31.86 GiB)
ds4: ROCm q8 fp16 cache budget exhausted; using q8 kernels (request=64.00 MiB cached=0.00 GiB free=0.42 GiB reserve=1.59 GiB total=31.86 GiB)
ds4: ROCm q8 fp16 cache budget exhausted; using q8 kernels (request=64.00 MiB cached=0.00 GiB free=0.42 GiB reserve=1.59 GiB total=31.86 GiB)
ds4: ROCm q8 fp16 cache budget exhausted; using q8 kernels (request=64.00 MiB cached=0.00 GiB free=0.42 GiB reserve=1.59 GiB total=31.86 GiB)
ds4: ROCm q8 fp16 cache budget exhausted; using q8 kernels (request=64.00 MiB cached=0.00 GiB free=0.42 GiB reserve=1.59 GiB total=31.86 GiB)
ds4: ROCm q8 fp16 cache budget exhausted; using q8 kernels (request=64.00 MiB cached=0.00 GiB free=0.42 GiB reserve=1.59 GiB total=31.86 GiB)
ds4: ROCm q8 fp16 cache budget exhausted; using q8 kernels (request=64.00 MiB cached=0.00 GiB free=0.42 GiB reserve=1.59 GiB total=31.86 GiB)
ds4: ROCm q8 fp16 cache budget exhausted; using q8 kernels (request=64.00 MiB cached=0.00 GiB free=0.42 GiB reserve=1.59 GiB total=31.86 GiB)
ds4: ROCm q8 fp16 cache budget exhausted; using q8 kernels (request=64.00 MiB cached=0.00 GiB free=0.42 GiB reserve=1.59 GiB total=31.86 GiB)
ds4: ROCm q8 fp16 cache budget exhausted; using q8 kernels (request=64.00 MiB cached=0.00 GiB free=0.42 GiB reserve=1.59 GiB total=31.86 GiB)
ds4: ROCm q8 fp16 cache budget exhausted; using q8 kernels (request=64.00 MiB cached=0.00 GiB free=0.42 GiB reserve=1.59 GiB total=31.86 GiB)
ds4: ROCm q8 fp16 cache budget exhausted; using q8 kernels (request=64.00 MiB cached=0.00 GiB free=0.42 GiB reserve=1.59 GiB total=31.86 GiB)
ds4: ROCm q8 fp16 cache budget exhausted; using q8 kernels (request=64.00 MiB cached=0.00 GiB free=0.42 GiB reserve=1.59 GiB total=31.86 GiB)
ds4: ROCm q8 fp16 cache budget exhausted; using q8 kernels (request=64.00 MiB cached=0.00 GiB free=0.42 GiB reserve=1.59 GiB total=31.86 GiB)
ds4: ROCm q8 fp16 cache budget exhausted; using q8 kernels (request=64.00 MiB cached=0.00 GiB free=0.42 GiB reserve=1.59 GiB total=31.86 GiB)
ds4: ROCm q8 fp16 cache budget exhausted; using q8 kernels (request=64.00 MiB cached=0.00 GiB free=0.42 GiB reserve=1.59 GiB total=31.86 GiB)
ds4: ROCm q8 fp16 cache budget exhausted; using q8 kernels (request=64.00 MiB cached=0.00 GiB free=0.42 GiB reserve=1.59 GiB total=31.86 GiB)
ds4: ROCm q8 fp16 cache budget exhausted; using q8 kernels (request=64.00 MiB cached=0.00 GiB free=0.42 GiB reserve=1.59 GiB total=31.86 GiB)
ds4: ROCm q8 fp16 cache budget exhausted; using q8 kernels (request=64.00 MiB cached=0.00 GiB free=0.42 GiB reserve=1.59 GiB total=31.86 GiB)
ds4: ROCm q8 fp16 cache budget exhausted; using q8 kernels (request=64.00 MiB cached=0.00 GiB free=0.42 GiB reserve=1.59 GiB total=31.86 GiB)
ds4: ROCm q8 fp16 cache budget exhausted; using q8 kernels (request=64.00 MiB cached=0.00 GiB free=0.42 GiB reserve=1.59 GiB total=31.86 GiB)
ds4: ROCm q8 fp16 cache budget exhausted; using q8 kernels (request=64.00 MiB cached=0.00 GiB free=0.42 GiB reserve=1.59 GiB total=31.86 GiB)
ds4: ROCm q8 fp16 cache budget exhausted; using q8 kernels (request=64.00 MiB cached=0.00 GiB free=0.42 GiB reserve=1.59 GiB total=31.86 GiB)
ds4: ROCm q8 fp16 cache budget exhausted; using q8 kernels (request=64.00 MiB cached=0.00 GiB free=0.42 GiB reserve=1.59 GiB total=31.86 GiB)
ds4: ROCm q8 fp16 cache budget exhausted; using q8 kernels (request=64.00 MiB cached=0.00 GiB free=0.42 GiB reserve=1.59 GiB total=31.86 GiB)
ds4: ROCm q8 fp16 cache budget exhausted; using q8 kernels (request=64.00 MiB cached=0.00 GiB free=0.42 GiB reserve=1.59 GiB total=31.86 GiB)
ds4: ROCm q8 fp16 cache budget exhausted; using q8 kernels (request=64.00 MiB cached=0.00 GiB free=0.42 GiB reserve=1.59 GiB total=31.86 GiB)
ds4: ROCm q8 fp16 cache budget exhausted; using q8 kernels (request=64.00 MiB cached=0.00 GiB free=0.42 GiB reserve=1.59 GiB total=31.86 GiB)
ds4: ROCm q8 fp16 cache budget exhausted; using q8 kernels (request=64.00 MiB cached=0.00 GiB free=0.42 GiB reserve=1.59 GiB total=31.86 GiB)
ds4: ROCm q8 fp16 cache budget exhausted; using q8 kernels (request=64.00 MiB cached=0.00 GiB free=0.42 GiB reserve=1.59 GiB total=31.86 GiB)
ds4: ROCm q8 fp16 cache budget exhausted; using q8 kernels (request=64.00 MiB cached=0.00 GiB free=0.42 GiB reserve=1.59 GiB total=31.86 GiB)
ds4: ROCm q8 fp16 cache budget exhausted; using q8 kernels (request=64.00 MiB cached=0.00 GiB free=0.42 GiB reserve=1.59 GiB total=31.86 GiB)
ds4: ROCm q8 fp16 cache budget exhausted; using q8 kernels (request=64.00 MiB cached=0.00 GiB free=0.42 GiB reserve=1.59 GiB total=31.86 GiB)
ds4: ROCm q8 fp16 cache budget exhausted; using q8 kernels (request=64.00 MiB cached=0.00 GiB free=0.42 GiB reserve=1.59 GiB total=31.86 GiB)
ds4: ROCm q8 fp16 cache budget exhausted; using q8 kernels (request=64.00 MiB cached=0.00 GiB free=0.42 GiB reserve=1.59 GiB total=31.86 GiB)
ds4: ROCm q8 fp16 cache budget exhausted; using q8 kernels (request=64.00 MiB cached=0.00 GiB free=0.42 GiB reserve=1.59 GiB total=31.86 GiB)
ds4: ROCm q8 fp16 cache budget exhausted; using q8 kernels (request=64.00 MiB cached=0.00 GiB free=0.42 GiB reserve=1.59 GiB total=31.86 GiB)
ds4: ROCm q8 fp16 cache budget exhausted; using q8 kernels (request=64.00 MiB cached=0.00 GiB free=0.42 GiB reserve=1.59 GiB total=31.86 GiB)
ds4: ROCm q8 fp16 cache budget exhausted; using q8 kernels (request=64.00 MiB cached=0.00 GiB free=0.42 GiB reserve=1.59 GiB total=31.86 GiB)
case_034 cases=35 prompt=22 target=24 avg_nll=0.115835 lcp=17 api_target_mae=0.115835 api_top_coverage=97/120 api_top1=0.958 api_topn=0.278 api_pair=1.000
ds4: ROCm q8 fp16 cache budget exhausted; using q8 kernels (request=64.00 MiB cached=0.00 GiB free=0.42 GiB reserve=1.59 GiB total=31.86 GiB)
ds4: ROCm q8 fp16 cache budget exhausted; using q8 kernels (request=64.00 MiB cached=0.00 GiB free=0.42 GiB reserve=1.59 GiB total=31.86 GiB)
ds4: ROCm q8 fp16 cache budget exhausted; using q8 kernels (request=64.00 MiB cached=0.00 GiB free=0.42 GiB reserve=1.59 GiB total=31.86 GiB)
ds4: ROCm q8 fp16 cache budget exhausted; using q8 kernels (request=64.00 MiB cached=0.00 GiB free=0.42 GiB reserve=1.59 GiB total=31.86 GiB)
ds4: ROCm q8 fp16 cache budget exhausted; using q8 kernels (request=64.00 MiB cached=0.00 GiB free=0.42 GiB reserve=1.59 GiB total=31.86 GiB)
ds4: ROCm q8 fp16 cache budget exhausted; using q8 kernels (request=64.00 MiB cached=0.00 GiB free=0.42 GiB reserve=1.59 GiB total=31.86 GiB)
ds4: ROCm q8 fp16 cache budget exhausted; using q8 kernels (request=64.00 MiB cached=0.00 GiB free=0.42 GiB reserve=1.59 GiB total=31.86 GiB)
ds4: ROCm q8 fp16 cache budget exhausted; using q8 kernels (request=64.00 MiB cached=0.00 GiB free=0.42 GiB reserve=1.59 GiB total=31.86 GiB)
ds4: ROCm q8 fp16 cache budget exhausted; using q8 kernels (request=64.00 MiB cached=0.00 GiB free=0.42 GiB reserve=1.59 GiB total=31.86 GiB)
ds4: ROCm q8 fp16 cache budget exhausted; using q8 kernels (request=64.00 MiB cached=0.00 GiB free=0.42 GiB reserve=1.59 GiB total=31.86 GiB)
ds4: ROCm q8 fp16 cache budget exhausted; using q8 kernels (request=64.00 MiB cached=0.00 GiB free=0.42 GiB reserve=1.59 GiB total=31.86 GiB)
ds4: ROCm q8 fp16 cache budget exhausted; using q8 kernels (request=64.00 MiB cached=0.00 GiB free=0.42 GiB reserve=1.59 GiB total=31.86 GiB)
ds4: ROCm q8 fp16 cache budget exhausted; using q8 kernels (request=64.00 MiB cached=0.00 GiB free=0.42 GiB reserve=1.59 GiB total=31.86 GiB)
ds4: ROCm q8 fp16 cache budget exhausted; using q8 kernels (request=64.00 MiB cached=0.00 GiB free=0.42 GiB reserve=1.59 GiB total=31.86 GiB)
ds4: ROCm q8 fp16 cache budget exhausted; using q8 kernels (request=64.00 MiB cached=0.00 GiB free=0.42 GiB reserve=1.59 GiB total=31.86 GiB)
ds4: ROCm q8 fp16 cache budget exhausted; using q8 kernels (request=64.00 MiB cached=0.00 GiB free=0.42 GiB reserve=1.59 GiB total=31.86 GiB)
ds4: ROCm q8 fp16 cache budget exhausted; using q8 kernels (request=64.00 MiB cached=0.00 GiB free=0.42 GiB reserve=1.59 GiB total=31.86 GiB)
ds4: ROCm q8 fp16 cache budget exhausted; using q8 kernels (request=64.00 MiB cached=0.00 GiB free=0.42 GiB reserve=1.59 GiB total=31.86 GiB)
ds4: ROCm q8 fp16 cache budget exhausted; using q8 kernels (request=64.00 MiB cached=0.00 GiB free=0.42 GiB reserve=1.59 GiB total=31.86 GiB)
ds4: ROCm q8 fp16 cache budget exhausted; using q8 kernels (request=64.00 MiB cached=0.00 GiB free=0.42 GiB reserve=1.59 GiB total=31.86 GiB)
ds4: ROCm q8 fp16 cache budget exhausted; using q8 kernels (request=64.00 MiB cached=0.00 GiB free=0.42 GiB reserve=1.59 GiB total=31.86 GiB)
ds4: ROCm q8 fp16 cache budget exhausted; using q8 kernels (request=64.00 MiB cached=0.00 GiB free=0.42 GiB reserve=1.59 GiB total=31.86 GiB)
ds4: ROCm q8 fp16 cache budget exhausted; using q8 kernels (request=64.00 MiB cached=0.00 GiB free=0.42 GiB reserve=1.59 GiB total=31.86 GiB)
ds4: ROCm q8 fp16 cache budget exhausted; using q8 kernels (request=64.00 MiB cached=0.00 GiB free=0.42 GiB reserve=1.59 GiB total=31.86 GiB)
ds4: ROCm q8 fp16 cache budget exhausted; using q8 kernels (request=64.00 MiB cached=0.00 GiB free=0.42 GiB reserve=1.59 GiB total=31.86 GiB)
ds4: ROCm q8 fp16 cache budget exhausted; using q8 kernels (request=64.00 MiB cached=0.00 GiB free=0.42 GiB reserve=1.59 GiB total=31.86 GiB)
ds4: ROCm q8 fp16 cache budget exhausted; using q8 kernels (request=64.00 MiB cached=0.00 GiB free=0.42 GiB reserve=1.59 GiB total=31.86 GiB)
ds4: ROCm q8 fp16 cache budget exhausted; using q8 kernels (request=64.00 MiB cached=0.00 GiB free=0.42 GiB reserve=1.59 GiB total=31.86 GiB)
ds4: ROCm q8 fp16 cache budget exhausted; using q8 kernels (request=64.00 MiB cached=0.00 GiB free=0.42 GiB reserve=1.59 GiB total=31.86 GiB)
ds4: ROCm q8 fp16 cache budget exhausted; using q8 kernels (request=64.00 MiB cached=0.00 GiB free=0.42 GiB reserve=1.59 GiB total=31.86 GiB)
ds4: ROCm q8 fp16 cache budget exhausted; using q8 kernels (request=64.00 MiB cached=0.00 GiB free=0.42 GiB reserve=1.59 GiB total=31.86 GiB)
ds4: ROCm q8 fp16 cache budget exhausted; using q8 kernels (request=64.00 MiB cached=0.00 GiB free=0.42 GiB reserve=1.59 GiB total=31.86 GiB)
ds4: ROCm q8 fp16 cache budget exhausted; using q8 kernels (request=64.00 MiB cached=0.00 GiB free=0.42 GiB reserve=1.59 GiB total=31.86 GiB)
ds4: ROCm q8 fp16 cache budget exhausted; using q8 kernels (request=64.00 MiB cached=0.00 GiB free=0.42 GiB reserve=1.59 GiB total=31.86 GiB)
ds4: ROCm q8 fp16 cache budget exhausted; using q8 kernels (request=64.00 MiB cached=0.00 GiB free=0.42 GiB reserve=1.59 GiB total=31.86 GiB)
ds4: ROCm q8 fp16 cache budget exhausted; using q8 kernels (request=64.00 MiB cached=0.00 GiB free=0.42 GiB reserve=1.59 GiB total=31.86 GiB)
ds4: ROCm q8 fp16 cache budget exhausted; using q8 kernels (request=64.00 MiB cached=0.00 GiB free=0.42 GiB reserve=1.59 GiB total=31.86 GiB)
ds4: ROCm q8 fp16 cache budget exhausted; using q8 kernels (request=64.00 MiB cached=0.00 GiB free=0.42 GiB reserve=1.59 GiB total=31.86 GiB)
ds4: ROCm q8 fp16 cache budget exhausted; using q8 kernels (request=64.00 MiB cached=0.00 GiB free=0.42 GiB reserve=1.59 GiB total=31.86 GiB)
ds4: ROCm q8 fp16 cache budget exhausted; using q8 kernels (request=64.00 MiB cached=0.00 GiB free=0.42 GiB reserve=1.59 GiB total=31.86 GiB)
ds4: ROCm q8 fp16 cache budget exhausted; using q8 kernels (request=64.00 MiB cached=0.00 GiB free=0.42 GiB reserve=1.59 GiB total=31.86 GiB)
ds4: ROCm q8 fp16 cache budget exhausted; using q8 kernels (request=64.00 MiB cached=0.00 GiB free=0.42 GiB reserve=1.59 GiB total=31.86 GiB)
ds4: ROCm q8 fp16 cache budget exhausted; using q8 kernels (request=64.00 MiB cached=0.00 GiB free=0.42 GiB reserve=1.59 GiB total=31.86 GiB)
case_035 cases=36 prompt=23 target=24 avg_nll=0.335229 lcp=1 api_target_mae=0.335229 api_top_coverage=96/120 api_top1=0.833 api_topn=0.250 api_pair=1.000
ds4: ROCm q8 fp16 cache budget exhausted; using q8 kernels (request=64.00 MiB cached=0.00 GiB free=0.42 GiB reserve=1.59 GiB total=31.86 GiB)
ds4: ROCm q8 fp16 cache budget exhausted; using q8 kernels (request=64.00 MiB cached=0.00 GiB free=0.42 GiB reserve=1.59 GiB total=31.86 GiB)
ds4: ROCm q8 fp16 cache budget exhausted; using q8 kernels (request=64.00 MiB cached=0.00 GiB free=0.42 GiB reserve=1.59 GiB total=31.86 GiB)
ds4: ROCm q8 fp16 cache budget exhausted; using q8 kernels (request=64.00 MiB cached=0.00 GiB free=0.42 GiB reserve=1.59 GiB total=31.86 GiB)
ds4: ROCm q8 fp16 cache budget exhausted; using q8 kernels (request=64.00 MiB cached=0.00 GiB free=0.42 GiB reserve=1.59 GiB total=31.86 GiB)
ds4: ROCm q8 fp16 cache budget exhausted; using q8 kernels (request=64.00 MiB cached=0.00 GiB free=0.42 GiB reserve=1.59 GiB total=31.86 GiB)
ds4: ROCm q8 fp16 cache budget exhausted; using q8 kernels (request=64.00 MiB cached=0.00 GiB free=0.42 GiB reserve=1.59 GiB total=31.86 GiB)
ds4: ROCm q8 fp16 cache budget exhausted; using q8 kernels (request=64.00 MiB cached=0.00 GiB free=0.42 GiB reserve=1.59 GiB total=31.86 GiB)
ds4: ROCm q8 fp16 cache budget exhausted; using q8 kernels (request=64.00 MiB cached=0.00 GiB free=0.42 GiB reserve=1.59 GiB total=31.86 GiB)
ds4: ROCm q8 fp16 cache budget exhausted; using q8 kernels (request=64.00 MiB cached=0.00 GiB free=0.42 GiB reserve=1.59 GiB total=31.86 GiB)
ds4: ROCm q8 fp16 cache budget exhausted; using q8 kernels (request=64.00 MiB cached=0.00 GiB free=0.42 GiB reserve=1.59 GiB total=31.86 GiB)
ds4: ROCm q8 fp16 cache budget exhausted; using q8 kernels (request=64.00 MiB cached=0.00 GiB free=0.42 GiB reserve=1.59 GiB total=31.86 GiB)
ds4: ROCm q8 fp16 cache budget exhausted; using q8 kernels (request=64.00 MiB cached=0.00 GiB free=0.42 GiB reserve=1.59 GiB total=31.86 GiB)
ds4: ROCm q8 fp16 cache budget exhausted; using q8 kernels (request=64.00 MiB cached=0.00 GiB free=0.42 GiB reserve=1.59 GiB total=31.86 GiB)
ds4: ROCm q8 fp16 cache budget exhausted; using q8 kernels (request=64.00 MiB cached=0.00 GiB free=0.42 GiB reserve=1.59 GiB total=31.86 GiB)
ds4: ROCm q8 fp16 cache budget exhausted; using q8 kernels (request=64.00 MiB cached=0.00 GiB free=0.42 GiB reserve=1.59 GiB total=31.86 GiB)
ds4: ROCm q8 fp16 cache budget exhausted; using q8 kernels (request=64.00 MiB cached=0.00 GiB free=0.42 GiB reserve=1.59 GiB total=31.86 GiB)
ds4: ROCm q8 fp16 cache budget exhausted; using q8 kernels (request=64.00 MiB cached=0.00 GiB free=0.42 GiB reserve=1.59 GiB total=31.86 GiB)
ds4: ROCm q8 fp16 cache budget exhausted; using q8 kernels (request=64.00 MiB cached=0.00 GiB free=0.42 GiB reserve=1.59 GiB total=31.86 GiB)
ds4: ROCm q8 fp16 cache budget exhausted; using q8 kernels (request=64.00 MiB cached=0.00 GiB free=0.42 GiB reserve=1.59 GiB total=31.86 GiB)
ds4: ROCm q8 fp16 cache budget exhausted; using q8 kernels (request=64.00 MiB cached=0.00 GiB free=0.42 GiB reserve=1.59 GiB total=31.86 GiB)
ds4: ROCm q8 fp16 cache budget exhausted; using q8 kernels (request=64.00 MiB cached=0.00 GiB free=0.42 GiB reserve=1.59 GiB total=31.86 GiB)
ds4: ROCm q8 fp16 cache budget exhausted; using q8 kernels (request=64.00 MiB cached=0.00 GiB free=0.42 GiB reserve=1.59 GiB total=31.86 GiB)
ds4: ROCm q8 fp16 cache budget exhausted; using q8 kernels (request=64.00 MiB cached=0.00 GiB free=0.42 GiB reserve=1.59 GiB total=31.86 GiB)
ds4: ROCm q8 fp16 cache budget exhausted; using q8 kernels (request=64.00 MiB cached=0.00 GiB free=0.42 GiB reserve=1.59 GiB total=31.86 GiB)
ds4: ROCm q8 fp16 cache budget exhausted; using q8 kernels (request=64.00 MiB cached=0.00 GiB free=0.42 GiB reserve=1.59 GiB total=31.86 GiB)
ds4: ROCm q8 fp16 cache budget exhausted; using q8 kernels (request=64.00 MiB cached=0.00 GiB free=0.42 GiB reserve=1.59 GiB total=31.86 GiB)
ds4: ROCm q8 fp16 cache budget exhausted; using q8 kernels (request=64.00 MiB cached=0.00 GiB free=0.42 GiB reserve=1.59 GiB total=31.86 GiB)
ds4: ROCm q8 fp16 cache budget exhausted; using q8 kernels (request=64.00 MiB cached=0.00 GiB free=0.42 GiB reserve=1.59 GiB total=31.86 GiB)
ds4: ROCm q8 fp16 cache budget exhausted; using q8 kernels (request=64.00 MiB cached=0.00 GiB free=0.42 GiB reserve=1.59 GiB total=31.86 GiB)
ds4: ROCm q8 fp16 cache budget exhausted; using q8 kernels (request=64.00 MiB cached=0.00 GiB free=0.42 GiB reserve=1.59 GiB total=31.86 GiB)
ds4: ROCm q8 fp16 cache budget exhausted; using q8 kernels (request=64.00 MiB cached=0.00 GiB free=0.42 GiB reserve=1.59 GiB total=31.86 GiB)
ds4: ROCm q8 fp16 cache budget exhausted; using q8 kernels (request=64.00 MiB cached=0.00 GiB free=0.42 GiB reserve=1.59 GiB total=31.86 GiB)
ds4: ROCm q8 fp16 cache budget exhausted; using q8 kernels (request=64.00 MiB cached=0.00 GiB free=0.42 GiB reserve=1.59 GiB total=31.86 GiB)
ds4: ROCm q8 fp16 cache budget exhausted; using q8 kernels (request=64.00 MiB cached=0.00 GiB free=0.42 GiB reserve=1.59 GiB total=31.86 GiB)
ds4: ROCm q8 fp16 cache budget exhausted; using q8 kernels (request=64.00 MiB cached=0.00 GiB free=0.42 GiB reserve=1.59 GiB total=31.86 GiB)
ds4: ROCm q8 fp16 cache budget exhausted; using q8 kernels (request=64.00 MiB cached=0.00 GiB free=0.42 GiB reserve=1.59 GiB total=31.86 GiB)
ds4: ROCm q8 fp16 cache budget exhausted; using q8 kernels (request=64.00 MiB cached=0.00 GiB free=0.42 GiB reserve=1.59 GiB total=31.86 GiB)
ds4: ROCm q8 fp16 cache budget exhausted; using q8 kernels (request=64.00 MiB cached=0.00 GiB free=0.42 GiB reserve=1.59 GiB total=31.86 GiB)
ds4: ROCm q8 fp16 cache budget exhausted; using q8 kernels (request=64.00 MiB cached=0.00 GiB free=0.42 GiB reserve=1.59 GiB total=31.86 GiB)
ds4: ROCm q8 fp16 cache budget exhausted; using q8 kernels (request=64.00 MiB cached=0.00 GiB free=0.42 GiB reserve=1.59 GiB total=31.86 GiB)
ds4: ROCm q8 fp16 cache budget exhausted; using q8 kernels (request=64.00 MiB cached=0.00 GiB free=0.42 GiB reserve=1.59 GiB total=31.86 GiB)
ds4: ROCm q8 fp16 cache budget exhausted; using q8 kernels (request=64.00 MiB cached=0.00 GiB free=0.42 GiB reserve=1.59 GiB total=31.86 GiB)
case_036 cases=37 prompt=21 target=24 avg_nll=0.360477 lcp=17 api_target_mae=0.360477 api_top_coverage=96/120 api_top1=0.875 api_topn=0.260 api_pair=1.000
ds4: ROCm q8 fp16 cache budget exhausted; using q8 kernels (request=64.00 MiB cached=0.00 GiB free=0.42 GiB reserve=1.59 GiB total=31.86 GiB)
ds4: ROCm q8 fp16 cache budget exhausted; using q8 kernels (request=64.00 MiB cached=0.00 GiB free=0.42 GiB reserve=1.59 GiB total=31.86 GiB)
ds4: ROCm q8 fp16 cache budget exhausted; using q8 kernels (request=64.00 MiB cached=0.00 GiB free=0.42 GiB reserve=1.59 GiB total=31.86 GiB)
ds4: ROCm q8 fp16 cache budget exhausted; using q8 kernels (request=64.00 MiB cached=0.00 GiB free=0.42 GiB reserve=1.59 GiB total=31.86 GiB)
ds4: ROCm q8 fp16 cache budget exhausted; using q8 kernels (request=64.00 MiB cached=0.00 GiB free=0.42 GiB reserve=1.59 GiB total=31.86 GiB)
ds4: ROCm q8 fp16 cache budget exhausted; using q8 kernels (request=64.00 MiB cached=0.00 GiB free=0.42 GiB reserve=1.59 GiB total=31.86 GiB)
ds4: ROCm q8 fp16 cache budget exhausted; using q8 kernels (request=64.00 MiB cached=0.00 GiB free=0.42 GiB reserve=1.59 GiB total=31.86 GiB)
ds4: ROCm q8 fp16 cache budget exhausted; using q8 kernels (request=64.00 MiB cached=0.00 GiB free=0.42 GiB reserve=1.59 GiB total=31.86 GiB)
ds4: ROCm q8 fp16 cache budget exhausted; using q8 kernels (request=64.00 MiB cached=0.00 GiB free=0.42 GiB reserve=1.59 GiB total=31.86 GiB)
ds4: ROCm q8 fp16 cache budget exhausted; using q8 kernels (request=64.00 MiB cached=0.00 GiB free=0.42 GiB reserve=1.59 GiB total=31.86 GiB)
ds4: ROCm q8 fp16 cache budget exhausted; using q8 kernels (request=64.00 MiB cached=0.00 GiB free=0.42 GiB reserve=1.59 GiB total=31.86 GiB)
ds4: ROCm q8 fp16 cache budget exhausted; using q8 kernels (request=64.00 MiB cached=0.00 GiB free=0.42 GiB reserve=1.59 GiB total=31.86 GiB)
ds4: ROCm q8 fp16 cache budget exhausted; using q8 kernels (request=64.00 MiB cached=0.00 GiB free=0.42 GiB reserve=1.59 GiB total=31.86 GiB)
ds4: ROCm q8 fp16 cache budget exhausted; using q8 kernels (request=64.00 MiB cached=0.00 GiB free=0.42 GiB reserve=1.59 GiB total=31.86 GiB)
ds4: ROCm q8 fp16 cache budget exhausted; using q8 kernels (request=64.00 MiB cached=0.00 GiB free=0.42 GiB reserve=1.59 GiB total=31.86 GiB)
ds4: ROCm q8 fp16 cache budget exhausted; using q8 kernels (request=64.00 MiB cached=0.00 GiB free=0.42 GiB reserve=1.59 GiB total=31.86 GiB)
ds4: ROCm q8 fp16 cache budget exhausted; using q8 kernels (request=64.00 MiB cached=0.00 GiB free=0.42 GiB reserve=1.59 GiB total=31.86 GiB)
ds4: ROCm q8 fp16 cache budget exhausted; using q8 kernels (request=64.00 MiB cached=0.00 GiB free=0.42 GiB reserve=1.59 GiB total=31.86 GiB)
ds4: ROCm q8 fp16 cache budget exhausted; using q8 kernels (request=64.00 MiB cached=0.00 GiB free=0.42 GiB reserve=1.59 GiB total=31.86 GiB)
ds4: ROCm q8 fp16 cache budget exhausted; using q8 kernels (request=64.00 MiB cached=0.00 GiB free=0.42 GiB reserve=1.59 GiB total=31.86 GiB)
ds4: ROCm q8 fp16 cache budget exhausted; using q8 kernels (request=64.00 MiB cached=0.00 GiB free=0.42 GiB reserve=1.59 GiB total=31.86 GiB)
ds4: ROCm q8 fp16 cache budget exhausted; using q8 kernels (request=64.00 MiB cached=0.00 GiB free=0.42 GiB reserve=1.59 GiB total=31.86 GiB)
ds4: ROCm q8 fp16 cache budget exhausted; using q8 kernels (request=64.00 MiB cached=0.00 GiB free=0.42 GiB reserve=1.59 GiB total=31.86 GiB)
ds4: ROCm q8 fp16 cache budget exhausted; using q8 kernels (request=64.00 MiB cached=0.00 GiB free=0.42 GiB reserve=1.59 GiB total=31.86 GiB)
ds4: ROCm q8 fp16 cache budget exhausted; using q8 kernels (request=64.00 MiB cached=0.00 GiB free=0.42 GiB reserve=1.59 GiB total=31.86 GiB)
ds4: ROCm q8 fp16 cache budget exhausted; using q8 kernels (request=64.00 MiB cached=0.00 GiB free=0.42 GiB reserve=1.59 GiB total=31.86 GiB)
ds4: ROCm q8 fp16 cache budget exhausted; using q8 kernels (request=64.00 MiB cached=0.00 GiB free=0.42 GiB reserve=1.59 GiB total=31.86 GiB)
ds4: ROCm q8 fp16 cache budget exhausted; using q8 kernels (request=64.00 MiB cached=0.00 GiB free=0.42 GiB reserve=1.59 GiB total=31.86 GiB)
ds4: ROCm q8 fp16 cache budget exhausted; using q8 kernels (request=64.00 MiB cached=0.00 GiB free=0.42 GiB reserve=1.59 GiB total=31.86 GiB)
ds4: ROCm q8 fp16 cache budget exhausted; using q8 kernels (request=64.00 MiB cached=0.00 GiB free=0.42 GiB reserve=1.59 GiB total=31.86 GiB)
ds4: ROCm q8 fp16 cache budget exhausted; using q8 kernels (request=64.00 MiB cached=0.00 GiB free=0.42 GiB reserve=1.59 GiB total=31.86 GiB)
ds4: ROCm q8 fp16 cache budget exhausted; using q8 kernels (request=64.00 MiB cached=0.00 GiB free=0.42 GiB reserve=1.59 GiB total=31.86 GiB)
ds4: ROCm q8 fp16 cache budget exhausted; using q8 kernels (request=64.00 MiB cached=0.00 GiB free=0.42 GiB reserve=1.59 GiB total=31.86 GiB)
ds4: ROCm q8 fp16 cache budget exhausted; using q8 kernels (request=64.00 MiB cached=0.00 GiB free=0.42 GiB reserve=1.59 GiB total=31.86 GiB)
ds4: ROCm q8 fp16 cache budget exhausted; using q8 kernels (request=64.00 MiB cached=0.00 GiB free=0.42 GiB reserve=1.59 GiB total=31.86 GiB)
ds4: ROCm q8 fp16 cache budget exhausted; using q8 kernels (request=64.00 MiB cached=0.00 GiB free=0.42 GiB reserve=1.59 GiB total=31.86 GiB)
ds4: ROCm q8 fp16 cache budget exhausted; using q8 kernels (request=64.00 MiB cached=0.00 GiB free=0.42 GiB reserve=1.59 GiB total=31.86 GiB)
ds4: ROCm q8 fp16 cache budget exhausted; using q8 kernels (request=64.00 MiB cached=0.00 GiB free=0.42 GiB reserve=1.59 GiB total=31.86 GiB)
ds4: ROCm q8 fp16 cache budget exhausted; using q8 kernels (request=64.00 MiB cached=0.00 GiB free=0.42 GiB reserve=1.59 GiB total=31.86 GiB)
ds4: ROCm q8 fp16 cache budget exhausted; using q8 kernels (request=64.00 MiB cached=0.00 GiB free=0.42 GiB reserve=1.59 GiB total=31.86 GiB)
ds4: ROCm q8 fp16 cache budget exhausted; using q8 kernels (request=64.00 MiB cached=0.00 GiB free=0.42 GiB reserve=1.59 GiB total=31.86 GiB)
ds4: ROCm q8 fp16 cache budget exhausted; using q8 kernels (request=64.00 MiB cached=0.00 GiB free=0.42 GiB reserve=1.59 GiB total=31.86 GiB)
ds4: ROCm q8 fp16 cache budget exhausted; using q8 kernels (request=64.00 MiB cached=0.00 GiB free=0.42 GiB reserve=1.59 GiB total=31.86 GiB)
case_037 cases=38 prompt=18 target=24 avg_nll=0.395495 lcp=0 api_target_mae=0.395495 api_top_coverage=97/120 api_top1=0.833 api_topn=0.289 api_pair=0.986
ds4: ROCm q8 fp16 cache budget exhausted; using q8 kernels (request=64.00 MiB cached=0.00 GiB free=0.42 GiB reserve=1.59 GiB total=31.86 GiB)
ds4: ROCm q8 fp16 cache budget exhausted; using q8 kernels (request=64.00 MiB cached=0.00 GiB free=0.42 GiB reserve=1.59 GiB total=31.86 GiB)
ds4: ROCm q8 fp16 cache budget exhausted; using q8 kernels (request=64.00 MiB cached=0.00 GiB free=0.42 GiB reserve=1.59 GiB total=31.86 GiB)
ds4: ROCm q8 fp16 cache budget exhausted; using q8 kernels (request=64.00 MiB cached=0.00 GiB free=0.42 GiB reserve=1.59 GiB total=31.86 GiB)
ds4: ROCm q8 fp16 cache budget exhausted; using q8 kernels (request=64.00 MiB cached=0.00 GiB free=0.42 GiB reserve=1.59 GiB total=31.86 GiB)
ds4: ROCm q8 fp16 cache budget exhausted; using q8 kernels (request=64.00 MiB cached=0.00 GiB free=0.42 GiB reserve=1.59 GiB total=31.86 GiB)
ds4: ROCm q8 fp16 cache budget exhausted; using q8 kernels (request=64.00 MiB cached=0.00 GiB free=0.42 GiB reserve=1.59 GiB total=31.86 GiB)
ds4: ROCm q8 fp16 cache budget exhausted; using q8 kernels (request=64.00 MiB cached=0.00 GiB free=0.42 GiB reserve=1.59 GiB total=31.86 GiB)
ds4: ROCm q8 fp16 cache budget exhausted; using q8 kernels (request=64.00 MiB cached=0.00 GiB free=0.42 GiB reserve=1.59 GiB total=31.86 GiB)
ds4: ROCm q8 fp16 cache budget exhausted; using q8 kernels (request=64.00 MiB cached=0.00 GiB free=0.42 GiB reserve=1.59 GiB total=31.86 GiB)
ds4: ROCm q8 fp16 cache budget exhausted; using q8 kernels (request=64.00 MiB cached=0.00 GiB free=0.42 GiB reserve=1.59 GiB total=31.86 GiB)
ds4: ROCm q8 fp16 cache budget exhausted; using q8 kernels (request=64.00 MiB cached=0.00 GiB free=0.42 GiB reserve=1.59 GiB total=31.86 GiB)
ds4: ROCm q8 fp16 cache budget exhausted; using q8 kernels (request=64.00 MiB cached=0.00 GiB free=0.42 GiB reserve=1.59 GiB total=31.86 GiB)
ds4: ROCm q8 fp16 cache budget exhausted; using q8 kernels (request=64.00 MiB cached=0.00 GiB free=0.42 GiB reserve=1.59 GiB total=31.86 GiB)
ds4: ROCm q8 fp16 cache budget exhausted; using q8 kernels (request=64.00 MiB cached=0.00 GiB free=0.42 GiB reserve=1.59 GiB total=31.86 GiB)
ds4: ROCm q8 fp16 cache budget exhausted; using q8 kernels (request=64.00 MiB cached=0.00 GiB free=0.42 GiB reserve=1.59 GiB total=31.86 GiB)
ds4: ROCm q8 fp16 cache budget exhausted; using q8 kernels (request=64.00 MiB cached=0.00 GiB free=0.42 GiB reserve=1.59 GiB total=31.86 GiB)
ds4: ROCm q8 fp16 cache budget exhausted; using q8 kernels (request=64.00 MiB cached=0.00 GiB free=0.42 GiB reserve=1.59 GiB total=31.86 GiB)
ds4: ROCm q8 fp16 cache budget exhausted; using q8 kernels (request=64.00 MiB cached=0.00 GiB free=0.42 GiB reserve=1.59 GiB total=31.86 GiB)
ds4: ROCm q8 fp16 cache budget exhausted; using q8 kernels (request=64.00 MiB cached=0.00 GiB free=0.42 GiB reserve=1.59 GiB total=31.86 GiB)
ds4: ROCm q8 fp16 cache budget exhausted; using q8 kernels (request=64.00 MiB cached=0.00 GiB free=0.42 GiB reserve=1.59 GiB total=31.86 GiB)
ds4: ROCm q8 fp16 cache budget exhausted; using q8 kernels (request=64.00 MiB cached=0.00 GiB free=0.42 GiB reserve=1.59 GiB total=31.86 GiB)
ds4: ROCm q8 fp16 cache budget exhausted; using q8 kernels (request=64.00 MiB cached=0.00 GiB free=0.42 GiB reserve=1.59 GiB total=31.86 GiB)
ds4: ROCm q8 fp16 cache budget exhausted; using q8 kernels (request=64.00 MiB cached=0.00 GiB free=0.42 GiB reserve=1.59 GiB total=31.86 GiB)
ds4: ROCm q8 fp16 cache budget exhausted; using q8 kernels (request=64.00 MiB cached=0.00 GiB free=0.42 GiB reserve=1.59 GiB total=31.86 GiB)
ds4: ROCm q8 fp16 cache budget exhausted; using q8 kernels (request=64.00 MiB cached=0.00 GiB free=0.42 GiB reserve=1.59 GiB total=31.86 GiB)
ds4: ROCm q8 fp16 cache budget exhausted; using q8 kernels (request=64.00 MiB cached=0.00 GiB free=0.42 GiB reserve=1.59 GiB total=31.86 GiB)
ds4: ROCm q8 fp16 cache budget exhausted; using q8 kernels (request=64.00 MiB cached=0.00 GiB free=0.42 GiB reserve=1.59 GiB total=31.86 GiB)
ds4: ROCm q8 fp16 cache budget exhausted; using q8 kernels (request=64.00 MiB cached=0.00 GiB free=0.42 GiB reserve=1.59 GiB total=31.86 GiB)
ds4: ROCm q8 fp16 cache budget exhausted; using q8 kernels (request=64.00 MiB cached=0.00 GiB free=0.42 GiB reserve=1.59 GiB total=31.86 GiB)
ds4: ROCm q8 fp16 cache budget exhausted; using q8 kernels (request=64.00 MiB cached=0.00 GiB free=0.42 GiB reserve=1.59 GiB total=31.86 GiB)
ds4: ROCm q8 fp16 cache budget exhausted; using q8 kernels (request=64.00 MiB cached=0.00 GiB free=0.42 GiB reserve=1.59 GiB total=31.86 GiB)
ds4: ROCm q8 fp16 cache budget exhausted; using q8 kernels (request=64.00 MiB cached=0.00 GiB free=0.42 GiB reserve=1.59 GiB total=31.86 GiB)
ds4: ROCm q8 fp16 cache budget exhausted; using q8 kernels (request=64.00 MiB cached=0.00 GiB free=0.42 GiB reserve=1.59 GiB total=31.86 GiB)
ds4: ROCm q8 fp16 cache budget exhausted; using q8 kernels (request=64.00 MiB cached=0.00 GiB free=0.42 GiB reserve=1.59 GiB total=31.86 GiB)
ds4: ROCm q8 fp16 cache budget exhausted; using q8 kernels (request=64.00 MiB cached=0.00 GiB free=0.42 GiB reserve=1.59 GiB total=31.86 GiB)
ds4: ROCm q8 fp16 cache budget exhausted; using q8 kernels (request=64.00 MiB cached=0.00 GiB free=0.42 GiB reserve=1.59 GiB total=31.86 GiB)
ds4: ROCm q8 fp16 cache budget exhausted; using q8 kernels (request=64.00 MiB cached=0.00 GiB free=0.42 GiB reserve=1.59 GiB total=31.86 GiB)
ds4: ROCm q8 fp16 cache budget exhausted; using q8 kernels (request=64.00 MiB cached=0.00 GiB free=0.42 GiB reserve=1.59 GiB total=31.86 GiB)
ds4: ROCm q8 fp16 cache budget exhausted; using q8 kernels (request=64.00 MiB cached=0.00 GiB free=0.42 GiB reserve=1.59 GiB total=31.86 GiB)
ds4: ROCm q8 fp16 cache budget exhausted; using q8 kernels (request=64.00 MiB cached=0.00 GiB free=0.42 GiB reserve=1.59 GiB total=31.86 GiB)
ds4: ROCm q8 fp16 cache budget exhausted; using q8 kernels (request=64.00 MiB cached=0.00 GiB free=0.42 GiB reserve=1.59 GiB total=31.86 GiB)
ds4: ROCm q8 fp16 cache budget exhausted; using q8 kernels (request=64.00 MiB cached=0.00 GiB free=0.42 GiB reserve=1.59 GiB total=31.86 GiB)
case_038 cases=39 prompt=26 target=24 avg_nll=0.304618 lcp=0 api_target_mae=0.304618 api_top_coverage=97/120 api_top1=0.875 api_topn=0.258 api_pair=1.000
ds4: ROCm q8 fp16 cache budget exhausted; using q8 kernels (request=64.00 MiB cached=0.00 GiB free=0.42 GiB reserve=1.59 GiB total=31.86 GiB)
ds4: ROCm q8 fp16 cache budget exhausted; using q8 kernels (request=64.00 MiB cached=0.00 GiB free=0.42 GiB reserve=1.59 GiB total=31.86 GiB)
ds4: ROCm q8 fp16 cache budget exhausted; using q8 kernels (request=64.00 MiB cached=0.00 GiB free=0.42 GiB reserve=1.59 GiB total=31.86 GiB)
ds4: ROCm q8 fp16 cache budget exhausted; using q8 kernels (request=64.00 MiB cached=0.00 GiB free=0.42 GiB reserve=1.59 GiB total=31.86 GiB)
ds4: ROCm q8 fp16 cache budget exhausted; using q8 kernels (request=64.00 MiB cached=0.00 GiB free=0.42 GiB reserve=1.59 GiB total=31.86 GiB)
ds4: ROCm q8 fp16 cache budget exhausted; using q8 kernels (request=64.00 MiB cached=0.00 GiB free=0.42 GiB reserve=1.59 GiB total=31.86 GiB)
ds4: ROCm q8 fp16 cache budget exhausted; using q8 kernels (request=64.00 MiB cached=0.00 GiB free=0.42 GiB reserve=1.59 GiB total=31.86 GiB)
ds4: ROCm q8 fp16 cache budget exhausted; using q8 kernels (request=64.00 MiB cached=0.00 GiB free=0.42 GiB reserve=1.59 GiB total=31.86 GiB)
ds4: ROCm q8 fp16 cache budget exhausted; using q8 kernels (request=64.00 MiB cached=0.00 GiB free=0.42 GiB reserve=1.59 GiB total=31.86 GiB)
ds4: ROCm q8 fp16 cache budget exhausted; using q8 kernels (request=64.00 MiB cached=0.00 GiB free=0.42 GiB reserve=1.59 GiB total=31.86 GiB)
ds4: ROCm q8 fp16 cache budget exhausted; using q8 kernels (request=64.00 MiB cached=0.00 GiB free=0.42 GiB reserve=1.59 GiB total=31.86 GiB)
ds4: ROCm q8 fp16 cache budget exhausted; using q8 kernels (request=64.00 MiB cached=0.00 GiB free=0.42 GiB reserve=1.59 GiB total=31.86 GiB)
ds4: ROCm q8 fp16 cache budget exhausted; using q8 kernels (request=64.00 MiB cached=0.00 GiB free=0.42 GiB reserve=1.59 GiB total=31.86 GiB)
ds4: ROCm q8 fp16 cache budget exhausted; using q8 kernels (request=64.00 MiB cached=0.00 GiB free=0.42 GiB reserve=1.59 GiB total=31.86 GiB)
ds4: ROCm q8 fp16 cache budget exhausted; using q8 kernels (request=64.00 MiB cached=0.00 GiB free=0.42 GiB reserve=1.59 GiB total=31.86 GiB)
ds4: ROCm q8 fp16 cache budget exhausted; using q8 kernels (request=64.00 MiB cached=0.00 GiB free=0.42 GiB reserve=1.59 GiB total=31.86 GiB)
ds4: ROCm q8 fp16 cache budget exhausted; using q8 kernels (request=64.00 MiB cached=0.00 GiB free=0.42 GiB reserve=1.59 GiB total=31.86 GiB)
ds4: ROCm q8 fp16 cache budget exhausted; using q8 kernels (request=64.00 MiB cached=0.00 GiB free=0.42 GiB reserve=1.59 GiB total=31.86 GiB)
ds4: ROCm q8 fp16 cache budget exhausted; using q8 kernels (request=64.00 MiB cached=0.00 GiB free=0.42 GiB reserve=1.59 GiB total=31.86 GiB)
ds4: ROCm q8 fp16 cache budget exhausted; using q8 kernels (request=64.00 MiB cached=0.00 GiB free=0.42 GiB reserve=1.59 GiB total=31.86 GiB)
ds4: ROCm q8 fp16 cache budget exhausted; using q8 kernels (request=64.00 MiB cached=0.00 GiB free=0.42 GiB reserve=1.59 GiB total=31.86 GiB)
ds4: ROCm q8 fp16 cache budget exhausted; using q8 kernels (request=64.00 MiB cached=0.00 GiB free=0.42 GiB reserve=1.59 GiB total=31.86 GiB)
ds4: ROCm q8 fp16 cache budget exhausted; using q8 kernels (request=64.00 MiB cached=0.00 GiB free=0.42 GiB reserve=1.59 GiB total=31.86 GiB)
ds4: ROCm q8 fp16 cache budget exhausted; using q8 kernels (request=64.00 MiB cached=0.00 GiB free=0.42 GiB reserve=1.59 GiB total=31.86 GiB)
ds4: ROCm q8 fp16 cache budget exhausted; using q8 kernels (request=64.00 MiB cached=0.00 GiB free=0.42 GiB reserve=1.59 GiB total=31.86 GiB)
ds4: ROCm q8 fp16 cache budget exhausted; using q8 kernels (request=64.00 MiB cached=0.00 GiB free=0.42 GiB reserve=1.59 GiB total=31.86 GiB)
ds4: ROCm q8 fp16 cache budget exhausted; using q8 kernels (request=64.00 MiB cached=0.00 GiB free=0.42 GiB reserve=1.59 GiB total=31.86 GiB)
ds4: ROCm q8 fp16 cache budget exhausted; using q8 kernels (request=64.00 MiB cached=0.00 GiB free=0.42 GiB reserve=1.59 GiB total=31.86 GiB)
ds4: ROCm q8 fp16 cache budget exhausted; using q8 kernels (request=64.00 MiB cached=0.00 GiB free=0.42 GiB reserve=1.59 GiB total=31.86 GiB)
ds4: ROCm q8 fp16 cache budget exhausted; using q8 kernels (request=64.00 MiB cached=0.00 GiB free=0.42 GiB reserve=1.59 GiB total=31.86 GiB)
ds4: ROCm q8 fp16 cache budget exhausted; using q8 kernels (request=64.00 MiB cached=0.00 GiB free=0.42 GiB reserve=1.59 GiB total=31.86 GiB)
ds4: ROCm q8 fp16 cache budget exhausted; using q8 kernels (request=64.00 MiB cached=0.00 GiB free=0.42 GiB reserve=1.59 GiB total=31.86 GiB)
ds4: ROCm q8 fp16 cache budget exhausted; using q8 kernels (request=64.00 MiB cached=0.00 GiB free=0.42 GiB reserve=1.59 GiB total=31.86 GiB)
ds4: ROCm q8 fp16 cache budget exhausted; using q8 kernels (request=64.00 MiB cached=0.00 GiB free=0.42 GiB reserve=1.59 GiB total=31.86 GiB)
ds4: ROCm q8 fp16 cache budget exhausted; using q8 kernels (request=64.00 MiB cached=0.00 GiB free=0.42 GiB reserve=1.59 GiB total=31.86 GiB)
ds4: ROCm q8 fp16 cache budget exhausted; using q8 kernels (request=64.00 MiB cached=0.00 GiB free=0.42 GiB reserve=1.59 GiB total=31.86 GiB)
ds4: ROCm q8 fp16 cache budget exhausted; using q8 kernels (request=64.00 MiB cached=0.00 GiB free=0.42 GiB reserve=1.59 GiB total=31.86 GiB)
ds4: ROCm q8 fp16 cache budget exhausted; using q8 kernels (request=64.00 MiB cached=0.00 GiB free=0.42 GiB reserve=1.59 GiB total=31.86 GiB)
ds4: ROCm q8 fp16 cache budget exhausted; using q8 kernels (request=64.00 MiB cached=0.00 GiB free=0.42 GiB reserve=1.59 GiB total=31.86 GiB)
ds4: ROCm q8 fp16 cache budget exhausted; using q8 kernels (request=64.00 MiB cached=0.00 GiB free=0.42 GiB reserve=1.59 GiB total=31.86 GiB)
ds4: ROCm q8 fp16 cache budget exhausted; using q8 kernels (request=64.00 MiB cached=0.00 GiB free=0.42 GiB reserve=1.59 GiB total=31.86 GiB)
ds4: ROCm q8 fp16 cache budget exhausted; using q8 kernels (request=64.00 MiB cached=0.00 GiB free=0.42 GiB reserve=1.59 GiB total=31.86 GiB)
ds4: ROCm q8 fp16 cache budget exhausted; using q8 kernels (request=64.00 MiB cached=0.00 GiB free=0.42 GiB reserve=1.59 GiB total=31.86 GiB)
case_039 cases=40 prompt=23 target=24 avg_nll=0.695862 lcp=0 api_target_mae=0.695862 api_top_coverage=99/120 api_top1=0.750 api_topn=0.242 api_pair=0.987
ds4: ROCm q8 fp16 cache budget exhausted; using q8 kernels (request=64.00 MiB cached=0.00 GiB free=0.42 GiB reserve=1.59 GiB total=31.86 GiB)
ds4: ROCm q8 fp16 cache budget exhausted; using q8 kernels (request=64.00 MiB cached=0.00 GiB free=0.42 GiB reserve=1.59 GiB total=31.86 GiB)
ds4: ROCm q8 fp16 cache budget exhausted; using q8 kernels (request=64.00 MiB cached=0.00 GiB free=0.42 GiB reserve=1.59 GiB total=31.86 GiB)
ds4: ROCm q8 fp16 cache budget exhausted; using q8 kernels (request=64.00 MiB cached=0.00 GiB free=0.42 GiB reserve=1.59 GiB total=31.86 GiB)
ds4: ROCm q8 fp16 cache budget exhausted; using q8 kernels (request=64.00 MiB cached=0.00 GiB free=0.42 GiB reserve=1.59 GiB total=31.86 GiB)
ds4: ROCm q8 fp16 cache budget exhausted; using q8 kernels (request=64.00 MiB cached=0.00 GiB free=0.42 GiB reserve=1.59 GiB total=31.86 GiB)
ds4: ROCm q8 fp16 cache budget exhausted; using q8 kernels (request=64.00 MiB cached=0.00 GiB free=0.42 GiB reserve=1.59 GiB total=31.86 GiB)
ds4: ROCm q8 fp16 cache budget exhausted; using q8 kernels (request=64.00 MiB cached=0.00 GiB free=0.42 GiB reserve=1.59 GiB total=31.86 GiB)
ds4: ROCm q8 fp16 cache budget exhausted; using q8 kernels (request=64.00 MiB cached=0.00 GiB free=0.42 GiB reserve=1.59 GiB total=31.86 GiB)
ds4: ROCm q8 fp16 cache budget exhausted; using q8 kernels (request=64.00 MiB cached=0.00 GiB free=0.42 GiB reserve=1.59 GiB total=31.86 GiB)
ds4: ROCm q8 fp16 cache budget exhausted; using q8 kernels (request=64.00 MiB cached=0.00 GiB free=0.42 GiB reserve=1.59 GiB total=31.86 GiB)
ds4: ROCm q8 fp16 cache budget exhausted; using q8 kernels (request=64.00 MiB cached=0.00 GiB free=0.42 GiB reserve=1.59 GiB total=31.86 GiB)
ds4: ROCm q8 fp16 cache budget exhausted; using q8 kernels (request=64.00 MiB cached=0.00 GiB free=0.42 GiB reserve=1.59 GiB total=31.86 GiB)
ds4: ROCm q8 fp16 cache budget exhausted; using q8 kernels (request=64.00 MiB cached=0.00 GiB free=0.42 GiB reserve=1.59 GiB total=31.86 GiB)
ds4: ROCm q8 fp16 cache budget exhausted; using q8 kernels (request=64.00 MiB cached=0.00 GiB free=0.42 GiB reserve=1.59 GiB total=31.86 GiB)
ds4: ROCm q8 fp16 cache budget exhausted; using q8 kernels (request=64.00 MiB cached=0.00 GiB free=0.42 GiB reserve=1.59 GiB total=31.86 GiB)
ds4: ROCm q8 fp16 cache budget exhausted; using q8 kernels (request=64.00 MiB cached=0.00 GiB free=0.42 GiB reserve=1.59 GiB total=31.86 GiB)
ds4: ROCm q8 fp16 cache budget exhausted; using q8 kernels (request=64.00 MiB cached=0.00 GiB free=0.42 GiB reserve=1.59 GiB total=31.86 GiB)
ds4: ROCm q8 fp16 cache budget exhausted; using q8 kernels (request=64.00 MiB cached=0.00 GiB free=0.42 GiB reserve=1.59 GiB total=31.86 GiB)
ds4: ROCm q8 fp16 cache budget exhausted; using q8 kernels (request=64.00 MiB cached=0.00 GiB free=0.42 GiB reserve=1.59 GiB total=31.86 GiB)
ds4: ROCm q8 fp16 cache budget exhausted; using q8 kernels (request=64.00 MiB cached=0.00 GiB free=0.42 GiB reserve=1.59 GiB total=31.86 GiB)
ds4: ROCm q8 fp16 cache budget exhausted; using q8 kernels (request=64.00 MiB cached=0.00 GiB free=0.42 GiB reserve=1.59 GiB total=31.86 GiB)
ds4: ROCm q8 fp16 cache budget exhausted; using q8 kernels (request=64.00 MiB cached=0.00 GiB free=0.42 GiB reserve=1.59 GiB total=31.86 GiB)
ds4: ROCm q8 fp16 cache budget exhausted; using q8 kernels (request=64.00 MiB cached=0.00 GiB free=0.42 GiB reserve=1.59 GiB total=31.86 GiB)
ds4: ROCm q8 fp16 cache budget exhausted; using q8 kernels (request=64.00 MiB cached=0.00 GiB free=0.42 GiB reserve=1.59 GiB total=31.86 GiB)
ds4: ROCm q8 fp16 cache budget exhausted; using q8 kernels (request=64.00 MiB cached=0.00 GiB free=0.42 GiB reserve=1.59 GiB total=31.86 GiB)
ds4: ROCm q8 fp16 cache budget exhausted; using q8 kernels (request=64.00 MiB cached=0.00 GiB free=0.42 GiB reserve=1.59 GiB total=31.86 GiB)
ds4: ROCm q8 fp16 cache budget exhausted; using q8 kernels (request=64.00 MiB cached=0.00 GiB free=0.42 GiB reserve=1.59 GiB total=31.86 GiB)
ds4: ROCm q8 fp16 cache budget exhausted; using q8 kernels (request=64.00 MiB cached=0.00 GiB free=0.42 GiB reserve=1.59 GiB total=31.86 GiB)
ds4: ROCm q8 fp16 cache budget exhausted; using q8 kernels (request=64.00 MiB cached=0.00 GiB free=0.42 GiB reserve=1.59 GiB total=31.86 GiB)
ds4: ROCm q8 fp16 cache budget exhausted; using q8 kernels (request=64.00 MiB cached=0.00 GiB free=0.42 GiB reserve=1.59 GiB total=31.86 GiB)
ds4: ROCm q8 fp16 cache budget exhausted; using q8 kernels (request=64.00 MiB cached=0.00 GiB free=0.42 GiB reserve=1.59 GiB total=31.86 GiB)
ds4: ROCm q8 fp16 cache budget exhausted; using q8 kernels (request=64.00 MiB cached=0.00 GiB free=0.42 GiB reserve=1.59 GiB total=31.86 GiB)
ds4: ROCm q8 fp16 cache budget exhausted; using q8 kernels (request=64.00 MiB cached=0.00 GiB free=0.42 GiB reserve=1.59 GiB total=31.86 GiB)
ds4: ROCm q8 fp16 cache budget exhausted; using q8 kernels (request=64.00 MiB cached=0.00 GiB free=0.42 GiB reserve=1.59 GiB total=31.86 GiB)
ds4: ROCm q8 fp16 cache budget exhausted; using q8 kernels (request=64.00 MiB cached=0.00 GiB free=0.42 GiB reserve=1.59 GiB total=31.86 GiB)
ds4: ROCm q8 fp16 cache budget exhausted; using q8 kernels (request=64.00 MiB cached=0.00 GiB free=0.42 GiB reserve=1.59 GiB total=31.86 GiB)
ds4: ROCm q8 fp16 cache budget exhausted; using q8 kernels (request=64.00 MiB cached=0.00 GiB free=0.42 GiB reserve=1.59 GiB total=31.86 GiB)
ds4: ROCm q8 fp16 cache budget exhausted; using q8 kernels (request=64.00 MiB cached=0.00 GiB free=0.42 GiB reserve=1.59 GiB total=31.86 GiB)
ds4: ROCm q8 fp16 cache budget exhausted; using q8 kernels (request=64.00 MiB cached=0.00 GiB free=0.42 GiB reserve=1.59 GiB total=31.86 GiB)
ds4: ROCm q8 fp16 cache budget exhausted; using q8 kernels (request=64.00 MiB cached=0.00 GiB free=0.42 GiB reserve=1.59 GiB total=31.86 GiB)
ds4: ROCm q8 fp16 cache budget exhausted; using q8 kernels (request=64.00 MiB cached=0.00 GiB free=0.42 GiB reserve=1.59 GiB total=31.86 GiB)
ds4: ROCm q8 fp16 cache budget exhausted; using q8 kernels (request=64.00 MiB cached=0.00 GiB free=0.42 GiB reserve=1.59 GiB total=31.86 GiB)
case_040 cases=41 prompt=21 target=24 avg_nll=0.425497 lcp=9 api_target_mae=0.425497 api_top_coverage=99/120 api_top1=0.833 api_topn=0.283 api_pair=1.000
ds4: ROCm q8 fp16 cache budget exhausted; using q8 kernels (request=64.00 MiB cached=0.00 GiB free=0.42 GiB reserve=1.59 GiB total=31.86 GiB)
ds4: ROCm q8 fp16 cache budget exhausted; using q8 kernels (request=64.00 MiB cached=0.00 GiB free=0.42 GiB reserve=1.59 GiB total=31.86 GiB)
ds4: ROCm q8 fp16 cache budget exhausted; using q8 kernels (request=64.00 MiB cached=0.00 GiB free=0.42 GiB reserve=1.59 GiB total=31.86 GiB)
ds4: ROCm q8 fp16 cache budget exhausted; using q8 kernels (request=64.00 MiB cached=0.00 GiB free=0.42 GiB reserve=1.59 GiB total=31.86 GiB)
ds4: ROCm q8 fp16 cache budget exhausted; using q8 kernels (request=64.00 MiB cached=0.00 GiB free=0.42 GiB reserve=1.59 GiB total=31.86 GiB)
ds4: ROCm q8 fp16 cache budget exhausted; using q8 kernels (request=64.00 MiB cached=0.00 GiB free=0.42 GiB reserve=1.59 GiB total=31.86 GiB)
ds4: ROCm q8 fp16 cache budget exhausted; using q8 kernels (request=64.00 MiB cached=0.00 GiB free=0.42 GiB reserve=1.59 GiB total=31.86 GiB)
ds4: ROCm q8 fp16 cache budget exhausted; using q8 kernels (request=64.00 MiB cached=0.00 GiB free=0.42 GiB reserve=1.59 GiB total=31.86 GiB)
ds4: ROCm q8 fp16 cache budget exhausted; using q8 kernels (request=64.00 MiB cached=0.00 GiB free=0.42 GiB reserve=1.59 GiB total=31.86 GiB)
ds4: ROCm q8 fp16 cache budget exhausted; using q8 kernels (request=64.00 MiB cached=0.00 GiB free=0.42 GiB reserve=1.59 GiB total=31.86 GiB)
ds4: ROCm q8 fp16 cache budget exhausted; using q8 kernels (request=64.00 MiB cached=0.00 GiB free=0.42 GiB reserve=1.59 GiB total=31.86 GiB)
ds4: ROCm q8 fp16 cache budget exhausted; using q8 kernels (request=64.00 MiB cached=0.00 GiB free=0.42 GiB reserve=1.59 GiB total=31.86 GiB)
ds4: ROCm q8 fp16 cache budget exhausted; using q8 kernels (request=64.00 MiB cached=0.00 GiB free=0.42 GiB reserve=1.59 GiB total=31.86 GiB)
ds4: ROCm q8 fp16 cache budget exhausted; using q8 kernels (request=64.00 MiB cached=0.00 GiB free=0.42 GiB reserve=1.59 GiB total=31.86 GiB)
ds4: ROCm q8 fp16 cache budget exhausted; using q8 kernels (request=64.00 MiB cached=0.00 GiB free=0.42 GiB reserve=1.59 GiB total=31.86 GiB)
ds4: ROCm q8 fp16 cache budget exhausted; using q8 kernels (request=64.00 MiB cached=0.00 GiB free=0.42 GiB reserve=1.59 GiB total=31.86 GiB)
ds4: ROCm q8 fp16 cache budget exhausted; using q8 kernels (request=64.00 MiB cached=0.00 GiB free=0.42 GiB reserve=1.59 GiB total=31.86 GiB)
ds4: ROCm q8 fp16 cache budget exhausted; using q8 kernels (request=64.00 MiB cached=0.00 GiB free=0.42 GiB reserve=1.59 GiB total=31.86 GiB)
ds4: ROCm q8 fp16 cache budget exhausted; using q8 kernels (request=64.00 MiB cached=0.00 GiB free=0.42 GiB reserve=1.59 GiB total=31.86 GiB)
ds4: ROCm q8 fp16 cache budget exhausted; using q8 kernels (request=64.00 MiB cached=0.00 GiB free=0.42 GiB reserve=1.59 GiB total=31.86 GiB)
ds4: ROCm q8 fp16 cache budget exhausted; using q8 kernels (request=64.00 MiB cached=0.00 GiB free=0.42 GiB reserve=1.59 GiB total=31.86 GiB)
ds4: ROCm q8 fp16 cache budget exhausted; using q8 kernels (request=64.00 MiB cached=0.00 GiB free=0.42 GiB reserve=1.59 GiB total=31.86 GiB)
ds4: ROCm q8 fp16 cache budget exhausted; using q8 kernels (request=64.00 MiB cached=0.00 GiB free=0.42 GiB reserve=1.59 GiB total=31.86 GiB)
ds4: ROCm q8 fp16 cache budget exhausted; using q8 kernels (request=64.00 MiB cached=0.00 GiB free=0.42 GiB reserve=1.59 GiB total=31.86 GiB)
ds4: ROCm q8 fp16 cache budget exhausted; using q8 kernels (request=64.00 MiB cached=0.00 GiB free=0.42 GiB reserve=1.59 GiB total=31.86 GiB)
ds4: ROCm q8 fp16 cache budget exhausted; using q8 kernels (request=64.00 MiB cached=0.00 GiB free=0.42 GiB reserve=1.59 GiB total=31.86 GiB)
ds4: ROCm q8 fp16 cache budget exhausted; using q8 kernels (request=64.00 MiB cached=0.00 GiB free=0.42 GiB reserve=1.59 GiB total=31.86 GiB)
ds4: ROCm q8 fp16 cache budget exhausted; using q8 kernels (request=64.00 MiB cached=0.00 GiB free=0.42 GiB reserve=1.59 GiB total=31.86 GiB)
ds4: ROCm q8 fp16 cache budget exhausted; using q8 kernels (request=64.00 MiB cached=0.00 GiB free=0.42 GiB reserve=1.59 GiB total=31.86 GiB)
ds4: ROCm q8 fp16 cache budget exhausted; using q8 kernels (request=64.00 MiB cached=0.00 GiB free=0.42 GiB reserve=1.59 GiB total=31.86 GiB)
ds4: ROCm q8 fp16 cache budget exhausted; using q8 kernels (request=64.00 MiB cached=0.00 GiB free=0.42 GiB reserve=1.59 GiB total=31.86 GiB)
ds4: ROCm q8 fp16 cache budget exhausted; using q8 kernels (request=64.00 MiB cached=0.00 GiB free=0.42 GiB reserve=1.59 GiB total=31.86 GiB)
ds4: ROCm q8 fp16 cache budget exhausted; using q8 kernels (request=64.00 MiB cached=0.00 GiB free=0.42 GiB reserve=1.59 GiB total=31.86 GiB)
ds4: ROCm q8 fp16 cache budget exhausted; using q8 kernels (request=64.00 MiB cached=0.00 GiB free=0.42 GiB reserve=1.59 GiB total=31.86 GiB)
ds4: ROCm q8 fp16 cache budget exhausted; using q8 kernels (request=64.00 MiB cached=0.00 GiB free=0.42 GiB reserve=1.59 GiB total=31.86 GiB)
ds4: ROCm q8 fp16 cache budget exhausted; using q8 kernels (request=64.00 MiB cached=0.00 GiB free=0.42 GiB reserve=1.59 GiB total=31.86 GiB)
ds4: ROCm q8 fp16 cache budget exhausted; using q8 kernels (request=64.00 MiB cached=0.00 GiB free=0.42 GiB reserve=1.59 GiB total=31.86 GiB)
ds4: ROCm q8 fp16 cache budget exhausted; using q8 kernels (request=64.00 MiB cached=0.00 GiB free=0.42 GiB reserve=1.59 GiB total=31.86 GiB)
ds4: ROCm q8 fp16 cache budget exhausted; using q8 kernels (request=64.00 MiB cached=0.00 GiB free=0.42 GiB reserve=1.59 GiB total=31.86 GiB)
ds4: ROCm q8 fp16 cache budget exhausted; using q8 kernels (request=64.00 MiB cached=0.00 GiB free=0.42 GiB reserve=1.59 GiB total=31.86 GiB)
ds4: ROCm q8 fp16 cache budget exhausted; using q8 kernels (request=64.00 MiB cached=0.00 GiB free=0.42 GiB reserve=1.59 GiB total=31.86 GiB)
ds4: ROCm q8 fp16 cache budget exhausted; using q8 kernels (request=64.00 MiB cached=0.00 GiB free=0.42 GiB reserve=1.59 GiB total=31.86 GiB)
ds4: ROCm q8 fp16 cache budget exhausted; using q8 kernels (request=64.00 MiB cached=0.00 GiB free=0.42 GiB reserve=1.59 GiB total=31.86 GiB)
case_041 cases=42 prompt=15 target=24 avg_nll=0.609793 lcp=5 api_target_mae=0.609793 api_top_coverage=101/120 api_top1=0.750 api_topn=0.248 api_pair=0.987
ds4: ROCm q8 fp16 cache budget exhausted; using q8 kernels (request=64.00 MiB cached=0.00 GiB free=0.42 GiB reserve=1.59 GiB total=31.86 GiB)
ds4: ROCm q8 fp16 cache budget exhausted; using q8 kernels (request=64.00 MiB cached=0.00 GiB free=0.42 GiB reserve=1.59 GiB total=31.86 GiB)
ds4: ROCm q8 fp16 cache budget exhausted; using q8 kernels (request=64.00 MiB cached=0.00 GiB free=0.42 GiB reserve=1.59 GiB total=31.86 GiB)
ds4: ROCm q8 fp16 cache budget exhausted; using q8 kernels (request=64.00 MiB cached=0.00 GiB free=0.42 GiB reserve=1.59 GiB total=31.86 GiB)
ds4: ROCm q8 fp16 cache budget exhausted; using q8 kernels (request=64.00 MiB cached=0.00 GiB free=0.42 GiB reserve=1.59 GiB total=31.86 GiB)
ds4: ROCm q8 fp16 cache budget exhausted; using q8 kernels (request=64.00 MiB cached=0.00 GiB free=0.42 GiB reserve=1.59 GiB total=31.86 GiB)
ds4: ROCm q8 fp16 cache budget exhausted; using q8 kernels (request=64.00 MiB cached=0.00 GiB free=0.42 GiB reserve=1.59 GiB total=31.86 GiB)
ds4: ROCm q8 fp16 cache budget exhausted; using q8 kernels (request=64.00 MiB cached=0.00 GiB free=0.42 GiB reserve=1.59 GiB total=31.86 GiB)
ds4: ROCm q8 fp16 cache budget exhausted; using q8 kernels (request=64.00 MiB cached=0.00 GiB free=0.42 GiB reserve=1.59 GiB total=31.86 GiB)
ds4: ROCm q8 fp16 cache budget exhausted; using q8 kernels (request=64.00 MiB cached=0.00 GiB free=0.42 GiB reserve=1.59 GiB total=31.86 GiB)
ds4: ROCm q8 fp16 cache budget exhausted; using q8 kernels (request=64.00 MiB cached=0.00 GiB free=0.42 GiB reserve=1.59 GiB total=31.86 GiB)
ds4: ROCm q8 fp16 cache budget exhausted; using q8 kernels (request=64.00 MiB cached=0.00 GiB free=0.42 GiB reserve=1.59 GiB total=31.86 GiB)
ds4: ROCm q8 fp16 cache budget exhausted; using q8 kernels (request=64.00 MiB cached=0.00 GiB free=0.42 GiB reserve=1.59 GiB total=31.86 GiB)
ds4: ROCm q8 fp16 cache budget exhausted; using q8 kernels (request=64.00 MiB cached=0.00 GiB free=0.42 GiB reserve=1.59 GiB total=31.86 GiB)
ds4: ROCm q8 fp16 cache budget exhausted; using q8 kernels (request=64.00 MiB cached=0.00 GiB free=0.42 GiB reserve=1.59 GiB total=31.86 GiB)
ds4: ROCm q8 fp16 cache budget exhausted; using q8 kernels (request=64.00 MiB cached=0.00 GiB free=0.42 GiB reserve=1.59 GiB total=31.86 GiB)
ds4: ROCm q8 fp16 cache budget exhausted; using q8 kernels (request=64.00 MiB cached=0.00 GiB free=0.42 GiB reserve=1.59 GiB total=31.86 GiB)
ds4: ROCm q8 fp16 cache budget exhausted; using q8 kernels (request=64.00 MiB cached=0.00 GiB free=0.42 GiB reserve=1.59 GiB total=31.86 GiB)
ds4: ROCm q8 fp16 cache budget exhausted; using q8 kernels (request=64.00 MiB cached=0.00 GiB free=0.42 GiB reserve=1.59 GiB total=31.86 GiB)
ds4: ROCm q8 fp16 cache budget exhausted; using q8 kernels (request=64.00 MiB cached=0.00 GiB free=0.42 GiB reserve=1.59 GiB total=31.86 GiB)
ds4: ROCm q8 fp16 cache budget exhausted; using q8 kernels (request=64.00 MiB cached=0.00 GiB free=0.42 GiB reserve=1.59 GiB total=31.86 GiB)
ds4: ROCm q8 fp16 cache budget exhausted; using q8 kernels (request=64.00 MiB cached=0.00 GiB free=0.42 GiB reserve=1.59 GiB total=31.86 GiB)
ds4: ROCm q8 fp16 cache budget exhausted; using q8 kernels (request=64.00 MiB cached=0.00 GiB free=0.42 GiB reserve=1.59 GiB total=31.86 GiB)
ds4: ROCm q8 fp16 cache budget exhausted; using q8 kernels (request=64.00 MiB cached=0.00 GiB free=0.42 GiB reserve=1.59 GiB total=31.86 GiB)
ds4: ROCm q8 fp16 cache budget exhausted; using q8 kernels (request=64.00 MiB cached=0.00 GiB free=0.42 GiB reserve=1.59 GiB total=31.86 GiB)
ds4: ROCm q8 fp16 cache budget exhausted; using q8 kernels (request=64.00 MiB cached=0.00 GiB free=0.42 GiB reserve=1.59 GiB total=31.86 GiB)
ds4: ROCm q8 fp16 cache budget exhausted; using q8 kernels (request=64.00 MiB cached=0.00 GiB free=0.42 GiB reserve=1.59 GiB total=31.86 GiB)
ds4: ROCm q8 fp16 cache budget exhausted; using q8 kernels (request=64.00 MiB cached=0.00 GiB free=0.42 GiB reserve=1.59 GiB total=31.86 GiB)
ds4: ROCm q8 fp16 cache budget exhausted; using q8 kernels (request=64.00 MiB cached=0.00 GiB free=0.42 GiB reserve=1.59 GiB total=31.86 GiB)
ds4: ROCm q8 fp16 cache budget exhausted; using q8 kernels (request=64.00 MiB cached=0.00 GiB free=0.42 GiB reserve=1.59 GiB total=31.86 GiB)
ds4: ROCm q8 fp16 cache budget exhausted; using q8 kernels (request=64.00 MiB cached=0.00 GiB free=0.42 GiB reserve=1.59 GiB total=31.86 GiB)
ds4: ROCm q8 fp16 cache budget exhausted; using q8 kernels (request=64.00 MiB cached=0.00 GiB free=0.42 GiB reserve=1.59 GiB total=31.86 GiB)
ds4: ROCm q8 fp16 cache budget exhausted; using q8 kernels (request=64.00 MiB cached=0.00 GiB free=0.42 GiB reserve=1.59 GiB total=31.86 GiB)
ds4: ROCm q8 fp16 cache budget exhausted; using q8 kernels (request=64.00 MiB cached=0.00 GiB free=0.42 GiB reserve=1.59 GiB total=31.86 GiB)
ds4: ROCm q8 fp16 cache budget exhausted; using q8 kernels (request=64.00 MiB cached=0.00 GiB free=0.42 GiB reserve=1.59 GiB total=31.86 GiB)
ds4: ROCm q8 fp16 cache budget exhausted; using q8 kernels (request=64.00 MiB cached=0.00 GiB free=0.42 GiB reserve=1.59 GiB total=31.86 GiB)
ds4: ROCm q8 fp16 cache budget exhausted; using q8 kernels (request=64.00 MiB cached=0.00 GiB free=0.42 GiB reserve=1.59 GiB total=31.86 GiB)
ds4: ROCm q8 fp16 cache budget exhausted; using q8 kernels (request=64.00 MiB cached=0.00 GiB free=0.42 GiB reserve=1.59 GiB total=31.86 GiB)
ds4: ROCm q8 fp16 cache budget exhausted; using q8 kernels (request=64.00 MiB cached=0.00 GiB free=0.42 GiB reserve=1.59 GiB total=31.86 GiB)
ds4: ROCm q8 fp16 cache budget exhausted; using q8 kernels (request=64.00 MiB cached=0.00 GiB free=0.42 GiB reserve=1.59 GiB total=31.86 GiB)
ds4: ROCm q8 fp16 cache budget exhausted; using q8 kernels (request=64.00 MiB cached=0.00 GiB free=0.42 GiB reserve=1.59 GiB total=31.86 GiB)
ds4: ROCm q8 fp16 cache budget exhausted; using q8 kernels (request=64.00 MiB cached=0.00 GiB free=0.42 GiB reserve=1.59 GiB total=31.86 GiB)
ds4: ROCm q8 fp16 cache budget exhausted; using q8 kernels (request=64.00 MiB cached=0.00 GiB free=0.42 GiB reserve=1.59 GiB total=31.86 GiB)
case_042 cases=43 prompt=14 target=24 avg_nll=0.563818 lcp=1 api_target_mae=0.563818 api_top_coverage=100/120 api_top1=0.792 api_topn=0.270 api_pair=1.000
ds4: ROCm q8 fp16 cache budget exhausted; using q8 kernels (request=64.00 MiB cached=0.00 GiB free=0.42 GiB reserve=1.59 GiB total=31.86 GiB)
ds4: ROCm q8 fp16 cache budget exhausted; using q8 kernels (request=64.00 MiB cached=0.00 GiB free=0.42 GiB reserve=1.59 GiB total=31.86 GiB)
ds4: ROCm q8 fp16 cache budget exhausted; using q8 kernels (request=64.00 MiB cached=0.00 GiB free=0.42 GiB reserve=1.59 GiB total=31.86 GiB)
ds4: ROCm q8 fp16 cache budget exhausted; using q8 kernels (request=64.00 MiB cached=0.00 GiB free=0.42 GiB reserve=1.59 GiB total=31.86 GiB)
ds4: ROCm q8 fp16 cache budget exhausted; using q8 kernels (request=64.00 MiB cached=0.00 GiB free=0.42 GiB reserve=1.59 GiB total=31.86 GiB)
ds4: ROCm q8 fp16 cache budget exhausted; using q8 kernels (request=64.00 MiB cached=0.00 GiB free=0.42 GiB reserve=1.59 GiB total=31.86 GiB)
ds4: ROCm q8 fp16 cache budget exhausted; using q8 kernels (request=64.00 MiB cached=0.00 GiB free=0.42 GiB reserve=1.59 GiB total=31.86 GiB)
ds4: ROCm q8 fp16 cache budget exhausted; using q8 kernels (request=64.00 MiB cached=0.00 GiB free=0.42 GiB reserve=1.59 GiB total=31.86 GiB)
ds4: ROCm q8 fp16 cache budget exhausted; using q8 kernels (request=64.00 MiB cached=0.00 GiB free=0.42 GiB reserve=1.59 GiB total=31.86 GiB)
ds4: ROCm q8 fp16 cache budget exhausted; using q8 kernels (request=64.00 MiB cached=0.00 GiB free=0.42 GiB reserve=1.59 GiB total=31.86 GiB)
ds4: ROCm q8 fp16 cache budget exhausted; using q8 kernels (request=64.00 MiB cached=0.00 GiB free=0.42 GiB reserve=1.59 GiB total=31.86 GiB)
ds4: ROCm q8 fp16 cache budget exhausted; using q8 kernels (request=64.00 MiB cached=0.00 GiB free=0.42 GiB reserve=1.59 GiB total=31.86 GiB)
ds4: ROCm q8 fp16 cache budget exhausted; using q8 kernels (request=64.00 MiB cached=0.00 GiB free=0.42 GiB reserve=1.59 GiB total=31.86 GiB)
ds4: ROCm q8 fp16 cache budget exhausted; using q8 kernels (request=64.00 MiB cached=0.00 GiB free=0.42 GiB reserve=1.59 GiB total=31.86 GiB)
ds4: ROCm q8 fp16 cache budget exhausted; using q8 kernels (request=64.00 MiB cached=0.00 GiB free=0.42 GiB reserve=1.59 GiB total=31.86 GiB)
ds4: ROCm q8 fp16 cache budget exhausted; using q8 kernels (request=64.00 MiB cached=0.00 GiB free=0.42 GiB reserve=1.59 GiB total=31.86 GiB)
ds4: ROCm q8 fp16 cache budget exhausted; using q8 kernels (request=64.00 MiB cached=0.00 GiB free=0.42 GiB reserve=1.59 GiB total=31.86 GiB)
ds4: ROCm q8 fp16 cache budget exhausted; using q8 kernels (request=64.00 MiB cached=0.00 GiB free=0.42 GiB reserve=1.59 GiB total=31.86 GiB)
ds4: ROCm q8 fp16 cache budget exhausted; using q8 kernels (request=64.00 MiB cached=0.00 GiB free=0.42 GiB reserve=1.59 GiB total=31.86 GiB)
ds4: ROCm q8 fp16 cache budget exhausted; using q8 kernels (request=64.00 MiB cached=0.00 GiB free=0.42 GiB reserve=1.59 GiB total=31.86 GiB)
ds4: ROCm q8 fp16 cache budget exhausted; using q8 kernels (request=64.00 MiB cached=0.00 GiB free=0.42 GiB reserve=1.59 GiB total=31.86 GiB)
ds4: ROCm q8 fp16 cache budget exhausted; using q8 kernels (request=64.00 MiB cached=0.00 GiB free=0.42 GiB reserve=1.59 GiB total=31.86 GiB)
ds4: ROCm q8 fp16 cache budget exhausted; using q8 kernels (request=64.00 MiB cached=0.00 GiB free=0.42 GiB reserve=1.59 GiB total=31.86 GiB)
ds4: ROCm q8 fp16 cache budget exhausted; using q8 kernels (request=64.00 MiB cached=0.00 GiB free=0.42 GiB reserve=1.59 GiB total=31.86 GiB)
ds4: ROCm q8 fp16 cache budget exhausted; using q8 kernels (request=64.00 MiB cached=0.00 GiB free=0.42 GiB reserve=1.59 GiB total=31.86 GiB)
ds4: ROCm q8 fp16 cache budget exhausted; using q8 kernels (request=64.00 MiB cached=0.00 GiB free=0.42 GiB reserve=1.59 GiB total=31.86 GiB)
ds4: ROCm q8 fp16 cache budget exhausted; using q8 kernels (request=64.00 MiB cached=0.00 GiB free=0.42 GiB reserve=1.59 GiB total=31.86 GiB)
ds4: ROCm q8 fp16 cache budget exhausted; using q8 kernels (request=64.00 MiB cached=0.00 GiB free=0.42 GiB reserve=1.59 GiB total=31.86 GiB)
ds4: ROCm q8 fp16 cache budget exhausted; using q8 kernels (request=64.00 MiB cached=0.00 GiB free=0.42 GiB reserve=1.59 GiB total=31.86 GiB)
ds4: ROCm q8 fp16 cache budget exhausted; using q8 kernels (request=64.00 MiB cached=0.00 GiB free=0.42 GiB reserve=1.59 GiB total=31.86 GiB)
ds4: ROCm q8 fp16 cache budget exhausted; using q8 kernels (request=64.00 MiB cached=0.00 GiB free=0.42 GiB reserve=1.59 GiB total=31.86 GiB)
ds4: ROCm q8 fp16 cache budget exhausted; using q8 kernels (request=64.00 MiB cached=0.00 GiB free=0.42 GiB reserve=1.59 GiB total=31.86 GiB)
ds4: ROCm q8 fp16 cache budget exhausted; using q8 kernels (request=64.00 MiB cached=0.00 GiB free=0.42 GiB reserve=1.59 GiB total=31.86 GiB)
ds4: ROCm q8 fp16 cache budget exhausted; using q8 kernels (request=64.00 MiB cached=0.00 GiB free=0.42 GiB reserve=1.59 GiB total=31.86 GiB)
ds4: ROCm q8 fp16 cache budget exhausted; using q8 kernels (request=64.00 MiB cached=0.00 GiB free=0.42 GiB reserve=1.59 GiB total=31.86 GiB)
ds4: ROCm q8 fp16 cache budget exhausted; using q8 kernels (request=64.00 MiB cached=0.00 GiB free=0.42 GiB reserve=1.59 GiB total=31.86 GiB)
ds4: ROCm q8 fp16 cache budget exhausted; using q8 kernels (request=64.00 MiB cached=0.00 GiB free=0.42 GiB reserve=1.59 GiB total=31.86 GiB)
ds4: ROCm q8 fp16 cache budget exhausted; using q8 kernels (request=64.00 MiB cached=0.00 GiB free=0.42 GiB reserve=1.59 GiB total=31.86 GiB)
ds4: ROCm q8 fp16 cache budget exhausted; using q8 kernels (request=64.00 MiB cached=0.00 GiB free=0.42 GiB reserve=1.59 GiB total=31.86 GiB)
ds4: ROCm q8 fp16 cache budget exhausted; using q8 kernels (request=64.00 MiB cached=0.00 GiB free=0.42 GiB reserve=1.59 GiB total=31.86 GiB)
ds4: ROCm q8 fp16 cache budget exhausted; using q8 kernels (request=64.00 MiB cached=0.00 GiB free=0.42 GiB reserve=1.59 GiB total=31.86 GiB)
ds4: ROCm q8 fp16 cache budget exhausted; using q8 kernels (request=64.00 MiB cached=0.00 GiB free=0.42 GiB reserve=1.59 GiB total=31.86 GiB)
ds4: ROCm q8 fp16 cache budget exhausted; using q8 kernels (request=64.00 MiB cached=0.00 GiB free=0.42 GiB reserve=1.59 GiB total=31.86 GiB)
case_043 cases=44 prompt=18 target=24 avg_nll=0.087157 lcp=11 api_target_mae=0.087157 api_top_coverage=100/120 api_top1=0.958 api_topn=0.260 api_pair=1.000
ds4: ROCm q8 fp16 cache budget exhausted; using q8 kernels (request=64.00 MiB cached=0.00 GiB free=0.42 GiB reserve=1.59 GiB total=31.86 GiB)
ds4: ROCm q8 fp16 cache budget exhausted; using q8 kernels (request=64.00 MiB cached=0.00 GiB free=0.42 GiB reserve=1.59 GiB total=31.86 GiB)
ds4: ROCm q8 fp16 cache budget exhausted; using q8 kernels (request=64.00 MiB cached=0.00 GiB free=0.42 GiB reserve=1.59 GiB total=31.86 GiB)
ds4: ROCm q8 fp16 cache budget exhausted; using q8 kernels (request=64.00 MiB cached=0.00 GiB free=0.42 GiB reserve=1.59 GiB total=31.86 GiB)
ds4: ROCm q8 fp16 cache budget exhausted; using q8 kernels (request=64.00 MiB cached=0.00 GiB free=0.42 GiB reserve=1.59 GiB total=31.86 GiB)
ds4: ROCm q8 fp16 cache budget exhausted; using q8 kernels (request=64.00 MiB cached=0.00 GiB free=0.42 GiB reserve=1.59 GiB total=31.86 GiB)
ds4: ROCm q8 fp16 cache budget exhausted; using q8 kernels (request=64.00 MiB cached=0.00 GiB free=0.42 GiB reserve=1.59 GiB total=31.86 GiB)
ds4: ROCm q8 fp16 cache budget exhausted; using q8 kernels (request=64.00 MiB cached=0.00 GiB free=0.42 GiB reserve=1.59 GiB total=31.86 GiB)
ds4: ROCm q8 fp16 cache budget exhausted; using q8 kernels (request=64.00 MiB cached=0.00 GiB free=0.42 GiB reserve=1.59 GiB total=31.86 GiB)
ds4: ROCm q8 fp16 cache budget exhausted; using q8 kernels (request=64.00 MiB cached=0.00 GiB free=0.42 GiB reserve=1.59 GiB total=31.86 GiB)
ds4: ROCm q8 fp16 cache budget exhausted; using q8 kernels (request=64.00 MiB cached=0.00 GiB free=0.42 GiB reserve=1.59 GiB total=31.86 GiB)
ds4: ROCm q8 fp16 cache budget exhausted; using q8 kernels (request=64.00 MiB cached=0.00 GiB free=0.42 GiB reserve=1.59 GiB total=31.86 GiB)
ds4: ROCm q8 fp16 cache budget exhausted; using q8 kernels (request=64.00 MiB cached=0.00 GiB free=0.42 GiB reserve=1.59 GiB total=31.86 GiB)
ds4: ROCm q8 fp16 cache budget exhausted; using q8 kernels (request=64.00 MiB cached=0.00 GiB free=0.42 GiB reserve=1.59 GiB total=31.86 GiB)
ds4: ROCm q8 fp16 cache budget exhausted; using q8 kernels (request=64.00 MiB cached=0.00 GiB free=0.42 GiB reserve=1.59 GiB total=31.86 GiB)
ds4: ROCm q8 fp16 cache budget exhausted; using q8 kernels (request=64.00 MiB cached=0.00 GiB free=0.42 GiB reserve=1.59 GiB total=31.86 GiB)
ds4: ROCm q8 fp16 cache budget exhausted; using q8 kernels (request=64.00 MiB cached=0.00 GiB free=0.42 GiB reserve=1.59 GiB total=31.86 GiB)
ds4: ROCm q8 fp16 cache budget exhausted; using q8 kernels (request=64.00 MiB cached=0.00 GiB free=0.42 GiB reserve=1.59 GiB total=31.86 GiB)
ds4: ROCm q8 fp16 cache budget exhausted; using q8 kernels (request=64.00 MiB cached=0.00 GiB free=0.42 GiB reserve=1.59 GiB total=31.86 GiB)
ds4: ROCm q8 fp16 cache budget exhausted; using q8 kernels (request=64.00 MiB cached=0.00 GiB free=0.42 GiB reserve=1.59 GiB total=31.86 GiB)
ds4: ROCm q8 fp16 cache budget exhausted; using q8 kernels (request=64.00 MiB cached=0.00 GiB free=0.42 GiB reserve=1.59 GiB total=31.86 GiB)
ds4: ROCm q8 fp16 cache budget exhausted; using q8 kernels (request=64.00 MiB cached=0.00 GiB free=0.42 GiB reserve=1.59 GiB total=31.86 GiB)
ds4: ROCm q8 fp16 cache budget exhausted; using q8 kernels (request=64.00 MiB cached=0.00 GiB free=0.42 GiB reserve=1.59 GiB total=31.86 GiB)
ds4: ROCm q8 fp16 cache budget exhausted; using q8 kernels (request=64.00 MiB cached=0.00 GiB free=0.42 GiB reserve=1.59 GiB total=31.86 GiB)
ds4: ROCm q8 fp16 cache budget exhausted; using q8 kernels (request=64.00 MiB cached=0.00 GiB free=0.42 GiB reserve=1.59 GiB total=31.86 GiB)
ds4: ROCm q8 fp16 cache budget exhausted; using q8 kernels (request=64.00 MiB cached=0.00 GiB free=0.42 GiB reserve=1.59 GiB total=31.86 GiB)
ds4: ROCm q8 fp16 cache budget exhausted; using q8 kernels (request=64.00 MiB cached=0.00 GiB free=0.42 GiB reserve=1.59 GiB total=31.86 GiB)
ds4: ROCm q8 fp16 cache budget exhausted; using q8 kernels (request=64.00 MiB cached=0.00 GiB free=0.42 GiB reserve=1.59 GiB total=31.86 GiB)
ds4: ROCm q8 fp16 cache budget exhausted; using q8 kernels (request=64.00 MiB cached=0.00 GiB free=0.42 GiB reserve=1.59 GiB total=31.86 GiB)
ds4: ROCm q8 fp16 cache budget exhausted; using q8 kernels (request=64.00 MiB cached=0.00 GiB free=0.42 GiB reserve=1.59 GiB total=31.86 GiB)
ds4: ROCm q8 fp16 cache budget exhausted; using q8 kernels (request=64.00 MiB cached=0.00 GiB free=0.42 GiB reserve=1.59 GiB total=31.86 GiB)
ds4: ROCm q8 fp16 cache budget exhausted; using q8 kernels (request=64.00 MiB cached=0.00 GiB free=0.42 GiB reserve=1.59 GiB total=31.86 GiB)
ds4: ROCm q8 fp16 cache budget exhausted; using q8 kernels (request=64.00 MiB cached=0.00 GiB free=0.42 GiB reserve=1.59 GiB total=31.86 GiB)
ds4: ROCm q8 fp16 cache budget exhausted; using q8 kernels (request=64.00 MiB cached=0.00 GiB free=0.42 GiB reserve=1.59 GiB total=31.86 GiB)
ds4: ROCm q8 fp16 cache budget exhausted; using q8 kernels (request=64.00 MiB cached=0.00 GiB free=0.42 GiB reserve=1.59 GiB total=31.86 GiB)
ds4: ROCm q8 fp16 cache budget exhausted; using q8 kernels (request=64.00 MiB cached=0.00 GiB free=0.42 GiB reserve=1.59 GiB total=31.86 GiB)
ds4: ROCm q8 fp16 cache budget exhausted; using q8 kernels (request=64.00 MiB cached=0.00 GiB free=0.42 GiB reserve=1.59 GiB total=31.86 GiB)
ds4: ROCm q8 fp16 cache budget exhausted; using q8 kernels (request=64.00 MiB cached=0.00 GiB free=0.42 GiB reserve=1.59 GiB total=31.86 GiB)
ds4: ROCm q8 fp16 cache budget exhausted; using q8 kernels (request=64.00 MiB cached=0.00 GiB free=0.42 GiB reserve=1.59 GiB total=31.86 GiB)
ds4: ROCm q8 fp16 cache budget exhausted; using q8 kernels (request=64.00 MiB cached=0.00 GiB free=0.42 GiB reserve=1.59 GiB total=31.86 GiB)
ds4: ROCm q8 fp16 cache budget exhausted; using q8 kernels (request=64.00 MiB cached=0.00 GiB free=0.42 GiB reserve=1.59 GiB total=31.86 GiB)
ds4: ROCm q8 fp16 cache budget exhausted; using q8 kernels (request=64.00 MiB cached=0.00 GiB free=0.42 GiB reserve=1.59 GiB total=31.86 GiB)
ds4: ROCm q8 fp16 cache budget exhausted; using q8 kernels (request=64.00 MiB cached=0.00 GiB free=0.42 GiB reserve=1.59 GiB total=31.86 GiB)
case_044 cases=45 prompt=20 target=24 avg_nll=0.283663 lcp=0 api_target_mae=0.283663 api_top_coverage=98/120 api_top1=0.875 api_topn=0.265 api_pair=0.986
ds4: ROCm q8 fp16 cache budget exhausted; using q8 kernels (request=64.00 MiB cached=0.00 GiB free=0.42 GiB reserve=1.59 GiB total=31.86 GiB)
ds4: ROCm q8 fp16 cache budget exhausted; using q8 kernels (request=64.00 MiB cached=0.00 GiB free=0.42 GiB reserve=1.59 GiB total=31.86 GiB)
ds4: ROCm q8 fp16 cache budget exhausted; using q8 kernels (request=64.00 MiB cached=0.00 GiB free=0.42 GiB reserve=1.59 GiB total=31.86 GiB)
ds4: ROCm q8 fp16 cache budget exhausted; using q8 kernels (request=64.00 MiB cached=0.00 GiB free=0.42 GiB reserve=1.59 GiB total=31.86 GiB)
ds4: ROCm q8 fp16 cache budget exhausted; using q8 kernels (request=64.00 MiB cached=0.00 GiB free=0.42 GiB reserve=1.59 GiB total=31.86 GiB)
ds4: ROCm q8 fp16 cache budget exhausted; using q8 kernels (request=64.00 MiB cached=0.00 GiB free=0.42 GiB reserve=1.59 GiB total=31.86 GiB)
ds4: ROCm q8 fp16 cache budget exhausted; using q8 kernels (request=64.00 MiB cached=0.00 GiB free=0.42 GiB reserve=1.59 GiB total=31.86 GiB)
ds4: ROCm q8 fp16 cache budget exhausted; using q8 kernels (request=64.00 MiB cached=0.00 GiB free=0.42 GiB reserve=1.59 GiB total=31.86 GiB)
ds4: ROCm q8 fp16 cache budget exhausted; using q8 kernels (request=64.00 MiB cached=0.00 GiB free=0.42 GiB reserve=1.59 GiB total=31.86 GiB)
ds4: ROCm q8 fp16 cache budget exhausted; using q8 kernels (request=64.00 MiB cached=0.00 GiB free=0.42 GiB reserve=1.59 GiB total=31.86 GiB)
ds4: ROCm q8 fp16 cache budget exhausted; using q8 kernels (request=64.00 MiB cached=0.00 GiB free=0.42 GiB reserve=1.59 GiB total=31.86 GiB)
ds4: ROCm q8 fp16 cache budget exhausted; using q8 kernels (request=64.00 MiB cached=0.00 GiB free=0.42 GiB reserve=1.59 GiB total=31.86 GiB)
ds4: ROCm q8 fp16 cache budget exhausted; using q8 kernels (request=64.00 MiB cached=0.00 GiB free=0.42 GiB reserve=1.59 GiB total=31.86 GiB)
ds4: ROCm q8 fp16 cache budget exhausted; using q8 kernels (request=64.00 MiB cached=0.00 GiB free=0.42 GiB reserve=1.59 GiB total=31.86 GiB)
ds4: ROCm q8 fp16 cache budget exhausted; using q8 kernels (request=64.00 MiB cached=0.00 GiB free=0.42 GiB reserve=1.59 GiB total=31.86 GiB)
ds4: ROCm q8 fp16 cache budget exhausted; using q8 kernels (request=64.00 MiB cached=0.00 GiB free=0.42 GiB reserve=1.59 GiB total=31.86 GiB)
ds4: ROCm q8 fp16 cache budget exhausted; using q8 kernels (request=64.00 MiB cached=0.00 GiB free=0.42 GiB reserve=1.59 GiB total=31.86 GiB)
ds4: ROCm q8 fp16 cache budget exhausted; using q8 kernels (request=64.00 MiB cached=0.00 GiB free=0.42 GiB reserve=1.59 GiB total=31.86 GiB)
ds4: ROCm q8 fp16 cache budget exhausted; using q8 kernels (request=64.00 MiB cached=0.00 GiB free=0.42 GiB reserve=1.59 GiB total=31.86 GiB)
ds4: ROCm q8 fp16 cache budget exhausted; using q8 kernels (request=64.00 MiB cached=0.00 GiB free=0.42 GiB reserve=1.59 GiB total=31.86 GiB)
ds4: ROCm q8 fp16 cache budget exhausted; using q8 kernels (request=64.00 MiB cached=0.00 GiB free=0.42 GiB reserve=1.59 GiB total=31.86 GiB)
ds4: ROCm q8 fp16 cache budget exhausted; using q8 kernels (request=64.00 MiB cached=0.00 GiB free=0.42 GiB reserve=1.59 GiB total=31.86 GiB)
ds4: ROCm q8 fp16 cache budget exhausted; using q8 kernels (request=64.00 MiB cached=0.00 GiB free=0.42 GiB reserve=1.59 GiB total=31.86 GiB)
ds4: ROCm q8 fp16 cache budget exhausted; using q8 kernels (request=64.00 MiB cached=0.00 GiB free=0.42 GiB reserve=1.59 GiB total=31.86 GiB)
ds4: ROCm q8 fp16 cache budget exhausted; using q8 kernels (request=64.00 MiB cached=0.00 GiB free=0.42 GiB reserve=1.59 GiB total=31.86 GiB)
ds4: ROCm q8 fp16 cache budget exhausted; using q8 kernels (request=64.00 MiB cached=0.00 GiB free=0.42 GiB reserve=1.59 GiB total=31.86 GiB)
ds4: ROCm q8 fp16 cache budget exhausted; using q8 kernels (request=64.00 MiB cached=0.00 GiB free=0.42 GiB reserve=1.59 GiB total=31.86 GiB)
ds4: ROCm q8 fp16 cache budget exhausted; using q8 kernels (request=64.00 MiB cached=0.00 GiB free=0.42 GiB reserve=1.59 GiB total=31.86 GiB)
ds4: ROCm q8 fp16 cache budget exhausted; using q8 kernels (request=64.00 MiB cached=0.00 GiB free=0.42 GiB reserve=1.59 GiB total=31.86 GiB)
ds4: ROCm q8 fp16 cache budget exhausted; using q8 kernels (request=64.00 MiB cached=0.00 GiB free=0.42 GiB reserve=1.59 GiB total=31.86 GiB)
ds4: ROCm q8 fp16 cache budget exhausted; using q8 kernels (request=64.00 MiB cached=0.00 GiB free=0.42 GiB reserve=1.59 GiB total=31.86 GiB)
ds4: ROCm q8 fp16 cache budget exhausted; using q8 kernels (request=64.00 MiB cached=0.00 GiB free=0.42 GiB reserve=1.59 GiB total=31.86 GiB)
ds4: ROCm q8 fp16 cache budget exhausted; using q8 kernels (request=64.00 MiB cached=0.00 GiB free=0.42 GiB reserve=1.59 GiB total=31.86 GiB)
ds4: ROCm q8 fp16 cache budget exhausted; using q8 kernels (request=64.00 MiB cached=0.00 GiB free=0.42 GiB reserve=1.59 GiB total=31.86 GiB)
ds4: ROCm q8 fp16 cache budget exhausted; using q8 kernels (request=64.00 MiB cached=0.00 GiB free=0.42 GiB reserve=1.59 GiB total=31.86 GiB)
ds4: ROCm q8 fp16 cache budget exhausted; using q8 kernels (request=64.00 MiB cached=0.00 GiB free=0.42 GiB reserve=1.59 GiB total=31.86 GiB)
ds4: ROCm q8 fp16 cache budget exhausted; using q8 kernels (request=64.00 MiB cached=0.00 GiB free=0.42 GiB reserve=1.59 GiB total=31.86 GiB)
ds4: ROCm q8 fp16 cache budget exhausted; using q8 kernels (request=64.00 MiB cached=0.00 GiB free=0.42 GiB reserve=1.59 GiB total=31.86 GiB)
ds4: ROCm q8 fp16 cache budget exhausted; using q8 kernels (request=64.00 MiB cached=0.00 GiB free=0.42 GiB reserve=1.59 GiB total=31.86 GiB)
ds4: ROCm q8 fp16 cache budget exhausted; using q8 kernels (request=64.00 MiB cached=0.00 GiB free=0.42 GiB reserve=1.59 GiB total=31.86 GiB)
ds4: ROCm q8 fp16 cache budget exhausted; using q8 kernels (request=64.00 MiB cached=0.00 GiB free=0.42 GiB reserve=1.59 GiB total=31.86 GiB)
ds4: ROCm q8 fp16 cache budget exhausted; using q8 kernels (request=64.00 MiB cached=0.00 GiB free=0.42 GiB reserve=1.59 GiB total=31.86 GiB)
ds4: ROCm q8 fp16 cache budget exhausted; using q8 kernels (request=64.00 MiB cached=0.00 GiB free=0.42 GiB reserve=1.59 GiB total=31.86 GiB)
case_045 cases=46 prompt=18 target=24 avg_nll=0.527498 lcp=3 api_target_mae=0.527498 api_top_coverage=100/120 api_top1=0.708 api_topn=0.250 api_pair=1.000
ds4: ROCm q8 fp16 cache budget exhausted; using q8 kernels (request=64.00 MiB cached=0.00 GiB free=0.42 GiB reserve=1.59 GiB total=31.86 GiB)
ds4: ROCm q8 fp16 cache budget exhausted; using q8 kernels (request=64.00 MiB cached=0.00 GiB free=0.42 GiB reserve=1.59 GiB total=31.86 GiB)
ds4: ROCm q8 fp16 cache budget exhausted; using q8 kernels (request=64.00 MiB cached=0.00 GiB free=0.42 GiB reserve=1.59 GiB total=31.86 GiB)
ds4: ROCm q8 fp16 cache budget exhausted; using q8 kernels (request=64.00 MiB cached=0.00 GiB free=0.42 GiB reserve=1.59 GiB total=31.86 GiB)
ds4: ROCm q8 fp16 cache budget exhausted; using q8 kernels (request=64.00 MiB cached=0.00 GiB free=0.42 GiB reserve=1.59 GiB total=31.86 GiB)
ds4: ROCm q8 fp16 cache budget exhausted; using q8 kernels (request=64.00 MiB cached=0.00 GiB free=0.42 GiB reserve=1.59 GiB total=31.86 GiB)
ds4: ROCm q8 fp16 cache budget exhausted; using q8 kernels (request=64.00 MiB cached=0.00 GiB free=0.42 GiB reserve=1.59 GiB total=31.86 GiB)
ds4: ROCm q8 fp16 cache budget exhausted; using q8 kernels (request=64.00 MiB cached=0.00 GiB free=0.42 GiB reserve=1.59 GiB total=31.86 GiB)
ds4: ROCm q8 fp16 cache budget exhausted; using q8 kernels (request=64.00 MiB cached=0.00 GiB free=0.42 GiB reserve=1.59 GiB total=31.86 GiB)
ds4: ROCm q8 fp16 cache budget exhausted; using q8 kernels (request=64.00 MiB cached=0.00 GiB free=0.42 GiB reserve=1.59 GiB total=31.86 GiB)
ds4: ROCm q8 fp16 cache budget exhausted; using q8 kernels (request=64.00 MiB cached=0.00 GiB free=0.42 GiB reserve=1.59 GiB total=31.86 GiB)
ds4: ROCm q8 fp16 cache budget exhausted; using q8 kernels (request=64.00 MiB cached=0.00 GiB free=0.42 GiB reserve=1.59 GiB total=31.86 GiB)
ds4: ROCm q8 fp16 cache budget exhausted; using q8 kernels (request=64.00 MiB cached=0.00 GiB free=0.42 GiB reserve=1.59 GiB total=31.86 GiB)
ds4: ROCm q8 fp16 cache budget exhausted; using q8 kernels (request=64.00 MiB cached=0.00 GiB free=0.42 GiB reserve=1.59 GiB total=31.86 GiB)
ds4: ROCm q8 fp16 cache budget exhausted; using q8 kernels (request=64.00 MiB cached=0.00 GiB free=0.42 GiB reserve=1.59 GiB total=31.86 GiB)
ds4: ROCm q8 fp16 cache budget exhausted; using q8 kernels (request=64.00 MiB cached=0.00 GiB free=0.42 GiB reserve=1.59 GiB total=31.86 GiB)
ds4: ROCm q8 fp16 cache budget exhausted; using q8 kernels (request=64.00 MiB cached=0.00 GiB free=0.42 GiB reserve=1.59 GiB total=31.86 GiB)
ds4: ROCm q8 fp16 cache budget exhausted; using q8 kernels (request=64.00 MiB cached=0.00 GiB free=0.42 GiB reserve=1.59 GiB total=31.86 GiB)
ds4: ROCm q8 fp16 cache budget exhausted; using q8 kernels (request=64.00 MiB cached=0.00 GiB free=0.42 GiB reserve=1.59 GiB total=31.86 GiB)
ds4: ROCm q8 fp16 cache budget exhausted; using q8 kernels (request=64.00 MiB cached=0.00 GiB free=0.42 GiB reserve=1.59 GiB total=31.86 GiB)
ds4: ROCm q8 fp16 cache budget exhausted; using q8 kernels (request=64.00 MiB cached=0.00 GiB free=0.42 GiB reserve=1.59 GiB total=31.86 GiB)
ds4: ROCm q8 fp16 cache budget exhausted; using q8 kernels (request=64.00 MiB cached=0.00 GiB free=0.42 GiB reserve=1.59 GiB total=31.86 GiB)
ds4: ROCm q8 fp16 cache budget exhausted; using q8 kernels (request=64.00 MiB cached=0.00 GiB free=0.42 GiB reserve=1.59 GiB total=31.86 GiB)
ds4: ROCm q8 fp16 cache budget exhausted; using q8 kernels (request=64.00 MiB cached=0.00 GiB free=0.42 GiB reserve=1.59 GiB total=31.86 GiB)
ds4: ROCm q8 fp16 cache budget exhausted; using q8 kernels (request=64.00 MiB cached=0.00 GiB free=0.42 GiB reserve=1.59 GiB total=31.86 GiB)
ds4: ROCm q8 fp16 cache budget exhausted; using q8 kernels (request=64.00 MiB cached=0.00 GiB free=0.42 GiB reserve=1.59 GiB total=31.86 GiB)
ds4: ROCm q8 fp16 cache budget exhausted; using q8 kernels (request=64.00 MiB cached=0.00 GiB free=0.42 GiB reserve=1.59 GiB total=31.86 GiB)
ds4: ROCm q8 fp16 cache budget exhausted; using q8 kernels (request=64.00 MiB cached=0.00 GiB free=0.42 GiB reserve=1.59 GiB total=31.86 GiB)
ds4: ROCm q8 fp16 cache budget exhausted; using q8 kernels (request=64.00 MiB cached=0.00 GiB free=0.42 GiB reserve=1.59 GiB total=31.86 GiB)
ds4: ROCm q8 fp16 cache budget exhausted; using q8 kernels (request=64.00 MiB cached=0.00 GiB free=0.42 GiB reserve=1.59 GiB total=31.86 GiB)
ds4: ROCm q8 fp16 cache budget exhausted; using q8 kernels (request=64.00 MiB cached=0.00 GiB free=0.42 GiB reserve=1.59 GiB total=31.86 GiB)
ds4: ROCm q8 fp16 cache budget exhausted; using q8 kernels (request=64.00 MiB cached=0.00 GiB free=0.42 GiB reserve=1.59 GiB total=31.86 GiB)
ds4: ROCm q8 fp16 cache budget exhausted; using q8 kernels (request=64.00 MiB cached=0.00 GiB free=0.42 GiB reserve=1.59 GiB total=31.86 GiB)
ds4: ROCm q8 fp16 cache budget exhausted; using q8 kernels (request=64.00 MiB cached=0.00 GiB free=0.42 GiB reserve=1.59 GiB total=31.86 GiB)
ds4: ROCm q8 fp16 cache budget exhausted; using q8 kernels (request=64.00 MiB cached=0.00 GiB free=0.42 GiB reserve=1.59 GiB total=31.86 GiB)
ds4: ROCm q8 fp16 cache budget exhausted; using q8 kernels (request=64.00 MiB cached=0.00 GiB free=0.42 GiB reserve=1.59 GiB total=31.86 GiB)
ds4: ROCm q8 fp16 cache budget exhausted; using q8 kernels (request=64.00 MiB cached=0.00 GiB free=0.42 GiB reserve=1.59 GiB total=31.86 GiB)
ds4: ROCm q8 fp16 cache budget exhausted; using q8 kernels (request=64.00 MiB cached=0.00 GiB free=0.42 GiB reserve=1.59 GiB total=31.86 GiB)
ds4: ROCm q8 fp16 cache budget exhausted; using q8 kernels (request=64.00 MiB cached=0.00 GiB free=0.42 GiB reserve=1.59 GiB total=31.86 GiB)
ds4: ROCm q8 fp16 cache budget exhausted; using q8 kernels (request=64.00 MiB cached=0.00 GiB free=0.42 GiB reserve=1.59 GiB total=31.86 GiB)
ds4: ROCm q8 fp16 cache budget exhausted; using q8 kernels (request=64.00 MiB cached=0.00 GiB free=0.42 GiB reserve=1.59 GiB total=31.86 GiB)
ds4: ROCm q8 fp16 cache budget exhausted; using q8 kernels (request=64.00 MiB cached=0.00 GiB free=0.42 GiB reserve=1.59 GiB total=31.86 GiB)
ds4: ROCm q8 fp16 cache budget exhausted; using q8 kernels (request=64.00 MiB cached=0.00 GiB free=0.42 GiB reserve=1.59 GiB total=31.86 GiB)
case_046 cases=47 prompt=19 target=24 avg_nll=0.526676 lcp=0 api_target_mae=0.526676 api_top_coverage=99/120 api_top1=0.833 api_topn=0.283 api_pair=0.974
ds4: ROCm q8 fp16 cache budget exhausted; using q8 kernels (request=64.00 MiB cached=0.00 GiB free=0.42 GiB reserve=1.59 GiB total=31.86 GiB)
ds4: ROCm q8 fp16 cache budget exhausted; using q8 kernels (request=64.00 MiB cached=0.00 GiB free=0.42 GiB reserve=1.59 GiB total=31.86 GiB)
ds4: ROCm q8 fp16 cache budget exhausted; using q8 kernels (request=64.00 MiB cached=0.00 GiB free=0.42 GiB reserve=1.59 GiB total=31.86 GiB)
ds4: ROCm q8 fp16 cache budget exhausted; using q8 kernels (request=64.00 MiB cached=0.00 GiB free=0.42 GiB reserve=1.59 GiB total=31.86 GiB)
ds4: ROCm q8 fp16 cache budget exhausted; using q8 kernels (request=64.00 MiB cached=0.00 GiB free=0.42 GiB reserve=1.59 GiB total=31.86 GiB)
ds4: ROCm q8 fp16 cache budget exhausted; using q8 kernels (request=64.00 MiB cached=0.00 GiB free=0.42 GiB reserve=1.59 GiB total=31.86 GiB)
ds4: ROCm q8 fp16 cache budget exhausted; using q8 kernels (request=64.00 MiB cached=0.00 GiB free=0.42 GiB reserve=1.59 GiB total=31.86 GiB)
ds4: ROCm q8 fp16 cache budget exhausted; using q8 kernels (request=64.00 MiB cached=0.00 GiB free=0.42 GiB reserve=1.59 GiB total=31.86 GiB)
ds4: ROCm q8 fp16 cache budget exhausted; using q8 kernels (request=64.00 MiB cached=0.00 GiB free=0.42 GiB reserve=1.59 GiB total=31.86 GiB)
ds4: ROCm q8 fp16 cache budget exhausted; using q8 kernels (request=64.00 MiB cached=0.00 GiB free=0.42 GiB reserve=1.59 GiB total=31.86 GiB)
ds4: ROCm q8 fp16 cache budget exhausted; using q8 kernels (request=64.00 MiB cached=0.00 GiB free=0.42 GiB reserve=1.59 GiB total=31.86 GiB)
ds4: ROCm q8 fp16 cache budget exhausted; using q8 kernels (request=64.00 MiB cached=0.00 GiB free=0.42 GiB reserve=1.59 GiB total=31.86 GiB)
ds4: ROCm q8 fp16 cache budget exhausted; using q8 kernels (request=64.00 MiB cached=0.00 GiB free=0.42 GiB reserve=1.59 GiB total=31.86 GiB)
ds4: ROCm q8 fp16 cache budget exhausted; using q8 kernels (request=64.00 MiB cached=0.00 GiB free=0.42 GiB reserve=1.59 GiB total=31.86 GiB)
ds4: ROCm q8 fp16 cache budget exhausted; using q8 kernels (request=64.00 MiB cached=0.00 GiB free=0.42 GiB reserve=1.59 GiB total=31.86 GiB)
ds4: ROCm q8 fp16 cache budget exhausted; using q8 kernels (request=64.00 MiB cached=0.00 GiB free=0.42 GiB reserve=1.59 GiB total=31.86 GiB)
ds4: ROCm q8 fp16 cache budget exhausted; using q8 kernels (request=64.00 MiB cached=0.00 GiB free=0.42 GiB reserve=1.59 GiB total=31.86 GiB)
ds4: ROCm q8 fp16 cache budget exhausted; using q8 kernels (request=64.00 MiB cached=0.00 GiB free=0.42 GiB reserve=1.59 GiB total=31.86 GiB)
ds4: ROCm q8 fp16 cache budget exhausted; using q8 kernels (request=64.00 MiB cached=0.00 GiB free=0.42 GiB reserve=1.59 GiB total=31.86 GiB)
ds4: ROCm q8 fp16 cache budget exhausted; using q8 kernels (request=64.00 MiB cached=0.00 GiB free=0.42 GiB reserve=1.59 GiB total=31.86 GiB)
ds4: ROCm q8 fp16 cache budget exhausted; using q8 kernels (request=64.00 MiB cached=0.00 GiB free=0.42 GiB reserve=1.59 GiB total=31.86 GiB)
ds4: ROCm q8 fp16 cache budget exhausted; using q8 kernels (request=64.00 MiB cached=0.00 GiB free=0.42 GiB reserve=1.59 GiB total=31.86 GiB)
ds4: ROCm q8 fp16 cache budget exhausted; using q8 kernels (request=64.00 MiB cached=0.00 GiB free=0.42 GiB reserve=1.59 GiB total=31.86 GiB)
ds4: ROCm q8 fp16 cache budget exhausted; using q8 kernels (request=64.00 MiB cached=0.00 GiB free=0.42 GiB reserve=1.59 GiB total=31.86 GiB)
ds4: ROCm q8 fp16 cache budget exhausted; using q8 kernels (request=64.00 MiB cached=0.00 GiB free=0.42 GiB reserve=1.59 GiB total=31.86 GiB)
ds4: ROCm q8 fp16 cache budget exhausted; using q8 kernels (request=64.00 MiB cached=0.00 GiB free=0.42 GiB reserve=1.59 GiB total=31.86 GiB)
ds4: ROCm q8 fp16 cache budget exhausted; using q8 kernels (request=64.00 MiB cached=0.00 GiB free=0.42 GiB reserve=1.59 GiB total=31.86 GiB)
ds4: ROCm q8 fp16 cache budget exhausted; using q8 kernels (request=64.00 MiB cached=0.00 GiB free=0.42 GiB reserve=1.59 GiB total=31.86 GiB)
ds4: ROCm q8 fp16 cache budget exhausted; using q8 kernels (request=64.00 MiB cached=0.00 GiB free=0.42 GiB reserve=1.59 GiB total=31.86 GiB)
ds4: ROCm q8 fp16 cache budget exhausted; using q8 kernels (request=64.00 MiB cached=0.00 GiB free=0.42 GiB reserve=1.59 GiB total=31.86 GiB)
ds4: ROCm q8 fp16 cache budget exhausted; using q8 kernels (request=64.00 MiB cached=0.00 GiB free=0.42 GiB reserve=1.59 GiB total=31.86 GiB)
ds4: ROCm q8 fp16 cache budget exhausted; using q8 kernels (request=64.00 MiB cached=0.00 GiB free=0.42 GiB reserve=1.59 GiB total=31.86 GiB)
ds4: ROCm q8 fp16 cache budget exhausted; using q8 kernels (request=64.00 MiB cached=0.00 GiB free=0.42 GiB reserve=1.59 GiB total=31.86 GiB)
ds4: ROCm q8 fp16 cache budget exhausted; using q8 kernels (request=64.00 MiB cached=0.00 GiB free=0.42 GiB reserve=1.59 GiB total=31.86 GiB)
ds4: ROCm q8 fp16 cache budget exhausted; using q8 kernels (request=64.00 MiB cached=0.00 GiB free=0.42 GiB reserve=1.59 GiB total=31.86 GiB)
ds4: ROCm q8 fp16 cache budget exhausted; using q8 kernels (request=64.00 MiB cached=0.00 GiB free=0.42 GiB reserve=1.59 GiB total=31.86 GiB)
ds4: ROCm q8 fp16 cache budget exhausted; using q8 kernels (request=64.00 MiB cached=0.00 GiB free=0.42 GiB reserve=1.59 GiB total=31.86 GiB)
ds4: ROCm q8 fp16 cache budget exhausted; using q8 kernels (request=64.00 MiB cached=0.00 GiB free=0.42 GiB reserve=1.59 GiB total=31.86 GiB)
ds4: ROCm q8 fp16 cache budget exhausted; using q8 kernels (request=64.00 MiB cached=0.00 GiB free=0.42 GiB reserve=1.59 GiB total=31.86 GiB)
ds4: ROCm q8 fp16 cache budget exhausted; using q8 kernels (request=64.00 MiB cached=0.00 GiB free=0.42 GiB reserve=1.59 GiB total=31.86 GiB)
ds4: ROCm q8 fp16 cache budget exhausted; using q8 kernels (request=64.00 MiB cached=0.00 GiB free=0.42 GiB reserve=1.59 GiB total=31.86 GiB)
ds4: ROCm q8 fp16 cache budget exhausted; using q8 kernels (request=64.00 MiB cached=0.00 GiB free=0.42 GiB reserve=1.59 GiB total=31.86 GiB)
ds4: ROCm q8 fp16 cache budget exhausted; using q8 kernels (request=64.00 MiB cached=0.00 GiB free=0.42 GiB reserve=1.59 GiB total=31.86 GiB)
case_047 cases=48 prompt=16 target=24 avg_nll=0.362909 lcp=0 api_target_mae=0.362909 api_top_coverage=100/120 api_top1=0.875 api_topn=0.270 api_pair=0.987
ds4: ROCm q8 fp16 cache budget exhausted; using q8 kernels (request=64.00 MiB cached=0.00 GiB free=0.42 GiB reserve=1.59 GiB total=31.86 GiB)
ds4: ROCm q8 fp16 cache budget exhausted; using q8 kernels (request=64.00 MiB cached=0.00 GiB free=0.42 GiB reserve=1.59 GiB total=31.86 GiB)
ds4: ROCm q8 fp16 cache budget exhausted; using q8 kernels (request=64.00 MiB cached=0.00 GiB free=0.42 GiB reserve=1.59 GiB total=31.86 GiB)
ds4: ROCm q8 fp16 cache budget exhausted; using q8 kernels (request=64.00 MiB cached=0.00 GiB free=0.42 GiB reserve=1.59 GiB total=31.86 GiB)
ds4: ROCm q8 fp16 cache budget exhausted; using q8 kernels (request=64.00 MiB cached=0.00 GiB free=0.42 GiB reserve=1.59 GiB total=31.86 GiB)
ds4: ROCm q8 fp16 cache budget exhausted; using q8 kernels (request=64.00 MiB cached=0.00 GiB free=0.42 GiB reserve=1.59 GiB total=31.86 GiB)
ds4: ROCm q8 fp16 cache budget exhausted; using q8 kernels (request=64.00 MiB cached=0.00 GiB free=0.42 GiB reserve=1.59 GiB total=31.86 GiB)
ds4: ROCm q8 fp16 cache budget exhausted; using q8 kernels (request=64.00 MiB cached=0.00 GiB free=0.42 GiB reserve=1.59 GiB total=31.86 GiB)
ds4: ROCm q8 fp16 cache budget exhausted; using q8 kernels (request=64.00 MiB cached=0.00 GiB free=0.42 GiB reserve=1.59 GiB total=31.86 GiB)
ds4: ROCm q8 fp16 cache budget exhausted; using q8 kernels (request=64.00 MiB cached=0.00 GiB free=0.42 GiB reserve=1.59 GiB total=31.86 GiB)
ds4: ROCm q8 fp16 cache budget exhausted; using q8 kernels (request=64.00 MiB cached=0.00 GiB free=0.42 GiB reserve=1.59 GiB total=31.86 GiB)
ds4: ROCm q8 fp16 cache budget exhausted; using q8 kernels (request=64.00 MiB cached=0.00 GiB free=0.42 GiB reserve=1.59 GiB total=31.86 GiB)
ds4: ROCm q8 fp16 cache budget exhausted; using q8 kernels (request=64.00 MiB cached=0.00 GiB free=0.42 GiB reserve=1.59 GiB total=31.86 GiB)
ds4: ROCm q8 fp16 cache budget exhausted; using q8 kernels (request=64.00 MiB cached=0.00 GiB free=0.42 GiB reserve=1.59 GiB total=31.86 GiB)
ds4: ROCm q8 fp16 cache budget exhausted; using q8 kernels (request=64.00 MiB cached=0.00 GiB free=0.42 GiB reserve=1.59 GiB total=31.86 GiB)
ds4: ROCm q8 fp16 cache budget exhausted; using q8 kernels (request=64.00 MiB cached=0.00 GiB free=0.42 GiB reserve=1.59 GiB total=31.86 GiB)
ds4: ROCm q8 fp16 cache budget exhausted; using q8 kernels (request=64.00 MiB cached=0.00 GiB free=0.42 GiB reserve=1.59 GiB total=31.86 GiB)
ds4: ROCm q8 fp16 cache budget exhausted; using q8 kernels (request=64.00 MiB cached=0.00 GiB free=0.42 GiB reserve=1.59 GiB total=31.86 GiB)
ds4: ROCm q8 fp16 cache budget exhausted; using q8 kernels (request=64.00 MiB cached=0.00 GiB free=0.42 GiB reserve=1.59 GiB total=31.86 GiB)
ds4: ROCm q8 fp16 cache budget exhausted; using q8 kernels (request=64.00 MiB cached=0.00 GiB free=0.42 GiB reserve=1.59 GiB total=31.86 GiB)
ds4: ROCm q8 fp16 cache budget exhausted; using q8 kernels (request=64.00 MiB cached=0.00 GiB free=0.42 GiB reserve=1.59 GiB total=31.86 GiB)
ds4: ROCm q8 fp16 cache budget exhausted; using q8 kernels (request=64.00 MiB cached=0.00 GiB free=0.42 GiB reserve=1.59 GiB total=31.86 GiB)
ds4: ROCm q8 fp16 cache budget exhausted; using q8 kernels (request=64.00 MiB cached=0.00 GiB free=0.42 GiB reserve=1.59 GiB total=31.86 GiB)
ds4: ROCm q8 fp16 cache budget exhausted; using q8 kernels (request=64.00 MiB cached=0.00 GiB free=0.42 GiB reserve=1.59 GiB total=31.86 GiB)
ds4: ROCm q8 fp16 cache budget exhausted; using q8 kernels (request=64.00 MiB cached=0.00 GiB free=0.42 GiB reserve=1.59 GiB total=31.86 GiB)
ds4: ROCm q8 fp16 cache budget exhausted; using q8 kernels (request=64.00 MiB cached=0.00 GiB free=0.42 GiB reserve=1.59 GiB total=31.86 GiB)
ds4: ROCm q8 fp16 cache budget exhausted; using q8 kernels (request=64.00 MiB cached=0.00 GiB free=0.42 GiB reserve=1.59 GiB total=31.86 GiB)
ds4: ROCm q8 fp16 cache budget exhausted; using q8 kernels (request=64.00 MiB cached=0.00 GiB free=0.42 GiB reserve=1.59 GiB total=31.86 GiB)
ds4: ROCm q8 fp16 cache budget exhausted; using q8 kernels (request=64.00 MiB cached=0.00 GiB free=0.42 GiB reserve=1.59 GiB total=31.86 GiB)
ds4: ROCm q8 fp16 cache budget exhausted; using q8 kernels (request=64.00 MiB cached=0.00 GiB free=0.42 GiB reserve=1.59 GiB total=31.86 GiB)
ds4: ROCm q8 fp16 cache budget exhausted; using q8 kernels (request=64.00 MiB cached=0.00 GiB free=0.42 GiB reserve=1.59 GiB total=31.86 GiB)
ds4: ROCm q8 fp16 cache budget exhausted; using q8 kernels (request=64.00 MiB cached=0.00 GiB free=0.42 GiB reserve=1.59 GiB total=31.86 GiB)
ds4: ROCm q8 fp16 cache budget exhausted; using q8 kernels (request=64.00 MiB cached=0.00 GiB free=0.42 GiB reserve=1.59 GiB total=31.86 GiB)
ds4: ROCm q8 fp16 cache budget exhausted; using q8 kernels (request=64.00 MiB cached=0.00 GiB free=0.42 GiB reserve=1.59 GiB total=31.86 GiB)
ds4: ROCm q8 fp16 cache budget exhausted; using q8 kernels (request=64.00 MiB cached=0.00 GiB free=0.42 GiB reserve=1.59 GiB total=31.86 GiB)
ds4: ROCm q8 fp16 cache budget exhausted; using q8 kernels (request=64.00 MiB cached=0.00 GiB free=0.42 GiB reserve=1.59 GiB total=31.86 GiB)
ds4: ROCm q8 fp16 cache budget exhausted; using q8 kernels (request=64.00 MiB cached=0.00 GiB free=0.42 GiB reserve=1.59 GiB total=31.86 GiB)
ds4: ROCm q8 fp16 cache budget exhausted; using q8 kernels (request=64.00 MiB cached=0.00 GiB free=0.42 GiB reserve=1.59 GiB total=31.86 GiB)
ds4: ROCm q8 fp16 cache budget exhausted; using q8 kernels (request=64.00 MiB cached=0.00 GiB free=0.42 GiB reserve=1.59 GiB total=31.86 GiB)
ds4: ROCm q8 fp16 cache budget exhausted; using q8 kernels (request=64.00 MiB cached=0.00 GiB free=0.42 GiB reserve=1.59 GiB total=31.86 GiB)
ds4: ROCm q8 fp16 cache budget exhausted; using q8 kernels (request=64.00 MiB cached=0.00 GiB free=0.42 GiB reserve=1.59 GiB total=31.86 GiB)
ds4: ROCm q8 fp16 cache budget exhausted; using q8 kernels (request=64.00 MiB cached=0.00 GiB free=0.42 GiB reserve=1.59 GiB total=31.86 GiB)
ds4: ROCm q8 fp16 cache budget exhausted; using q8 kernels (request=64.00 MiB cached=0.00 GiB free=0.42 GiB reserve=1.59 GiB total=31.86 GiB)
case_048 cases=49 prompt=18 target=24 avg_nll=0.325153 lcp=1 api_target_mae=0.325153 api_top_coverage=96/120 api_top1=0.875 api_topn=0.250 api_pair=1.000
ds4: ROCm q8 fp16 cache budget exhausted; using q8 kernels (request=64.00 MiB cached=0.00 GiB free=0.42 GiB reserve=1.59 GiB total=31.86 GiB)
ds4: ROCm q8 fp16 cache budget exhausted; using q8 kernels (request=64.00 MiB cached=0.00 GiB free=0.42 GiB reserve=1.59 GiB total=31.86 GiB)
ds4: ROCm q8 fp16 cache budget exhausted; using q8 kernels (request=64.00 MiB cached=0.00 GiB free=0.42 GiB reserve=1.59 GiB total=31.86 GiB)
ds4: ROCm q8 fp16 cache budget exhausted; using q8 kernels (request=64.00 MiB cached=0.00 GiB free=0.42 GiB reserve=1.59 GiB total=31.86 GiB)
ds4: ROCm q8 fp16 cache budget exhausted; using q8 kernels (request=64.00 MiB cached=0.00 GiB free=0.42 GiB reserve=1.59 GiB total=31.86 GiB)
ds4: ROCm q8 fp16 cache budget exhausted; using q8 kernels (request=64.00 MiB cached=0.00 GiB free=0.42 GiB reserve=1.59 GiB total=31.86 GiB)
ds4: ROCm q8 fp16 cache budget exhausted; using q8 kernels (request=64.00 MiB cached=0.00 GiB free=0.42 GiB reserve=1.59 GiB total=31.86 GiB)
ds4: ROCm q8 fp16 cache budget exhausted; using q8 kernels (request=64.00 MiB cached=0.00 GiB free=0.42 GiB reserve=1.59 GiB total=31.86 GiB)
ds4: ROCm q8 fp16 cache budget exhausted; using q8 kernels (request=64.00 MiB cached=0.00 GiB free=0.42 GiB reserve=1.59 GiB total=31.86 GiB)
ds4: ROCm q8 fp16 cache budget exhausted; using q8 kernels (request=64.00 MiB cached=0.00 GiB free=0.42 GiB reserve=1.59 GiB total=31.86 GiB)
ds4: ROCm q8 fp16 cache budget exhausted; using q8 kernels (request=64.00 MiB cached=0.00 GiB free=0.42 GiB reserve=1.59 GiB total=31.86 GiB)
ds4: ROCm q8 fp16 cache budget exhausted; using q8 kernels (request=64.00 MiB cached=0.00 GiB free=0.42 GiB reserve=1.59 GiB total=31.86 GiB)
ds4: ROCm q8 fp16 cache budget exhausted; using q8 kernels (request=64.00 MiB cached=0.00 GiB free=0.42 GiB reserve=1.59 GiB total=31.86 GiB)
ds4: ROCm q8 fp16 cache budget exhausted; using q8 kernels (request=64.00 MiB cached=0.00 GiB free=0.42 GiB reserve=1.59 GiB total=31.86 GiB)
ds4: ROCm q8 fp16 cache budget exhausted; using q8 kernels (request=64.00 MiB cached=0.00 GiB free=0.42 GiB reserve=1.59 GiB total=31.86 GiB)
ds4: ROCm q8 fp16 cache budget exhausted; using q8 kernels (request=64.00 MiB cached=0.00 GiB free=0.42 GiB reserve=1.59 GiB total=31.86 GiB)
ds4: ROCm q8 fp16 cache budget exhausted; using q8 kernels (request=64.00 MiB cached=0.00 GiB free=0.42 GiB reserve=1.59 GiB total=31.86 GiB)
ds4: ROCm q8 fp16 cache budget exhausted; using q8 kernels (request=64.00 MiB cached=0.00 GiB free=0.42 GiB reserve=1.59 GiB total=31.86 GiB)
ds4: ROCm q8 fp16 cache budget exhausted; using q8 kernels (request=64.00 MiB cached=0.00 GiB free=0.42 GiB reserve=1.59 GiB total=31.86 GiB)
ds4: ROCm q8 fp16 cache budget exhausted; using q8 kernels (request=64.00 MiB cached=0.00 GiB free=0.42 GiB reserve=1.59 GiB total=31.86 GiB)
ds4: ROCm q8 fp16 cache budget exhausted; using q8 kernels (request=64.00 MiB cached=0.00 GiB free=0.42 GiB reserve=1.59 GiB total=31.86 GiB)
ds4: ROCm q8 fp16 cache budget exhausted; using q8 kernels (request=64.00 MiB cached=0.00 GiB free=0.42 GiB reserve=1.59 GiB total=31.86 GiB)
ds4: ROCm q8 fp16 cache budget exhausted; using q8 kernels (request=64.00 MiB cached=0.00 GiB free=0.42 GiB reserve=1.59 GiB total=31.86 GiB)
ds4: ROCm q8 fp16 cache budget exhausted; using q8 kernels (request=64.00 MiB cached=0.00 GiB free=0.42 GiB reserve=1.59 GiB total=31.86 GiB)
ds4: ROCm q8 fp16 cache budget exhausted; using q8 kernels (request=64.00 MiB cached=0.00 GiB free=0.42 GiB reserve=1.59 GiB total=31.86 GiB)
ds4: ROCm q8 fp16 cache budget exhausted; using q8 kernels (request=64.00 MiB cached=0.00 GiB free=0.42 GiB reserve=1.59 GiB total=31.86 GiB)
ds4: ROCm q8 fp16 cache budget exhausted; using q8 kernels (request=64.00 MiB cached=0.00 GiB free=0.42 GiB reserve=1.59 GiB total=31.86 GiB)
ds4: ROCm q8 fp16 cache budget exhausted; using q8 kernels (request=64.00 MiB cached=0.00 GiB free=0.42 GiB reserve=1.59 GiB total=31.86 GiB)
ds4: ROCm q8 fp16 cache budget exhausted; using q8 kernels (request=64.00 MiB cached=0.00 GiB free=0.42 GiB reserve=1.59 GiB total=31.86 GiB)
ds4: ROCm q8 fp16 cache budget exhausted; using q8 kernels (request=64.00 MiB cached=0.00 GiB free=0.42 GiB reserve=1.59 GiB total=31.86 GiB)
ds4: ROCm q8 fp16 cache budget exhausted; using q8 kernels (request=64.00 MiB cached=0.00 GiB free=0.42 GiB reserve=1.59 GiB total=31.86 GiB)
ds4: ROCm q8 fp16 cache budget exhausted; using q8 kernels (request=64.00 MiB cached=0.00 GiB free=0.42 GiB reserve=1.59 GiB total=31.86 GiB)
ds4: ROCm q8 fp16 cache budget exhausted; using q8 kernels (request=64.00 MiB cached=0.00 GiB free=0.42 GiB reserve=1.59 GiB total=31.86 GiB)
ds4: ROCm q8 fp16 cache budget exhausted; using q8 kernels (request=64.00 MiB cached=0.00 GiB free=0.42 GiB reserve=1.59 GiB total=31.86 GiB)
ds4: ROCm q8 fp16 cache budget exhausted; using q8 kernels (request=64.00 MiB cached=0.00 GiB free=0.42 GiB reserve=1.59 GiB total=31.86 GiB)
ds4: ROCm q8 fp16 cache budget exhausted; using q8 kernels (request=64.00 MiB cached=0.00 GiB free=0.42 GiB reserve=1.59 GiB total=31.86 GiB)
ds4: ROCm q8 fp16 cache budget exhausted; using q8 kernels (request=64.00 MiB cached=0.00 GiB free=0.42 GiB reserve=1.59 GiB total=31.86 GiB)
ds4: ROCm q8 fp16 cache budget exhausted; using q8 kernels (request=64.00 MiB cached=0.00 GiB free=0.42 GiB reserve=1.59 GiB total=31.86 GiB)
ds4: ROCm q8 fp16 cache budget exhausted; using q8 kernels (request=64.00 MiB cached=0.00 GiB free=0.42 GiB reserve=1.59 GiB total=31.86 GiB)
ds4: ROCm q8 fp16 cache budget exhausted; using q8 kernels (request=64.00 MiB cached=0.00 GiB free=0.42 GiB reserve=1.59 GiB total=31.86 GiB)
ds4: ROCm q8 fp16 cache budget exhausted; using q8 kernels (request=64.00 MiB cached=0.00 GiB free=0.42 GiB reserve=1.59 GiB total=31.86 GiB)
ds4: ROCm q8 fp16 cache budget exhausted; using q8 kernels (request=64.00 MiB cached=0.00 GiB free=0.42 GiB reserve=1.59 GiB total=31.86 GiB)
ds4: ROCm q8 fp16 cache budget exhausted; using q8 kernels (request=64.00 MiB cached=0.00 GiB free=0.42 GiB reserve=1.59 GiB total=31.86 GiB)
case_049 cases=50 prompt=18 target=24 avg_nll=0.429853 lcp=7 api_target_mae=0.429853 api_top_coverage=96/120 api_top1=0.792 api_topn=0.250 api_pair=1.000
ds4: ROCm q8 fp16 cache budget exhausted; using q8 kernels (request=64.00 MiB cached=0.00 GiB free=0.42 GiB reserve=1.59 GiB total=31.86 GiB)
ds4: ROCm q8 fp16 cache budget exhausted; using q8 kernels (request=64.00 MiB cached=0.00 GiB free=0.42 GiB reserve=1.59 GiB total=31.86 GiB)
ds4: ROCm q8 fp16 cache budget exhausted; using q8 kernels (request=64.00 MiB cached=0.00 GiB free=0.42 GiB reserve=1.59 GiB total=31.86 GiB)
ds4: ROCm q8 fp16 cache budget exhausted; using q8 kernels (request=64.00 MiB cached=0.00 GiB free=0.42 GiB reserve=1.59 GiB total=31.86 GiB)
ds4: ROCm q8 fp16 cache budget exhausted; using q8 kernels (request=64.00 MiB cached=0.00 GiB free=0.42 GiB reserve=1.59 GiB total=31.86 GiB)
ds4: ROCm q8 fp16 cache budget exhausted; using q8 kernels (request=64.00 MiB cached=0.00 GiB free=0.42 GiB reserve=1.59 GiB total=31.86 GiB)
ds4: ROCm q8 fp16 cache budget exhausted; using q8 kernels (request=64.00 MiB cached=0.00 GiB free=0.42 GiB reserve=1.59 GiB total=31.86 GiB)
ds4: ROCm q8 fp16 cache budget exhausted; using q8 kernels (request=64.00 MiB cached=0.00 GiB free=0.42 GiB reserve=1.59 GiB total=31.86 GiB)
ds4: ROCm q8 fp16 cache budget exhausted; using q8 kernels (request=64.00 MiB cached=0.00 GiB free=0.42 GiB reserve=1.59 GiB total=31.86 GiB)
ds4: ROCm q8 fp16 cache budget exhausted; using q8 kernels (request=64.00 MiB cached=0.00 GiB free=0.42 GiB reserve=1.59 GiB total=31.86 GiB)
ds4: ROCm q8 fp16 cache budget exhausted; using q8 kernels (request=64.00 MiB cached=0.00 GiB free=0.42 GiB reserve=1.59 GiB total=31.86 GiB)
ds4: ROCm q8 fp16 cache budget exhausted; using q8 kernels (request=64.00 MiB cached=0.00 GiB free=0.42 GiB reserve=1.59 GiB total=31.86 GiB)
ds4: ROCm q8 fp16 cache budget exhausted; using q8 kernels (request=64.00 MiB cached=0.00 GiB free=0.42 GiB reserve=1.59 GiB total=31.86 GiB)
ds4: ROCm q8 fp16 cache budget exhausted; using q8 kernels (request=64.00 MiB cached=0.00 GiB free=0.42 GiB reserve=1.59 GiB total=31.86 GiB)
ds4: ROCm q8 fp16 cache budget exhausted; using q8 kernels (request=64.00 MiB cached=0.00 GiB free=0.42 GiB reserve=1.59 GiB total=31.86 GiB)
ds4: ROCm q8 fp16 cache budget exhausted; using q8 kernels (request=64.00 MiB cached=0.00 GiB free=0.42 GiB reserve=1.59 GiB total=31.86 GiB)
ds4: ROCm q8 fp16 cache budget exhausted; using q8 kernels (request=64.00 MiB cached=0.00 GiB free=0.42 GiB reserve=1.59 GiB total=31.86 GiB)
ds4: ROCm q8 fp16 cache budget exhausted; using q8 kernels (request=64.00 MiB cached=0.00 GiB free=0.42 GiB reserve=1.59 GiB total=31.86 GiB)
ds4: ROCm q8 fp16 cache budget exhausted; using q8 kernels (request=64.00 MiB cached=0.00 GiB free=0.42 GiB reserve=1.59 GiB total=31.86 GiB)
ds4: ROCm q8 fp16 cache budget exhausted; using q8 kernels (request=64.00 MiB cached=0.00 GiB free=0.42 GiB reserve=1.59 GiB total=31.86 GiB)
ds4: ROCm q8 fp16 cache budget exhausted; using q8 kernels (request=64.00 MiB cached=0.00 GiB free=0.42 GiB reserve=1.59 GiB total=31.86 GiB)
ds4: ROCm q8 fp16 cache budget exhausted; using q8 kernels (request=64.00 MiB cached=0.00 GiB free=0.42 GiB reserve=1.59 GiB total=31.86 GiB)
ds4: ROCm q8 fp16 cache budget exhausted; using q8 kernels (request=64.00 MiB cached=0.00 GiB free=0.42 GiB reserve=1.59 GiB total=31.86 GiB)
ds4: ROCm q8 fp16 cache budget exhausted; using q8 kernels (request=64.00 MiB cached=0.00 GiB free=0.42 GiB reserve=1.59 GiB total=31.86 GiB)
ds4: ROCm q8 fp16 cache budget exhausted; using q8 kernels (request=64.00 MiB cached=0.00 GiB free=0.42 GiB reserve=1.59 GiB total=31.86 GiB)
ds4: ROCm q8 fp16 cache budget exhausted; using q8 kernels (request=64.00 MiB cached=0.00 GiB free=0.42 GiB reserve=1.59 GiB total=31.86 GiB)
ds4: ROCm q8 fp16 cache budget exhausted; using q8 kernels (request=64.00 MiB cached=0.00 GiB free=0.42 GiB reserve=1.59 GiB total=31.86 GiB)
ds4: ROCm q8 fp16 cache budget exhausted; using q8 kernels (request=64.00 MiB cached=0.00 GiB free=0.42 GiB reserve=1.59 GiB total=31.86 GiB)
ds4: ROCm q8 fp16 cache budget exhausted; using q8 kernels (request=64.00 MiB cached=0.00 GiB free=0.42 GiB reserve=1.59 GiB total=31.86 GiB)
ds4: ROCm q8 fp16 cache budget exhausted; using q8 kernels (request=64.00 MiB cached=0.00 GiB free=0.42 GiB reserve=1.59 GiB total=31.86 GiB)
ds4: ROCm q8 fp16 cache budget exhausted; using q8 kernels (request=64.00 MiB cached=0.00 GiB free=0.42 GiB reserve=1.59 GiB total=31.86 GiB)
ds4: ROCm q8 fp16 cache budget exhausted; using q8 kernels (request=64.00 MiB cached=0.00 GiB free=0.42 GiB reserve=1.59 GiB total=31.86 GiB)
ds4: ROCm q8 fp16 cache budget exhausted; using q8 kernels (request=64.00 MiB cached=0.00 GiB free=0.42 GiB reserve=1.59 GiB total=31.86 GiB)
ds4: ROCm q8 fp16 cache budget exhausted; using q8 kernels (request=64.00 MiB cached=0.00 GiB free=0.42 GiB reserve=1.59 GiB total=31.86 GiB)
ds4: ROCm q8 fp16 cache budget exhausted; using q8 kernels (request=64.00 MiB cached=0.00 GiB free=0.42 GiB reserve=1.59 GiB total=31.86 GiB)
ds4: ROCm q8 fp16 cache budget exhausted; using q8 kernels (request=64.00 MiB cached=0.00 GiB free=0.42 GiB reserve=1.59 GiB total=31.86 GiB)
ds4: ROCm q8 fp16 cache budget exhausted; using q8 kernels (request=64.00 MiB cached=0.00 GiB free=0.42 GiB reserve=1.59 GiB total=31.86 GiB)
ds4: ROCm q8 fp16 cache budget exhausted; using q8 kernels (request=64.00 MiB cached=0.00 GiB free=0.42 GiB reserve=1.59 GiB total=31.86 GiB)
ds4: ROCm q8 fp16 cache budget exhausted; using q8 kernels (request=64.00 MiB cached=0.00 GiB free=0.42 GiB reserve=1.59 GiB total=31.86 GiB)
ds4: ROCm q8 fp16 cache budget exhausted; using q8 kernels (request=64.00 MiB cached=0.00 GiB free=0.42 GiB reserve=1.59 GiB total=31.86 GiB)
ds4: ROCm q8 fp16 cache budget exhausted; using q8 kernels (request=64.00 MiB cached=0.00 GiB free=0.42 GiB reserve=1.59 GiB total=31.86 GiB)
ds4: ROCm q8 fp16 cache budget exhausted; using q8 kernels (request=64.00 MiB cached=0.00 GiB free=0.42 GiB reserve=1.59 GiB total=31.86 GiB)
ds4: ROCm q8 fp16 cache budget exhausted; using q8 kernels (request=64.00 MiB cached=0.00 GiB free=0.42 GiB reserve=1.59 GiB total=31.86 GiB)
case_050 cases=51 prompt=27 target=24 avg_nll=0.298964 lcp=11 api_target_mae=0.298964 api_top_coverage=97/120 api_top1=0.917 api_topn=0.258 api_pair=1.000
ds4: ROCm q8 fp16 cache budget exhausted; using q8 kernels (request=64.00 MiB cached=0.00 GiB free=0.42 GiB reserve=1.59 GiB total=31.86 GiB)
ds4: ROCm q8 fp16 cache budget exhausted; using q8 kernels (request=64.00 MiB cached=0.00 GiB free=0.42 GiB reserve=1.59 GiB total=31.86 GiB)
ds4: ROCm q8 fp16 cache budget exhausted; using q8 kernels (request=64.00 MiB cached=0.00 GiB free=0.42 GiB reserve=1.59 GiB total=31.86 GiB)
ds4: ROCm q8 fp16 cache budget exhausted; using q8 kernels (request=64.00 MiB cached=0.00 GiB free=0.42 GiB reserve=1.59 GiB total=31.86 GiB)
ds4: ROCm q8 fp16 cache budget exhausted; using q8 kernels (request=64.00 MiB cached=0.00 GiB free=0.42 GiB reserve=1.59 GiB total=31.86 GiB)
ds4: ROCm q8 fp16 cache budget exhausted; using q8 kernels (request=64.00 MiB cached=0.00 GiB free=0.42 GiB reserve=1.59 GiB total=31.86 GiB)
ds4: ROCm q8 fp16 cache budget exhausted; using q8 kernels (request=64.00 MiB cached=0.00 GiB free=0.42 GiB reserve=1.59 GiB total=31.86 GiB)
ds4: ROCm q8 fp16 cache budget exhausted; using q8 kernels (request=64.00 MiB cached=0.00 GiB free=0.42 GiB reserve=1.59 GiB total=31.86 GiB)
ds4: ROCm q8 fp16 cache budget exhausted; using q8 kernels (request=64.00 MiB cached=0.00 GiB free=0.42 GiB reserve=1.59 GiB total=31.86 GiB)
ds4: ROCm q8 fp16 cache budget exhausted; using q8 kernels (request=64.00 MiB cached=0.00 GiB free=0.42 GiB reserve=1.59 GiB total=31.86 GiB)
ds4: ROCm q8 fp16 cache budget exhausted; using q8 kernels (request=64.00 MiB cached=0.00 GiB free=0.42 GiB reserve=1.59 GiB total=31.86 GiB)
ds4: ROCm q8 fp16 cache budget exhausted; using q8 kernels (request=64.00 MiB cached=0.00 GiB free=0.42 GiB reserve=1.59 GiB total=31.86 GiB)
ds4: ROCm q8 fp16 cache budget exhausted; using q8 kernels (request=64.00 MiB cached=0.00 GiB free=0.42 GiB reserve=1.59 GiB total=31.86 GiB)
ds4: ROCm q8 fp16 cache budget exhausted; using q8 kernels (request=64.00 MiB cached=0.00 GiB free=0.42 GiB reserve=1.59 GiB total=31.86 GiB)
ds4: ROCm q8 fp16 cache budget exhausted; using q8 kernels (request=64.00 MiB cached=0.00 GiB free=0.42 GiB reserve=1.59 GiB total=31.86 GiB)
ds4: ROCm q8 fp16 cache budget exhausted; using q8 kernels (request=64.00 MiB cached=0.00 GiB free=0.42 GiB reserve=1.59 GiB total=31.86 GiB)
ds4: ROCm q8 fp16 cache budget exhausted; using q8 kernels (request=64.00 MiB cached=0.00 GiB free=0.42 GiB reserve=1.59 GiB total=31.86 GiB)
ds4: ROCm q8 fp16 cache budget exhausted; using q8 kernels (request=64.00 MiB cached=0.00 GiB free=0.42 GiB reserve=1.59 GiB total=31.86 GiB)
ds4: ROCm q8 fp16 cache budget exhausted; using q8 kernels (request=64.00 MiB cached=0.00 GiB free=0.42 GiB reserve=1.59 GiB total=31.86 GiB)
ds4: ROCm q8 fp16 cache budget exhausted; using q8 kernels (request=64.00 MiB cached=0.00 GiB free=0.42 GiB reserve=1.59 GiB total=31.86 GiB)
ds4: ROCm q8 fp16 cache budget exhausted; using q8 kernels (request=64.00 MiB cached=0.00 GiB free=0.42 GiB reserve=1.59 GiB total=31.86 GiB)
ds4: ROCm q8 fp16 cache budget exhausted; using q8 kernels (request=64.00 MiB cached=0.00 GiB free=0.42 GiB reserve=1.59 GiB total=31.86 GiB)
ds4: ROCm q8 fp16 cache budget exhausted; using q8 kernels (request=64.00 MiB cached=0.00 GiB free=0.42 GiB reserve=1.59 GiB total=31.86 GiB)
ds4: ROCm q8 fp16 cache budget exhausted; using q8 kernels (request=64.00 MiB cached=0.00 GiB free=0.42 GiB reserve=1.59 GiB total=31.86 GiB)
ds4: ROCm q8 fp16 cache budget exhausted; using q8 kernels (request=64.00 MiB cached=0.00 GiB free=0.42 GiB reserve=1.59 GiB total=31.86 GiB)
ds4: ROCm q8 fp16 cache budget exhausted; using q8 kernels (request=64.00 MiB cached=0.00 GiB free=0.42 GiB reserve=1.59 GiB total=31.86 GiB)
ds4: ROCm q8 fp16 cache budget exhausted; using q8 kernels (request=64.00 MiB cached=0.00 GiB free=0.42 GiB reserve=1.59 GiB total=31.86 GiB)
ds4: ROCm q8 fp16 cache budget exhausted; using q8 kernels (request=64.00 MiB cached=0.00 GiB free=0.42 GiB reserve=1.59 GiB total=31.86 GiB)
ds4: ROCm q8 fp16 cache budget exhausted; using q8 kernels (request=64.00 MiB cached=0.00 GiB free=0.42 GiB reserve=1.59 GiB total=31.86 GiB)
ds4: ROCm q8 fp16 cache budget exhausted; using q8 kernels (request=64.00 MiB cached=0.00 GiB free=0.42 GiB reserve=1.59 GiB total=31.86 GiB)
ds4: ROCm q8 fp16 cache budget exhausted; using q8 kernels (request=64.00 MiB cached=0.00 GiB free=0.42 GiB reserve=1.59 GiB total=31.86 GiB)
ds4: ROCm q8 fp16 cache budget exhausted; using q8 kernels (request=64.00 MiB cached=0.00 GiB free=0.42 GiB reserve=1.59 GiB total=31.86 GiB)
ds4: ROCm q8 fp16 cache budget exhausted; using q8 kernels (request=64.00 MiB cached=0.00 GiB free=0.42 GiB reserve=1.59 GiB total=31.86 GiB)
ds4: ROCm q8 fp16 cache budget exhausted; using q8 kernels (request=64.00 MiB cached=0.00 GiB free=0.42 GiB reserve=1.59 GiB total=31.86 GiB)
ds4: ROCm q8 fp16 cache budget exhausted; using q8 kernels (request=64.00 MiB cached=0.00 GiB free=0.42 GiB reserve=1.59 GiB total=31.86 GiB)
ds4: ROCm q8 fp16 cache budget exhausted; using q8 kernels (request=64.00 MiB cached=0.00 GiB free=0.42 GiB reserve=1.59 GiB total=31.86 GiB)
ds4: ROCm q8 fp16 cache budget exhausted; using q8 kernels (request=64.00 MiB cached=0.00 GiB free=0.42 GiB reserve=1.59 GiB total=31.86 GiB)
ds4: ROCm q8 fp16 cache budget exhausted; using q8 kernels (request=64.00 MiB cached=0.00 GiB free=0.42 GiB reserve=1.59 GiB total=31.86 GiB)
ds4: ROCm q8 fp16 cache budget exhausted; using q8 kernels (request=64.00 MiB cached=0.00 GiB free=0.42 GiB reserve=1.59 GiB total=31.86 GiB)
ds4: ROCm q8 fp16 cache budget exhausted; using q8 kernels (request=64.00 MiB cached=0.00 GiB free=0.42 GiB reserve=1.59 GiB total=31.86 GiB)
ds4: ROCm q8 fp16 cache budget exhausted; using q8 kernels (request=64.00 MiB cached=0.00 GiB free=0.42 GiB reserve=1.59 GiB total=31.86 GiB)
ds4: ROCm q8 fp16 cache budget exhausted; using q8 kernels (request=64.00 MiB cached=0.00 GiB free=0.42 GiB reserve=1.59 GiB total=31.86 GiB)
ds4: ROCm q8 fp16 cache budget exhausted; using q8 kernels (request=64.00 MiB cached=0.00 GiB free=0.42 GiB reserve=1.59 GiB total=31.86 GiB)
case_051 cases=52 prompt=21 target=24 avg_nll=0.253231 lcp=6 api_target_mae=0.253231 api_top_coverage=120/120 api_top1=0.917 api_topn=0.742 api_pair=0.979
ds4: ROCm q8 fp16 cache budget exhausted; using q8 kernels (request=64.00 MiB cached=0.00 GiB free=0.42 GiB reserve=1.59 GiB total=31.86 GiB)
ds4: ROCm q8 fp16 cache budget exhausted; using q8 kernels (request=64.00 MiB cached=0.00 GiB free=0.42 GiB reserve=1.59 GiB total=31.86 GiB)
ds4: ROCm q8 fp16 cache budget exhausted; using q8 kernels (request=64.00 MiB cached=0.00 GiB free=0.42 GiB reserve=1.59 GiB total=31.86 GiB)
ds4: ROCm q8 fp16 cache budget exhausted; using q8 kernels (request=64.00 MiB cached=0.00 GiB free=0.42 GiB reserve=1.59 GiB total=31.86 GiB)
ds4: ROCm q8 fp16 cache budget exhausted; using q8 kernels (request=64.00 MiB cached=0.00 GiB free=0.42 GiB reserve=1.59 GiB total=31.86 GiB)
ds4: ROCm q8 fp16 cache budget exhausted; using q8 kernels (request=64.00 MiB cached=0.00 GiB free=0.42 GiB reserve=1.59 GiB total=31.86 GiB)
ds4: ROCm q8 fp16 cache budget exhausted; using q8 kernels (request=64.00 MiB cached=0.00 GiB free=0.42 GiB reserve=1.59 GiB total=31.86 GiB)
ds4: ROCm q8 fp16 cache budget exhausted; using q8 kernels (request=64.00 MiB cached=0.00 GiB free=0.42 GiB reserve=1.59 GiB total=31.86 GiB)
ds4: ROCm q8 fp16 cache budget exhausted; using q8 kernels (request=64.00 MiB cached=0.00 GiB free=0.42 GiB reserve=1.59 GiB total=31.86 GiB)
ds4: ROCm q8 fp16 cache budget exhausted; using q8 kernels (request=64.00 MiB cached=0.00 GiB free=0.42 GiB reserve=1.59 GiB total=31.86 GiB)
ds4: ROCm q8 fp16 cache budget exhausted; using q8 kernels (request=64.00 MiB cached=0.00 GiB free=0.42 GiB reserve=1.59 GiB total=31.86 GiB)
ds4: ROCm q8 fp16 cache budget exhausted; using q8 kernels (request=64.00 MiB cached=0.00 GiB free=0.42 GiB reserve=1.59 GiB total=31.86 GiB)
ds4: ROCm q8 fp16 cache budget exhausted; using q8 kernels (request=64.00 MiB cached=0.00 GiB free=0.42 GiB reserve=1.59 GiB total=31.86 GiB)
ds4: ROCm q8 fp16 cache budget exhausted; using q8 kernels (request=64.00 MiB cached=0.00 GiB free=0.42 GiB reserve=1.59 GiB total=31.86 GiB)
ds4: ROCm q8 fp16 cache budget exhausted; using q8 kernels (request=64.00 MiB cached=0.00 GiB free=0.42 GiB reserve=1.59 GiB total=31.86 GiB)
ds4: ROCm q8 fp16 cache budget exhausted; using q8 kernels (request=64.00 MiB cached=0.00 GiB free=0.42 GiB reserve=1.59 GiB total=31.86 GiB)
ds4: ROCm q8 fp16 cache budget exhausted; using q8 kernels (request=64.00 MiB cached=0.00 GiB free=0.42 GiB reserve=1.59 GiB total=31.86 GiB)
ds4: ROCm q8 fp16 cache budget exhausted; using q8 kernels (request=64.00 MiB cached=0.00 GiB free=0.42 GiB reserve=1.59 GiB total=31.86 GiB)
ds4: ROCm q8 fp16 cache budget exhausted; using q8 kernels (request=64.00 MiB cached=0.00 GiB free=0.42 GiB reserve=1.59 GiB total=31.86 GiB)
ds4: ROCm q8 fp16 cache budget exhausted; using q8 kernels (request=64.00 MiB cached=0.00 GiB free=0.42 GiB reserve=1.59 GiB total=31.86 GiB)
ds4: ROCm q8 fp16 cache budget exhausted; using q8 kernels (request=64.00 MiB cached=0.00 GiB free=0.42 GiB reserve=1.59 GiB total=31.86 GiB)
ds4: ROCm q8 fp16 cache budget exhausted; using q8 kernels (request=64.00 MiB cached=0.00 GiB free=0.42 GiB reserve=1.59 GiB total=31.86 GiB)
ds4: ROCm q8 fp16 cache budget exhausted; using q8 kernels (request=64.00 MiB cached=0.00 GiB free=0.42 GiB reserve=1.59 GiB total=31.86 GiB)
ds4: ROCm q8 fp16 cache budget exhausted; using q8 kernels (request=64.00 MiB cached=0.00 GiB free=0.42 GiB reserve=1.59 GiB total=31.86 GiB)
ds4: ROCm q8 fp16 cache budget exhausted; using q8 kernels (request=64.00 MiB cached=0.00 GiB free=0.42 GiB reserve=1.59 GiB total=31.86 GiB)
ds4: ROCm q8 fp16 cache budget exhausted; using q8 kernels (request=64.00 MiB cached=0.00 GiB free=0.42 GiB reserve=1.59 GiB total=31.86 GiB)
ds4: ROCm q8 fp16 cache budget exhausted; using q8 kernels (request=64.00 MiB cached=0.00 GiB free=0.42 GiB reserve=1.59 GiB total=31.86 GiB)
ds4: ROCm q8 fp16 cache budget exhausted; using q8 kernels (request=64.00 MiB cached=0.00 GiB free=0.42 GiB reserve=1.59 GiB total=31.86 GiB)
ds4: ROCm q8 fp16 cache budget exhausted; using q8 kernels (request=64.00 MiB cached=0.00 GiB free=0.42 GiB reserve=1.59 GiB total=31.86 GiB)
ds4: ROCm q8 fp16 cache budget exhausted; using q8 kernels (request=64.00 MiB cached=0.00 GiB free=0.42 GiB reserve=1.59 GiB total=31.86 GiB)
ds4: ROCm q8 fp16 cache budget exhausted; using q8 kernels (request=64.00 MiB cached=0.00 GiB free=0.42 GiB reserve=1.59 GiB total=31.86 GiB)
ds4: ROCm q8 fp16 cache budget exhausted; using q8 kernels (request=64.00 MiB cached=0.00 GiB free=0.42 GiB reserve=1.59 GiB total=31.86 GiB)
ds4: ROCm q8 fp16 cache budget exhausted; using q8 kernels (request=64.00 MiB cached=0.00 GiB free=0.42 GiB reserve=1.59 GiB total=31.86 GiB)
ds4: ROCm q8 fp16 cache budget exhausted; using q8 kernels (request=64.00 MiB cached=0.00 GiB free=0.42 GiB reserve=1.59 GiB total=31.86 GiB)
ds4: ROCm q8 fp16 cache budget exhausted; using q8 kernels (request=64.00 MiB cached=0.00 GiB free=0.42 GiB reserve=1.59 GiB total=31.86 GiB)
ds4: ROCm q8 fp16 cache budget exhausted; using q8 kernels (request=64.00 MiB cached=0.00 GiB free=0.42 GiB reserve=1.59 GiB total=31.86 GiB)
ds4: ROCm q8 fp16 cache budget exhausted; using q8 kernels (request=64.00 MiB cached=0.00 GiB free=0.42 GiB reserve=1.59 GiB total=31.86 GiB)
ds4: ROCm q8 fp16 cache budget exhausted; using q8 kernels (request=64.00 MiB cached=0.00 GiB free=0.42 GiB reserve=1.59 GiB total=31.86 GiB)
ds4: ROCm q8 fp16 cache budget exhausted; using q8 kernels (request=64.00 MiB cached=0.00 GiB free=0.42 GiB reserve=1.59 GiB total=31.86 GiB)
ds4: ROCm q8 fp16 cache budget exhausted; using q8 kernels (request=64.00 MiB cached=0.00 GiB free=0.42 GiB reserve=1.59 GiB total=31.86 GiB)
ds4: ROCm q8 fp16 cache budget exhausted; using q8 kernels (request=64.00 MiB cached=0.00 GiB free=0.42 GiB reserve=1.59 GiB total=31.86 GiB)
ds4: ROCm q8 fp16 cache budget exhausted; using q8 kernels (request=64.00 MiB cached=0.00 GiB free=0.42 GiB reserve=1.59 GiB total=31.86 GiB)
ds4: ROCm q8 fp16 cache budget exhausted; using q8 kernels (request=64.00 MiB cached=0.00 GiB free=0.42 GiB reserve=1.59 GiB total=31.86 GiB)
case_052 cases=53 prompt=19 target=24 avg_nll=0.577023 lcp=0 api_target_mae=0.577023 api_top_coverage=119/120 api_top1=0.625 api_topn=0.790 api_pair=0.908
ds4: ROCm q8 fp16 cache budget exhausted; using q8 kernels (request=64.00 MiB cached=0.00 GiB free=0.42 GiB reserve=1.59 GiB total=31.86 GiB)
ds4: ROCm q8 fp16 cache budget exhausted; using q8 kernels (request=64.00 MiB cached=0.00 GiB free=0.42 GiB reserve=1.59 GiB total=31.86 GiB)
ds4: ROCm q8 fp16 cache budget exhausted; using q8 kernels (request=64.00 MiB cached=0.00 GiB free=0.42 GiB reserve=1.59 GiB total=31.86 GiB)
ds4: ROCm q8 fp16 cache budget exhausted; using q8 kernels (request=64.00 MiB cached=0.00 GiB free=0.42 GiB reserve=1.59 GiB total=31.86 GiB)
ds4: ROCm q8 fp16 cache budget exhausted; using q8 kernels (request=64.00 MiB cached=0.00 GiB free=0.42 GiB reserve=1.59 GiB total=31.86 GiB)
ds4: ROCm q8 fp16 cache budget exhausted; using q8 kernels (request=64.00 MiB cached=0.00 GiB free=0.42 GiB reserve=1.59 GiB total=31.86 GiB)
ds4: ROCm q8 fp16 cache budget exhausted; using q8 kernels (request=64.00 MiB cached=0.00 GiB free=0.42 GiB reserve=1.59 GiB total=31.86 GiB)
ds4: ROCm q8 fp16 cache budget exhausted; using q8 kernels (request=64.00 MiB cached=0.00 GiB free=0.42 GiB reserve=1.59 GiB total=31.86 GiB)
ds4: ROCm q8 fp16 cache budget exhausted; using q8 kernels (request=64.00 MiB cached=0.00 GiB free=0.42 GiB reserve=1.59 GiB total=31.86 GiB)
ds4: ROCm q8 fp16 cache budget exhausted; using q8 kernels (request=64.00 MiB cached=0.00 GiB free=0.42 GiB reserve=1.59 GiB total=31.86 GiB)
ds4: ROCm q8 fp16 cache budget exhausted; using q8 kernels (request=64.00 MiB cached=0.00 GiB free=0.42 GiB reserve=1.59 GiB total=31.86 GiB)
ds4: ROCm q8 fp16 cache budget exhausted; using q8 kernels (request=64.00 MiB cached=0.00 GiB free=0.42 GiB reserve=1.59 GiB total=31.86 GiB)
ds4: ROCm q8 fp16 cache budget exhausted; using q8 kernels (request=64.00 MiB cached=0.00 GiB free=0.42 GiB reserve=1.59 GiB total=31.86 GiB)
ds4: ROCm q8 fp16 cache budget exhausted; using q8 kernels (request=64.00 MiB cached=0.00 GiB free=0.42 GiB reserve=1.59 GiB total=31.86 GiB)
ds4: ROCm q8 fp16 cache budget exhausted; using q8 kernels (request=64.00 MiB cached=0.00 GiB free=0.42 GiB reserve=1.59 GiB total=31.86 GiB)
ds4: ROCm q8 fp16 cache budget exhausted; using q8 kernels (request=64.00 MiB cached=0.00 GiB free=0.42 GiB reserve=1.59 GiB total=31.86 GiB)
ds4: ROCm q8 fp16 cache budget exhausted; using q8 kernels (request=64.00 MiB cached=0.00 GiB free=0.42 GiB reserve=1.59 GiB total=31.86 GiB)
ds4: ROCm q8 fp16 cache budget exhausted; using q8 kernels (request=64.00 MiB cached=0.00 GiB free=0.42 GiB reserve=1.59 GiB total=31.86 GiB)
ds4: ROCm q8 fp16 cache budget exhausted; using q8 kernels (request=64.00 MiB cached=0.00 GiB free=0.42 GiB reserve=1.59 GiB total=31.86 GiB)
ds4: ROCm q8 fp16 cache budget exhausted; using q8 kernels (request=64.00 MiB cached=0.00 GiB free=0.42 GiB reserve=1.59 GiB total=31.86 GiB)
ds4: ROCm q8 fp16 cache budget exhausted; using q8 kernels (request=64.00 MiB cached=0.00 GiB free=0.42 GiB reserve=1.59 GiB total=31.86 GiB)
ds4: ROCm q8 fp16 cache budget exhausted; using q8 kernels (request=64.00 MiB cached=0.00 GiB free=0.42 GiB reserve=1.59 GiB total=31.86 GiB)
ds4: ROCm q8 fp16 cache budget exhausted; using q8 kernels (request=64.00 MiB cached=0.00 GiB free=0.42 GiB reserve=1.59 GiB total=31.86 GiB)
ds4: ROCm q8 fp16 cache budget exhausted; using q8 kernels (request=64.00 MiB cached=0.00 GiB free=0.42 GiB reserve=1.59 GiB total=31.86 GiB)
ds4: ROCm q8 fp16 cache budget exhausted; using q8 kernels (request=64.00 MiB cached=0.00 GiB free=0.42 GiB reserve=1.59 GiB total=31.86 GiB)
ds4: ROCm q8 fp16 cache budget exhausted; using q8 kernels (request=64.00 MiB cached=0.00 GiB free=0.42 GiB reserve=1.59 GiB total=31.86 GiB)
ds4: ROCm q8 fp16 cache budget exhausted; using q8 kernels (request=64.00 MiB cached=0.00 GiB free=0.42 GiB reserve=1.59 GiB total=31.86 GiB)
ds4: ROCm q8 fp16 cache budget exhausted; using q8 kernels (request=64.00 MiB cached=0.00 GiB free=0.42 GiB reserve=1.59 GiB total=31.86 GiB)
ds4: ROCm q8 fp16 cache budget exhausted; using q8 kernels (request=64.00 MiB cached=0.00 GiB free=0.42 GiB reserve=1.59 GiB total=31.86 GiB)
ds4: ROCm q8 fp16 cache budget exhausted; using q8 kernels (request=64.00 MiB cached=0.00 GiB free=0.42 GiB reserve=1.59 GiB total=31.86 GiB)
ds4: ROCm q8 fp16 cache budget exhausted; using q8 kernels (request=64.00 MiB cached=0.00 GiB free=0.42 GiB reserve=1.59 GiB total=31.86 GiB)
ds4: ROCm q8 fp16 cache budget exhausted; using q8 kernels (request=64.00 MiB cached=0.00 GiB free=0.42 GiB reserve=1.59 GiB total=31.86 GiB)
ds4: ROCm q8 fp16 cache budget exhausted; using q8 kernels (request=64.00 MiB cached=0.00 GiB free=0.42 GiB reserve=1.59 GiB total=31.86 GiB)
ds4: ROCm q8 fp16 cache budget exhausted; using q8 kernels (request=64.00 MiB cached=0.00 GiB free=0.42 GiB reserve=1.59 GiB total=31.86 GiB)
ds4: ROCm q8 fp16 cache budget exhausted; using q8 kernels (request=64.00 MiB cached=0.00 GiB free=0.42 GiB reserve=1.59 GiB total=31.86 GiB)
ds4: ROCm q8 fp16 cache budget exhausted; using q8 kernels (request=64.00 MiB cached=0.00 GiB free=0.42 GiB reserve=1.59 GiB total=31.86 GiB)
ds4: ROCm q8 fp16 cache budget exhausted; using q8 kernels (request=64.00 MiB cached=0.00 GiB free=0.42 GiB reserve=1.59 GiB total=31.86 GiB)
ds4: ROCm q8 fp16 cache budget exhausted; using q8 kernels (request=64.00 MiB cached=0.00 GiB free=0.42 GiB reserve=1.59 GiB total=31.86 GiB)
ds4: ROCm q8 fp16 cache budget exhausted; using q8 kernels (request=64.00 MiB cached=0.00 GiB free=0.42 GiB reserve=1.59 GiB total=31.86 GiB)
ds4: ROCm q8 fp16 cache budget exhausted; using q8 kernels (request=64.00 MiB cached=0.00 GiB free=0.42 GiB reserve=1.59 GiB total=31.86 GiB)
ds4: ROCm q8 fp16 cache budget exhausted; using q8 kernels (request=64.00 MiB cached=0.00 GiB free=0.42 GiB reserve=1.59 GiB total=31.86 GiB)
ds4: ROCm q8 fp16 cache budget exhausted; using q8 kernels (request=64.00 MiB cached=0.00 GiB free=0.42 GiB reserve=1.59 GiB total=31.86 GiB)
ds4: ROCm q8 fp16 cache budget exhausted; using q8 kernels (request=64.00 MiB cached=0.00 GiB free=0.42 GiB reserve=1.59 GiB total=31.86 GiB)
case_053 cases=54 prompt=22 target=24 avg_nll=0.201747 lcp=11 api_target_mae=0.201747 api_top_coverage=120/120 api_top1=0.875 api_topn=0.775 api_pair=0.969
ds4: ROCm q8 fp16 cache budget exhausted; using q8 kernels (request=64.00 MiB cached=0.00 GiB free=0.42 GiB reserve=1.59 GiB total=31.86 GiB)
ds4: ROCm q8 fp16 cache budget exhausted; using q8 kernels (request=64.00 MiB cached=0.00 GiB free=0.42 GiB reserve=1.59 GiB total=31.86 GiB)
ds4: ROCm q8 fp16 cache budget exhausted; using q8 kernels (request=64.00 MiB cached=0.00 GiB free=0.42 GiB reserve=1.59 GiB total=31.86 GiB)
ds4: ROCm q8 fp16 cache budget exhausted; using q8 kernels (request=64.00 MiB cached=0.00 GiB free=0.42 GiB reserve=1.59 GiB total=31.86 GiB)
ds4: ROCm q8 fp16 cache budget exhausted; using q8 kernels (request=64.00 MiB cached=0.00 GiB free=0.42 GiB reserve=1.59 GiB total=31.86 GiB)
ds4: ROCm q8 fp16 cache budget exhausted; using q8 kernels (request=64.00 MiB cached=0.00 GiB free=0.42 GiB reserve=1.59 GiB total=31.86 GiB)
ds4: ROCm q8 fp16 cache budget exhausted; using q8 kernels (request=64.00 MiB cached=0.00 GiB free=0.42 GiB reserve=1.59 GiB total=31.86 GiB)
ds4: ROCm q8 fp16 cache budget exhausted; using q8 kernels (request=64.00 MiB cached=0.00 GiB free=0.42 GiB reserve=1.59 GiB total=31.86 GiB)
ds4: ROCm q8 fp16 cache budget exhausted; using q8 kernels (request=64.00 MiB cached=0.00 GiB free=0.42 GiB reserve=1.59 GiB total=31.86 GiB)
ds4: ROCm q8 fp16 cache budget exhausted; using q8 kernels (request=64.00 MiB cached=0.00 GiB free=0.42 GiB reserve=1.59 GiB total=31.86 GiB)
ds4: ROCm q8 fp16 cache budget exhausted; using q8 kernels (request=64.00 MiB cached=0.00 GiB free=0.42 GiB reserve=1.59 GiB total=31.86 GiB)
ds4: ROCm q8 fp16 cache budget exhausted; using q8 kernels (request=64.00 MiB cached=0.00 GiB free=0.42 GiB reserve=1.59 GiB total=31.86 GiB)
ds4: ROCm q8 fp16 cache budget exhausted; using q8 kernels (request=64.00 MiB cached=0.00 GiB free=0.42 GiB reserve=1.59 GiB total=31.86 GiB)
ds4: ROCm q8 fp16 cache budget exhausted; using q8 kernels (request=64.00 MiB cached=0.00 GiB free=0.42 GiB reserve=1.59 GiB total=31.86 GiB)
ds4: ROCm q8 fp16 cache budget exhausted; using q8 kernels (request=64.00 MiB cached=0.00 GiB free=0.42 GiB reserve=1.59 GiB total=31.86 GiB)
ds4: ROCm q8 fp16 cache budget exhausted; using q8 kernels (request=64.00 MiB cached=0.00 GiB free=0.42 GiB reserve=1.59 GiB total=31.86 GiB)
ds4: ROCm q8 fp16 cache budget exhausted; using q8 kernels (request=64.00 MiB cached=0.00 GiB free=0.42 GiB reserve=1.59 GiB total=31.86 GiB)
ds4: ROCm q8 fp16 cache budget exhausted; using q8 kernels (request=64.00 MiB cached=0.00 GiB free=0.42 GiB reserve=1.59 GiB total=31.86 GiB)
ds4: ROCm q8 fp16 cache budget exhausted; using q8 kernels (request=64.00 MiB cached=0.00 GiB free=0.42 GiB reserve=1.59 GiB total=31.86 GiB)
ds4: ROCm q8 fp16 cache budget exhausted; using q8 kernels (request=64.00 MiB cached=0.00 GiB free=0.42 GiB reserve=1.59 GiB total=31.86 GiB)
ds4: ROCm q8 fp16 cache budget exhausted; using q8 kernels (request=64.00 MiB cached=0.00 GiB free=0.42 GiB reserve=1.59 GiB total=31.86 GiB)
ds4: ROCm q8 fp16 cache budget exhausted; using q8 kernels (request=64.00 MiB cached=0.00 GiB free=0.42 GiB reserve=1.59 GiB total=31.86 GiB)
ds4: ROCm q8 fp16 cache budget exhausted; using q8 kernels (request=64.00 MiB cached=0.00 GiB free=0.42 GiB reserve=1.59 GiB total=31.86 GiB)
ds4: ROCm q8 fp16 cache budget exhausted; using q8 kernels (request=64.00 MiB cached=0.00 GiB free=0.42 GiB reserve=1.59 GiB total=31.86 GiB)
ds4: ROCm q8 fp16 cache budget exhausted; using q8 kernels (request=64.00 MiB cached=0.00 GiB free=0.42 GiB reserve=1.59 GiB total=31.86 GiB)
ds4: ROCm q8 fp16 cache budget exhausted; using q8 kernels (request=64.00 MiB cached=0.00 GiB free=0.42 GiB reserve=1.59 GiB total=31.86 GiB)
ds4: ROCm q8 fp16 cache budget exhausted; using q8 kernels (request=64.00 MiB cached=0.00 GiB free=0.42 GiB reserve=1.59 GiB total=31.86 GiB)
ds4: ROCm q8 fp16 cache budget exhausted; using q8 kernels (request=64.00 MiB cached=0.00 GiB free=0.42 GiB reserve=1.59 GiB total=31.86 GiB)
ds4: ROCm q8 fp16 cache budget exhausted; using q8 kernels (request=64.00 MiB cached=0.00 GiB free=0.42 GiB reserve=1.59 GiB total=31.86 GiB)
ds4: ROCm q8 fp16 cache budget exhausted; using q8 kernels (request=64.00 MiB cached=0.00 GiB free=0.42 GiB reserve=1.59 GiB total=31.86 GiB)
ds4: ROCm q8 fp16 cache budget exhausted; using q8 kernels (request=64.00 MiB cached=0.00 GiB free=0.42 GiB reserve=1.59 GiB total=31.86 GiB)
ds4: ROCm q8 fp16 cache budget exhausted; using q8 kernels (request=64.00 MiB cached=0.00 GiB free=0.42 GiB reserve=1.59 GiB total=31.86 GiB)
ds4: ROCm q8 fp16 cache budget exhausted; using q8 kernels (request=64.00 MiB cached=0.00 GiB free=0.42 GiB reserve=1.59 GiB total=31.86 GiB)
ds4: ROCm q8 fp16 cache budget exhausted; using q8 kernels (request=64.00 MiB cached=0.00 GiB free=0.42 GiB reserve=1.59 GiB total=31.86 GiB)
ds4: ROCm q8 fp16 cache budget exhausted; using q8 kernels (request=64.00 MiB cached=0.00 GiB free=0.42 GiB reserve=1.59 GiB total=31.86 GiB)
ds4: ROCm q8 fp16 cache budget exhausted; using q8 kernels (request=64.00 MiB cached=0.00 GiB free=0.42 GiB reserve=1.59 GiB total=31.86 GiB)
ds4: ROCm q8 fp16 cache budget exhausted; using q8 kernels (request=64.00 MiB cached=0.00 GiB free=0.42 GiB reserve=1.59 GiB total=31.86 GiB)
ds4: ROCm q8 fp16 cache budget exhausted; using q8 kernels (request=64.00 MiB cached=0.00 GiB free=0.42 GiB reserve=1.59 GiB total=31.86 GiB)
ds4: ROCm q8 fp16 cache budget exhausted; using q8 kernels (request=64.00 MiB cached=0.00 GiB free=0.42 GiB reserve=1.59 GiB total=31.86 GiB)
ds4: ROCm q8 fp16 cache budget exhausted; using q8 kernels (request=64.00 MiB cached=0.00 GiB free=0.42 GiB reserve=1.59 GiB total=31.86 GiB)
ds4: ROCm q8 fp16 cache budget exhausted; using q8 kernels (request=64.00 MiB cached=0.00 GiB free=0.42 GiB reserve=1.59 GiB total=31.86 GiB)
ds4: ROCm q8 fp16 cache budget exhausted; using q8 kernels (request=64.00 MiB cached=0.00 GiB free=0.42 GiB reserve=1.59 GiB total=31.86 GiB)
ds4: ROCm q8 fp16 cache budget exhausted; using q8 kernels (request=64.00 MiB cached=0.00 GiB free=0.42 GiB reserve=1.59 GiB total=31.86 GiB)
case_054 cases=55 prompt=24 target=24 avg_nll=0.075549 lcp=24 api_target_mae=0.075549 api_top_coverage=96/120 api_top1=1.000 api_topn=0.250 api_pair=1.000
ds4: ROCm q8 fp16 cache budget exhausted; using q8 kernels (request=64.00 MiB cached=0.00 GiB free=0.42 GiB reserve=1.59 GiB total=31.86 GiB)
ds4: ROCm q8 fp16 cache budget exhausted; using q8 kernels (request=64.00 MiB cached=0.00 GiB free=0.42 GiB reserve=1.59 GiB total=31.86 GiB)
ds4: ROCm q8 fp16 cache budget exhausted; using q8 kernels (request=64.00 MiB cached=0.00 GiB free=0.42 GiB reserve=1.59 GiB total=31.86 GiB)
ds4: ROCm q8 fp16 cache budget exhausted; using q8 kernels (request=64.00 MiB cached=0.00 GiB free=0.42 GiB reserve=1.59 GiB total=31.86 GiB)
ds4: ROCm q8 fp16 cache budget exhausted; using q8 kernels (request=64.00 MiB cached=0.00 GiB free=0.42 GiB reserve=1.59 GiB total=31.86 GiB)
ds4: ROCm q8 fp16 cache budget exhausted; using q8 kernels (request=64.00 MiB cached=0.00 GiB free=0.42 GiB reserve=1.59 GiB total=31.86 GiB)
ds4: ROCm q8 fp16 cache budget exhausted; using q8 kernels (request=64.00 MiB cached=0.00 GiB free=0.42 GiB reserve=1.59 GiB total=31.86 GiB)
ds4: ROCm q8 fp16 cache budget exhausted; using q8 kernels (request=64.00 MiB cached=0.00 GiB free=0.42 GiB reserve=1.59 GiB total=31.86 GiB)
ds4: ROCm q8 fp16 cache budget exhausted; using q8 kernels (request=64.00 MiB cached=0.00 GiB free=0.42 GiB reserve=1.59 GiB total=31.86 GiB)
ds4: ROCm q8 fp16 cache budget exhausted; using q8 kernels (request=64.00 MiB cached=0.00 GiB free=0.42 GiB reserve=1.59 GiB total=31.86 GiB)
ds4: ROCm q8 fp16 cache budget exhausted; using q8 kernels (request=64.00 MiB cached=0.00 GiB free=0.42 GiB reserve=1.59 GiB total=31.86 GiB)
ds4: ROCm q8 fp16 cache budget exhausted; using q8 kernels (request=64.00 MiB cached=0.00 GiB free=0.42 GiB reserve=1.59 GiB total=31.86 GiB)
ds4: ROCm q8 fp16 cache budget exhausted; using q8 kernels (request=64.00 MiB cached=0.00 GiB free=0.42 GiB reserve=1.59 GiB total=31.86 GiB)
ds4: ROCm q8 fp16 cache budget exhausted; using q8 kernels (request=64.00 MiB cached=0.00 GiB free=0.42 GiB reserve=1.59 GiB total=31.86 GiB)
ds4: ROCm q8 fp16 cache budget exhausted; using q8 kernels (request=64.00 MiB cached=0.00 GiB free=0.42 GiB reserve=1.59 GiB total=31.86 GiB)
ds4: ROCm q8 fp16 cache budget exhausted; using q8 kernels (request=64.00 MiB cached=0.00 GiB free=0.42 GiB reserve=1.59 GiB total=31.86 GiB)
ds4: ROCm q8 fp16 cache budget exhausted; using q8 kernels (request=64.00 MiB cached=0.00 GiB free=0.42 GiB reserve=1.59 GiB total=31.86 GiB)
ds4: ROCm q8 fp16 cache budget exhausted; using q8 kernels (request=64.00 MiB cached=0.00 GiB free=0.42 GiB reserve=1.59 GiB total=31.86 GiB)
ds4: ROCm q8 fp16 cache budget exhausted; using q8 kernels (request=64.00 MiB cached=0.00 GiB free=0.42 GiB reserve=1.59 GiB total=31.86 GiB)
ds4: ROCm q8 fp16 cache budget exhausted; using q8 kernels (request=64.00 MiB cached=0.00 GiB free=0.42 GiB reserve=1.59 GiB total=31.86 GiB)
ds4: ROCm q8 fp16 cache budget exhausted; using q8 kernels (request=64.00 MiB cached=0.00 GiB free=0.42 GiB reserve=1.59 GiB total=31.86 GiB)
ds4: ROCm q8 fp16 cache budget exhausted; using q8 kernels (request=64.00 MiB cached=0.00 GiB free=0.42 GiB reserve=1.59 GiB total=31.86 GiB)
ds4: ROCm q8 fp16 cache budget exhausted; using q8 kernels (request=64.00 MiB cached=0.00 GiB free=0.42 GiB reserve=1.59 GiB total=31.86 GiB)
ds4: ROCm q8 fp16 cache budget exhausted; using q8 kernels (request=64.00 MiB cached=0.00 GiB free=0.42 GiB reserve=1.59 GiB total=31.86 GiB)
ds4: ROCm q8 fp16 cache budget exhausted; using q8 kernels (request=64.00 MiB cached=0.00 GiB free=0.42 GiB reserve=1.59 GiB total=31.86 GiB)
ds4: ROCm q8 fp16 cache budget exhausted; using q8 kernels (request=64.00 MiB cached=0.00 GiB free=0.42 GiB reserve=1.59 GiB total=31.86 GiB)
ds4: ROCm q8 fp16 cache budget exhausted; using q8 kernels (request=64.00 MiB cached=0.00 GiB free=0.42 GiB reserve=1.59 GiB total=31.86 GiB)
ds4: ROCm q8 fp16 cache budget exhausted; using q8 kernels (request=64.00 MiB cached=0.00 GiB free=0.42 GiB reserve=1.59 GiB total=31.86 GiB)
ds4: ROCm q8 fp16 cache budget exhausted; using q8 kernels (request=64.00 MiB cached=0.00 GiB free=0.42 GiB reserve=1.59 GiB total=31.86 GiB)
ds4: ROCm q8 fp16 cache budget exhausted; using q8 kernels (request=64.00 MiB cached=0.00 GiB free=0.42 GiB reserve=1.59 GiB total=31.86 GiB)
ds4: ROCm q8 fp16 cache budget exhausted; using q8 kernels (request=64.00 MiB cached=0.00 GiB free=0.42 GiB reserve=1.59 GiB total=31.86 GiB)
ds4: ROCm q8 fp16 cache budget exhausted; using q8 kernels (request=64.00 MiB cached=0.00 GiB free=0.42 GiB reserve=1.59 GiB total=31.86 GiB)
ds4: ROCm q8 fp16 cache budget exhausted; using q8 kernels (request=64.00 MiB cached=0.00 GiB free=0.42 GiB reserve=1.59 GiB total=31.86 GiB)
ds4: ROCm q8 fp16 cache budget exhausted; using q8 kernels (request=64.00 MiB cached=0.00 GiB free=0.42 GiB reserve=1.59 GiB total=31.86 GiB)
ds4: ROCm q8 fp16 cache budget exhausted; using q8 kernels (request=64.00 MiB cached=0.00 GiB free=0.42 GiB reserve=1.59 GiB total=31.86 GiB)
ds4: ROCm q8 fp16 cache budget exhausted; using q8 kernels (request=64.00 MiB cached=0.00 GiB free=0.42 GiB reserve=1.59 GiB total=31.86 GiB)
ds4: ROCm q8 fp16 cache budget exhausted; using q8 kernels (request=64.00 MiB cached=0.00 GiB free=0.42 GiB reserve=1.59 GiB total=31.86 GiB)
ds4: ROCm q8 fp16 cache budget exhausted; using q8 kernels (request=64.00 MiB cached=0.00 GiB free=0.42 GiB reserve=1.59 GiB total=31.86 GiB)
ds4: ROCm q8 fp16 cache budget exhausted; using q8 kernels (request=64.00 MiB cached=0.00 GiB free=0.42 GiB reserve=1.59 GiB total=31.86 GiB)
ds4: ROCm q8 fp16 cache budget exhausted; using q8 kernels (request=64.00 MiB cached=0.00 GiB free=0.42 GiB reserve=1.59 GiB total=31.86 GiB)
ds4: ROCm q8 fp16 cache budget exhausted; using q8 kernels (request=64.00 MiB cached=0.00 GiB free=0.42 GiB reserve=1.59 GiB total=31.86 GiB)
ds4: ROCm q8 fp16 cache budget exhausted; using q8 kernels (request=64.00 MiB cached=0.00 GiB free=0.42 GiB reserve=1.59 GiB total=31.86 GiB)
ds4: ROCm q8 fp16 cache budget exhausted; using q8 kernels (request=64.00 MiB cached=0.00 GiB free=0.42 GiB reserve=1.59 GiB total=31.86 GiB)
case_055 cases=56 prompt=25 target=24 avg_nll=0.978941 lcp=0 api_target_mae=0.978941 api_top_coverage=96/120 api_top1=0.708 api_topn=0.250 api_pair=0.986
ds4: ROCm q8 fp16 cache budget exhausted; using q8 kernels (request=64.00 MiB cached=0.00 GiB free=0.42 GiB reserve=1.59 GiB total=31.86 GiB)
ds4: ROCm q8 fp16 cache budget exhausted; using q8 kernels (request=64.00 MiB cached=0.00 GiB free=0.42 GiB reserve=1.59 GiB total=31.86 GiB)
ds4: ROCm q8 fp16 cache budget exhausted; using q8 kernels (request=64.00 MiB cached=0.00 GiB free=0.42 GiB reserve=1.59 GiB total=31.86 GiB)
ds4: ROCm q8 fp16 cache budget exhausted; using q8 kernels (request=64.00 MiB cached=0.00 GiB free=0.42 GiB reserve=1.59 GiB total=31.86 GiB)
ds4: ROCm q8 fp16 cache budget exhausted; using q8 kernels (request=64.00 MiB cached=0.00 GiB free=0.42 GiB reserve=1.59 GiB total=31.86 GiB)
ds4: ROCm q8 fp16 cache budget exhausted; using q8 kernels (request=64.00 MiB cached=0.00 GiB free=0.42 GiB reserve=1.59 GiB total=31.86 GiB)
ds4: ROCm q8 fp16 cache budget exhausted; using q8 kernels (request=64.00 MiB cached=0.00 GiB free=0.42 GiB reserve=1.59 GiB total=31.86 GiB)
ds4: ROCm q8 fp16 cache budget exhausted; using q8 kernels (request=64.00 MiB cached=0.00 GiB free=0.42 GiB reserve=1.59 GiB total=31.86 GiB)
ds4: ROCm q8 fp16 cache budget exhausted; using q8 kernels (request=64.00 MiB cached=0.00 GiB free=0.42 GiB reserve=1.59 GiB total=31.86 GiB)
ds4: ROCm q8 fp16 cache budget exhausted; using q8 kernels (request=64.00 MiB cached=0.00 GiB free=0.42 GiB reserve=1.59 GiB total=31.86 GiB)
ds4: ROCm q8 fp16 cache budget exhausted; using q8 kernels (request=64.00 MiB cached=0.00 GiB free=0.42 GiB reserve=1.59 GiB total=31.86 GiB)
ds4: ROCm q8 fp16 cache budget exhausted; using q8 kernels (request=64.00 MiB cached=0.00 GiB free=0.42 GiB reserve=1.59 GiB total=31.86 GiB)
ds4: ROCm q8 fp16 cache budget exhausted; using q8 kernels (request=64.00 MiB cached=0.00 GiB free=0.42 GiB reserve=1.59 GiB total=31.86 GiB)
ds4: ROCm q8 fp16 cache budget exhausted; using q8 kernels (request=64.00 MiB cached=0.00 GiB free=0.42 GiB reserve=1.59 GiB total=31.86 GiB)
ds4: ROCm q8 fp16 cache budget exhausted; using q8 kernels (request=64.00 MiB cached=0.00 GiB free=0.42 GiB reserve=1.59 GiB total=31.86 GiB)
ds4: ROCm q8 fp16 cache budget exhausted; using q8 kernels (request=64.00 MiB cached=0.00 GiB free=0.42 GiB reserve=1.59 GiB total=31.86 GiB)
ds4: ROCm q8 fp16 cache budget exhausted; using q8 kernels (request=64.00 MiB cached=0.00 GiB free=0.42 GiB reserve=1.59 GiB total=31.86 GiB)
ds4: ROCm q8 fp16 cache budget exhausted; using q8 kernels (request=64.00 MiB cached=0.00 GiB free=0.42 GiB reserve=1.59 GiB total=31.86 GiB)
ds4: ROCm q8 fp16 cache budget exhausted; using q8 kernels (request=64.00 MiB cached=0.00 GiB free=0.42 GiB reserve=1.59 GiB total=31.86 GiB)
ds4: ROCm q8 fp16 cache budget exhausted; using q8 kernels (request=64.00 MiB cached=0.00 GiB free=0.42 GiB reserve=1.59 GiB total=31.86 GiB)
ds4: ROCm q8 fp16 cache budget exhausted; using q8 kernels (request=64.00 MiB cached=0.00 GiB free=0.42 GiB reserve=1.59 GiB total=31.86 GiB)
ds4: ROCm q8 fp16 cache budget exhausted; using q8 kernels (request=64.00 MiB cached=0.00 GiB free=0.42 GiB reserve=1.59 GiB total=31.86 GiB)
ds4: ROCm q8 fp16 cache budget exhausted; using q8 kernels (request=64.00 MiB cached=0.00 GiB free=0.42 GiB reserve=1.59 GiB total=31.86 GiB)
ds4: ROCm q8 fp16 cache budget exhausted; using q8 kernels (request=64.00 MiB cached=0.00 GiB free=0.42 GiB reserve=1.59 GiB total=31.86 GiB)
ds4: ROCm q8 fp16 cache budget exhausted; using q8 kernels (request=64.00 MiB cached=0.00 GiB free=0.42 GiB reserve=1.59 GiB total=31.86 GiB)
ds4: ROCm q8 fp16 cache budget exhausted; using q8 kernels (request=64.00 MiB cached=0.00 GiB free=0.42 GiB reserve=1.59 GiB total=31.86 GiB)
ds4: ROCm q8 fp16 cache budget exhausted; using q8 kernels (request=64.00 MiB cached=0.00 GiB free=0.42 GiB reserve=1.59 GiB total=31.86 GiB)
ds4: ROCm q8 fp16 cache budget exhausted; using q8 kernels (request=64.00 MiB cached=0.00 GiB free=0.42 GiB reserve=1.59 GiB total=31.86 GiB)
ds4: ROCm q8 fp16 cache budget exhausted; using q8 kernels (request=64.00 MiB cached=0.00 GiB free=0.42 GiB reserve=1.59 GiB total=31.86 GiB)
ds4: ROCm q8 fp16 cache budget exhausted; using q8 kernels (request=64.00 MiB cached=0.00 GiB free=0.42 GiB reserve=1.59 GiB total=31.86 GiB)
ds4: ROCm q8 fp16 cache budget exhausted; using q8 kernels (request=64.00 MiB cached=0.00 GiB free=0.42 GiB reserve=1.59 GiB total=31.86 GiB)
ds4: ROCm q8 fp16 cache budget exhausted; using q8 kernels (request=64.00 MiB cached=0.00 GiB free=0.42 GiB reserve=1.59 GiB total=31.86 GiB)
ds4: ROCm q8 fp16 cache budget exhausted; using q8 kernels (request=64.00 MiB cached=0.00 GiB free=0.42 GiB reserve=1.59 GiB total=31.86 GiB)
ds4: ROCm q8 fp16 cache budget exhausted; using q8 kernels (request=64.00 MiB cached=0.00 GiB free=0.42 GiB reserve=1.59 GiB total=31.86 GiB)
ds4: ROCm q8 fp16 cache budget exhausted; using q8 kernels (request=64.00 MiB cached=0.00 GiB free=0.42 GiB reserve=1.59 GiB total=31.86 GiB)
ds4: ROCm q8 fp16 cache budget exhausted; using q8 kernels (request=64.00 MiB cached=0.00 GiB free=0.42 GiB reserve=1.59 GiB total=31.86 GiB)
ds4: ROCm q8 fp16 cache budget exhausted; using q8 kernels (request=64.00 MiB cached=0.00 GiB free=0.42 GiB reserve=1.59 GiB total=31.86 GiB)
ds4: ROCm q8 fp16 cache budget exhausted; using q8 kernels (request=64.00 MiB cached=0.00 GiB free=0.42 GiB reserve=1.59 GiB total=31.86 GiB)
ds4: ROCm q8 fp16 cache budget exhausted; using q8 kernels (request=64.00 MiB cached=0.00 GiB free=0.42 GiB reserve=1.59 GiB total=31.86 GiB)
ds4: ROCm q8 fp16 cache budget exhausted; using q8 kernels (request=64.00 MiB cached=0.00 GiB free=0.42 GiB reserve=1.59 GiB total=31.86 GiB)
ds4: ROCm q8 fp16 cache budget exhausted; using q8 kernels (request=64.00 MiB cached=0.00 GiB free=0.42 GiB reserve=1.59 GiB total=31.86 GiB)
ds4: ROCm q8 fp16 cache budget exhausted; using q8 kernels (request=64.00 MiB cached=0.00 GiB free=0.42 GiB reserve=1.59 GiB total=31.86 GiB)
ds4: ROCm q8 fp16 cache budget exhausted; using q8 kernels (request=64.00 MiB cached=0.00 GiB free=0.42 GiB reserve=1.59 GiB total=31.86 GiB)
case_056 cases=57 prompt=18 target=24 avg_nll=0.516064 lcp=0 api_target_mae=0.516064 api_top_coverage=97/120 api_top1=0.833 api_topn=0.237 api_pair=1.000
ds4: ROCm q8 fp16 cache budget exhausted; using q8 kernels (request=64.00 MiB cached=0.00 GiB free=0.42 GiB reserve=1.59 GiB total=31.86 GiB)
ds4: ROCm q8 fp16 cache budget exhausted; using q8 kernels (request=64.00 MiB cached=0.00 GiB free=0.42 GiB reserve=1.59 GiB total=31.86 GiB)
ds4: ROCm q8 fp16 cache budget exhausted; using q8 kernels (request=64.00 MiB cached=0.00 GiB free=0.42 GiB reserve=1.59 GiB total=31.86 GiB)
ds4: ROCm q8 fp16 cache budget exhausted; using q8 kernels (request=64.00 MiB cached=0.00 GiB free=0.42 GiB reserve=1.59 GiB total=31.86 GiB)
ds4: ROCm q8 fp16 cache budget exhausted; using q8 kernels (request=64.00 MiB cached=0.00 GiB free=0.42 GiB reserve=1.59 GiB total=31.86 GiB)
ds4: ROCm q8 fp16 cache budget exhausted; using q8 kernels (request=64.00 MiB cached=0.00 GiB free=0.42 GiB reserve=1.59 GiB total=31.86 GiB)
ds4: ROCm q8 fp16 cache budget exhausted; using q8 kernels (request=64.00 MiB cached=0.00 GiB free=0.42 GiB reserve=1.59 GiB total=31.86 GiB)
ds4: ROCm q8 fp16 cache budget exhausted; using q8 kernels (request=64.00 MiB cached=0.00 GiB free=0.42 GiB reserve=1.59 GiB total=31.86 GiB)
ds4: ROCm q8 fp16 cache budget exhausted; using q8 kernels (request=64.00 MiB cached=0.00 GiB free=0.42 GiB reserve=1.59 GiB total=31.86 GiB)
ds4: ROCm q8 fp16 cache budget exhausted; using q8 kernels (request=64.00 MiB cached=0.00 GiB free=0.42 GiB reserve=1.59 GiB total=31.86 GiB)
ds4: ROCm q8 fp16 cache budget exhausted; using q8 kernels (request=64.00 MiB cached=0.00 GiB free=0.42 GiB reserve=1.59 GiB total=31.86 GiB)
ds4: ROCm q8 fp16 cache budget exhausted; using q8 kernels (request=64.00 MiB cached=0.00 GiB free=0.42 GiB reserve=1.59 GiB total=31.86 GiB)
ds4: ROCm q8 fp16 cache budget exhausted; using q8 kernels (request=64.00 MiB cached=0.00 GiB free=0.42 GiB reserve=1.59 GiB total=31.86 GiB)
ds4: ROCm q8 fp16 cache budget exhausted; using q8 kernels (request=64.00 MiB cached=0.00 GiB free=0.42 GiB reserve=1.59 GiB total=31.86 GiB)
ds4: ROCm q8 fp16 cache budget exhausted; using q8 kernels (request=64.00 MiB cached=0.00 GiB free=0.42 GiB reserve=1.59 GiB total=31.86 GiB)
ds4: ROCm q8 fp16 cache budget exhausted; using q8 kernels (request=64.00 MiB cached=0.00 GiB free=0.42 GiB reserve=1.59 GiB total=31.86 GiB)
ds4: ROCm q8 fp16 cache budget exhausted; using q8 kernels (request=64.00 MiB cached=0.00 GiB free=0.42 GiB reserve=1.59 GiB total=31.86 GiB)
ds4: ROCm q8 fp16 cache budget exhausted; using q8 kernels (request=64.00 MiB cached=0.00 GiB free=0.42 GiB reserve=1.59 GiB total=31.86 GiB)
ds4: ROCm q8 fp16 cache budget exhausted; using q8 kernels (request=64.00 MiB cached=0.00 GiB free=0.42 GiB reserve=1.59 GiB total=31.86 GiB)
ds4: ROCm q8 fp16 cache budget exhausted; using q8 kernels (request=64.00 MiB cached=0.00 GiB free=0.42 GiB reserve=1.59 GiB total=31.86 GiB)
ds4: ROCm q8 fp16 cache budget exhausted; using q8 kernels (request=64.00 MiB cached=0.00 GiB free=0.42 GiB reserve=1.59 GiB total=31.86 GiB)
ds4: ROCm q8 fp16 cache budget exhausted; using q8 kernels (request=64.00 MiB cached=0.00 GiB free=0.42 GiB reserve=1.59 GiB total=31.86 GiB)
ds4: ROCm q8 fp16 cache budget exhausted; using q8 kernels (request=64.00 MiB cached=0.00 GiB free=0.42 GiB reserve=1.59 GiB total=31.86 GiB)
ds4: ROCm q8 fp16 cache budget exhausted; using q8 kernels (request=64.00 MiB cached=0.00 GiB free=0.42 GiB reserve=1.59 GiB total=31.86 GiB)
ds4: ROCm q8 fp16 cache budget exhausted; using q8 kernels (request=64.00 MiB cached=0.00 GiB free=0.42 GiB reserve=1.59 GiB total=31.86 GiB)
ds4: ROCm q8 fp16 cache budget exhausted; using q8 kernels (request=64.00 MiB cached=0.00 GiB free=0.42 GiB reserve=1.59 GiB total=31.86 GiB)
ds4: ROCm q8 fp16 cache budget exhausted; using q8 kernels (request=64.00 MiB cached=0.00 GiB free=0.42 GiB reserve=1.59 GiB total=31.86 GiB)
ds4: ROCm q8 fp16 cache budget exhausted; using q8 kernels (request=64.00 MiB cached=0.00 GiB free=0.42 GiB reserve=1.59 GiB total=31.86 GiB)
ds4: ROCm q8 fp16 cache budget exhausted; using q8 kernels (request=64.00 MiB cached=0.00 GiB free=0.42 GiB reserve=1.59 GiB total=31.86 GiB)
ds4: ROCm q8 fp16 cache budget exhausted; using q8 kernels (request=64.00 MiB cached=0.00 GiB free=0.42 GiB reserve=1.59 GiB total=31.86 GiB)
ds4: ROCm q8 fp16 cache budget exhausted; using q8 kernels (request=64.00 MiB cached=0.00 GiB free=0.42 GiB reserve=1.59 GiB total=31.86 GiB)
ds4: ROCm q8 fp16 cache budget exhausted; using q8 kernels (request=64.00 MiB cached=0.00 GiB free=0.42 GiB reserve=1.59 GiB total=31.86 GiB)
ds4: ROCm q8 fp16 cache budget exhausted; using q8 kernels (request=64.00 MiB cached=0.00 GiB free=0.42 GiB reserve=1.59 GiB total=31.86 GiB)
ds4: ROCm q8 fp16 cache budget exhausted; using q8 kernels (request=64.00 MiB cached=0.00 GiB free=0.42 GiB reserve=1.59 GiB total=31.86 GiB)
ds4: ROCm q8 fp16 cache budget exhausted; using q8 kernels (request=64.00 MiB cached=0.00 GiB free=0.42 GiB reserve=1.59 GiB total=31.86 GiB)
ds4: ROCm q8 fp16 cache budget exhausted; using q8 kernels (request=64.00 MiB cached=0.00 GiB free=0.42 GiB reserve=1.59 GiB total=31.86 GiB)
ds4: ROCm q8 fp16 cache budget exhausted; using q8 kernels (request=64.00 MiB cached=0.00 GiB free=0.42 GiB reserve=1.59 GiB total=31.86 GiB)
ds4: ROCm q8 fp16 cache budget exhausted; using q8 kernels (request=64.00 MiB cached=0.00 GiB free=0.42 GiB reserve=1.59 GiB total=31.86 GiB)
ds4: ROCm q8 fp16 cache budget exhausted; using q8 kernels (request=64.00 MiB cached=0.00 GiB free=0.42 GiB reserve=1.59 GiB total=31.86 GiB)
ds4: ROCm q8 fp16 cache budget exhausted; using q8 kernels (request=64.00 MiB cached=0.00 GiB free=0.42 GiB reserve=1.59 GiB total=31.86 GiB)
ds4: ROCm q8 fp16 cache budget exhausted; using q8 kernels (request=64.00 MiB cached=0.00 GiB free=0.42 GiB reserve=1.59 GiB total=31.86 GiB)
ds4: ROCm q8 fp16 cache budget exhausted; using q8 kernels (request=64.00 MiB cached=0.00 GiB free=0.42 GiB reserve=1.59 GiB total=31.86 GiB)
ds4: ROCm q8 fp16 cache budget exhausted; using q8 kernels (request=64.00 MiB cached=0.00 GiB free=0.42 GiB reserve=1.59 GiB total=31.86 GiB)
case_057 cases=58 prompt=22 target=24 avg_nll=0.509332 lcp=0 api_target_mae=0.509332 api_top_coverage=98/120 api_top1=0.875 api_topn=0.265 api_pair=0.973
ds4: ROCm q8 fp16 cache budget exhausted; using q8 kernels (request=64.00 MiB cached=0.00 GiB free=0.42 GiB reserve=1.59 GiB total=31.86 GiB)
ds4: ROCm q8 fp16 cache budget exhausted; using q8 kernels (request=64.00 MiB cached=0.00 GiB free=0.42 GiB reserve=1.59 GiB total=31.86 GiB)
ds4: ROCm q8 fp16 cache budget exhausted; using q8 kernels (request=64.00 MiB cached=0.00 GiB free=0.42 GiB reserve=1.59 GiB total=31.86 GiB)
ds4: ROCm q8 fp16 cache budget exhausted; using q8 kernels (request=64.00 MiB cached=0.00 GiB free=0.42 GiB reserve=1.59 GiB total=31.86 GiB)
ds4: ROCm q8 fp16 cache budget exhausted; using q8 kernels (request=64.00 MiB cached=0.00 GiB free=0.42 GiB reserve=1.59 GiB total=31.86 GiB)
ds4: ROCm q8 fp16 cache budget exhausted; using q8 kernels (request=64.00 MiB cached=0.00 GiB free=0.42 GiB reserve=1.59 GiB total=31.86 GiB)
ds4: ROCm q8 fp16 cache budget exhausted; using q8 kernels (request=64.00 MiB cached=0.00 GiB free=0.42 GiB reserve=1.59 GiB total=31.86 GiB)
ds4: ROCm q8 fp16 cache budget exhausted; using q8 kernels (request=64.00 MiB cached=0.00 GiB free=0.42 GiB reserve=1.59 GiB total=31.86 GiB)
ds4: ROCm q8 fp16 cache budget exhausted; using q8 kernels (request=64.00 MiB cached=0.00 GiB free=0.42 GiB reserve=1.59 GiB total=31.86 GiB)
ds4: ROCm q8 fp16 cache budget exhausted; using q8 kernels (request=64.00 MiB cached=0.00 GiB free=0.42 GiB reserve=1.59 GiB total=31.86 GiB)
ds4: ROCm q8 fp16 cache budget exhausted; using q8 kernels (request=64.00 MiB cached=0.00 GiB free=0.42 GiB reserve=1.59 GiB total=31.86 GiB)
ds4: ROCm q8 fp16 cache budget exhausted; using q8 kernels (request=64.00 MiB cached=0.00 GiB free=0.42 GiB reserve=1.59 GiB total=31.86 GiB)
ds4: ROCm q8 fp16 cache budget exhausted; using q8 kernels (request=64.00 MiB cached=0.00 GiB free=0.42 GiB reserve=1.59 GiB total=31.86 GiB)
ds4: ROCm q8 fp16 cache budget exhausted; using q8 kernels (request=64.00 MiB cached=0.00 GiB free=0.42 GiB reserve=1.59 GiB total=31.86 GiB)
ds4: ROCm q8 fp16 cache budget exhausted; using q8 kernels (request=64.00 MiB cached=0.00 GiB free=0.42 GiB reserve=1.59 GiB total=31.86 GiB)
ds4: ROCm q8 fp16 cache budget exhausted; using q8 kernels (request=64.00 MiB cached=0.00 GiB free=0.42 GiB reserve=1.59 GiB total=31.86 GiB)
ds4: ROCm q8 fp16 cache budget exhausted; using q8 kernels (request=64.00 MiB cached=0.00 GiB free=0.42 GiB reserve=1.59 GiB total=31.86 GiB)
ds4: ROCm q8 fp16 cache budget exhausted; using q8 kernels (request=64.00 MiB cached=0.00 GiB free=0.42 GiB reserve=1.59 GiB total=31.86 GiB)
ds4: ROCm q8 fp16 cache budget exhausted; using q8 kernels (request=64.00 MiB cached=0.00 GiB free=0.42 GiB reserve=1.59 GiB total=31.86 GiB)
ds4: ROCm q8 fp16 cache budget exhausted; using q8 kernels (request=64.00 MiB cached=0.00 GiB free=0.42 GiB reserve=1.59 GiB total=31.86 GiB)
ds4: ROCm q8 fp16 cache budget exhausted; using q8 kernels (request=64.00 MiB cached=0.00 GiB free=0.42 GiB reserve=1.59 GiB total=31.86 GiB)
ds4: ROCm q8 fp16 cache budget exhausted; using q8 kernels (request=64.00 MiB cached=0.00 GiB free=0.42 GiB reserve=1.59 GiB total=31.86 GiB)
ds4: ROCm q8 fp16 cache budget exhausted; using q8 kernels (request=64.00 MiB cached=0.00 GiB free=0.42 GiB reserve=1.59 GiB total=31.86 GiB)
ds4: ROCm q8 fp16 cache budget exhausted; using q8 kernels (request=64.00 MiB cached=0.00 GiB free=0.42 GiB reserve=1.59 GiB total=31.86 GiB)
ds4: ROCm q8 fp16 cache budget exhausted; using q8 kernels (request=64.00 MiB cached=0.00 GiB free=0.42 GiB reserve=1.59 GiB total=31.86 GiB)
ds4: ROCm q8 fp16 cache budget exhausted; using q8 kernels (request=64.00 MiB cached=0.00 GiB free=0.42 GiB reserve=1.59 GiB total=31.86 GiB)
ds4: ROCm q8 fp16 cache budget exhausted; using q8 kernels (request=64.00 MiB cached=0.00 GiB free=0.42 GiB reserve=1.59 GiB total=31.86 GiB)
ds4: ROCm q8 fp16 cache budget exhausted; using q8 kernels (request=64.00 MiB cached=0.00 GiB free=0.42 GiB reserve=1.59 GiB total=31.86 GiB)
ds4: ROCm q8 fp16 cache budget exhausted; using q8 kernels (request=64.00 MiB cached=0.00 GiB free=0.42 GiB reserve=1.59 GiB total=31.86 GiB)
ds4: ROCm q8 fp16 cache budget exhausted; using q8 kernels (request=64.00 MiB cached=0.00 GiB free=0.42 GiB reserve=1.59 GiB total=31.86 GiB)
ds4: ROCm q8 fp16 cache budget exhausted; using q8 kernels (request=64.00 MiB cached=0.00 GiB free=0.42 GiB reserve=1.59 GiB total=31.86 GiB)
ds4: ROCm q8 fp16 cache budget exhausted; using q8 kernels (request=64.00 MiB cached=0.00 GiB free=0.42 GiB reserve=1.59 GiB total=31.86 GiB)
ds4: ROCm q8 fp16 cache budget exhausted; using q8 kernels (request=64.00 MiB cached=0.00 GiB free=0.42 GiB reserve=1.59 GiB total=31.86 GiB)
ds4: ROCm q8 fp16 cache budget exhausted; using q8 kernels (request=64.00 MiB cached=0.00 GiB free=0.42 GiB reserve=1.59 GiB total=31.86 GiB)
ds4: ROCm q8 fp16 cache budget exhausted; using q8 kernels (request=64.00 MiB cached=0.00 GiB free=0.42 GiB reserve=1.59 GiB total=31.86 GiB)
ds4: ROCm q8 fp16 cache budget exhausted; using q8 kernels (request=64.00 MiB cached=0.00 GiB free=0.42 GiB reserve=1.59 GiB total=31.86 GiB)
ds4: ROCm q8 fp16 cache budget exhausted; using q8 kernels (request=64.00 MiB cached=0.00 GiB free=0.42 GiB reserve=1.59 GiB total=31.86 GiB)
ds4: ROCm q8 fp16 cache budget exhausted; using q8 kernels (request=64.00 MiB cached=0.00 GiB free=0.42 GiB reserve=1.59 GiB total=31.86 GiB)
ds4: ROCm q8 fp16 cache budget exhausted; using q8 kernels (request=64.00 MiB cached=0.00 GiB free=0.42 GiB reserve=1.59 GiB total=31.86 GiB)
ds4: ROCm q8 fp16 cache budget exhausted; using q8 kernels (request=64.00 MiB cached=0.00 GiB free=0.42 GiB reserve=1.59 GiB total=31.86 GiB)
ds4: ROCm q8 fp16 cache budget exhausted; using q8 kernels (request=64.00 MiB cached=0.00 GiB free=0.42 GiB reserve=1.59 GiB total=31.86 GiB)
ds4: ROCm q8 fp16 cache budget exhausted; using q8 kernels (request=64.00 MiB cached=0.00 GiB free=0.42 GiB reserve=1.59 GiB total=31.86 GiB)
ds4: ROCm q8 fp16 cache budget exhausted; using q8 kernels (request=64.00 MiB cached=0.00 GiB free=0.42 GiB reserve=1.59 GiB total=31.86 GiB)
case_058 cases=59 prompt=25 target=24 avg_nll=0.230895 lcp=4 api_target_mae=0.230895 api_top_coverage=97/120 api_top1=0.875 api_topn=0.268 api_pair=1.000
ds4: ROCm q8 fp16 cache budget exhausted; using q8 kernels (request=64.00 MiB cached=0.00 GiB free=0.42 GiB reserve=1.59 GiB total=31.86 GiB)
ds4: ROCm q8 fp16 cache budget exhausted; using q8 kernels (request=64.00 MiB cached=0.00 GiB free=0.42 GiB reserve=1.59 GiB total=31.86 GiB)
ds4: ROCm q8 fp16 cache budget exhausted; using q8 kernels (request=64.00 MiB cached=0.00 GiB free=0.42 GiB reserve=1.59 GiB total=31.86 GiB)
ds4: ROCm q8 fp16 cache budget exhausted; using q8 kernels (request=64.00 MiB cached=0.00 GiB free=0.42 GiB reserve=1.59 GiB total=31.86 GiB)
ds4: ROCm q8 fp16 cache budget exhausted; using q8 kernels (request=64.00 MiB cached=0.00 GiB free=0.42 GiB reserve=1.59 GiB total=31.86 GiB)
ds4: ROCm q8 fp16 cache budget exhausted; using q8 kernels (request=64.00 MiB cached=0.00 GiB free=0.42 GiB reserve=1.59 GiB total=31.86 GiB)
ds4: ROCm q8 fp16 cache budget exhausted; using q8 kernels (request=64.00 MiB cached=0.00 GiB free=0.42 GiB reserve=1.59 GiB total=31.86 GiB)
ds4: ROCm q8 fp16 cache budget exhausted; using q8 kernels (request=64.00 MiB cached=0.00 GiB free=0.42 GiB reserve=1.59 GiB total=31.86 GiB)
ds4: ROCm q8 fp16 cache budget exhausted; using q8 kernels (request=64.00 MiB cached=0.00 GiB free=0.42 GiB reserve=1.59 GiB total=31.86 GiB)
ds4: ROCm q8 fp16 cache budget exhausted; using q8 kernels (request=64.00 MiB cached=0.00 GiB free=0.42 GiB reserve=1.59 GiB total=31.86 GiB)
ds4: ROCm q8 fp16 cache budget exhausted; using q8 kernels (request=64.00 MiB cached=0.00 GiB free=0.42 GiB reserve=1.59 GiB total=31.86 GiB)
ds4: ROCm q8 fp16 cache budget exhausted; using q8 kernels (request=64.00 MiB cached=0.00 GiB free=0.42 GiB reserve=1.59 GiB total=31.86 GiB)
ds4: ROCm q8 fp16 cache budget exhausted; using q8 kernels (request=64.00 MiB cached=0.00 GiB free=0.42 GiB reserve=1.59 GiB total=31.86 GiB)
ds4: ROCm q8 fp16 cache budget exhausted; using q8 kernels (request=64.00 MiB cached=0.00 GiB free=0.42 GiB reserve=1.59 GiB total=31.86 GiB)
ds4: ROCm q8 fp16 cache budget exhausted; using q8 kernels (request=64.00 MiB cached=0.00 GiB free=0.42 GiB reserve=1.59 GiB total=31.86 GiB)
ds4: ROCm q8 fp16 cache budget exhausted; using q8 kernels (request=64.00 MiB cached=0.00 GiB free=0.42 GiB reserve=1.59 GiB total=31.86 GiB)
ds4: ROCm q8 fp16 cache budget exhausted; using q8 kernels (request=64.00 MiB cached=0.00 GiB free=0.42 GiB reserve=1.59 GiB total=31.86 GiB)
ds4: ROCm q8 fp16 cache budget exhausted; using q8 kernels (request=64.00 MiB cached=0.00 GiB free=0.42 GiB reserve=1.59 GiB total=31.86 GiB)
ds4: ROCm q8 fp16 cache budget exhausted; using q8 kernels (request=64.00 MiB cached=0.00 GiB free=0.42 GiB reserve=1.59 GiB total=31.86 GiB)
ds4: ROCm q8 fp16 cache budget exhausted; using q8 kernels (request=64.00 MiB cached=0.00 GiB free=0.42 GiB reserve=1.59 GiB total=31.86 GiB)
ds4: ROCm q8 fp16 cache budget exhausted; using q8 kernels (request=64.00 MiB cached=0.00 GiB free=0.42 GiB reserve=1.59 GiB total=31.86 GiB)
ds4: ROCm q8 fp16 cache budget exhausted; using q8 kernels (request=64.00 MiB cached=0.00 GiB free=0.42 GiB reserve=1.59 GiB total=31.86 GiB)
ds4: ROCm q8 fp16 cache budget exhausted; using q8 kernels (request=64.00 MiB cached=0.00 GiB free=0.42 GiB reserve=1.59 GiB total=31.86 GiB)
ds4: ROCm q8 fp16 cache budget exhausted; using q8 kernels (request=64.00 MiB cached=0.00 GiB free=0.42 GiB reserve=1.59 GiB total=31.86 GiB)
ds4: ROCm q8 fp16 cache budget exhausted; using q8 kernels (request=64.00 MiB cached=0.00 GiB free=0.42 GiB reserve=1.59 GiB total=31.86 GiB)
ds4: ROCm q8 fp16 cache budget exhausted; using q8 kernels (request=64.00 MiB cached=0.00 GiB free=0.42 GiB reserve=1.59 GiB total=31.86 GiB)
ds4: ROCm q8 fp16 cache budget exhausted; using q8 kernels (request=64.00 MiB cached=0.00 GiB free=0.42 GiB reserve=1.59 GiB total=31.86 GiB)
ds4: ROCm q8 fp16 cache budget exhausted; using q8 kernels (request=64.00 MiB cached=0.00 GiB free=0.42 GiB reserve=1.59 GiB total=31.86 GiB)
ds4: ROCm q8 fp16 cache budget exhausted; using q8 kernels (request=64.00 MiB cached=0.00 GiB free=0.42 GiB reserve=1.59 GiB total=31.86 GiB)
ds4: ROCm q8 fp16 cache budget exhausted; using q8 kernels (request=64.00 MiB cached=0.00 GiB free=0.42 GiB reserve=1.59 GiB total=31.86 GiB)
ds4: ROCm q8 fp16 cache budget exhausted; using q8 kernels (request=64.00 MiB cached=0.00 GiB free=0.42 GiB reserve=1.59 GiB total=31.86 GiB)
ds4: ROCm q8 fp16 cache budget exhausted; using q8 kernels (request=64.00 MiB cached=0.00 GiB free=0.42 GiB reserve=1.59 GiB total=31.86 GiB)
ds4: ROCm q8 fp16 cache budget exhausted; using q8 kernels (request=64.00 MiB cached=0.00 GiB free=0.42 GiB reserve=1.59 GiB total=31.86 GiB)
ds4: ROCm q8 fp16 cache budget exhausted; using q8 kernels (request=64.00 MiB cached=0.00 GiB free=0.42 GiB reserve=1.59 GiB total=31.86 GiB)
ds4: ROCm q8 fp16 cache budget exhausted; using q8 kernels (request=64.00 MiB cached=0.00 GiB free=0.42 GiB reserve=1.59 GiB total=31.86 GiB)
ds4: ROCm q8 fp16 cache budget exhausted; using q8 kernels (request=64.00 MiB cached=0.00 GiB free=0.42 GiB reserve=1.59 GiB total=31.86 GiB)
ds4: ROCm q8 fp16 cache budget exhausted; using q8 kernels (request=64.00 MiB cached=0.00 GiB free=0.42 GiB reserve=1.59 GiB total=31.86 GiB)
ds4: ROCm q8 fp16 cache budget exhausted; using q8 kernels (request=64.00 MiB cached=0.00 GiB free=0.42 GiB reserve=1.59 GiB total=31.86 GiB)
ds4: ROCm q8 fp16 cache budget exhausted; using q8 kernels (request=64.00 MiB cached=0.00 GiB free=0.42 GiB reserve=1.59 GiB total=31.86 GiB)
ds4: ROCm q8 fp16 cache budget exhausted; using q8 kernels (request=64.00 MiB cached=0.00 GiB free=0.42 GiB reserve=1.59 GiB total=31.86 GiB)
ds4: ROCm q8 fp16 cache budget exhausted; using q8 kernels (request=64.00 MiB cached=0.00 GiB free=0.42 GiB reserve=1.59 GiB total=31.86 GiB)
ds4: ROCm q8 fp16 cache budget exhausted; using q8 kernels (request=64.00 MiB cached=0.00 GiB free=0.42 GiB reserve=1.59 GiB total=31.86 GiB)
ds4: ROCm q8 fp16 cache budget exhausted; using q8 kernels (request=64.00 MiB cached=0.00 GiB free=0.42 GiB reserve=1.59 GiB total=31.86 GiB)
case_059 cases=60 prompt=23 target=24 avg_nll=0.421924 lcp=0 api_target_mae=0.421924 api_top_coverage=96/120 api_top1=0.875 api_topn=0.250 api_pair=1.000
ds4: ROCm q8 fp16 cache budget exhausted; using q8 kernels (request=64.00 MiB cached=0.00 GiB free=0.42 GiB reserve=1.59 GiB total=31.86 GiB)
ds4: ROCm q8 fp16 cache budget exhausted; using q8 kernels (request=64.00 MiB cached=0.00 GiB free=0.42 GiB reserve=1.59 GiB total=31.86 GiB)
ds4: ROCm q8 fp16 cache budget exhausted; using q8 kernels (request=64.00 MiB cached=0.00 GiB free=0.42 GiB reserve=1.59 GiB total=31.86 GiB)
ds4: ROCm q8 fp16 cache budget exhausted; using q8 kernels (request=64.00 MiB cached=0.00 GiB free=0.42 GiB reserve=1.59 GiB total=31.86 GiB)
ds4: ROCm q8 fp16 cache budget exhausted; using q8 kernels (request=64.00 MiB cached=0.00 GiB free=0.42 GiB reserve=1.59 GiB total=31.86 GiB)
ds4: ROCm q8 fp16 cache budget exhausted; using q8 kernels (request=64.00 MiB cached=0.00 GiB free=0.42 GiB reserve=1.59 GiB total=31.86 GiB)
ds4: ROCm q8 fp16 cache budget exhausted; using q8 kernels (request=64.00 MiB cached=0.00 GiB free=0.42 GiB reserve=1.59 GiB total=31.86 GiB)
ds4: ROCm q8 fp16 cache budget exhausted; using q8 kernels (request=64.00 MiB cached=0.00 GiB free=0.42 GiB reserve=1.59 GiB total=31.86 GiB)
ds4: ROCm q8 fp16 cache budget exhausted; using q8 kernels (request=64.00 MiB cached=0.00 GiB free=0.42 GiB reserve=1.59 GiB total=31.86 GiB)
ds4: ROCm q8 fp16 cache budget exhausted; using q8 kernels (request=64.00 MiB cached=0.00 GiB free=0.42 GiB reserve=1.59 GiB total=31.86 GiB)
ds4: ROCm q8 fp16 cache budget exhausted; using q8 kernels (request=64.00 MiB cached=0.00 GiB free=0.42 GiB reserve=1.59 GiB total=31.86 GiB)
ds4: ROCm q8 fp16 cache budget exhausted; using q8 kernels (request=64.00 MiB cached=0.00 GiB free=0.42 GiB reserve=1.59 GiB total=31.86 GiB)
ds4: ROCm q8 fp16 cache budget exhausted; using q8 kernels (request=64.00 MiB cached=0.00 GiB free=0.42 GiB reserve=1.59 GiB total=31.86 GiB)
ds4: ROCm q8 fp16 cache budget exhausted; using q8 kernels (request=64.00 MiB cached=0.00 GiB free=0.42 GiB reserve=1.59 GiB total=31.86 GiB)
ds4: ROCm q8 fp16 cache budget exhausted; using q8 kernels (request=64.00 MiB cached=0.00 GiB free=0.42 GiB reserve=1.59 GiB total=31.86 GiB)
ds4: ROCm q8 fp16 cache budget exhausted; using q8 kernels (request=64.00 MiB cached=0.00 GiB free=0.42 GiB reserve=1.59 GiB total=31.86 GiB)
ds4: ROCm q8 fp16 cache budget exhausted; using q8 kernels (request=64.00 MiB cached=0.00 GiB free=0.42 GiB reserve=1.59 GiB total=31.86 GiB)
ds4: ROCm q8 fp16 cache budget exhausted; using q8 kernels (request=64.00 MiB cached=0.00 GiB free=0.42 GiB reserve=1.59 GiB total=31.86 GiB)
ds4: ROCm q8 fp16 cache budget exhausted; using q8 kernels (request=64.00 MiB cached=0.00 GiB free=0.42 GiB reserve=1.59 GiB total=31.86 GiB)
ds4: ROCm q8 fp16 cache budget exhausted; using q8 kernels (request=64.00 MiB cached=0.00 GiB free=0.42 GiB reserve=1.59 GiB total=31.86 GiB)
ds4: ROCm q8 fp16 cache budget exhausted; using q8 kernels (request=64.00 MiB cached=0.00 GiB free=0.42 GiB reserve=1.59 GiB total=31.86 GiB)
ds4: ROCm q8 fp16 cache budget exhausted; using q8 kernels (request=64.00 MiB cached=0.00 GiB free=0.42 GiB reserve=1.59 GiB total=31.86 GiB)
ds4: ROCm q8 fp16 cache budget exhausted; using q8 kernels (request=64.00 MiB cached=0.00 GiB free=0.42 GiB reserve=1.59 GiB total=31.86 GiB)
ds4: ROCm q8 fp16 cache budget exhausted; using q8 kernels (request=64.00 MiB cached=0.00 GiB free=0.42 GiB reserve=1.59 GiB total=31.86 GiB)
ds4: ROCm q8 fp16 cache budget exhausted; using q8 kernels (request=64.00 MiB cached=0.00 GiB free=0.42 GiB reserve=1.59 GiB total=31.86 GiB)
ds4: ROCm q8 fp16 cache budget exhausted; using q8 kernels (request=64.00 MiB cached=0.00 GiB free=0.42 GiB reserve=1.59 GiB total=31.86 GiB)
ds4: ROCm q8 fp16 cache budget exhausted; using q8 kernels (request=64.00 MiB cached=0.00 GiB free=0.42 GiB reserve=1.59 GiB total=31.86 GiB)
ds4: ROCm q8 fp16 cache budget exhausted; using q8 kernels (request=64.00 MiB cached=0.00 GiB free=0.42 GiB reserve=1.59 GiB total=31.86 GiB)
ds4: ROCm q8 fp16 cache budget exhausted; using q8 kernels (request=64.00 MiB cached=0.00 GiB free=0.42 GiB reserve=1.59 GiB total=31.86 GiB)
ds4: ROCm q8 fp16 cache budget exhausted; using q8 kernels (request=64.00 MiB cached=0.00 GiB free=0.42 GiB reserve=1.59 GiB total=31.86 GiB)
ds4: ROCm q8 fp16 cache budget exhausted; using q8 kernels (request=64.00 MiB cached=0.00 GiB free=0.42 GiB reserve=1.59 GiB total=31.86 GiB)
ds4: ROCm q8 fp16 cache budget exhausted; using q8 kernels (request=64.00 MiB cached=0.00 GiB free=0.42 GiB reserve=1.59 GiB total=31.86 GiB)
ds4: ROCm q8 fp16 cache budget exhausted; using q8 kernels (request=64.00 MiB cached=0.00 GiB free=0.42 GiB reserve=1.59 GiB total=31.86 GiB)
ds4: ROCm q8 fp16 cache budget exhausted; using q8 kernels (request=64.00 MiB cached=0.00 GiB free=0.42 GiB reserve=1.59 GiB total=31.86 GiB)
ds4: ROCm q8 fp16 cache budget exhausted; using q8 kernels (request=64.00 MiB cached=0.00 GiB free=0.42 GiB reserve=1.59 GiB total=31.86 GiB)
ds4: ROCm q8 fp16 cache budget exhausted; using q8 kernels (request=64.00 MiB cached=0.00 GiB free=0.42 GiB reserve=1.59 GiB total=31.86 GiB)
ds4: ROCm q8 fp16 cache budget exhausted; using q8 kernels (request=64.00 MiB cached=0.00 GiB free=0.42 GiB reserve=1.59 GiB total=31.86 GiB)
ds4: ROCm q8 fp16 cache budget exhausted; using q8 kernels (request=64.00 MiB cached=0.00 GiB free=0.42 GiB reserve=1.59 GiB total=31.86 GiB)
ds4: ROCm q8 fp16 cache budget exhausted; using q8 kernels (request=64.00 MiB cached=0.00 GiB free=0.42 GiB reserve=1.59 GiB total=31.86 GiB)
ds4: ROCm q8 fp16 cache budget exhausted; using q8 kernels (request=64.00 MiB cached=0.00 GiB free=0.42 GiB reserve=1.59 GiB total=31.86 GiB)
ds4: ROCm q8 fp16 cache budget exhausted; using q8 kernels (request=64.00 MiB cached=0.00 GiB free=0.42 GiB reserve=1.59 GiB total=31.86 GiB)
ds4: ROCm q8 fp16 cache budget exhausted; using q8 kernels (request=64.00 MiB cached=0.00 GiB free=0.42 GiB reserve=1.59 GiB total=31.86 GiB)
ds4: ROCm q8 fp16 cache budget exhausted; using q8 kernels (request=64.00 MiB cached=0.00 GiB free=0.42 GiB reserve=1.59 GiB total=31.86 GiB)
case_060 cases=61 prompt=17 target=24 avg_nll=0.053597 lcp=19 api_target_mae=0.053597 api_top_coverage=97/120 api_top1=0.958 api_topn=0.278 api_pair=1.000
ds4: ROCm q8 fp16 cache budget exhausted; using q8 kernels (request=64.00 MiB cached=0.00 GiB free=0.42 GiB reserve=1.59 GiB total=31.86 GiB)
ds4: ROCm q8 fp16 cache budget exhausted; using q8 kernels (request=64.00 MiB cached=0.00 GiB free=0.42 GiB reserve=1.59 GiB total=31.86 GiB)
ds4: ROCm q8 fp16 cache budget exhausted; using q8 kernels (request=64.00 MiB cached=0.00 GiB free=0.42 GiB reserve=1.59 GiB total=31.86 GiB)
ds4: ROCm q8 fp16 cache budget exhausted; using q8 kernels (request=64.00 MiB cached=0.00 GiB free=0.42 GiB reserve=1.59 GiB total=31.86 GiB)
ds4: ROCm q8 fp16 cache budget exhausted; using q8 kernels (request=64.00 MiB cached=0.00 GiB free=0.42 GiB reserve=1.59 GiB total=31.86 GiB)
ds4: ROCm q8 fp16 cache budget exhausted; using q8 kernels (request=64.00 MiB cached=0.00 GiB free=0.42 GiB reserve=1.59 GiB total=31.86 GiB)
ds4: ROCm q8 fp16 cache budget exhausted; using q8 kernels (request=64.00 MiB cached=0.00 GiB free=0.42 GiB reserve=1.59 GiB total=31.86 GiB)
ds4: ROCm q8 fp16 cache budget exhausted; using q8 kernels (request=64.00 MiB cached=0.00 GiB free=0.42 GiB reserve=1.59 GiB total=31.86 GiB)
ds4: ROCm q8 fp16 cache budget exhausted; using q8 kernels (request=64.00 MiB cached=0.00 GiB free=0.42 GiB reserve=1.59 GiB total=31.86 GiB)
ds4: ROCm q8 fp16 cache budget exhausted; using q8 kernels (request=64.00 MiB cached=0.00 GiB free=0.42 GiB reserve=1.59 GiB total=31.86 GiB)
ds4: ROCm q8 fp16 cache budget exhausted; using q8 kernels (request=64.00 MiB cached=0.00 GiB free=0.42 GiB reserve=1.59 GiB total=31.86 GiB)
ds4: ROCm q8 fp16 cache budget exhausted; using q8 kernels (request=64.00 MiB cached=0.00 GiB free=0.42 GiB reserve=1.59 GiB total=31.86 GiB)
ds4: ROCm q8 fp16 cache budget exhausted; using q8 kernels (request=64.00 MiB cached=0.00 GiB free=0.42 GiB reserve=1.59 GiB total=31.86 GiB)
ds4: ROCm q8 fp16 cache budget exhausted; using q8 kernels (request=64.00 MiB cached=0.00 GiB free=0.42 GiB reserve=1.59 GiB total=31.86 GiB)
ds4: ROCm q8 fp16 cache budget exhausted; using q8 kernels (request=64.00 MiB cached=0.00 GiB free=0.42 GiB reserve=1.59 GiB total=31.86 GiB)
ds4: ROCm q8 fp16 cache budget exhausted; using q8 kernels (request=64.00 MiB cached=0.00 GiB free=0.42 GiB reserve=1.59 GiB total=31.86 GiB)
ds4: ROCm q8 fp16 cache budget exhausted; using q8 kernels (request=64.00 MiB cached=0.00 GiB free=0.42 GiB reserve=1.59 GiB total=31.86 GiB)
ds4: ROCm q8 fp16 cache budget exhausted; using q8 kernels (request=64.00 MiB cached=0.00 GiB free=0.42 GiB reserve=1.59 GiB total=31.86 GiB)
ds4: ROCm q8 fp16 cache budget exhausted; using q8 kernels (request=64.00 MiB cached=0.00 GiB free=0.42 GiB reserve=1.59 GiB total=31.86 GiB)
ds4: ROCm q8 fp16 cache budget exhausted; using q8 kernels (request=64.00 MiB cached=0.00 GiB free=0.42 GiB reserve=1.59 GiB total=31.86 GiB)
ds4: ROCm q8 fp16 cache budget exhausted; using q8 kernels (request=64.00 MiB cached=0.00 GiB free=0.42 GiB reserve=1.59 GiB total=31.86 GiB)
ds4: ROCm q8 fp16 cache budget exhausted; using q8 kernels (request=64.00 MiB cached=0.00 GiB free=0.42 GiB reserve=1.59 GiB total=31.86 GiB)
ds4: ROCm q8 fp16 cache budget exhausted; using q8 kernels (request=64.00 MiB cached=0.00 GiB free=0.42 GiB reserve=1.59 GiB total=31.86 GiB)
ds4: ROCm q8 fp16 cache budget exhausted; using q8 kernels (request=64.00 MiB cached=0.00 GiB free=0.42 GiB reserve=1.59 GiB total=31.86 GiB)
ds4: ROCm q8 fp16 cache budget exhausted; using q8 kernels (request=64.00 MiB cached=0.00 GiB free=0.42 GiB reserve=1.59 GiB total=31.86 GiB)
ds4: ROCm q8 fp16 cache budget exhausted; using q8 kernels (request=64.00 MiB cached=0.00 GiB free=0.42 GiB reserve=1.59 GiB total=31.86 GiB)
ds4: ROCm q8 fp16 cache budget exhausted; using q8 kernels (request=64.00 MiB cached=0.00 GiB free=0.42 GiB reserve=1.59 GiB total=31.86 GiB)
ds4: ROCm q8 fp16 cache budget exhausted; using q8 kernels (request=64.00 MiB cached=0.00 GiB free=0.42 GiB reserve=1.59 GiB total=31.86 GiB)
ds4: ROCm q8 fp16 cache budget exhausted; using q8 kernels (request=64.00 MiB cached=0.00 GiB free=0.42 GiB reserve=1.59 GiB total=31.86 GiB)
ds4: ROCm q8 fp16 cache budget exhausted; using q8 kernels (request=64.00 MiB cached=0.00 GiB free=0.42 GiB reserve=1.59 GiB total=31.86 GiB)
ds4: ROCm q8 fp16 cache budget exhausted; using q8 kernels (request=64.00 MiB cached=0.00 GiB free=0.42 GiB reserve=1.59 GiB total=31.86 GiB)
ds4: ROCm q8 fp16 cache budget exhausted; using q8 kernels (request=64.00 MiB cached=0.00 GiB free=0.42 GiB reserve=1.59 GiB total=31.86 GiB)
ds4: ROCm q8 fp16 cache budget exhausted; using q8 kernels (request=64.00 MiB cached=0.00 GiB free=0.42 GiB reserve=1.59 GiB total=31.86 GiB)
ds4: ROCm q8 fp16 cache budget exhausted; using q8 kernels (request=64.00 MiB cached=0.00 GiB free=0.42 GiB reserve=1.59 GiB total=31.86 GiB)
ds4: ROCm q8 fp16 cache budget exhausted; using q8 kernels (request=64.00 MiB cached=0.00 GiB free=0.42 GiB reserve=1.59 GiB total=31.86 GiB)
ds4: ROCm q8 fp16 cache budget exhausted; using q8 kernels (request=64.00 MiB cached=0.00 GiB free=0.42 GiB reserve=1.59 GiB total=31.86 GiB)
ds4: ROCm q8 fp16 cache budget exhausted; using q8 kernels (request=64.00 MiB cached=0.00 GiB free=0.42 GiB reserve=1.59 GiB total=31.86 GiB)
ds4: ROCm q8 fp16 cache budget exhausted; using q8 kernels (request=64.00 MiB cached=0.00 GiB free=0.42 GiB reserve=1.59 GiB total=31.86 GiB)
ds4: ROCm q8 fp16 cache budget exhausted; using q8 kernels (request=64.00 MiB cached=0.00 GiB free=0.42 GiB reserve=1.59 GiB total=31.86 GiB)
ds4: ROCm q8 fp16 cache budget exhausted; using q8 kernels (request=64.00 MiB cached=0.00 GiB free=0.42 GiB reserve=1.59 GiB total=31.86 GiB)
ds4: ROCm q8 fp16 cache budget exhausted; using q8 kernels (request=64.00 MiB cached=0.00 GiB free=0.42 GiB reserve=1.59 GiB total=31.86 GiB)
ds4: ROCm q8 fp16 cache budget exhausted; using q8 kernels (request=64.00 MiB cached=0.00 GiB free=0.42 GiB reserve=1.59 GiB total=31.86 GiB)
ds4: ROCm q8 fp16 cache budget exhausted; using q8 kernels (request=64.00 MiB cached=0.00 GiB free=0.42 GiB reserve=1.59 GiB total=31.86 GiB)
case_061 cases=62 prompt=16 target=24 avg_nll=0.439274 lcp=5 api_target_mae=0.439274 api_top_coverage=97/120 api_top1=0.833 api_topn=0.268 api_pair=0.986
ds4: ROCm q8 fp16 cache budget exhausted; using q8 kernels (request=64.00 MiB cached=0.00 GiB free=0.42 GiB reserve=1.59 GiB total=31.86 GiB)
ds4: ROCm q8 fp16 cache budget exhausted; using q8 kernels (request=64.00 MiB cached=0.00 GiB free=0.42 GiB reserve=1.59 GiB total=31.86 GiB)
ds4: ROCm q8 fp16 cache budget exhausted; using q8 kernels (request=64.00 MiB cached=0.00 GiB free=0.42 GiB reserve=1.59 GiB total=31.86 GiB)
ds4: ROCm q8 fp16 cache budget exhausted; using q8 kernels (request=64.00 MiB cached=0.00 GiB free=0.42 GiB reserve=1.59 GiB total=31.86 GiB)
ds4: ROCm q8 fp16 cache budget exhausted; using q8 kernels (request=64.00 MiB cached=0.00 GiB free=0.42 GiB reserve=1.59 GiB total=31.86 GiB)
ds4: ROCm q8 fp16 cache budget exhausted; using q8 kernels (request=64.00 MiB cached=0.00 GiB free=0.42 GiB reserve=1.59 GiB total=31.86 GiB)
ds4: ROCm q8 fp16 cache budget exhausted; using q8 kernels (request=64.00 MiB cached=0.00 GiB free=0.42 GiB reserve=1.59 GiB total=31.86 GiB)
ds4: ROCm q8 fp16 cache budget exhausted; using q8 kernels (request=64.00 MiB cached=0.00 GiB free=0.42 GiB reserve=1.59 GiB total=31.86 GiB)
ds4: ROCm q8 fp16 cache budget exhausted; using q8 kernels (request=64.00 MiB cached=0.00 GiB free=0.42 GiB reserve=1.59 GiB total=31.86 GiB)
ds4: ROCm q8 fp16 cache budget exhausted; using q8 kernels (request=64.00 MiB cached=0.00 GiB free=0.42 GiB reserve=1.59 GiB total=31.86 GiB)
ds4: ROCm q8 fp16 cache budget exhausted; using q8 kernels (request=64.00 MiB cached=0.00 GiB free=0.42 GiB reserve=1.59 GiB total=31.86 GiB)
ds4: ROCm q8 fp16 cache budget exhausted; using q8 kernels (request=64.00 MiB cached=0.00 GiB free=0.42 GiB reserve=1.59 GiB total=31.86 GiB)
ds4: ROCm q8 fp16 cache budget exhausted; using q8 kernels (request=64.00 MiB cached=0.00 GiB free=0.42 GiB reserve=1.59 GiB total=31.86 GiB)
ds4: ROCm q8 fp16 cache budget exhausted; using q8 kernels (request=64.00 MiB cached=0.00 GiB free=0.42 GiB reserve=1.59 GiB total=31.86 GiB)
ds4: ROCm q8 fp16 cache budget exhausted; using q8 kernels (request=64.00 MiB cached=0.00 GiB free=0.42 GiB reserve=1.59 GiB total=31.86 GiB)
ds4: ROCm q8 fp16 cache budget exhausted; using q8 kernels (request=64.00 MiB cached=0.00 GiB free=0.42 GiB reserve=1.59 GiB total=31.86 GiB)
ds4: ROCm q8 fp16 cache budget exhausted; using q8 kernels (request=64.00 MiB cached=0.00 GiB free=0.42 GiB reserve=1.59 GiB total=31.86 GiB)
ds4: ROCm q8 fp16 cache budget exhausted; using q8 kernels (request=64.00 MiB cached=0.00 GiB free=0.42 GiB reserve=1.59 GiB total=31.86 GiB)
ds4: ROCm q8 fp16 cache budget exhausted; using q8 kernels (request=64.00 MiB cached=0.00 GiB free=0.42 GiB reserve=1.59 GiB total=31.86 GiB)
ds4: ROCm q8 fp16 cache budget exhausted; using q8 kernels (request=64.00 MiB cached=0.00 GiB free=0.42 GiB reserve=1.59 GiB total=31.86 GiB)
ds4: ROCm q8 fp16 cache budget exhausted; using q8 kernels (request=64.00 MiB cached=0.00 GiB free=0.42 GiB reserve=1.59 GiB total=31.86 GiB)
ds4: ROCm q8 fp16 cache budget exhausted; using q8 kernels (request=64.00 MiB cached=0.00 GiB free=0.42 GiB reserve=1.59 GiB total=31.86 GiB)
ds4: ROCm q8 fp16 cache budget exhausted; using q8 kernels (request=64.00 MiB cached=0.00 GiB free=0.42 GiB reserve=1.59 GiB total=31.86 GiB)
ds4: ROCm q8 fp16 cache budget exhausted; using q8 kernels (request=64.00 MiB cached=0.00 GiB free=0.42 GiB reserve=1.59 GiB total=31.86 GiB)
ds4: ROCm q8 fp16 cache budget exhausted; using q8 kernels (request=64.00 MiB cached=0.00 GiB free=0.42 GiB reserve=1.59 GiB total=31.86 GiB)
ds4: ROCm q8 fp16 cache budget exhausted; using q8 kernels (request=64.00 MiB cached=0.00 GiB free=0.42 GiB reserve=1.59 GiB total=31.86 GiB)
ds4: ROCm q8 fp16 cache budget exhausted; using q8 kernels (request=64.00 MiB cached=0.00 GiB free=0.42 GiB reserve=1.59 GiB total=31.86 GiB)
ds4: ROCm q8 fp16 cache budget exhausted; using q8 kernels (request=64.00 MiB cached=0.00 GiB free=0.42 GiB reserve=1.59 GiB total=31.86 GiB)
ds4: ROCm q8 fp16 cache budget exhausted; using q8 kernels (request=64.00 MiB cached=0.00 GiB free=0.42 GiB reserve=1.59 GiB total=31.86 GiB)
ds4: ROCm q8 fp16 cache budget exhausted; using q8 kernels (request=64.00 MiB cached=0.00 GiB free=0.42 GiB reserve=1.59 GiB total=31.86 GiB)
ds4: ROCm q8 fp16 cache budget exhausted; using q8 kernels (request=64.00 MiB cached=0.00 GiB free=0.42 GiB reserve=1.59 GiB total=31.86 GiB)
ds4: ROCm q8 fp16 cache budget exhausted; using q8 kernels (request=64.00 MiB cached=0.00 GiB free=0.42 GiB reserve=1.59 GiB total=31.86 GiB)
ds4: ROCm q8 fp16 cache budget exhausted; using q8 kernels (request=64.00 MiB cached=0.00 GiB free=0.42 GiB reserve=1.59 GiB total=31.86 GiB)
ds4: ROCm q8 fp16 cache budget exhausted; using q8 kernels (request=64.00 MiB cached=0.00 GiB free=0.42 GiB reserve=1.59 GiB total=31.86 GiB)
ds4: ROCm q8 fp16 cache budget exhausted; using q8 kernels (request=64.00 MiB cached=0.00 GiB free=0.42 GiB reserve=1.59 GiB total=31.86 GiB)
ds4: ROCm q8 fp16 cache budget exhausted; using q8 kernels (request=64.00 MiB cached=0.00 GiB free=0.42 GiB reserve=1.59 GiB total=31.86 GiB)
ds4: ROCm q8 fp16 cache budget exhausted; using q8 kernels (request=64.00 MiB cached=0.00 GiB free=0.42 GiB reserve=1.59 GiB total=31.86 GiB)
ds4: ROCm q8 fp16 cache budget exhausted; using q8 kernels (request=64.00 MiB cached=0.00 GiB free=0.42 GiB reserve=1.59 GiB total=31.86 GiB)
ds4: ROCm q8 fp16 cache budget exhausted; using q8 kernels (request=64.00 MiB cached=0.00 GiB free=0.42 GiB reserve=1.59 GiB total=31.86 GiB)
ds4: ROCm q8 fp16 cache budget exhausted; using q8 kernels (request=64.00 MiB cached=0.00 GiB free=0.42 GiB reserve=1.59 GiB total=31.86 GiB)
ds4: ROCm q8 fp16 cache budget exhausted; using q8 kernels (request=64.00 MiB cached=0.00 GiB free=0.42 GiB reserve=1.59 GiB total=31.86 GiB)
ds4: ROCm q8 fp16 cache budget exhausted; using q8 kernels (request=64.00 MiB cached=0.00 GiB free=0.42 GiB reserve=1.59 GiB total=31.86 GiB)
ds4: ROCm q8 fp16 cache budget exhausted; using q8 kernels (request=64.00 MiB cached=0.00 GiB free=0.42 GiB reserve=1.59 GiB total=31.86 GiB)
case_062 cases=63 prompt=14 target=24 avg_nll=0.410215 lcp=14 api_target_mae=0.410215 api_top_coverage=97/120 api_top1=0.833 api_topn=0.289 api_pair=1.000
ds4: ROCm q8 fp16 cache budget exhausted; using q8 kernels (request=64.00 MiB cached=0.00 GiB free=0.42 GiB reserve=1.59 GiB total=31.86 GiB)
ds4: ROCm q8 fp16 cache budget exhausted; using q8 kernels (request=64.00 MiB cached=0.00 GiB free=0.42 GiB reserve=1.59 GiB total=31.86 GiB)
ds4: ROCm q8 fp16 cache budget exhausted; using q8 kernels (request=64.00 MiB cached=0.00 GiB free=0.42 GiB reserve=1.59 GiB total=31.86 GiB)
ds4: ROCm q8 fp16 cache budget exhausted; using q8 kernels (request=64.00 MiB cached=0.00 GiB free=0.42 GiB reserve=1.59 GiB total=31.86 GiB)
ds4: ROCm q8 fp16 cache budget exhausted; using q8 kernels (request=64.00 MiB cached=0.00 GiB free=0.42 GiB reserve=1.59 GiB total=31.86 GiB)
ds4: ROCm q8 fp16 cache budget exhausted; using q8 kernels (request=64.00 MiB cached=0.00 GiB free=0.42 GiB reserve=1.59 GiB total=31.86 GiB)
ds4: ROCm q8 fp16 cache budget exhausted; using q8 kernels (request=64.00 MiB cached=0.00 GiB free=0.42 GiB reserve=1.59 GiB total=31.86 GiB)
ds4: ROCm q8 fp16 cache budget exhausted; using q8 kernels (request=64.00 MiB cached=0.00 GiB free=0.42 GiB reserve=1.59 GiB total=31.86 GiB)
ds4: ROCm q8 fp16 cache budget exhausted; using q8 kernels (request=64.00 MiB cached=0.00 GiB free=0.42 GiB reserve=1.59 GiB total=31.86 GiB)
ds4: ROCm q8 fp16 cache budget exhausted; using q8 kernels (request=64.00 MiB cached=0.00 GiB free=0.42 GiB reserve=1.59 GiB total=31.86 GiB)
ds4: ROCm q8 fp16 cache budget exhausted; using q8 kernels (request=64.00 MiB cached=0.00 GiB free=0.42 GiB reserve=1.59 GiB total=31.86 GiB)
ds4: ROCm q8 fp16 cache budget exhausted; using q8 kernels (request=64.00 MiB cached=0.00 GiB free=0.42 GiB reserve=1.59 GiB total=31.86 GiB)
ds4: ROCm q8 fp16 cache budget exhausted; using q8 kernels (request=64.00 MiB cached=0.00 GiB free=0.42 GiB reserve=1.59 GiB total=31.86 GiB)
ds4: ROCm q8 fp16 cache budget exhausted; using q8 kernels (request=64.00 MiB cached=0.00 GiB free=0.42 GiB reserve=1.59 GiB total=31.86 GiB)
ds4: ROCm q8 fp16 cache budget exhausted; using q8 kernels (request=64.00 MiB cached=0.00 GiB free=0.42 GiB reserve=1.59 GiB total=31.86 GiB)
ds4: ROCm q8 fp16 cache budget exhausted; using q8 kernels (request=64.00 MiB cached=0.00 GiB free=0.42 GiB reserve=1.59 GiB total=31.86 GiB)
ds4: ROCm q8 fp16 cache budget exhausted; using q8 kernels (request=64.00 MiB cached=0.00 GiB free=0.42 GiB reserve=1.59 GiB total=31.86 GiB)
ds4: ROCm q8 fp16 cache budget exhausted; using q8 kernels (request=64.00 MiB cached=0.00 GiB free=0.42 GiB reserve=1.59 GiB total=31.86 GiB)
ds4: ROCm q8 fp16 cache budget exhausted; using q8 kernels (request=64.00 MiB cached=0.00 GiB free=0.42 GiB reserve=1.59 GiB total=31.86 GiB)
ds4: ROCm q8 fp16 cache budget exhausted; using q8 kernels (request=64.00 MiB cached=0.00 GiB free=0.42 GiB reserve=1.59 GiB total=31.86 GiB)
ds4: ROCm q8 fp16 cache budget exhausted; using q8 kernels (request=64.00 MiB cached=0.00 GiB free=0.42 GiB reserve=1.59 GiB total=31.86 GiB)
ds4: ROCm q8 fp16 cache budget exhausted; using q8 kernels (request=64.00 MiB cached=0.00 GiB free=0.42 GiB reserve=1.59 GiB total=31.86 GiB)
ds4: ROCm q8 fp16 cache budget exhausted; using q8 kernels (request=64.00 MiB cached=0.00 GiB free=0.42 GiB reserve=1.59 GiB total=31.86 GiB)
ds4: ROCm q8 fp16 cache budget exhausted; using q8 kernels (request=64.00 MiB cached=0.00 GiB free=0.42 GiB reserve=1.59 GiB total=31.86 GiB)
ds4: ROCm q8 fp16 cache budget exhausted; using q8 kernels (request=64.00 MiB cached=0.00 GiB free=0.42 GiB reserve=1.59 GiB total=31.86 GiB)
ds4: ROCm q8 fp16 cache budget exhausted; using q8 kernels (request=64.00 MiB cached=0.00 GiB free=0.42 GiB reserve=1.59 GiB total=31.86 GiB)
ds4: ROCm q8 fp16 cache budget exhausted; using q8 kernels (request=64.00 MiB cached=0.00 GiB free=0.42 GiB reserve=1.59 GiB total=31.86 GiB)
ds4: ROCm q8 fp16 cache budget exhausted; using q8 kernels (request=64.00 MiB cached=0.00 GiB free=0.42 GiB reserve=1.59 GiB total=31.86 GiB)
ds4: ROCm q8 fp16 cache budget exhausted; using q8 kernels (request=64.00 MiB cached=0.00 GiB free=0.42 GiB reserve=1.59 GiB total=31.86 GiB)
ds4: ROCm q8 fp16 cache budget exhausted; using q8 kernels (request=64.00 MiB cached=0.00 GiB free=0.42 GiB reserve=1.59 GiB total=31.86 GiB)
ds4: ROCm q8 fp16 cache budget exhausted; using q8 kernels (request=64.00 MiB cached=0.00 GiB free=0.42 GiB reserve=1.59 GiB total=31.86 GiB)
ds4: ROCm q8 fp16 cache budget exhausted; using q8 kernels (request=64.00 MiB cached=0.00 GiB free=0.42 GiB reserve=1.59 GiB total=31.86 GiB)
ds4: ROCm q8 fp16 cache budget exhausted; using q8 kernels (request=64.00 MiB cached=0.00 GiB free=0.42 GiB reserve=1.59 GiB total=31.86 GiB)
ds4: ROCm q8 fp16 cache budget exhausted; using q8 kernels (request=64.00 MiB cached=0.00 GiB free=0.42 GiB reserve=1.59 GiB total=31.86 GiB)
ds4: ROCm q8 fp16 cache budget exhausted; using q8 kernels (request=64.00 MiB cached=0.00 GiB free=0.42 GiB reserve=1.59 GiB total=31.86 GiB)
ds4: ROCm q8 fp16 cache budget exhausted; using q8 kernels (request=64.00 MiB cached=0.00 GiB free=0.42 GiB reserve=1.59 GiB total=31.86 GiB)
ds4: ROCm q8 fp16 cache budget exhausted; using q8 kernels (request=64.00 MiB cached=0.00 GiB free=0.42 GiB reserve=1.59 GiB total=31.86 GiB)
ds4: ROCm q8 fp16 cache budget exhausted; using q8 kernels (request=64.00 MiB cached=0.00 GiB free=0.42 GiB reserve=1.59 GiB total=31.86 GiB)
ds4: ROCm q8 fp16 cache budget exhausted; using q8 kernels (request=64.00 MiB cached=0.00 GiB free=0.42 GiB reserve=1.59 GiB total=31.86 GiB)
ds4: ROCm q8 fp16 cache budget exhausted; using q8 kernels (request=64.00 MiB cached=0.00 GiB free=0.42 GiB reserve=1.59 GiB total=31.86 GiB)
ds4: ROCm q8 fp16 cache budget exhausted; using q8 kernels (request=64.00 MiB cached=0.00 GiB free=0.42 GiB reserve=1.59 GiB total=31.86 GiB)
ds4: ROCm q8 fp16 cache budget exhausted; using q8 kernels (request=64.00 MiB cached=0.00 GiB free=0.42 GiB reserve=1.59 GiB total=31.86 GiB)
ds4: ROCm q8 fp16 cache budget exhausted; using q8 kernels (request=64.00 MiB cached=0.00 GiB free=0.42 GiB reserve=1.59 GiB total=31.86 GiB)
case_063 cases=64 prompt=15 target=24 avg_nll=0.151119 lcp=11 api_target_mae=0.151119 api_top_coverage=97/120 api_top1=0.917 api_topn=0.268 api_pair=1.000
ds4: ROCm q8 fp16 cache budget exhausted; using q8 kernels (request=64.00 MiB cached=0.00 GiB free=0.42 GiB reserve=1.59 GiB total=31.86 GiB)
ds4: ROCm q8 fp16 cache budget exhausted; using q8 kernels (request=64.00 MiB cached=0.00 GiB free=0.42 GiB reserve=1.59 GiB total=31.86 GiB)
ds4: ROCm q8 fp16 cache budget exhausted; using q8 kernels (request=64.00 MiB cached=0.00 GiB free=0.42 GiB reserve=1.59 GiB total=31.86 GiB)
ds4: ROCm q8 fp16 cache budget exhausted; using q8 kernels (request=64.00 MiB cached=0.00 GiB free=0.42 GiB reserve=1.59 GiB total=31.86 GiB)
ds4: ROCm q8 fp16 cache budget exhausted; using q8 kernels (request=64.00 MiB cached=0.00 GiB free=0.42 GiB reserve=1.59 GiB total=31.86 GiB)
ds4: ROCm q8 fp16 cache budget exhausted; using q8 kernels (request=64.00 MiB cached=0.00 GiB free=0.42 GiB reserve=1.59 GiB total=31.86 GiB)
ds4: ROCm q8 fp16 cache budget exhausted; using q8 kernels (request=64.00 MiB cached=0.00 GiB free=0.42 GiB reserve=1.59 GiB total=31.86 GiB)
ds4: ROCm q8 fp16 cache budget exhausted; using q8 kernels (request=64.00 MiB cached=0.00 GiB free=0.42 GiB reserve=1.59 GiB total=31.86 GiB)
ds4: ROCm q8 fp16 cache budget exhausted; using q8 kernels (request=64.00 MiB cached=0.00 GiB free=0.42 GiB reserve=1.59 GiB total=31.86 GiB)
ds4: ROCm q8 fp16 cache budget exhausted; using q8 kernels (request=64.00 MiB cached=0.00 GiB free=0.42 GiB reserve=1.59 GiB total=31.86 GiB)
ds4: ROCm q8 fp16 cache budget exhausted; using q8 kernels (request=64.00 MiB cached=0.00 GiB free=0.42 GiB reserve=1.59 GiB total=31.86 GiB)
ds4: ROCm q8 fp16 cache budget exhausted; using q8 kernels (request=64.00 MiB cached=0.00 GiB free=0.42 GiB reserve=1.59 GiB total=31.86 GiB)
ds4: ROCm q8 fp16 cache budget exhausted; using q8 kernels (request=64.00 MiB cached=0.00 GiB free=0.42 GiB reserve=1.59 GiB total=31.86 GiB)
ds4: ROCm q8 fp16 cache budget exhausted; using q8 kernels (request=64.00 MiB cached=0.00 GiB free=0.42 GiB reserve=1.59 GiB total=31.86 GiB)
ds4: ROCm q8 fp16 cache budget exhausted; using q8 kernels (request=64.00 MiB cached=0.00 GiB free=0.42 GiB reserve=1.59 GiB total=31.86 GiB)
ds4: ROCm q8 fp16 cache budget exhausted; using q8 kernels (request=64.00 MiB cached=0.00 GiB free=0.42 GiB reserve=1.59 GiB total=31.86 GiB)
ds4: ROCm q8 fp16 cache budget exhausted; using q8 kernels (request=64.00 MiB cached=0.00 GiB free=0.42 GiB reserve=1.59 GiB total=31.86 GiB)
ds4: ROCm q8 fp16 cache budget exhausted; using q8 kernels (request=64.00 MiB cached=0.00 GiB free=0.42 GiB reserve=1.59 GiB total=31.86 GiB)
ds4: ROCm q8 fp16 cache budget exhausted; using q8 kernels (request=64.00 MiB cached=0.00 GiB free=0.42 GiB reserve=1.59 GiB total=31.86 GiB)
ds4: ROCm q8 fp16 cache budget exhausted; using q8 kernels (request=64.00 MiB cached=0.00 GiB free=0.42 GiB reserve=1.59 GiB total=31.86 GiB)
ds4: ROCm q8 fp16 cache budget exhausted; using q8 kernels (request=64.00 MiB cached=0.00 GiB free=0.42 GiB reserve=1.59 GiB total=31.86 GiB)
ds4: ROCm q8 fp16 cache budget exhausted; using q8 kernels (request=64.00 MiB cached=0.00 GiB free=0.42 GiB reserve=1.59 GiB total=31.86 GiB)
ds4: ROCm q8 fp16 cache budget exhausted; using q8 kernels (request=64.00 MiB cached=0.00 GiB free=0.42 GiB reserve=1.59 GiB total=31.86 GiB)
ds4: ROCm q8 fp16 cache budget exhausted; using q8 kernels (request=64.00 MiB cached=0.00 GiB free=0.42 GiB reserve=1.59 GiB total=31.86 GiB)
ds4: ROCm q8 fp16 cache budget exhausted; using q8 kernels (request=64.00 MiB cached=0.00 GiB free=0.42 GiB reserve=1.59 GiB total=31.86 GiB)
ds4: ROCm q8 fp16 cache budget exhausted; using q8 kernels (request=64.00 MiB cached=0.00 GiB free=0.42 GiB reserve=1.59 GiB total=31.86 GiB)
ds4: ROCm q8 fp16 cache budget exhausted; using q8 kernels (request=64.00 MiB cached=0.00 GiB free=0.42 GiB reserve=1.59 GiB total=31.86 GiB)
ds4: ROCm q8 fp16 cache budget exhausted; using q8 kernels (request=64.00 MiB cached=0.00 GiB free=0.42 GiB reserve=1.59 GiB total=31.86 GiB)
ds4: ROCm q8 fp16 cache budget exhausted; using q8 kernels (request=64.00 MiB cached=0.00 GiB free=0.42 GiB reserve=1.59 GiB total=31.86 GiB)
ds4: ROCm q8 fp16 cache budget exhausted; using q8 kernels (request=64.00 MiB cached=0.00 GiB free=0.42 GiB reserve=1.59 GiB total=31.86 GiB)
ds4: ROCm q8 fp16 cache budget exhausted; using q8 kernels (request=64.00 MiB cached=0.00 GiB free=0.42 GiB reserve=1.59 GiB total=31.86 GiB)
ds4: ROCm q8 fp16 cache budget exhausted; using q8 kernels (request=64.00 MiB cached=0.00 GiB free=0.42 GiB reserve=1.59 GiB total=31.86 GiB)
ds4: ROCm q8 fp16 cache budget exhausted; using q8 kernels (request=64.00 MiB cached=0.00 GiB free=0.42 GiB reserve=1.59 GiB total=31.86 GiB)
ds4: ROCm q8 fp16 cache budget exhausted; using q8 kernels (request=64.00 MiB cached=0.00 GiB free=0.42 GiB reserve=1.59 GiB total=31.86 GiB)
ds4: ROCm q8 fp16 cache budget exhausted; using q8 kernels (request=64.00 MiB cached=0.00 GiB free=0.42 GiB reserve=1.59 GiB total=31.86 GiB)
ds4: ROCm q8 fp16 cache budget exhausted; using q8 kernels (request=64.00 MiB cached=0.00 GiB free=0.42 GiB reserve=1.59 GiB total=31.86 GiB)
ds4: ROCm q8 fp16 cache budget exhausted; using q8 kernels (request=64.00 MiB cached=0.00 GiB free=0.42 GiB reserve=1.59 GiB total=31.86 GiB)
ds4: ROCm q8 fp16 cache budget exhausted; using q8 kernels (request=64.00 MiB cached=0.00 GiB free=0.42 GiB reserve=1.59 GiB total=31.86 GiB)
ds4: ROCm q8 fp16 cache budget exhausted; using q8 kernels (request=64.00 MiB cached=0.00 GiB free=0.42 GiB reserve=1.59 GiB total=31.86 GiB)
ds4: ROCm q8 fp16 cache budget exhausted; using q8 kernels (request=64.00 MiB cached=0.00 GiB free=0.42 GiB reserve=1.59 GiB total=31.86 GiB)
ds4: ROCm q8 fp16 cache budget exhausted; using q8 kernels (request=64.00 MiB cached=0.00 GiB free=0.42 GiB reserve=1.59 GiB total=31.86 GiB)
ds4: ROCm q8 fp16 cache budget exhausted; using q8 kernels (request=64.00 MiB cached=0.00 GiB free=0.42 GiB reserve=1.59 GiB total=31.86 GiB)
ds4: ROCm q8 fp16 cache budget exhausted; using q8 kernels (request=64.00 MiB cached=0.00 GiB free=0.42 GiB reserve=1.59 GiB total=31.86 GiB)
case_064 cases=65 prompt=12 target=24 avg_nll=0.450379 lcp=7 api_target_mae=0.450379 api_top_coverage=97/120 api_top1=0.875 api_topn=0.247 api_pair=1.000
ds4: ROCm q8 fp16 cache budget exhausted; using q8 kernels (request=64.00 MiB cached=0.00 GiB free=0.42 GiB reserve=1.59 GiB total=31.86 GiB)
ds4: ROCm q8 fp16 cache budget exhausted; using q8 kernels (request=64.00 MiB cached=0.00 GiB free=0.42 GiB reserve=1.59 GiB total=31.86 GiB)
ds4: ROCm q8 fp16 cache budget exhausted; using q8 kernels (request=64.00 MiB cached=0.00 GiB free=0.42 GiB reserve=1.59 GiB total=31.86 GiB)
ds4: ROCm q8 fp16 cache budget exhausted; using q8 kernels (request=64.00 MiB cached=0.00 GiB free=0.42 GiB reserve=1.59 GiB total=31.86 GiB)
ds4: ROCm q8 fp16 cache budget exhausted; using q8 kernels (request=64.00 MiB cached=0.00 GiB free=0.42 GiB reserve=1.59 GiB total=31.86 GiB)
ds4: ROCm q8 fp16 cache budget exhausted; using q8 kernels (request=64.00 MiB cached=0.00 GiB free=0.42 GiB reserve=1.59 GiB total=31.86 GiB)
ds4: ROCm q8 fp16 cache budget exhausted; using q8 kernels (request=64.00 MiB cached=0.00 GiB free=0.42 GiB reserve=1.59 GiB total=31.86 GiB)
ds4: ROCm q8 fp16 cache budget exhausted; using q8 kernels (request=64.00 MiB cached=0.00 GiB free=0.42 GiB reserve=1.59 GiB total=31.86 GiB)
ds4: ROCm q8 fp16 cache budget exhausted; using q8 kernels (request=64.00 MiB cached=0.00 GiB free=0.42 GiB reserve=1.59 GiB total=31.86 GiB)
ds4: ROCm q8 fp16 cache budget exhausted; using q8 kernels (request=64.00 MiB cached=0.00 GiB free=0.42 GiB reserve=1.59 GiB total=31.86 GiB)
ds4: ROCm q8 fp16 cache budget exhausted; using q8 kernels (request=64.00 MiB cached=0.00 GiB free=0.42 GiB reserve=1.59 GiB total=31.86 GiB)
ds4: ROCm q8 fp16 cache budget exhausted; using q8 kernels (request=64.00 MiB cached=0.00 GiB free=0.42 GiB reserve=1.59 GiB total=31.86 GiB)
ds4: ROCm q8 fp16 cache budget exhausted; using q8 kernels (request=64.00 MiB cached=0.00 GiB free=0.42 GiB reserve=1.59 GiB total=31.86 GiB)
ds4: ROCm q8 fp16 cache budget exhausted; using q8 kernels (request=64.00 MiB cached=0.00 GiB free=0.42 GiB reserve=1.59 GiB total=31.86 GiB)
ds4: ROCm q8 fp16 cache budget exhausted; using q8 kernels (request=64.00 MiB cached=0.00 GiB free=0.42 GiB reserve=1.59 GiB total=31.86 GiB)
ds4: ROCm q8 fp16 cache budget exhausted; using q8 kernels (request=64.00 MiB cached=0.00 GiB free=0.42 GiB reserve=1.59 GiB total=31.86 GiB)
ds4: ROCm q8 fp16 cache budget exhausted; using q8 kernels (request=64.00 MiB cached=0.00 GiB free=0.42 GiB reserve=1.59 GiB total=31.86 GiB)
ds4: ROCm q8 fp16 cache budget exhausted; using q8 kernels (request=64.00 MiB cached=0.00 GiB free=0.42 GiB reserve=1.59 GiB total=31.86 GiB)
ds4: ROCm q8 fp16 cache budget exhausted; using q8 kernels (request=64.00 MiB cached=0.00 GiB free=0.42 GiB reserve=1.59 GiB total=31.86 GiB)
ds4: ROCm q8 fp16 cache budget exhausted; using q8 kernels (request=64.00 MiB cached=0.00 GiB free=0.42 GiB reserve=1.59 GiB total=31.86 GiB)
ds4: ROCm q8 fp16 cache budget exhausted; using q8 kernels (request=64.00 MiB cached=0.00 GiB free=0.42 GiB reserve=1.59 GiB total=31.86 GiB)
ds4: ROCm q8 fp16 cache budget exhausted; using q8 kernels (request=64.00 MiB cached=0.00 GiB free=0.42 GiB reserve=1.59 GiB total=31.86 GiB)
ds4: ROCm q8 fp16 cache budget exhausted; using q8 kernels (request=64.00 MiB cached=0.00 GiB free=0.42 GiB reserve=1.59 GiB total=31.86 GiB)
ds4: ROCm q8 fp16 cache budget exhausted; using q8 kernels (request=64.00 MiB cached=0.00 GiB free=0.42 GiB reserve=1.59 GiB total=31.86 GiB)
ds4: ROCm q8 fp16 cache budget exhausted; using q8 kernels (request=64.00 MiB cached=0.00 GiB free=0.42 GiB reserve=1.59 GiB total=31.86 GiB)
ds4: ROCm q8 fp16 cache budget exhausted; using q8 kernels (request=64.00 MiB cached=0.00 GiB free=0.42 GiB reserve=1.59 GiB total=31.86 GiB)
ds4: ROCm q8 fp16 cache budget exhausted; using q8 kernels (request=64.00 MiB cached=0.00 GiB free=0.42 GiB reserve=1.59 GiB total=31.86 GiB)
ds4: ROCm q8 fp16 cache budget exhausted; using q8 kernels (request=64.00 MiB cached=0.00 GiB free=0.42 GiB reserve=1.59 GiB total=31.86 GiB)
ds4: ROCm q8 fp16 cache budget exhausted; using q8 kernels (request=64.00 MiB cached=0.00 GiB free=0.42 GiB reserve=1.59 GiB total=31.86 GiB)
ds4: ROCm q8 fp16 cache budget exhausted; using q8 kernels (request=64.00 MiB cached=0.00 GiB free=0.42 GiB reserve=1.59 GiB total=31.86 GiB)
ds4: ROCm q8 fp16 cache budget exhausted; using q8 kernels (request=64.00 MiB cached=0.00 GiB free=0.42 GiB reserve=1.59 GiB total=31.86 GiB)
ds4: ROCm q8 fp16 cache budget exhausted; using q8 kernels (request=64.00 MiB cached=0.00 GiB free=0.42 GiB reserve=1.59 GiB total=31.86 GiB)
ds4: ROCm q8 fp16 cache budget exhausted; using q8 kernels (request=64.00 MiB cached=0.00 GiB free=0.42 GiB reserve=1.59 GiB total=31.86 GiB)
ds4: ROCm q8 fp16 cache budget exhausted; using q8 kernels (request=64.00 MiB cached=0.00 GiB free=0.42 GiB reserve=1.59 GiB total=31.86 GiB)
ds4: ROCm q8 fp16 cache budget exhausted; using q8 kernels (request=64.00 MiB cached=0.00 GiB free=0.42 GiB reserve=1.59 GiB total=31.86 GiB)
ds4: ROCm q8 fp16 cache budget exhausted; using q8 kernels (request=64.00 MiB cached=0.00 GiB free=0.42 GiB reserve=1.59 GiB total=31.86 GiB)
ds4: ROCm q8 fp16 cache budget exhausted; using q8 kernels (request=64.00 MiB cached=0.00 GiB free=0.42 GiB reserve=1.59 GiB total=31.86 GiB)
ds4: ROCm q8 fp16 cache budget exhausted; using q8 kernels (request=64.00 MiB cached=0.00 GiB free=0.42 GiB reserve=1.59 GiB total=31.86 GiB)
ds4: ROCm q8 fp16 cache budget exhausted; using q8 kernels (request=64.00 MiB cached=0.00 GiB free=0.42 GiB reserve=1.59 GiB total=31.86 GiB)
ds4: ROCm q8 fp16 cache budget exhausted; using q8 kernels (request=64.00 MiB cached=0.00 GiB free=0.42 GiB reserve=1.59 GiB total=31.86 GiB)
ds4: ROCm q8 fp16 cache budget exhausted; using q8 kernels (request=64.00 MiB cached=0.00 GiB free=0.42 GiB reserve=1.59 GiB total=31.86 GiB)
ds4: ROCm q8 fp16 cache budget exhausted; using q8 kernels (request=64.00 MiB cached=0.00 GiB free=0.42 GiB reserve=1.59 GiB total=31.86 GiB)
ds4: ROCm q8 fp16 cache budget exhausted; using q8 kernels (request=64.00 MiB cached=0.00 GiB free=0.42 GiB reserve=1.59 GiB total=31.86 GiB)
case_065 cases=66 prompt=15 target=24 avg_nll=0.323246 lcp=1 api_target_mae=0.323246 api_top_coverage=97/120 api_top1=0.833 api_topn=0.247 api_pair=1.000
ds4: ROCm q8 fp16 cache budget exhausted; using q8 kernels (request=64.00 MiB cached=0.00 GiB free=0.42 GiB reserve=1.59 GiB total=31.86 GiB)
ds4: ROCm q8 fp16 cache budget exhausted; using q8 kernels (request=64.00 MiB cached=0.00 GiB free=0.42 GiB reserve=1.59 GiB total=31.86 GiB)
ds4: ROCm q8 fp16 cache budget exhausted; using q8 kernels (request=64.00 MiB cached=0.00 GiB free=0.42 GiB reserve=1.59 GiB total=31.86 GiB)
ds4: ROCm q8 fp16 cache budget exhausted; using q8 kernels (request=64.00 MiB cached=0.00 GiB free=0.42 GiB reserve=1.59 GiB total=31.86 GiB)
ds4: ROCm q8 fp16 cache budget exhausted; using q8 kernels (request=64.00 MiB cached=0.00 GiB free=0.42 GiB reserve=1.59 GiB total=31.86 GiB)
ds4: ROCm q8 fp16 cache budget exhausted; using q8 kernels (request=64.00 MiB cached=0.00 GiB free=0.42 GiB reserve=1.59 GiB total=31.86 GiB)
ds4: ROCm q8 fp16 cache budget exhausted; using q8 kernels (request=64.00 MiB cached=0.00 GiB free=0.42 GiB reserve=1.59 GiB total=31.86 GiB)
ds4: ROCm q8 fp16 cache budget exhausted; using q8 kernels (request=64.00 MiB cached=0.00 GiB free=0.42 GiB reserve=1.59 GiB total=31.86 GiB)
ds4: ROCm q8 fp16 cache budget exhausted; using q8 kernels (request=64.00 MiB cached=0.00 GiB free=0.42 GiB reserve=1.59 GiB total=31.86 GiB)
ds4: ROCm q8 fp16 cache budget exhausted; using q8 kernels (request=64.00 MiB cached=0.00 GiB free=0.42 GiB reserve=1.59 GiB total=31.86 GiB)
ds4: ROCm q8 fp16 cache budget exhausted; using q8 kernels (request=64.00 MiB cached=0.00 GiB free=0.42 GiB reserve=1.59 GiB total=31.86 GiB)
ds4: ROCm q8 fp16 cache budget exhausted; using q8 kernels (request=64.00 MiB cached=0.00 GiB free=0.42 GiB reserve=1.59 GiB total=31.86 GiB)
ds4: ROCm q8 fp16 cache budget exhausted; using q8 kernels (request=64.00 MiB cached=0.00 GiB free=0.42 GiB reserve=1.59 GiB total=31.86 GiB)
ds4: ROCm q8 fp16 cache budget exhausted; using q8 kernels (request=64.00 MiB cached=0.00 GiB free=0.42 GiB reserve=1.59 GiB total=31.86 GiB)
ds4: ROCm q8 fp16 cache budget exhausted; using q8 kernels (request=64.00 MiB cached=0.00 GiB free=0.42 GiB reserve=1.59 GiB total=31.86 GiB)
ds4: ROCm q8 fp16 cache budget exhausted; using q8 kernels (request=64.00 MiB cached=0.00 GiB free=0.42 GiB reserve=1.59 GiB total=31.86 GiB)
ds4: ROCm q8 fp16 cache budget exhausted; using q8 kernels (request=64.00 MiB cached=0.00 GiB free=0.42 GiB reserve=1.59 GiB total=31.86 GiB)
ds4: ROCm q8 fp16 cache budget exhausted; using q8 kernels (request=64.00 MiB cached=0.00 GiB free=0.42 GiB reserve=1.59 GiB total=31.86 GiB)
ds4: ROCm q8 fp16 cache budget exhausted; using q8 kernels (request=64.00 MiB cached=0.00 GiB free=0.42 GiB reserve=1.59 GiB total=31.86 GiB)
ds4: ROCm q8 fp16 cache budget exhausted; using q8 kernels (request=64.00 MiB cached=0.00 GiB free=0.42 GiB reserve=1.59 GiB total=31.86 GiB)
ds4: ROCm q8 fp16 cache budget exhausted; using q8 kernels (request=64.00 MiB cached=0.00 GiB free=0.42 GiB reserve=1.59 GiB total=31.86 GiB)
ds4: ROCm q8 fp16 cache budget exhausted; using q8 kernels (request=64.00 MiB cached=0.00 GiB free=0.42 GiB reserve=1.59 GiB total=31.86 GiB)
ds4: ROCm q8 fp16 cache budget exhausted; using q8 kernels (request=64.00 MiB cached=0.00 GiB free=0.42 GiB reserve=1.59 GiB total=31.86 GiB)
ds4: ROCm q8 fp16 cache budget exhausted; using q8 kernels (request=64.00 MiB cached=0.00 GiB free=0.42 GiB reserve=1.59 GiB total=31.86 GiB)
ds4: ROCm q8 fp16 cache budget exhausted; using q8 kernels (request=64.00 MiB cached=0.00 GiB free=0.42 GiB reserve=1.59 GiB total=31.86 GiB)
ds4: ROCm q8 fp16 cache budget exhausted; using q8 kernels (request=64.00 MiB cached=0.00 GiB free=0.42 GiB reserve=1.59 GiB total=31.86 GiB)
ds4: ROCm q8 fp16 cache budget exhausted; using q8 kernels (request=64.00 MiB cached=0.00 GiB free=0.42 GiB reserve=1.59 GiB total=31.86 GiB)
ds4: ROCm q8 fp16 cache budget exhausted; using q8 kernels (request=64.00 MiB cached=0.00 GiB free=0.42 GiB reserve=1.59 GiB total=31.86 GiB)
ds4: ROCm q8 fp16 cache budget exhausted; using q8 kernels (request=64.00 MiB cached=0.00 GiB free=0.42 GiB reserve=1.59 GiB total=31.86 GiB)
ds4: ROCm q8 fp16 cache budget exhausted; using q8 kernels (request=64.00 MiB cached=0.00 GiB free=0.42 GiB reserve=1.59 GiB total=31.86 GiB)
ds4: ROCm q8 fp16 cache budget exhausted; using q8 kernels (request=64.00 MiB cached=0.00 GiB free=0.42 GiB reserve=1.59 GiB total=31.86 GiB)
ds4: ROCm q8 fp16 cache budget exhausted; using q8 kernels (request=64.00 MiB cached=0.00 GiB free=0.42 GiB reserve=1.59 GiB total=31.86 GiB)
ds4: ROCm q8 fp16 cache budget exhausted; using q8 kernels (request=64.00 MiB cached=0.00 GiB free=0.42 GiB reserve=1.59 GiB total=31.86 GiB)
ds4: ROCm q8 fp16 cache budget exhausted; using q8 kernels (request=64.00 MiB cached=0.00 GiB free=0.42 GiB reserve=1.59 GiB total=31.86 GiB)
ds4: ROCm q8 fp16 cache budget exhausted; using q8 kernels (request=64.00 MiB cached=0.00 GiB free=0.42 GiB reserve=1.59 GiB total=31.86 GiB)
ds4: ROCm q8 fp16 cache budget exhausted; using q8 kernels (request=64.00 MiB cached=0.00 GiB free=0.42 GiB reserve=1.59 GiB total=31.86 GiB)
ds4: ROCm q8 fp16 cache budget exhausted; using q8 kernels (request=64.00 MiB cached=0.00 GiB free=0.42 GiB reserve=1.59 GiB total=31.86 GiB)
ds4: ROCm q8 fp16 cache budget exhausted; using q8 kernels (request=64.00 MiB cached=0.00 GiB free=0.42 GiB reserve=1.59 GiB total=31.86 GiB)
ds4: ROCm q8 fp16 cache budget exhausted; using q8 kernels (request=64.00 MiB cached=0.00 GiB free=0.42 GiB reserve=1.59 GiB total=31.86 GiB)
ds4: ROCm q8 fp16 cache budget exhausted; using q8 kernels (request=64.00 MiB cached=0.00 GiB free=0.42 GiB reserve=1.59 GiB total=31.86 GiB)
ds4: ROCm q8 fp16 cache budget exhausted; using q8 kernels (request=64.00 MiB cached=0.00 GiB free=0.42 GiB reserve=1.59 GiB total=31.86 GiB)
ds4: ROCm q8 fp16 cache budget exhausted; using q8 kernels (request=64.00 MiB cached=0.00 GiB free=0.42 GiB reserve=1.59 GiB total=31.86 GiB)
ds4: ROCm q8 fp16 cache budget exhausted; using q8 kernels (request=64.00 MiB cached=0.00 GiB free=0.42 GiB reserve=1.59 GiB total=31.86 GiB)
case_066 cases=67 prompt=16 target=24 avg_nll=0.528098 lcp=8 api_target_mae=0.528098 api_top_coverage=99/120 api_top1=0.833 api_topn=0.263 api_pair=1.000
ds4: ROCm q8 fp16 cache budget exhausted; using q8 kernels (request=64.00 MiB cached=0.00 GiB free=0.42 GiB reserve=1.59 GiB total=31.86 GiB)
ds4: ROCm q8 fp16 cache budget exhausted; using q8 kernels (request=64.00 MiB cached=0.00 GiB free=0.42 GiB reserve=1.59 GiB total=31.86 GiB)
ds4: ROCm q8 fp16 cache budget exhausted; using q8 kernels (request=64.00 MiB cached=0.00 GiB free=0.42 GiB reserve=1.59 GiB total=31.86 GiB)
ds4: ROCm q8 fp16 cache budget exhausted; using q8 kernels (request=64.00 MiB cached=0.00 GiB free=0.42 GiB reserve=1.59 GiB total=31.86 GiB)
ds4: ROCm q8 fp16 cache budget exhausted; using q8 kernels (request=64.00 MiB cached=0.00 GiB free=0.42 GiB reserve=1.59 GiB total=31.86 GiB)
ds4: ROCm q8 fp16 cache budget exhausted; using q8 kernels (request=64.00 MiB cached=0.00 GiB free=0.42 GiB reserve=1.59 GiB total=31.86 GiB)
ds4: ROCm q8 fp16 cache budget exhausted; using q8 kernels (request=64.00 MiB cached=0.00 GiB free=0.42 GiB reserve=1.59 GiB total=31.86 GiB)
ds4: ROCm q8 fp16 cache budget exhausted; using q8 kernels (request=64.00 MiB cached=0.00 GiB free=0.42 GiB reserve=1.59 GiB total=31.86 GiB)
ds4: ROCm q8 fp16 cache budget exhausted; using q8 kernels (request=64.00 MiB cached=0.00 GiB free=0.42 GiB reserve=1.59 GiB total=31.86 GiB)
ds4: ROCm q8 fp16 cache budget exhausted; using q8 kernels (request=64.00 MiB cached=0.00 GiB free=0.42 GiB reserve=1.59 GiB total=31.86 GiB)
ds4: ROCm q8 fp16 cache budget exhausted; using q8 kernels (request=64.00 MiB cached=0.00 GiB free=0.42 GiB reserve=1.59 GiB total=31.86 GiB)
ds4: ROCm q8 fp16 cache budget exhausted; using q8 kernels (request=64.00 MiB cached=0.00 GiB free=0.42 GiB reserve=1.59 GiB total=31.86 GiB)
ds4: ROCm q8 fp16 cache budget exhausted; using q8 kernels (request=64.00 MiB cached=0.00 GiB free=0.42 GiB reserve=1.59 GiB total=31.86 GiB)
ds4: ROCm q8 fp16 cache budget exhausted; using q8 kernels (request=64.00 MiB cached=0.00 GiB free=0.42 GiB reserve=1.59 GiB total=31.86 GiB)
ds4: ROCm q8 fp16 cache budget exhausted; using q8 kernels (request=64.00 MiB cached=0.00 GiB free=0.42 GiB reserve=1.59 GiB total=31.86 GiB)
ds4: ROCm q8 fp16 cache budget exhausted; using q8 kernels (request=64.00 MiB cached=0.00 GiB free=0.42 GiB reserve=1.59 GiB total=31.86 GiB)
ds4: ROCm q8 fp16 cache budget exhausted; using q8 kernels (request=64.00 MiB cached=0.00 GiB free=0.42 GiB reserve=1.59 GiB total=31.86 GiB)
ds4: ROCm q8 fp16 cache budget exhausted; using q8 kernels (request=64.00 MiB cached=0.00 GiB free=0.42 GiB reserve=1.59 GiB total=31.86 GiB)
ds4: ROCm q8 fp16 cache budget exhausted; using q8 kernels (request=64.00 MiB cached=0.00 GiB free=0.42 GiB reserve=1.59 GiB total=31.86 GiB)
ds4: ROCm q8 fp16 cache budget exhausted; using q8 kernels (request=64.00 MiB cached=0.00 GiB free=0.42 GiB reserve=1.59 GiB total=31.86 GiB)
ds4: ROCm q8 fp16 cache budget exhausted; using q8 kernels (request=64.00 MiB cached=0.00 GiB free=0.42 GiB reserve=1.59 GiB total=31.86 GiB)
ds4: ROCm q8 fp16 cache budget exhausted; using q8 kernels (request=64.00 MiB cached=0.00 GiB free=0.42 GiB reserve=1.59 GiB total=31.86 GiB)
ds4: ROCm q8 fp16 cache budget exhausted; using q8 kernels (request=64.00 MiB cached=0.00 GiB free=0.42 GiB reserve=1.59 GiB total=31.86 GiB)
ds4: ROCm q8 fp16 cache budget exhausted; using q8 kernels (request=64.00 MiB cached=0.00 GiB free=0.42 GiB reserve=1.59 GiB total=31.86 GiB)
ds4: ROCm q8 fp16 cache budget exhausted; using q8 kernels (request=64.00 MiB cached=0.00 GiB free=0.42 GiB reserve=1.59 GiB total=31.86 GiB)
ds4: ROCm q8 fp16 cache budget exhausted; using q8 kernels (request=64.00 MiB cached=0.00 GiB free=0.42 GiB reserve=1.59 GiB total=31.86 GiB)
ds4: ROCm q8 fp16 cache budget exhausted; using q8 kernels (request=64.00 MiB cached=0.00 GiB free=0.42 GiB reserve=1.59 GiB total=31.86 GiB)
ds4: ROCm q8 fp16 cache budget exhausted; using q8 kernels (request=64.00 MiB cached=0.00 GiB free=0.42 GiB reserve=1.59 GiB total=31.86 GiB)
ds4: ROCm q8 fp16 cache budget exhausted; using q8 kernels (request=64.00 MiB cached=0.00 GiB free=0.42 GiB reserve=1.59 GiB total=31.86 GiB)
ds4: ROCm q8 fp16 cache budget exhausted; using q8 kernels (request=64.00 MiB cached=0.00 GiB free=0.42 GiB reserve=1.59 GiB total=31.86 GiB)
ds4: ROCm q8 fp16 cache budget exhausted; using q8 kernels (request=64.00 MiB cached=0.00 GiB free=0.42 GiB reserve=1.59 GiB total=31.86 GiB)
ds4: ROCm q8 fp16 cache budget exhausted; using q8 kernels (request=64.00 MiB cached=0.00 GiB free=0.42 GiB reserve=1.59 GiB total=31.86 GiB)
ds4: ROCm q8 fp16 cache budget exhausted; using q8 kernels (request=64.00 MiB cached=0.00 GiB free=0.42 GiB reserve=1.59 GiB total=31.86 GiB)
ds4: ROCm q8 fp16 cache budget exhausted; using q8 kernels (request=64.00 MiB cached=0.00 GiB free=0.42 GiB reserve=1.59 GiB total=31.86 GiB)
ds4: ROCm q8 fp16 cache budget exhausted; using q8 kernels (request=64.00 MiB cached=0.00 GiB free=0.42 GiB reserve=1.59 GiB total=31.86 GiB)
ds4: ROCm q8 fp16 cache budget exhausted; using q8 kernels (request=64.00 MiB cached=0.00 GiB free=0.42 GiB reserve=1.59 GiB total=31.86 GiB)
ds4: ROCm q8 fp16 cache budget exhausted; using q8 kernels (request=64.00 MiB cached=0.00 GiB free=0.42 GiB reserve=1.59 GiB total=31.86 GiB)
ds4: ROCm q8 fp16 cache budget exhausted; using q8 kernels (request=64.00 MiB cached=0.00 GiB free=0.42 GiB reserve=1.59 GiB total=31.86 GiB)
ds4: ROCm q8 fp16 cache budget exhausted; using q8 kernels (request=64.00 MiB cached=0.00 GiB free=0.42 GiB reserve=1.59 GiB total=31.86 GiB)
ds4: ROCm q8 fp16 cache budget exhausted; using q8 kernels (request=64.00 MiB cached=0.00 GiB free=0.42 GiB reserve=1.59 GiB total=31.86 GiB)
ds4: ROCm q8 fp16 cache budget exhausted; using q8 kernels (request=64.00 MiB cached=0.00 GiB free=0.42 GiB reserve=1.59 GiB total=31.86 GiB)
ds4: ROCm q8 fp16 cache budget exhausted; using q8 kernels (request=64.00 MiB cached=0.00 GiB free=0.42 GiB reserve=1.59 GiB total=31.86 GiB)
ds4: ROCm q8 fp16 cache budget exhausted; using q8 kernels (request=64.00 MiB cached=0.00 GiB free=0.42 GiB reserve=1.59 GiB total=31.86 GiB)
case_067 cases=68 prompt=17 target=24 avg_nll=0.312971 lcp=6 api_target_mae=0.312971 api_top_coverage=98/120 api_top1=0.833 api_topn=0.296 api_pair=1.000
ds4: ROCm q8 fp16 cache budget exhausted; using q8 kernels (request=64.00 MiB cached=0.00 GiB free=0.42 GiB reserve=1.59 GiB total=31.86 GiB)
ds4: ROCm q8 fp16 cache budget exhausted; using q8 kernels (request=64.00 MiB cached=0.00 GiB free=0.42 GiB reserve=1.59 GiB total=31.86 GiB)
ds4: ROCm q8 fp16 cache budget exhausted; using q8 kernels (request=64.00 MiB cached=0.00 GiB free=0.42 GiB reserve=1.59 GiB total=31.86 GiB)
ds4: ROCm q8 fp16 cache budget exhausted; using q8 kernels (request=64.00 MiB cached=0.00 GiB free=0.42 GiB reserve=1.59 GiB total=31.86 GiB)
ds4: ROCm q8 fp16 cache budget exhausted; using q8 kernels (request=64.00 MiB cached=0.00 GiB free=0.42 GiB reserve=1.59 GiB total=31.86 GiB)
ds4: ROCm q8 fp16 cache budget exhausted; using q8 kernels (request=64.00 MiB cached=0.00 GiB free=0.42 GiB reserve=1.59 GiB total=31.86 GiB)
ds4: ROCm q8 fp16 cache budget exhausted; using q8 kernels (request=64.00 MiB cached=0.00 GiB free=0.42 GiB reserve=1.59 GiB total=31.86 GiB)
ds4: ROCm q8 fp16 cache budget exhausted; using q8 kernels (request=64.00 MiB cached=0.00 GiB free=0.42 GiB reserve=1.59 GiB total=31.86 GiB)
ds4: ROCm q8 fp16 cache budget exhausted; using q8 kernels (request=64.00 MiB cached=0.00 GiB free=0.42 GiB reserve=1.59 GiB total=31.86 GiB)
ds4: ROCm q8 fp16 cache budget exhausted; using q8 kernels (request=64.00 MiB cached=0.00 GiB free=0.42 GiB reserve=1.59 GiB total=31.86 GiB)
ds4: ROCm q8 fp16 cache budget exhausted; using q8 kernels (request=64.00 MiB cached=0.00 GiB free=0.42 GiB reserve=1.59 GiB total=31.86 GiB)
ds4: ROCm q8 fp16 cache budget exhausted; using q8 kernels (request=64.00 MiB cached=0.00 GiB free=0.42 GiB reserve=1.59 GiB total=31.86 GiB)
ds4: ROCm q8 fp16 cache budget exhausted; using q8 kernels (request=64.00 MiB cached=0.00 GiB free=0.42 GiB reserve=1.59 GiB total=31.86 GiB)
ds4: ROCm q8 fp16 cache budget exhausted; using q8 kernels (request=64.00 MiB cached=0.00 GiB free=0.42 GiB reserve=1.59 GiB total=31.86 GiB)
ds4: ROCm q8 fp16 cache budget exhausted; using q8 kernels (request=64.00 MiB cached=0.00 GiB free=0.42 GiB reserve=1.59 GiB total=31.86 GiB)
ds4: ROCm q8 fp16 cache budget exhausted; using q8 kernels (request=64.00 MiB cached=0.00 GiB free=0.42 GiB reserve=1.59 GiB total=31.86 GiB)
ds4: ROCm q8 fp16 cache budget exhausted; using q8 kernels (request=64.00 MiB cached=0.00 GiB free=0.42 GiB reserve=1.59 GiB total=31.86 GiB)
ds4: ROCm q8 fp16 cache budget exhausted; using q8 kernels (request=64.00 MiB cached=0.00 GiB free=0.42 GiB reserve=1.59 GiB total=31.86 GiB)
ds4: ROCm q8 fp16 cache budget exhausted; using q8 kernels (request=64.00 MiB cached=0.00 GiB free=0.42 GiB reserve=1.59 GiB total=31.86 GiB)
ds4: ROCm q8 fp16 cache budget exhausted; using q8 kernels (request=64.00 MiB cached=0.00 GiB free=0.42 GiB reserve=1.59 GiB total=31.86 GiB)
ds4: ROCm q8 fp16 cache budget exhausted; using q8 kernels (request=64.00 MiB cached=0.00 GiB free=0.42 GiB reserve=1.59 GiB total=31.86 GiB)
ds4: ROCm q8 fp16 cache budget exhausted; using q8 kernels (request=64.00 MiB cached=0.00 GiB free=0.42 GiB reserve=1.59 GiB total=31.86 GiB)
ds4: ROCm q8 fp16 cache budget exhausted; using q8 kernels (request=64.00 MiB cached=0.00 GiB free=0.42 GiB reserve=1.59 GiB total=31.86 GiB)
ds4: ROCm q8 fp16 cache budget exhausted; using q8 kernels (request=64.00 MiB cached=0.00 GiB free=0.42 GiB reserve=1.59 GiB total=31.86 GiB)
ds4: ROCm q8 fp16 cache budget exhausted; using q8 kernels (request=64.00 MiB cached=0.00 GiB free=0.42 GiB reserve=1.59 GiB total=31.86 GiB)
ds4: ROCm q8 fp16 cache budget exhausted; using q8 kernels (request=64.00 MiB cached=0.00 GiB free=0.42 GiB reserve=1.59 GiB total=31.86 GiB)
ds4: ROCm q8 fp16 cache budget exhausted; using q8 kernels (request=64.00 MiB cached=0.00 GiB free=0.42 GiB reserve=1.59 GiB total=31.86 GiB)
ds4: ROCm q8 fp16 cache budget exhausted; using q8 kernels (request=64.00 MiB cached=0.00 GiB free=0.42 GiB reserve=1.59 GiB total=31.86 GiB)
ds4: ROCm q8 fp16 cache budget exhausted; using q8 kernels (request=64.00 MiB cached=0.00 GiB free=0.42 GiB reserve=1.59 GiB total=31.86 GiB)
ds4: ROCm q8 fp16 cache budget exhausted; using q8 kernels (request=64.00 MiB cached=0.00 GiB free=0.42 GiB reserve=1.59 GiB total=31.86 GiB)
ds4: ROCm q8 fp16 cache budget exhausted; using q8 kernels (request=64.00 MiB cached=0.00 GiB free=0.42 GiB reserve=1.59 GiB total=31.86 GiB)
ds4: ROCm q8 fp16 cache budget exhausted; using q8 kernels (request=64.00 MiB cached=0.00 GiB free=0.42 GiB reserve=1.59 GiB total=31.86 GiB)
ds4: ROCm q8 fp16 cache budget exhausted; using q8 kernels (request=64.00 MiB cached=0.00 GiB free=0.42 GiB reserve=1.59 GiB total=31.86 GiB)
ds4: ROCm q8 fp16 cache budget exhausted; using q8 kernels (request=64.00 MiB cached=0.00 GiB free=0.42 GiB reserve=1.59 GiB total=31.86 GiB)
ds4: ROCm q8 fp16 cache budget exhausted; using q8 kernels (request=64.00 MiB cached=0.00 GiB free=0.42 GiB reserve=1.59 GiB total=31.86 GiB)
ds4: ROCm q8 fp16 cache budget exhausted; using q8 kernels (request=64.00 MiB cached=0.00 GiB free=0.42 GiB reserve=1.59 GiB total=31.86 GiB)
ds4: ROCm q8 fp16 cache budget exhausted; using q8 kernels (request=64.00 MiB cached=0.00 GiB free=0.42 GiB reserve=1.59 GiB total=31.86 GiB)
ds4: ROCm q8 fp16 cache budget exhausted; using q8 kernels (request=64.00 MiB cached=0.00 GiB free=0.42 GiB reserve=1.59 GiB total=31.86 GiB)
ds4: ROCm q8 fp16 cache budget exhausted; using q8 kernels (request=64.00 MiB cached=0.00 GiB free=0.42 GiB reserve=1.59 GiB total=31.86 GiB)
ds4: ROCm q8 fp16 cache budget exhausted; using q8 kernels (request=64.00 MiB cached=0.00 GiB free=0.42 GiB reserve=1.59 GiB total=31.86 GiB)
ds4: ROCm q8 fp16 cache budget exhausted; using q8 kernels (request=64.00 MiB cached=0.00 GiB free=0.42 GiB reserve=1.59 GiB total=31.86 GiB)
ds4: ROCm q8 fp16 cache budget exhausted; using q8 kernels (request=64.00 MiB cached=0.00 GiB free=0.42 GiB reserve=1.59 GiB total=31.86 GiB)
ds4: ROCm q8 fp16 cache budget exhausted; using q8 kernels (request=64.00 MiB cached=0.00 GiB free=0.42 GiB reserve=1.59 GiB total=31.86 GiB)
case_068 cases=69 prompt=17 target=24 avg_nll=0.753510 lcp=3 api_target_mae=0.753510 api_top_coverage=99/120 api_top1=0.708 api_topn=0.253 api_pair=1.000
ds4: ROCm q8 fp16 cache budget exhausted; using q8 kernels (request=64.00 MiB cached=0.00 GiB free=0.42 GiB reserve=1.59 GiB total=31.86 GiB)
ds4: ROCm q8 fp16 cache budget exhausted; using q8 kernels (request=64.00 MiB cached=0.00 GiB free=0.42 GiB reserve=1.59 GiB total=31.86 GiB)
ds4: ROCm q8 fp16 cache budget exhausted; using q8 kernels (request=64.00 MiB cached=0.00 GiB free=0.42 GiB reserve=1.59 GiB total=31.86 GiB)
ds4: ROCm q8 fp16 cache budget exhausted; using q8 kernels (request=64.00 MiB cached=0.00 GiB free=0.42 GiB reserve=1.59 GiB total=31.86 GiB)
ds4: ROCm q8 fp16 cache budget exhausted; using q8 kernels (request=64.00 MiB cached=0.00 GiB free=0.42 GiB reserve=1.59 GiB total=31.86 GiB)
ds4: ROCm q8 fp16 cache budget exhausted; using q8 kernels (request=64.00 MiB cached=0.00 GiB free=0.42 GiB reserve=1.59 GiB total=31.86 GiB)
ds4: ROCm q8 fp16 cache budget exhausted; using q8 kernels (request=64.00 MiB cached=0.00 GiB free=0.42 GiB reserve=1.59 GiB total=31.86 GiB)
ds4: ROCm q8 fp16 cache budget exhausted; using q8 kernels (request=64.00 MiB cached=0.00 GiB free=0.42 GiB reserve=1.59 GiB total=31.86 GiB)
ds4: ROCm q8 fp16 cache budget exhausted; using q8 kernels (request=64.00 MiB cached=0.00 GiB free=0.42 GiB reserve=1.59 GiB total=31.86 GiB)
ds4: ROCm q8 fp16 cache budget exhausted; using q8 kernels (request=64.00 MiB cached=0.00 GiB free=0.42 GiB reserve=1.59 GiB total=31.86 GiB)
ds4: ROCm q8 fp16 cache budget exhausted; using q8 kernels (request=64.00 MiB cached=0.00 GiB free=0.42 GiB reserve=1.59 GiB total=31.86 GiB)
ds4: ROCm q8 fp16 cache budget exhausted; using q8 kernels (request=64.00 MiB cached=0.00 GiB free=0.42 GiB reserve=1.59 GiB total=31.86 GiB)
ds4: ROCm q8 fp16 cache budget exhausted; using q8 kernels (request=64.00 MiB cached=0.00 GiB free=0.42 GiB reserve=1.59 GiB total=31.86 GiB)
ds4: ROCm q8 fp16 cache budget exhausted; using q8 kernels (request=64.00 MiB cached=0.00 GiB free=0.42 GiB reserve=1.59 GiB total=31.86 GiB)
ds4: ROCm q8 fp16 cache budget exhausted; using q8 kernels (request=64.00 MiB cached=0.00 GiB free=0.42 GiB reserve=1.59 GiB total=31.86 GiB)
ds4: ROCm q8 fp16 cache budget exhausted; using q8 kernels (request=64.00 MiB cached=0.00 GiB free=0.42 GiB reserve=1.59 GiB total=31.86 GiB)
ds4: ROCm q8 fp16 cache budget exhausted; using q8 kernels (request=64.00 MiB cached=0.00 GiB free=0.42 GiB reserve=1.59 GiB total=31.86 GiB)
ds4: ROCm q8 fp16 cache budget exhausted; using q8 kernels (request=64.00 MiB cached=0.00 GiB free=0.42 GiB reserve=1.59 GiB total=31.86 GiB)
ds4: ROCm q8 fp16 cache budget exhausted; using q8 kernels (request=64.00 MiB cached=0.00 GiB free=0.42 GiB reserve=1.59 GiB total=31.86 GiB)
ds4: ROCm q8 fp16 cache budget exhausted; using q8 kernels (request=64.00 MiB cached=0.00 GiB free=0.42 GiB reserve=1.59 GiB total=31.86 GiB)
ds4: ROCm q8 fp16 cache budget exhausted; using q8 kernels (request=64.00 MiB cached=0.00 GiB free=0.42 GiB reserve=1.59 GiB total=31.86 GiB)
ds4: ROCm q8 fp16 cache budget exhausted; using q8 kernels (request=64.00 MiB cached=0.00 GiB free=0.42 GiB reserve=1.59 GiB total=31.86 GiB)
ds4: ROCm q8 fp16 cache budget exhausted; using q8 kernels (request=64.00 MiB cached=0.00 GiB free=0.42 GiB reserve=1.59 GiB total=31.86 GiB)
ds4: ROCm q8 fp16 cache budget exhausted; using q8 kernels (request=64.00 MiB cached=0.00 GiB free=0.42 GiB reserve=1.59 GiB total=31.86 GiB)
ds4: ROCm q8 fp16 cache budget exhausted; using q8 kernels (request=64.00 MiB cached=0.00 GiB free=0.42 GiB reserve=1.59 GiB total=31.86 GiB)
ds4: ROCm q8 fp16 cache budget exhausted; using q8 kernels (request=64.00 MiB cached=0.00 GiB free=0.42 GiB reserve=1.59 GiB total=31.86 GiB)
ds4: ROCm q8 fp16 cache budget exhausted; using q8 kernels (request=64.00 MiB cached=0.00 GiB free=0.42 GiB reserve=1.59 GiB total=31.86 GiB)
ds4: ROCm q8 fp16 cache budget exhausted; using q8 kernels (request=64.00 MiB cached=0.00 GiB free=0.42 GiB reserve=1.59 GiB total=31.86 GiB)
ds4: ROCm q8 fp16 cache budget exhausted; using q8 kernels (request=64.00 MiB cached=0.00 GiB free=0.42 GiB reserve=1.59 GiB total=31.86 GiB)
ds4: ROCm q8 fp16 cache budget exhausted; using q8 kernels (request=64.00 MiB cached=0.00 GiB free=0.42 GiB reserve=1.59 GiB total=31.86 GiB)
ds4: ROCm q8 fp16 cache budget exhausted; using q8 kernels (request=64.00 MiB cached=0.00 GiB free=0.42 GiB reserve=1.59 GiB total=31.86 GiB)
ds4: ROCm q8 fp16 cache budget exhausted; using q8 kernels (request=64.00 MiB cached=0.00 GiB free=0.42 GiB reserve=1.59 GiB total=31.86 GiB)
ds4: ROCm q8 fp16 cache budget exhausted; using q8 kernels (request=64.00 MiB cached=0.00 GiB free=0.42 GiB reserve=1.59 GiB total=31.86 GiB)
ds4: ROCm q8 fp16 cache budget exhausted; using q8 kernels (request=64.00 MiB cached=0.00 GiB free=0.42 GiB reserve=1.59 GiB total=31.86 GiB)
ds4: ROCm q8 fp16 cache budget exhausted; using q8 kernels (request=64.00 MiB cached=0.00 GiB free=0.42 GiB reserve=1.59 GiB total=31.86 GiB)
ds4: ROCm q8 fp16 cache budget exhausted; using q8 kernels (request=64.00 MiB cached=0.00 GiB free=0.42 GiB reserve=1.59 GiB total=31.86 GiB)
ds4: ROCm q8 fp16 cache budget exhausted; using q8 kernels (request=64.00 MiB cached=0.00 GiB free=0.42 GiB reserve=1.59 GiB total=31.86 GiB)
ds4: ROCm q8 fp16 cache budget exhausted; using q8 kernels (request=64.00 MiB cached=0.00 GiB free=0.42 GiB reserve=1.59 GiB total=31.86 GiB)
ds4: ROCm q8 fp16 cache budget exhausted; using q8 kernels (request=64.00 MiB cached=0.00 GiB free=0.42 GiB reserve=1.59 GiB total=31.86 GiB)
ds4: ROCm q8 fp16 cache budget exhausted; using q8 kernels (request=64.00 MiB cached=0.00 GiB free=0.42 GiB reserve=1.59 GiB total=31.86 GiB)
ds4: ROCm q8 fp16 cache budget exhausted; using q8 kernels (request=64.00 MiB cached=0.00 GiB free=0.42 GiB reserve=1.59 GiB total=31.86 GiB)
ds4: ROCm q8 fp16 cache budget exhausted; using q8 kernels (request=64.00 MiB cached=0.00 GiB free=0.42 GiB reserve=1.59 GiB total=31.86 GiB)
ds4: ROCm q8 fp16 cache budget exhausted; using q8 kernels (request=64.00 MiB cached=0.00 GiB free=0.42 GiB reserve=1.59 GiB total=31.86 GiB)
case_069 cases=70 prompt=18 target=24 avg_nll=0.397079 lcp=1 api_target_mae=0.397079 api_top_coverage=99/120 api_top1=0.875 api_topn=0.273 api_pair=1.000
ds4: ROCm q8 fp16 cache budget exhausted; using q8 kernels (request=64.00 MiB cached=0.00 GiB free=0.42 GiB reserve=1.59 GiB total=31.86 GiB)
ds4: ROCm q8 fp16 cache budget exhausted; using q8 kernels (request=64.00 MiB cached=0.00 GiB free=0.42 GiB reserve=1.59 GiB total=31.86 GiB)
ds4: ROCm q8 fp16 cache budget exhausted; using q8 kernels (request=64.00 MiB cached=0.00 GiB free=0.42 GiB reserve=1.59 GiB total=31.86 GiB)
ds4: ROCm q8 fp16 cache budget exhausted; using q8 kernels (request=64.00 MiB cached=0.00 GiB free=0.42 GiB reserve=1.59 GiB total=31.86 GiB)
ds4: ROCm q8 fp16 cache budget exhausted; using q8 kernels (request=64.00 MiB cached=0.00 GiB free=0.42 GiB reserve=1.59 GiB total=31.86 GiB)
ds4: ROCm q8 fp16 cache budget exhausted; using q8 kernels (request=64.00 MiB cached=0.00 GiB free=0.42 GiB reserve=1.59 GiB total=31.86 GiB)
ds4: ROCm q8 fp16 cache budget exhausted; using q8 kernels (request=64.00 MiB cached=0.00 GiB free=0.42 GiB reserve=1.59 GiB total=31.86 GiB)
ds4: ROCm q8 fp16 cache budget exhausted; using q8 kernels (request=64.00 MiB cached=0.00 GiB free=0.42 GiB reserve=1.59 GiB total=31.86 GiB)
ds4: ROCm q8 fp16 cache budget exhausted; using q8 kernels (request=64.00 MiB cached=0.00 GiB free=0.42 GiB reserve=1.59 GiB total=31.86 GiB)
ds4: ROCm q8 fp16 cache budget exhausted; using q8 kernels (request=64.00 MiB cached=0.00 GiB free=0.42 GiB reserve=1.59 GiB total=31.86 GiB)
ds4: ROCm q8 fp16 cache budget exhausted; using q8 kernels (request=64.00 MiB cached=0.00 GiB free=0.42 GiB reserve=1.59 GiB total=31.86 GiB)
ds4: ROCm q8 fp16 cache budget exhausted; using q8 kernels (request=64.00 MiB cached=0.00 GiB free=0.42 GiB reserve=1.59 GiB total=31.86 GiB)
ds4: ROCm q8 fp16 cache budget exhausted; using q8 kernels (request=64.00 MiB cached=0.00 GiB free=0.42 GiB reserve=1.59 GiB total=31.86 GiB)
ds4: ROCm q8 fp16 cache budget exhausted; using q8 kernels (request=64.00 MiB cached=0.00 GiB free=0.42 GiB reserve=1.59 GiB total=31.86 GiB)
ds4: ROCm q8 fp16 cache budget exhausted; using q8 kernels (request=64.00 MiB cached=0.00 GiB free=0.42 GiB reserve=1.59 GiB total=31.86 GiB)
ds4: ROCm q8 fp16 cache budget exhausted; using q8 kernels (request=64.00 MiB cached=0.00 GiB free=0.42 GiB reserve=1.59 GiB total=31.86 GiB)
ds4: ROCm q8 fp16 cache budget exhausted; using q8 kernels (request=64.00 MiB cached=0.00 GiB free=0.42 GiB reserve=1.59 GiB total=31.86 GiB)
ds4: ROCm q8 fp16 cache budget exhausted; using q8 kernels (request=64.00 MiB cached=0.00 GiB free=0.42 GiB reserve=1.59 GiB total=31.86 GiB)
ds4: ROCm q8 fp16 cache budget exhausted; using q8 kernels (request=64.00 MiB cached=0.00 GiB free=0.42 GiB reserve=1.59 GiB total=31.86 GiB)
ds4: ROCm q8 fp16 cache budget exhausted; using q8 kernels (request=64.00 MiB cached=0.00 GiB free=0.42 GiB reserve=1.59 GiB total=31.86 GiB)
ds4: ROCm q8 fp16 cache budget exhausted; using q8 kernels (request=64.00 MiB cached=0.00 GiB free=0.42 GiB reserve=1.59 GiB total=31.86 GiB)
ds4: ROCm q8 fp16 cache budget exhausted; using q8 kernels (request=64.00 MiB cached=0.00 GiB free=0.42 GiB reserve=1.59 GiB total=31.86 GiB)
ds4: ROCm q8 fp16 cache budget exhausted; using q8 kernels (request=64.00 MiB cached=0.00 GiB free=0.42 GiB reserve=1.59 GiB total=31.86 GiB)
ds4: ROCm q8 fp16 cache budget exhausted; using q8 kernels (request=64.00 MiB cached=0.00 GiB free=0.42 GiB reserve=1.59 GiB total=31.86 GiB)
ds4: ROCm q8 fp16 cache budget exhausted; using q8 kernels (request=64.00 MiB cached=0.00 GiB free=0.42 GiB reserve=1.59 GiB total=31.86 GiB)
ds4: ROCm q8 fp16 cache budget exhausted; using q8 kernels (request=64.00 MiB cached=0.00 GiB free=0.42 GiB reserve=1.59 GiB total=31.86 GiB)
ds4: ROCm q8 fp16 cache budget exhausted; using q8 kernels (request=64.00 MiB cached=0.00 GiB free=0.42 GiB reserve=1.59 GiB total=31.86 GiB)
ds4: ROCm q8 fp16 cache budget exhausted; using q8 kernels (request=64.00 MiB cached=0.00 GiB free=0.42 GiB reserve=1.59 GiB total=31.86 GiB)
ds4: ROCm q8 fp16 cache budget exhausted; using q8 kernels (request=64.00 MiB cached=0.00 GiB free=0.42 GiB reserve=1.59 GiB total=31.86 GiB)
ds4: ROCm q8 fp16 cache budget exhausted; using q8 kernels (request=64.00 MiB cached=0.00 GiB free=0.42 GiB reserve=1.59 GiB total=31.86 GiB)
ds4: ROCm q8 fp16 cache budget exhausted; using q8 kernels (request=64.00 MiB cached=0.00 GiB free=0.42 GiB reserve=1.59 GiB total=31.86 GiB)
ds4: ROCm q8 fp16 cache budget exhausted; using q8 kernels (request=64.00 MiB cached=0.00 GiB free=0.42 GiB reserve=1.59 GiB total=31.86 GiB)
ds4: ROCm q8 fp16 cache budget exhausted; using q8 kernels (request=64.00 MiB cached=0.00 GiB free=0.42 GiB reserve=1.59 GiB total=31.86 GiB)
ds4: ROCm q8 fp16 cache budget exhausted; using q8 kernels (request=64.00 MiB cached=0.00 GiB free=0.42 GiB reserve=1.59 GiB total=31.86 GiB)
ds4: ROCm q8 fp16 cache budget exhausted; using q8 kernels (request=64.00 MiB cached=0.00 GiB free=0.42 GiB reserve=1.59 GiB total=31.86 GiB)
ds4: ROCm q8 fp16 cache budget exhausted; using q8 kernels (request=64.00 MiB cached=0.00 GiB free=0.42 GiB reserve=1.59 GiB total=31.86 GiB)
ds4: ROCm q8 fp16 cache budget exhausted; using q8 kernels (request=64.00 MiB cached=0.00 GiB free=0.42 GiB reserve=1.59 GiB total=31.86 GiB)
ds4: ROCm q8 fp16 cache budget exhausted; using q8 kernels (request=64.00 MiB cached=0.00 GiB free=0.42 GiB reserve=1.59 GiB total=31.86 GiB)
ds4: ROCm q8 fp16 cache budget exhausted; using q8 kernels (request=64.00 MiB cached=0.00 GiB free=0.42 GiB reserve=1.59 GiB total=31.86 GiB)
ds4: ROCm q8 fp16 cache budget exhausted; using q8 kernels (request=64.00 MiB cached=0.00 GiB free=0.42 GiB reserve=1.59 GiB total=31.86 GiB)
ds4: ROCm q8 fp16 cache budget exhausted; using q8 kernels (request=64.00 MiB cached=0.00 GiB free=0.42 GiB reserve=1.59 GiB total=31.86 GiB)
ds4: ROCm q8 fp16 cache budget exhausted; using q8 kernels (request=64.00 MiB cached=0.00 GiB free=0.42 GiB reserve=1.59 GiB total=31.86 GiB)
ds4: ROCm q8 fp16 cache budget exhausted; using q8 kernels (request=64.00 MiB cached=0.00 GiB free=0.42 GiB reserve=1.59 GiB total=31.86 GiB)
case_070 cases=71 prompt=24 target=24 avg_nll=0.171039 lcp=3 api_target_mae=0.171039 api_top_coverage=97/120 api_top1=0.917 api_topn=0.278 api_pair=1.000
ds4: ROCm q8 fp16 cache budget exhausted; using q8 kernels (request=64.00 MiB cached=0.00 GiB free=0.42 GiB reserve=1.59 GiB total=31.86 GiB)
ds4: ROCm q8 fp16 cache budget exhausted; using q8 kernels (request=64.00 MiB cached=0.00 GiB free=0.42 GiB reserve=1.59 GiB total=31.86 GiB)
ds4: ROCm q8 fp16 cache budget exhausted; using q8 kernels (request=64.00 MiB cached=0.00 GiB free=0.42 GiB reserve=1.59 GiB total=31.86 GiB)
ds4: ROCm q8 fp16 cache budget exhausted; using q8 kernels (request=64.00 MiB cached=0.00 GiB free=0.42 GiB reserve=1.59 GiB total=31.86 GiB)
ds4: ROCm q8 fp16 cache budget exhausted; using q8 kernels (request=64.00 MiB cached=0.00 GiB free=0.42 GiB reserve=1.59 GiB total=31.86 GiB)
ds4: ROCm q8 fp16 cache budget exhausted; using q8 kernels (request=64.00 MiB cached=0.00 GiB free=0.42 GiB reserve=1.59 GiB total=31.86 GiB)
ds4: ROCm q8 fp16 cache budget exhausted; using q8 kernels (request=64.00 MiB cached=0.00 GiB free=0.42 GiB reserve=1.59 GiB total=31.86 GiB)
ds4: ROCm q8 fp16 cache budget exhausted; using q8 kernels (request=64.00 MiB cached=0.00 GiB free=0.42 GiB reserve=1.59 GiB total=31.86 GiB)
ds4: ROCm q8 fp16 cache budget exhausted; using q8 kernels (request=64.00 MiB cached=0.00 GiB free=0.42 GiB reserve=1.59 GiB total=31.86 GiB)
ds4: ROCm q8 fp16 cache budget exhausted; using q8 kernels (request=64.00 MiB cached=0.00 GiB free=0.42 GiB reserve=1.59 GiB total=31.86 GiB)
ds4: ROCm q8 fp16 cache budget exhausted; using q8 kernels (request=64.00 MiB cached=0.00 GiB free=0.42 GiB reserve=1.59 GiB total=31.86 GiB)
ds4: ROCm q8 fp16 cache budget exhausted; using q8 kernels (request=64.00 MiB cached=0.00 GiB free=0.42 GiB reserve=1.59 GiB total=31.86 GiB)
ds4: ROCm q8 fp16 cache budget exhausted; using q8 kernels (request=64.00 MiB cached=0.00 GiB free=0.42 GiB reserve=1.59 GiB total=31.86 GiB)
ds4: ROCm q8 fp16 cache budget exhausted; using q8 kernels (request=64.00 MiB cached=0.00 GiB free=0.42 GiB reserve=1.59 GiB total=31.86 GiB)
ds4: ROCm q8 fp16 cache budget exhausted; using q8 kernels (request=64.00 MiB cached=0.00 GiB free=0.42 GiB reserve=1.59 GiB total=31.86 GiB)
ds4: ROCm q8 fp16 cache budget exhausted; using q8 kernels (request=64.00 MiB cached=0.00 GiB free=0.42 GiB reserve=1.59 GiB total=31.86 GiB)
ds4: ROCm q8 fp16 cache budget exhausted; using q8 kernels (request=64.00 MiB cached=0.00 GiB free=0.42 GiB reserve=1.59 GiB total=31.86 GiB)
ds4: ROCm q8 fp16 cache budget exhausted; using q8 kernels (request=64.00 MiB cached=0.00 GiB free=0.42 GiB reserve=1.59 GiB total=31.86 GiB)
ds4: ROCm q8 fp16 cache budget exhausted; using q8 kernels (request=64.00 MiB cached=0.00 GiB free=0.42 GiB reserve=1.59 GiB total=31.86 GiB)
ds4: ROCm q8 fp16 cache budget exhausted; using q8 kernels (request=64.00 MiB cached=0.00 GiB free=0.42 GiB reserve=1.59 GiB total=31.86 GiB)
ds4: ROCm q8 fp16 cache budget exhausted; using q8 kernels (request=64.00 MiB cached=0.00 GiB free=0.42 GiB reserve=1.59 GiB total=31.86 GiB)
ds4: ROCm q8 fp16 cache budget exhausted; using q8 kernels (request=64.00 MiB cached=0.00 GiB free=0.42 GiB reserve=1.59 GiB total=31.86 GiB)
ds4: ROCm q8 fp16 cache budget exhausted; using q8 kernels (request=64.00 MiB cached=0.00 GiB free=0.42 GiB reserve=1.59 GiB total=31.86 GiB)
ds4: ROCm q8 fp16 cache budget exhausted; using q8 kernels (request=64.00 MiB cached=0.00 GiB free=0.42 GiB reserve=1.59 GiB total=31.86 GiB)
ds4: ROCm q8 fp16 cache budget exhausted; using q8 kernels (request=64.00 MiB cached=0.00 GiB free=0.42 GiB reserve=1.59 GiB total=31.86 GiB)
ds4: ROCm q8 fp16 cache budget exhausted; using q8 kernels (request=64.00 MiB cached=0.00 GiB free=0.42 GiB reserve=1.59 GiB total=31.86 GiB)
ds4: ROCm q8 fp16 cache budget exhausted; using q8 kernels (request=64.00 MiB cached=0.00 GiB free=0.42 GiB reserve=1.59 GiB total=31.86 GiB)
ds4: ROCm q8 fp16 cache budget exhausted; using q8 kernels (request=64.00 MiB cached=0.00 GiB free=0.42 GiB reserve=1.59 GiB total=31.86 GiB)
ds4: ROCm q8 fp16 cache budget exhausted; using q8 kernels (request=64.00 MiB cached=0.00 GiB free=0.42 GiB reserve=1.59 GiB total=31.86 GiB)
ds4: ROCm q8 fp16 cache budget exhausted; using q8 kernels (request=64.00 MiB cached=0.00 GiB free=0.42 GiB reserve=1.59 GiB total=31.86 GiB)
ds4: ROCm q8 fp16 cache budget exhausted; using q8 kernels (request=64.00 MiB cached=0.00 GiB free=0.42 GiB reserve=1.59 GiB total=31.86 GiB)
ds4: ROCm q8 fp16 cache budget exhausted; using q8 kernels (request=64.00 MiB cached=0.00 GiB free=0.42 GiB reserve=1.59 GiB total=31.86 GiB)
ds4: ROCm q8 fp16 cache budget exhausted; using q8 kernels (request=64.00 MiB cached=0.00 GiB free=0.42 GiB reserve=1.59 GiB total=31.86 GiB)
ds4: ROCm q8 fp16 cache budget exhausted; using q8 kernels (request=64.00 MiB cached=0.00 GiB free=0.42 GiB reserve=1.59 GiB total=31.86 GiB)
ds4: ROCm q8 fp16 cache budget exhausted; using q8 kernels (request=64.00 MiB cached=0.00 GiB free=0.42 GiB reserve=1.59 GiB total=31.86 GiB)
ds4: ROCm q8 fp16 cache budget exhausted; using q8 kernels (request=64.00 MiB cached=0.00 GiB free=0.42 GiB reserve=1.59 GiB total=31.86 GiB)
ds4: ROCm q8 fp16 cache budget exhausted; using q8 kernels (request=64.00 MiB cached=0.00 GiB free=0.42 GiB reserve=1.59 GiB total=31.86 GiB)
ds4: ROCm q8 fp16 cache budget exhausted; using q8 kernels (request=64.00 MiB cached=0.00 GiB free=0.42 GiB reserve=1.59 GiB total=31.86 GiB)
ds4: ROCm q8 fp16 cache budget exhausted; using q8 kernels (request=64.00 MiB cached=0.00 GiB free=0.42 GiB reserve=1.59 GiB total=31.86 GiB)
ds4: ROCm q8 fp16 cache budget exhausted; using q8 kernels (request=64.00 MiB cached=0.00 GiB free=0.42 GiB reserve=1.59 GiB total=31.86 GiB)
ds4: ROCm q8 fp16 cache budget exhausted; using q8 kernels (request=64.00 MiB cached=0.00 GiB free=0.42 GiB reserve=1.59 GiB total=31.86 GiB)
ds4: ROCm q8 fp16 cache budget exhausted; using q8 kernels (request=64.00 MiB cached=0.00 GiB free=0.42 GiB reserve=1.59 GiB total=31.86 GiB)
ds4: ROCm q8 fp16 cache budget exhausted; using q8 kernels (request=64.00 MiB cached=0.00 GiB free=0.42 GiB reserve=1.59 GiB total=31.86 GiB)
case_071 cases=72 prompt=24 target=24 avg_nll=0.548697 lcp=0 api_target_mae=0.548697 api_top_coverage=97/120 api_top1=0.792 api_topn=0.247 api_pair=1.000
ds4: ROCm q8 fp16 cache budget exhausted; using q8 kernels (request=64.00 MiB cached=0.00 GiB free=0.42 GiB reserve=1.59 GiB total=31.86 GiB)
ds4: ROCm q8 fp16 cache budget exhausted; using q8 kernels (request=64.00 MiB cached=0.00 GiB free=0.42 GiB reserve=1.59 GiB total=31.86 GiB)
ds4: ROCm q8 fp16 cache budget exhausted; using q8 kernels (request=64.00 MiB cached=0.00 GiB free=0.42 GiB reserve=1.59 GiB total=31.86 GiB)
ds4: ROCm q8 fp16 cache budget exhausted; using q8 kernels (request=64.00 MiB cached=0.00 GiB free=0.42 GiB reserve=1.59 GiB total=31.86 GiB)
ds4: ROCm q8 fp16 cache budget exhausted; using q8 kernels (request=64.00 MiB cached=0.00 GiB free=0.42 GiB reserve=1.59 GiB total=31.86 GiB)
ds4: ROCm q8 fp16 cache budget exhausted; using q8 kernels (request=64.00 MiB cached=0.00 GiB free=0.42 GiB reserve=1.59 GiB total=31.86 GiB)
ds4: ROCm q8 fp16 cache budget exhausted; using q8 kernels (request=64.00 MiB cached=0.00 GiB free=0.42 GiB reserve=1.59 GiB total=31.86 GiB)
ds4: ROCm q8 fp16 cache budget exhausted; using q8 kernels (request=64.00 MiB cached=0.00 GiB free=0.42 GiB reserve=1.59 GiB total=31.86 GiB)
ds4: ROCm q8 fp16 cache budget exhausted; using q8 kernels (request=64.00 MiB cached=0.00 GiB free=0.42 GiB reserve=1.59 GiB total=31.86 GiB)
ds4: ROCm q8 fp16 cache budget exhausted; using q8 kernels (request=64.00 MiB cached=0.00 GiB free=0.42 GiB reserve=1.59 GiB total=31.86 GiB)
ds4: ROCm q8 fp16 cache budget exhausted; using q8 kernels (request=64.00 MiB cached=0.00 GiB free=0.42 GiB reserve=1.59 GiB total=31.86 GiB)
ds4: ROCm q8 fp16 cache budget exhausted; using q8 kernels (request=64.00 MiB cached=0.00 GiB free=0.42 GiB reserve=1.59 GiB total=31.86 GiB)
ds4: ROCm q8 fp16 cache budget exhausted; using q8 kernels (request=64.00 MiB cached=0.00 GiB free=0.42 GiB reserve=1.59 GiB total=31.86 GiB)
ds4: ROCm q8 fp16 cache budget exhausted; using q8 kernels (request=64.00 MiB cached=0.00 GiB free=0.42 GiB reserve=1.59 GiB total=31.86 GiB)
ds4: ROCm q8 fp16 cache budget exhausted; using q8 kernels (request=64.00 MiB cached=0.00 GiB free=0.42 GiB reserve=1.59 GiB total=31.86 GiB)
ds4: ROCm q8 fp16 cache budget exhausted; using q8 kernels (request=64.00 MiB cached=0.00 GiB free=0.42 GiB reserve=1.59 GiB total=31.86 GiB)
ds4: ROCm q8 fp16 cache budget exhausted; using q8 kernels (request=64.00 MiB cached=0.00 GiB free=0.42 GiB reserve=1.59 GiB total=31.86 GiB)
ds4: ROCm q8 fp16 cache budget exhausted; using q8 kernels (request=64.00 MiB cached=0.00 GiB free=0.42 GiB reserve=1.59 GiB total=31.86 GiB)
ds4: ROCm q8 fp16 cache budget exhausted; using q8 kernels (request=64.00 MiB cached=0.00 GiB free=0.42 GiB reserve=1.59 GiB total=31.86 GiB)
ds4: ROCm q8 fp16 cache budget exhausted; using q8 kernels (request=64.00 MiB cached=0.00 GiB free=0.42 GiB reserve=1.59 GiB total=31.86 GiB)
ds4: ROCm q8 fp16 cache budget exhausted; using q8 kernels (request=64.00 MiB cached=0.00 GiB free=0.42 GiB reserve=1.59 GiB total=31.86 GiB)
ds4: ROCm q8 fp16 cache budget exhausted; using q8 kernels (request=64.00 MiB cached=0.00 GiB free=0.42 GiB reserve=1.59 GiB total=31.86 GiB)
ds4: ROCm q8 fp16 cache budget exhausted; using q8 kernels (request=64.00 MiB cached=0.00 GiB free=0.42 GiB reserve=1.59 GiB total=31.86 GiB)
ds4: ROCm q8 fp16 cache budget exhausted; using q8 kernels (request=64.00 MiB cached=0.00 GiB free=0.42 GiB reserve=1.59 GiB total=31.86 GiB)
ds4: ROCm q8 fp16 cache budget exhausted; using q8 kernels (request=64.00 MiB cached=0.00 GiB free=0.42 GiB reserve=1.59 GiB total=31.86 GiB)
ds4: ROCm q8 fp16 cache budget exhausted; using q8 kernels (request=64.00 MiB cached=0.00 GiB free=0.42 GiB reserve=1.59 GiB total=31.86 GiB)
ds4: ROCm q8 fp16 cache budget exhausted; using q8 kernels (request=64.00 MiB cached=0.00 GiB free=0.42 GiB reserve=1.59 GiB total=31.86 GiB)
ds4: ROCm q8 fp16 cache budget exhausted; using q8 kernels (request=64.00 MiB cached=0.00 GiB free=0.42 GiB reserve=1.59 GiB total=31.86 GiB)
ds4: ROCm q8 fp16 cache budget exhausted; using q8 kernels (request=64.00 MiB cached=0.00 GiB free=0.42 GiB reserve=1.59 GiB total=31.86 GiB)
ds4: ROCm q8 fp16 cache budget exhausted; using q8 kernels (request=64.00 MiB cached=0.00 GiB free=0.42 GiB reserve=1.59 GiB total=31.86 GiB)
ds4: ROCm q8 fp16 cache budget exhausted; using q8 kernels (request=64.00 MiB cached=0.00 GiB free=0.42 GiB reserve=1.59 GiB total=31.86 GiB)
ds4: ROCm q8 fp16 cache budget exhausted; using q8 kernels (request=64.00 MiB cached=0.00 GiB free=0.42 GiB reserve=1.59 GiB total=31.86 GiB)
ds4: ROCm q8 fp16 cache budget exhausted; using q8 kernels (request=64.00 MiB cached=0.00 GiB free=0.42 GiB reserve=1.59 GiB total=31.86 GiB)
ds4: ROCm q8 fp16 cache budget exhausted; using q8 kernels (request=64.00 MiB cached=0.00 GiB free=0.42 GiB reserve=1.59 GiB total=31.86 GiB)
ds4: ROCm q8 fp16 cache budget exhausted; using q8 kernels (request=64.00 MiB cached=0.00 GiB free=0.42 GiB reserve=1.59 GiB total=31.86 GiB)
ds4: ROCm q8 fp16 cache budget exhausted; using q8 kernels (request=64.00 MiB cached=0.00 GiB free=0.42 GiB reserve=1.59 GiB total=31.86 GiB)
ds4: ROCm q8 fp16 cache budget exhausted; using q8 kernels (request=64.00 MiB cached=0.00 GiB free=0.42 GiB reserve=1.59 GiB total=31.86 GiB)
ds4: ROCm q8 fp16 cache budget exhausted; using q8 kernels (request=64.00 MiB cached=0.00 GiB free=0.42 GiB reserve=1.59 GiB total=31.86 GiB)
ds4: ROCm q8 fp16 cache budget exhausted; using q8 kernels (request=64.00 MiB cached=0.00 GiB free=0.42 GiB reserve=1.59 GiB total=31.86 GiB)
ds4: ROCm q8 fp16 cache budget exhausted; using q8 kernels (request=64.00 MiB cached=0.00 GiB free=0.42 GiB reserve=1.59 GiB total=31.86 GiB)
ds4: ROCm q8 fp16 cache budget exhausted; using q8 kernels (request=64.00 MiB cached=0.00 GiB free=0.42 GiB reserve=1.59 GiB total=31.86 GiB)
ds4: ROCm q8 fp16 cache budget exhausted; using q8 kernels (request=64.00 MiB cached=0.00 GiB free=0.42 GiB reserve=1.59 GiB total=31.86 GiB)
ds4: ROCm q8 fp16 cache budget exhausted; using q8 kernels (request=64.00 MiB cached=0.00 GiB free=0.42 GiB reserve=1.59 GiB total=31.86 GiB)
case_072 cases=73 prompt=17 target=24 avg_nll=0.268305 lcp=0 api_target_mae=0.268305 api_top_coverage=97/120 api_top1=0.917 api_topn=0.289 api_pair=0.959
ds4: ROCm q8 fp16 cache budget exhausted; using q8 kernels (request=64.00 MiB cached=0.00 GiB free=0.42 GiB reserve=1.59 GiB total=31.86 GiB)
ds4: ROCm q8 fp16 cache budget exhausted; using q8 kernels (request=64.00 MiB cached=0.00 GiB free=0.42 GiB reserve=1.59 GiB total=31.86 GiB)
ds4: ROCm q8 fp16 cache budget exhausted; using q8 kernels (request=64.00 MiB cached=0.00 GiB free=0.42 GiB reserve=1.59 GiB total=31.86 GiB)
ds4: ROCm q8 fp16 cache budget exhausted; using q8 kernels (request=64.00 MiB cached=0.00 GiB free=0.42 GiB reserve=1.59 GiB total=31.86 GiB)
ds4: ROCm q8 fp16 cache budget exhausted; using q8 kernels (request=64.00 MiB cached=0.00 GiB free=0.42 GiB reserve=1.59 GiB total=31.86 GiB)
ds4: ROCm q8 fp16 cache budget exhausted; using q8 kernels (request=64.00 MiB cached=0.00 GiB free=0.42 GiB reserve=1.59 GiB total=31.86 GiB)
ds4: ROCm q8 fp16 cache budget exhausted; using q8 kernels (request=64.00 MiB cached=0.00 GiB free=0.42 GiB reserve=1.59 GiB total=31.86 GiB)
ds4: ROCm q8 fp16 cache budget exhausted; using q8 kernels (request=64.00 MiB cached=0.00 GiB free=0.42 GiB reserve=1.59 GiB total=31.86 GiB)
ds4: ROCm q8 fp16 cache budget exhausted; using q8 kernels (request=64.00 MiB cached=0.00 GiB free=0.42 GiB reserve=1.59 GiB total=31.86 GiB)
ds4: ROCm q8 fp16 cache budget exhausted; using q8 kernels (request=64.00 MiB cached=0.00 GiB free=0.42 GiB reserve=1.59 GiB total=31.86 GiB)
ds4: ROCm q8 fp16 cache budget exhausted; using q8 kernels (request=64.00 MiB cached=0.00 GiB free=0.42 GiB reserve=1.59 GiB total=31.86 GiB)
ds4: ROCm q8 fp16 cache budget exhausted; using q8 kernels (request=64.00 MiB cached=0.00 GiB free=0.42 GiB reserve=1.59 GiB total=31.86 GiB)
ds4: ROCm q8 fp16 cache budget exhausted; using q8 kernels (request=64.00 MiB cached=0.00 GiB free=0.42 GiB reserve=1.59 GiB total=31.86 GiB)
ds4: ROCm q8 fp16 cache budget exhausted; using q8 kernels (request=64.00 MiB cached=0.00 GiB free=0.42 GiB reserve=1.59 GiB total=31.86 GiB)
ds4: ROCm q8 fp16 cache budget exhausted; using q8 kernels (request=64.00 MiB cached=0.00 GiB free=0.42 GiB reserve=1.59 GiB total=31.86 GiB)
ds4: ROCm q8 fp16 cache budget exhausted; using q8 kernels (request=64.00 MiB cached=0.00 GiB free=0.42 GiB reserve=1.59 GiB total=31.86 GiB)
ds4: ROCm q8 fp16 cache budget exhausted; using q8 kernels (request=64.00 MiB cached=0.00 GiB free=0.42 GiB reserve=1.59 GiB total=31.86 GiB)
ds4: ROCm q8 fp16 cache budget exhausted; using q8 kernels (request=64.00 MiB cached=0.00 GiB free=0.42 GiB reserve=1.59 GiB total=31.86 GiB)
ds4: ROCm q8 fp16 cache budget exhausted; using q8 kernels (request=64.00 MiB cached=0.00 GiB free=0.42 GiB reserve=1.59 GiB total=31.86 GiB)
ds4: ROCm q8 fp16 cache budget exhausted; using q8 kernels (request=64.00 MiB cached=0.00 GiB free=0.42 GiB reserve=1.59 GiB total=31.86 GiB)
ds4: ROCm q8 fp16 cache budget exhausted; using q8 kernels (request=64.00 MiB cached=0.00 GiB free=0.42 GiB reserve=1.59 GiB total=31.86 GiB)
ds4: ROCm q8 fp16 cache budget exhausted; using q8 kernels (request=64.00 MiB cached=0.00 GiB free=0.42 GiB reserve=1.59 GiB total=31.86 GiB)
ds4: ROCm q8 fp16 cache budget exhausted; using q8 kernels (request=64.00 MiB cached=0.00 GiB free=0.42 GiB reserve=1.59 GiB total=31.86 GiB)
ds4: ROCm q8 fp16 cache budget exhausted; using q8 kernels (request=64.00 MiB cached=0.00 GiB free=0.42 GiB reserve=1.59 GiB total=31.86 GiB)
ds4: ROCm q8 fp16 cache budget exhausted; using q8 kernels (request=64.00 MiB cached=0.00 GiB free=0.42 GiB reserve=1.59 GiB total=31.86 GiB)
ds4: ROCm q8 fp16 cache budget exhausted; using q8 kernels (request=64.00 MiB cached=0.00 GiB free=0.42 GiB reserve=1.59 GiB total=31.86 GiB)
ds4: ROCm q8 fp16 cache budget exhausted; using q8 kernels (request=64.00 MiB cached=0.00 GiB free=0.42 GiB reserve=1.59 GiB total=31.86 GiB)
ds4: ROCm q8 fp16 cache budget exhausted; using q8 kernels (request=64.00 MiB cached=0.00 GiB free=0.42 GiB reserve=1.59 GiB total=31.86 GiB)
ds4: ROCm q8 fp16 cache budget exhausted; using q8 kernels (request=64.00 MiB cached=0.00 GiB free=0.42 GiB reserve=1.59 GiB total=31.86 GiB)
ds4: ROCm q8 fp16 cache budget exhausted; using q8 kernels (request=64.00 MiB cached=0.00 GiB free=0.42 GiB reserve=1.59 GiB total=31.86 GiB)
ds4: ROCm q8 fp16 cache budget exhausted; using q8 kernels (request=64.00 MiB cached=0.00 GiB free=0.42 GiB reserve=1.59 GiB total=31.86 GiB)
ds4: ROCm q8 fp16 cache budget exhausted; using q8 kernels (request=64.00 MiB cached=0.00 GiB free=0.42 GiB reserve=1.59 GiB total=31.86 GiB)
ds4: ROCm q8 fp16 cache budget exhausted; using q8 kernels (request=64.00 MiB cached=0.00 GiB free=0.42 GiB reserve=1.59 GiB total=31.86 GiB)
ds4: ROCm q8 fp16 cache budget exhausted; using q8 kernels (request=64.00 MiB cached=0.00 GiB free=0.42 GiB reserve=1.59 GiB total=31.86 GiB)
ds4: ROCm q8 fp16 cache budget exhausted; using q8 kernels (request=64.00 MiB cached=0.00 GiB free=0.42 GiB reserve=1.59 GiB total=31.86 GiB)
ds4: ROCm q8 fp16 cache budget exhausted; using q8 kernels (request=64.00 MiB cached=0.00 GiB free=0.42 GiB reserve=1.59 GiB total=31.86 GiB)
ds4: ROCm q8 fp16 cache budget exhausted; using q8 kernels (request=64.00 MiB cached=0.00 GiB free=0.42 GiB reserve=1.59 GiB total=31.86 GiB)
ds4: ROCm q8 fp16 cache budget exhausted; using q8 kernels (request=64.00 MiB cached=0.00 GiB free=0.42 GiB reserve=1.59 GiB total=31.86 GiB)
ds4: ROCm q8 fp16 cache budget exhausted; using q8 kernels (request=64.00 MiB cached=0.00 GiB free=0.42 GiB reserve=1.59 GiB total=31.86 GiB)
ds4: ROCm q8 fp16 cache budget exhausted; using q8 kernels (request=64.00 MiB cached=0.00 GiB free=0.42 GiB reserve=1.59 GiB total=31.86 GiB)
ds4: ROCm q8 fp16 cache budget exhausted; using q8 kernels (request=64.00 MiB cached=0.00 GiB free=0.42 GiB reserve=1.59 GiB total=31.86 GiB)
ds4: ROCm q8 fp16 cache budget exhausted; using q8 kernels (request=64.00 MiB cached=0.00 GiB free=0.42 GiB reserve=1.59 GiB total=31.86 GiB)
ds4: ROCm q8 fp16 cache budget exhausted; using q8 kernels (request=64.00 MiB cached=0.00 GiB free=0.42 GiB reserve=1.59 GiB total=31.86 GiB)
case_073 cases=74 prompt=15 target=24 avg_nll=0.252547 lcp=6 api_target_mae=0.252547 api_top_coverage=97/120 api_top1=0.917 api_topn=0.278 api_pair=1.000
ds4: ROCm q8 fp16 cache budget exhausted; using q8 kernels (request=64.00 MiB cached=0.00 GiB free=0.42 GiB reserve=1.59 GiB total=31.86 GiB)
ds4: ROCm q8 fp16 cache budget exhausted; using q8 kernels (request=64.00 MiB cached=0.00 GiB free=0.42 GiB reserve=1.59 GiB total=31.86 GiB)
ds4: ROCm q8 fp16 cache budget exhausted; using q8 kernels (request=64.00 MiB cached=0.00 GiB free=0.42 GiB reserve=1.59 GiB total=31.86 GiB)
ds4: ROCm q8 fp16 cache budget exhausted; using q8 kernels (request=64.00 MiB cached=0.00 GiB free=0.42 GiB reserve=1.59 GiB total=31.86 GiB)
ds4: ROCm q8 fp16 cache budget exhausted; using q8 kernels (request=64.00 MiB cached=0.00 GiB free=0.42 GiB reserve=1.59 GiB total=31.86 GiB)
ds4: ROCm q8 fp16 cache budget exhausted; using q8 kernels (request=64.00 MiB cached=0.00 GiB free=0.42 GiB reserve=1.59 GiB total=31.86 GiB)
ds4: ROCm q8 fp16 cache budget exhausted; using q8 kernels (request=64.00 MiB cached=0.00 GiB free=0.42 GiB reserve=1.59 GiB total=31.86 GiB)
ds4: ROCm q8 fp16 cache budget exhausted; using q8 kernels (request=64.00 MiB cached=0.00 GiB free=0.42 GiB reserve=1.59 GiB total=31.86 GiB)
ds4: ROCm q8 fp16 cache budget exhausted; using q8 kernels (request=64.00 MiB cached=0.00 GiB free=0.42 GiB reserve=1.59 GiB total=31.86 GiB)
ds4: ROCm q8 fp16 cache budget exhausted; using q8 kernels (request=64.00 MiB cached=0.00 GiB free=0.42 GiB reserve=1.59 GiB total=31.86 GiB)
ds4: ROCm q8 fp16 cache budget exhausted; using q8 kernels (request=64.00 MiB cached=0.00 GiB free=0.42 GiB reserve=1.59 GiB total=31.86 GiB)
ds4: ROCm q8 fp16 cache budget exhausted; using q8 kernels (request=64.00 MiB cached=0.00 GiB free=0.42 GiB reserve=1.59 GiB total=31.86 GiB)
ds4: ROCm q8 fp16 cache budget exhausted; using q8 kernels (request=64.00 MiB cached=0.00 GiB free=0.42 GiB reserve=1.59 GiB total=31.86 GiB)
ds4: ROCm q8 fp16 cache budget exhausted; using q8 kernels (request=64.00 MiB cached=0.00 GiB free=0.42 GiB reserve=1.59 GiB total=31.86 GiB)
ds4: ROCm q8 fp16 cache budget exhausted; using q8 kernels (request=64.00 MiB cached=0.00 GiB free=0.42 GiB reserve=1.59 GiB total=31.86 GiB)
ds4: ROCm q8 fp16 cache budget exhausted; using q8 kernels (request=64.00 MiB cached=0.00 GiB free=0.42 GiB reserve=1.59 GiB total=31.86 GiB)
ds4: ROCm q8 fp16 cache budget exhausted; using q8 kernels (request=64.00 MiB cached=0.00 GiB free=0.42 GiB reserve=1.59 GiB total=31.86 GiB)
ds4: ROCm q8 fp16 cache budget exhausted; using q8 kernels (request=64.00 MiB cached=0.00 GiB free=0.42 GiB reserve=1.59 GiB total=31.86 GiB)
ds4: ROCm q8 fp16 cache budget exhausted; using q8 kernels (request=64.00 MiB cached=0.00 GiB free=0.42 GiB reserve=1.59 GiB total=31.86 GiB)
ds4: ROCm q8 fp16 cache budget exhausted; using q8 kernels (request=64.00 MiB cached=0.00 GiB free=0.42 GiB reserve=1.59 GiB total=31.86 GiB)
ds4: ROCm q8 fp16 cache budget exhausted; using q8 kernels (request=64.00 MiB cached=0.00 GiB free=0.42 GiB reserve=1.59 GiB total=31.86 GiB)
ds4: ROCm q8 fp16 cache budget exhausted; using q8 kernels (request=64.00 MiB cached=0.00 GiB free=0.42 GiB reserve=1.59 GiB total=31.86 GiB)
ds4: ROCm q8 fp16 cache budget exhausted; using q8 kernels (request=64.00 MiB cached=0.00 GiB free=0.42 GiB reserve=1.59 GiB total=31.86 GiB)
ds4: ROCm q8 fp16 cache budget exhausted; using q8 kernels (request=64.00 MiB cached=0.00 GiB free=0.42 GiB reserve=1.59 GiB total=31.86 GiB)
ds4: ROCm q8 fp16 cache budget exhausted; using q8 kernels (request=64.00 MiB cached=0.00 GiB free=0.42 GiB reserve=1.59 GiB total=31.86 GiB)
ds4: ROCm q8 fp16 cache budget exhausted; using q8 kernels (request=64.00 MiB cached=0.00 GiB free=0.42 GiB reserve=1.59 GiB total=31.86 GiB)
ds4: ROCm q8 fp16 cache budget exhausted; using q8 kernels (request=64.00 MiB cached=0.00 GiB free=0.42 GiB reserve=1.59 GiB total=31.86 GiB)
ds4: ROCm q8 fp16 cache budget exhausted; using q8 kernels (request=64.00 MiB cached=0.00 GiB free=0.42 GiB reserve=1.59 GiB total=31.86 GiB)
ds4: ROCm q8 fp16 cache budget exhausted; using q8 kernels (request=64.00 MiB cached=0.00 GiB free=0.42 GiB reserve=1.59 GiB total=31.86 GiB)
ds4: ROCm q8 fp16 cache budget exhausted; using q8 kernels (request=64.00 MiB cached=0.00 GiB free=0.42 GiB reserve=1.59 GiB total=31.86 GiB)
ds4: ROCm q8 fp16 cache budget exhausted; using q8 kernels (request=64.00 MiB cached=0.00 GiB free=0.42 GiB reserve=1.59 GiB total=31.86 GiB)
ds4: ROCm q8 fp16 cache budget exhausted; using q8 kernels (request=64.00 MiB cached=0.00 GiB free=0.42 GiB reserve=1.59 GiB total=31.86 GiB)
ds4: ROCm q8 fp16 cache budget exhausted; using q8 kernels (request=64.00 MiB cached=0.00 GiB free=0.42 GiB reserve=1.59 GiB total=31.86 GiB)
ds4: ROCm q8 fp16 cache budget exhausted; using q8 kernels (request=64.00 MiB cached=0.00 GiB free=0.42 GiB reserve=1.59 GiB total=31.86 GiB)
ds4: ROCm q8 fp16 cache budget exhausted; using q8 kernels (request=64.00 MiB cached=0.00 GiB free=0.42 GiB reserve=1.59 GiB total=31.86 GiB)
ds4: ROCm q8 fp16 cache budget exhausted; using q8 kernels (request=64.00 MiB cached=0.00 GiB free=0.42 GiB reserve=1.59 GiB total=31.86 GiB)
ds4: ROCm q8 fp16 cache budget exhausted; using q8 kernels (request=64.00 MiB cached=0.00 GiB free=0.42 GiB reserve=1.59 GiB total=31.86 GiB)
ds4: ROCm q8 fp16 cache budget exhausted; using q8 kernels (request=64.00 MiB cached=0.00 GiB free=0.42 GiB reserve=1.59 GiB total=31.86 GiB)
ds4: ROCm q8 fp16 cache budget exhausted; using q8 kernels (request=64.00 MiB cached=0.00 GiB free=0.42 GiB reserve=1.59 GiB total=31.86 GiB)
ds4: ROCm q8 fp16 cache budget exhausted; using q8 kernels (request=64.00 MiB cached=0.00 GiB free=0.42 GiB reserve=1.59 GiB total=31.86 GiB)
ds4: ROCm q8 fp16 cache budget exhausted; using q8 kernels (request=64.00 MiB cached=0.00 GiB free=0.42 GiB reserve=1.59 GiB total=31.86 GiB)
ds4: ROCm q8 fp16 cache budget exhausted; using q8 kernels (request=64.00 MiB cached=0.00 GiB free=0.42 GiB reserve=1.59 GiB total=31.86 GiB)
ds4: ROCm q8 fp16 cache budget exhausted; using q8 kernels (request=64.00 MiB cached=0.00 GiB free=0.42 GiB reserve=1.59 GiB total=31.86 GiB)
case_074 cases=75 prompt=15 target=24 avg_nll=0.456407 lcp=0 api_target_mae=0.456407 api_top_coverage=96/120 api_top1=0.875 api_topn=0.260 api_pair=0.986
ds4: ROCm q8 fp16 cache budget exhausted; using q8 kernels (request=64.00 MiB cached=0.00 GiB free=0.42 GiB reserve=1.59 GiB total=31.86 GiB)
ds4: ROCm q8 fp16 cache budget exhausted; using q8 kernels (request=64.00 MiB cached=0.00 GiB free=0.42 GiB reserve=1.59 GiB total=31.86 GiB)
ds4: ROCm q8 fp16 cache budget exhausted; using q8 kernels (request=64.00 MiB cached=0.00 GiB free=0.42 GiB reserve=1.59 GiB total=31.86 GiB)
ds4: ROCm q8 fp16 cache budget exhausted; using q8 kernels (request=64.00 MiB cached=0.00 GiB free=0.42 GiB reserve=1.59 GiB total=31.86 GiB)
ds4: ROCm q8 fp16 cache budget exhausted; using q8 kernels (request=64.00 MiB cached=0.00 GiB free=0.42 GiB reserve=1.59 GiB total=31.86 GiB)
ds4: ROCm q8 fp16 cache budget exhausted; using q8 kernels (request=64.00 MiB cached=0.00 GiB free=0.42 GiB reserve=1.59 GiB total=31.86 GiB)
ds4: ROCm q8 fp16 cache budget exhausted; using q8 kernels (request=64.00 MiB cached=0.00 GiB free=0.42 GiB reserve=1.59 GiB total=31.86 GiB)
ds4: ROCm q8 fp16 cache budget exhausted; using q8 kernels (request=64.00 MiB cached=0.00 GiB free=0.42 GiB reserve=1.59 GiB total=31.86 GiB)
ds4: ROCm q8 fp16 cache budget exhausted; using q8 kernels (request=64.00 MiB cached=0.00 GiB free=0.42 GiB reserve=1.59 GiB total=31.86 GiB)
ds4: ROCm q8 fp16 cache budget exhausted; using q8 kernels (request=64.00 MiB cached=0.00 GiB free=0.42 GiB reserve=1.59 GiB total=31.86 GiB)
ds4: ROCm q8 fp16 cache budget exhausted; using q8 kernels (request=64.00 MiB cached=0.00 GiB free=0.42 GiB reserve=1.59 GiB total=31.86 GiB)
ds4: ROCm q8 fp16 cache budget exhausted; using q8 kernels (request=64.00 MiB cached=0.00 GiB free=0.42 GiB reserve=1.59 GiB total=31.86 GiB)
ds4: ROCm q8 fp16 cache budget exhausted; using q8 kernels (request=64.00 MiB cached=0.00 GiB free=0.42 GiB reserve=1.59 GiB total=31.86 GiB)
ds4: ROCm q8 fp16 cache budget exhausted; using q8 kernels (request=64.00 MiB cached=0.00 GiB free=0.42 GiB reserve=1.59 GiB total=31.86 GiB)
ds4: ROCm q8 fp16 cache budget exhausted; using q8 kernels (request=64.00 MiB cached=0.00 GiB free=0.42 GiB reserve=1.59 GiB total=31.86 GiB)
ds4: ROCm q8 fp16 cache budget exhausted; using q8 kernels (request=64.00 MiB cached=0.00 GiB free=0.42 GiB reserve=1.59 GiB total=31.86 GiB)
ds4: ROCm q8 fp16 cache budget exhausted; using q8 kernels (request=64.00 MiB cached=0.00 GiB free=0.42 GiB reserve=1.59 GiB total=31.86 GiB)
ds4: ROCm q8 fp16 cache budget exhausted; using q8 kernels (request=64.00 MiB cached=0.00 GiB free=0.42 GiB reserve=1.59 GiB total=31.86 GiB)
ds4: ROCm q8 fp16 cache budget exhausted; using q8 kernels (request=64.00 MiB cached=0.00 GiB free=0.42 GiB reserve=1.59 GiB total=31.86 GiB)
ds4: ROCm q8 fp16 cache budget exhausted; using q8 kernels (request=64.00 MiB cached=0.00 GiB free=0.42 GiB reserve=1.59 GiB total=31.86 GiB)
ds4: ROCm q8 fp16 cache budget exhausted; using q8 kernels (request=64.00 MiB cached=0.00 GiB free=0.42 GiB reserve=1.59 GiB total=31.86 GiB)
ds4: ROCm q8 fp16 cache budget exhausted; using q8 kernels (request=64.00 MiB cached=0.00 GiB free=0.42 GiB reserve=1.59 GiB total=31.86 GiB)
ds4: ROCm q8 fp16 cache budget exhausted; using q8 kernels (request=64.00 MiB cached=0.00 GiB free=0.42 GiB reserve=1.59 GiB total=31.86 GiB)
ds4: ROCm q8 fp16 cache budget exhausted; using q8 kernels (request=64.00 MiB cached=0.00 GiB free=0.42 GiB reserve=1.59 GiB total=31.86 GiB)
ds4: ROCm q8 fp16 cache budget exhausted; using q8 kernels (request=64.00 MiB cached=0.00 GiB free=0.42 GiB reserve=1.59 GiB total=31.86 GiB)
ds4: ROCm q8 fp16 cache budget exhausted; using q8 kernels (request=64.00 MiB cached=0.00 GiB free=0.42 GiB reserve=1.59 GiB total=31.86 GiB)
ds4: ROCm q8 fp16 cache budget exhausted; using q8 kernels (request=64.00 MiB cached=0.00 GiB free=0.42 GiB reserve=1.59 GiB total=31.86 GiB)
ds4: ROCm q8 fp16 cache budget exhausted; using q8 kernels (request=64.00 MiB cached=0.00 GiB free=0.42 GiB reserve=1.59 GiB total=31.86 GiB)
ds4: ROCm q8 fp16 cache budget exhausted; using q8 kernels (request=64.00 MiB cached=0.00 GiB free=0.42 GiB reserve=1.59 GiB total=31.86 GiB)
ds4: ROCm q8 fp16 cache budget exhausted; using q8 kernels (request=64.00 MiB cached=0.00 GiB free=0.42 GiB reserve=1.59 GiB total=31.86 GiB)
ds4: ROCm q8 fp16 cache budget exhausted; using q8 kernels (request=64.00 MiB cached=0.00 GiB free=0.42 GiB reserve=1.59 GiB total=31.86 GiB)
ds4: ROCm q8 fp16 cache budget exhausted; using q8 kernels (request=64.00 MiB cached=0.00 GiB free=0.42 GiB reserve=1.59 GiB total=31.86 GiB)
ds4: ROCm q8 fp16 cache budget exhausted; using q8 kernels (request=64.00 MiB cached=0.00 GiB free=0.42 GiB reserve=1.59 GiB total=31.86 GiB)
ds4: ROCm q8 fp16 cache budget exhausted; using q8 kernels (request=64.00 MiB cached=0.00 GiB free=0.42 GiB reserve=1.59 GiB total=31.86 GiB)
ds4: ROCm q8 fp16 cache budget exhausted; using q8 kernels (request=64.00 MiB cached=0.00 GiB free=0.42 GiB reserve=1.59 GiB total=31.86 GiB)
ds4: ROCm q8 fp16 cache budget exhausted; using q8 kernels (request=64.00 MiB cached=0.00 GiB free=0.42 GiB reserve=1.59 GiB total=31.86 GiB)
ds4: ROCm q8 fp16 cache budget exhausted; using q8 kernels (request=64.00 MiB cached=0.00 GiB free=0.42 GiB reserve=1.59 GiB total=31.86 GiB)
ds4: ROCm q8 fp16 cache budget exhausted; using q8 kernels (request=64.00 MiB cached=0.00 GiB free=0.42 GiB reserve=1.59 GiB total=31.86 GiB)
ds4: ROCm q8 fp16 cache budget exhausted; using q8 kernels (request=64.00 MiB cached=0.00 GiB free=0.42 GiB reserve=1.59 GiB total=31.86 GiB)
ds4: ROCm q8 fp16 cache budget exhausted; using q8 kernels (request=64.00 MiB cached=0.00 GiB free=0.42 GiB reserve=1.59 GiB total=31.86 GiB)
ds4: ROCm q8 fp16 cache budget exhausted; using q8 kernels (request=64.00 MiB cached=0.00 GiB free=0.42 GiB reserve=1.59 GiB total=31.86 GiB)
ds4: ROCm q8 fp16 cache budget exhausted; using q8 kernels (request=64.00 MiB cached=0.00 GiB free=0.42 GiB reserve=1.59 GiB total=31.86 GiB)
ds4: ROCm q8 fp16 cache budget exhausted; using q8 kernels (request=64.00 MiB cached=0.00 GiB free=0.42 GiB reserve=1.59 GiB total=31.86 GiB)
case_075 cases=76 prompt=16 target=24 avg_nll=0.140022 lcp=6 api_target_mae=0.140022 api_top_coverage=97/120 api_top1=0.917 api_topn=0.268 api_pair=1.000
ds4: ROCm q8 fp16 cache budget exhausted; using q8 kernels (request=64.00 MiB cached=0.00 GiB free=0.42 GiB reserve=1.59 GiB total=31.86 GiB)
ds4: ROCm q8 fp16 cache budget exhausted; using q8 kernels (request=64.00 MiB cached=0.00 GiB free=0.42 GiB reserve=1.59 GiB total=31.86 GiB)
ds4: ROCm q8 fp16 cache budget exhausted; using q8 kernels (request=64.00 MiB cached=0.00 GiB free=0.42 GiB reserve=1.59 GiB total=31.86 GiB)
ds4: ROCm q8 fp16 cache budget exhausted; using q8 kernels (request=64.00 MiB cached=0.00 GiB free=0.42 GiB reserve=1.59 GiB total=31.86 GiB)
ds4: ROCm q8 fp16 cache budget exhausted; using q8 kernels (request=64.00 MiB cached=0.00 GiB free=0.42 GiB reserve=1.59 GiB total=31.86 GiB)
ds4: ROCm q8 fp16 cache budget exhausted; using q8 kernels (request=64.00 MiB cached=0.00 GiB free=0.42 GiB reserve=1.59 GiB total=31.86 GiB)
ds4: ROCm q8 fp16 cache budget exhausted; using q8 kernels (request=64.00 MiB cached=0.00 GiB free=0.42 GiB reserve=1.59 GiB total=31.86 GiB)
ds4: ROCm q8 fp16 cache budget exhausted; using q8 kernels (request=64.00 MiB cached=0.00 GiB free=0.42 GiB reserve=1.59 GiB total=31.86 GiB)
ds4: ROCm q8 fp16 cache budget exhausted; using q8 kernels (request=64.00 MiB cached=0.00 GiB free=0.42 GiB reserve=1.59 GiB total=31.86 GiB)
ds4: ROCm q8 fp16 cache budget exhausted; using q8 kernels (request=64.00 MiB cached=0.00 GiB free=0.42 GiB reserve=1.59 GiB total=31.86 GiB)
ds4: ROCm q8 fp16 cache budget exhausted; using q8 kernels (request=64.00 MiB cached=0.00 GiB free=0.42 GiB reserve=1.59 GiB total=31.86 GiB)
ds4: ROCm q8 fp16 cache budget exhausted; using q8 kernels (request=64.00 MiB cached=0.00 GiB free=0.42 GiB reserve=1.59 GiB total=31.86 GiB)
ds4: ROCm q8 fp16 cache budget exhausted; using q8 kernels (request=64.00 MiB cached=0.00 GiB free=0.42 GiB reserve=1.59 GiB total=31.86 GiB)
ds4: ROCm q8 fp16 cache budget exhausted; using q8 kernels (request=64.00 MiB cached=0.00 GiB free=0.42 GiB reserve=1.59 GiB total=31.86 GiB)
ds4: ROCm q8 fp16 cache budget exhausted; using q8 kernels (request=64.00 MiB cached=0.00 GiB free=0.42 GiB reserve=1.59 GiB total=31.86 GiB)
ds4: ROCm q8 fp16 cache budget exhausted; using q8 kernels (request=64.00 MiB cached=0.00 GiB free=0.42 GiB reserve=1.59 GiB total=31.86 GiB)
ds4: ROCm q8 fp16 cache budget exhausted; using q8 kernels (request=64.00 MiB cached=0.00 GiB free=0.42 GiB reserve=1.59 GiB total=31.86 GiB)
ds4: ROCm q8 fp16 cache budget exhausted; using q8 kernels (request=64.00 MiB cached=0.00 GiB free=0.42 GiB reserve=1.59 GiB total=31.86 GiB)
ds4: ROCm q8 fp16 cache budget exhausted; using q8 kernels (request=64.00 MiB cached=0.00 GiB free=0.42 GiB reserve=1.59 GiB total=31.86 GiB)
ds4: ROCm q8 fp16 cache budget exhausted; using q8 kernels (request=64.00 MiB cached=0.00 GiB free=0.42 GiB reserve=1.59 GiB total=31.86 GiB)
ds4: ROCm q8 fp16 cache budget exhausted; using q8 kernels (request=64.00 MiB cached=0.00 GiB free=0.42 GiB reserve=1.59 GiB total=31.86 GiB)
ds4: ROCm q8 fp16 cache budget exhausted; using q8 kernels (request=64.00 MiB cached=0.00 GiB free=0.42 GiB reserve=1.59 GiB total=31.86 GiB)
ds4: ROCm q8 fp16 cache budget exhausted; using q8 kernels (request=64.00 MiB cached=0.00 GiB free=0.42 GiB reserve=1.59 GiB total=31.86 GiB)
ds4: ROCm q8 fp16 cache budget exhausted; using q8 kernels (request=64.00 MiB cached=0.00 GiB free=0.42 GiB reserve=1.59 GiB total=31.86 GiB)
ds4: ROCm q8 fp16 cache budget exhausted; using q8 kernels (request=64.00 MiB cached=0.00 GiB free=0.42 GiB reserve=1.59 GiB total=31.86 GiB)
ds4: ROCm q8 fp16 cache budget exhausted; using q8 kernels (request=64.00 MiB cached=0.00 GiB free=0.42 GiB reserve=1.59 GiB total=31.86 GiB)
ds4: ROCm q8 fp16 cache budget exhausted; using q8 kernels (request=64.00 MiB cached=0.00 GiB free=0.42 GiB reserve=1.59 GiB total=31.86 GiB)
ds4: ROCm q8 fp16 cache budget exhausted; using q8 kernels (request=64.00 MiB cached=0.00 GiB free=0.42 GiB reserve=1.59 GiB total=31.86 GiB)
ds4: ROCm q8 fp16 cache budget exhausted; using q8 kernels (request=64.00 MiB cached=0.00 GiB free=0.42 GiB reserve=1.59 GiB total=31.86 GiB)
ds4: ROCm q8 fp16 cache budget exhausted; using q8 kernels (request=64.00 MiB cached=0.00 GiB free=0.42 GiB reserve=1.59 GiB total=31.86 GiB)
ds4: ROCm q8 fp16 cache budget exhausted; using q8 kernels (request=64.00 MiB cached=0.00 GiB free=0.42 GiB reserve=1.59 GiB total=31.86 GiB)
ds4: ROCm q8 fp16 cache budget exhausted; using q8 kernels (request=64.00 MiB cached=0.00 GiB free=0.42 GiB reserve=1.59 GiB total=31.86 GiB)
ds4: ROCm q8 fp16 cache budget exhausted; using q8 kernels (request=64.00 MiB cached=0.00 GiB free=0.42 GiB reserve=1.59 GiB total=31.86 GiB)
ds4: ROCm q8 fp16 cache budget exhausted; using q8 kernels (request=64.00 MiB cached=0.00 GiB free=0.42 GiB reserve=1.59 GiB total=31.86 GiB)
ds4: ROCm q8 fp16 cache budget exhausted; using q8 kernels (request=64.00 MiB cached=0.00 GiB free=0.42 GiB reserve=1.59 GiB total=31.86 GiB)
ds4: ROCm q8 fp16 cache budget exhausted; using q8 kernels (request=64.00 MiB cached=0.00 GiB free=0.42 GiB reserve=1.59 GiB total=31.86 GiB)
ds4: ROCm q8 fp16 cache budget exhausted; using q8 kernels (request=64.00 MiB cached=0.00 GiB free=0.42 GiB reserve=1.59 GiB total=31.86 GiB)
ds4: ROCm q8 fp16 cache budget exhausted; using q8 kernels (request=64.00 MiB cached=0.00 GiB free=0.42 GiB reserve=1.59 GiB total=31.86 GiB)
ds4: ROCm q8 fp16 cache budget exhausted; using q8 kernels (request=64.00 MiB cached=0.00 GiB free=0.42 GiB reserve=1.59 GiB total=31.86 GiB)
ds4: ROCm q8 fp16 cache budget exhausted; using q8 kernels (request=64.00 MiB cached=0.00 GiB free=0.42 GiB reserve=1.59 GiB total=31.86 GiB)
ds4: ROCm q8 fp16 cache budget exhausted; using q8 kernels (request=64.00 MiB cached=0.00 GiB free=0.42 GiB reserve=1.59 GiB total=31.86 GiB)
ds4: ROCm q8 fp16 cache budget exhausted; using q8 kernels (request=64.00 MiB cached=0.00 GiB free=0.42 GiB reserve=1.59 GiB total=31.86 GiB)
ds4: ROCm q8 fp16 cache budget exhausted; using q8 kernels (request=64.00 MiB cached=0.00 GiB free=0.42 GiB reserve=1.59 GiB total=31.86 GiB)
case_076 cases=77 prompt=22 target=24 avg_nll=0.097237 lcp=11 api_target_mae=0.097237 api_top_coverage=97/120 api_top1=0.958 api_topn=0.289 api_pair=1.000
ds4: ROCm q8 fp16 cache budget exhausted; using q8 kernels (request=64.00 MiB cached=0.00 GiB free=0.42 GiB reserve=1.59 GiB total=31.86 GiB)
ds4: ROCm q8 fp16 cache budget exhausted; using q8 kernels (request=64.00 MiB cached=0.00 GiB free=0.42 GiB reserve=1.59 GiB total=31.86 GiB)
ds4: ROCm q8 fp16 cache budget exhausted; using q8 kernels (request=64.00 MiB cached=0.00 GiB free=0.42 GiB reserve=1.59 GiB total=31.86 GiB)
ds4: ROCm q8 fp16 cache budget exhausted; using q8 kernels (request=64.00 MiB cached=0.00 GiB free=0.42 GiB reserve=1.59 GiB total=31.86 GiB)
ds4: ROCm q8 fp16 cache budget exhausted; using q8 kernels (request=64.00 MiB cached=0.00 GiB free=0.42 GiB reserve=1.59 GiB total=31.86 GiB)
ds4: ROCm q8 fp16 cache budget exhausted; using q8 kernels (request=64.00 MiB cached=0.00 GiB free=0.42 GiB reserve=1.59 GiB total=31.86 GiB)
ds4: ROCm q8 fp16 cache budget exhausted; using q8 kernels (request=64.00 MiB cached=0.00 GiB free=0.42 GiB reserve=1.59 GiB total=31.86 GiB)
ds4: ROCm q8 fp16 cache budget exhausted; using q8 kernels (request=64.00 MiB cached=0.00 GiB free=0.42 GiB reserve=1.59 GiB total=31.86 GiB)
ds4: ROCm q8 fp16 cache budget exhausted; using q8 kernels (request=64.00 MiB cached=0.00 GiB free=0.42 GiB reserve=1.59 GiB total=31.86 GiB)
ds4: ROCm q8 fp16 cache budget exhausted; using q8 kernels (request=64.00 MiB cached=0.00 GiB free=0.42 GiB reserve=1.59 GiB total=31.86 GiB)
ds4: ROCm q8 fp16 cache budget exhausted; using q8 kernels (request=64.00 MiB cached=0.00 GiB free=0.42 GiB reserve=1.59 GiB total=31.86 GiB)
ds4: ROCm q8 fp16 cache budget exhausted; using q8 kernels (request=64.00 MiB cached=0.00 GiB free=0.42 GiB reserve=1.59 GiB total=31.86 GiB)
ds4: ROCm q8 fp16 cache budget exhausted; using q8 kernels (request=64.00 MiB cached=0.00 GiB free=0.42 GiB reserve=1.59 GiB total=31.86 GiB)
ds4: ROCm q8 fp16 cache budget exhausted; using q8 kernels (request=64.00 MiB cached=0.00 GiB free=0.42 GiB reserve=1.59 GiB total=31.86 GiB)
ds4: ROCm q8 fp16 cache budget exhausted; using q8 kernels (request=64.00 MiB cached=0.00 GiB free=0.42 GiB reserve=1.59 GiB total=31.86 GiB)
ds4: ROCm q8 fp16 cache budget exhausted; using q8 kernels (request=64.00 MiB cached=0.00 GiB free=0.42 GiB reserve=1.59 GiB total=31.86 GiB)
ds4: ROCm q8 fp16 cache budget exhausted; using q8 kernels (request=64.00 MiB cached=0.00 GiB free=0.42 GiB reserve=1.59 GiB total=31.86 GiB)
ds4: ROCm q8 fp16 cache budget exhausted; using q8 kernels (request=64.00 MiB cached=0.00 GiB free=0.42 GiB reserve=1.59 GiB total=31.86 GiB)
ds4: ROCm q8 fp16 cache budget exhausted; using q8 kernels (request=64.00 MiB cached=0.00 GiB free=0.42 GiB reserve=1.59 GiB total=31.86 GiB)
ds4: ROCm q8 fp16 cache budget exhausted; using q8 kernels (request=64.00 MiB cached=0.00 GiB free=0.42 GiB reserve=1.59 GiB total=31.86 GiB)
ds4: ROCm q8 fp16 cache budget exhausted; using q8 kernels (request=64.00 MiB cached=0.00 GiB free=0.42 GiB reserve=1.59 GiB total=31.86 GiB)
ds4: ROCm q8 fp16 cache budget exhausted; using q8 kernels (request=64.00 MiB cached=0.00 GiB free=0.42 GiB reserve=1.59 GiB total=31.86 GiB)
ds4: ROCm q8 fp16 cache budget exhausted; using q8 kernels (request=64.00 MiB cached=0.00 GiB free=0.42 GiB reserve=1.59 GiB total=31.86 GiB)
ds4: ROCm q8 fp16 cache budget exhausted; using q8 kernels (request=64.00 MiB cached=0.00 GiB free=0.42 GiB reserve=1.59 GiB total=31.86 GiB)
ds4: ROCm q8 fp16 cache budget exhausted; using q8 kernels (request=64.00 MiB cached=0.00 GiB free=0.42 GiB reserve=1.59 GiB total=31.86 GiB)
ds4: ROCm q8 fp16 cache budget exhausted; using q8 kernels (request=64.00 MiB cached=0.00 GiB free=0.42 GiB reserve=1.59 GiB total=31.86 GiB)
ds4: ROCm q8 fp16 cache budget exhausted; using q8 kernels (request=64.00 MiB cached=0.00 GiB free=0.42 GiB reserve=1.59 GiB total=31.86 GiB)
ds4: ROCm q8 fp16 cache budget exhausted; using q8 kernels (request=64.00 MiB cached=0.00 GiB free=0.42 GiB reserve=1.59 GiB total=31.86 GiB)
ds4: ROCm q8 fp16 cache budget exhausted; using q8 kernels (request=64.00 MiB cached=0.00 GiB free=0.42 GiB reserve=1.59 GiB total=31.86 GiB)
ds4: ROCm q8 fp16 cache budget exhausted; using q8 kernels (request=64.00 MiB cached=0.00 GiB free=0.42 GiB reserve=1.59 GiB total=31.86 GiB)
ds4: ROCm q8 fp16 cache budget exhausted; using q8 kernels (request=64.00 MiB cached=0.00 GiB free=0.42 GiB reserve=1.59 GiB total=31.86 GiB)
ds4: ROCm q8 fp16 cache budget exhausted; using q8 kernels (request=64.00 MiB cached=0.00 GiB free=0.42 GiB reserve=1.59 GiB total=31.86 GiB)
ds4: ROCm q8 fp16 cache budget exhausted; using q8 kernels (request=64.00 MiB cached=0.00 GiB free=0.42 GiB reserve=1.59 GiB total=31.86 GiB)
ds4: ROCm q8 fp16 cache budget exhausted; using q8 kernels (request=64.00 MiB cached=0.00 GiB free=0.42 GiB reserve=1.59 GiB total=31.86 GiB)
ds4: ROCm q8 fp16 cache budget exhausted; using q8 kernels (request=64.00 MiB cached=0.00 GiB free=0.42 GiB reserve=1.59 GiB total=31.86 GiB)
ds4: ROCm q8 fp16 cache budget exhausted; using q8 kernels (request=64.00 MiB cached=0.00 GiB free=0.42 GiB reserve=1.59 GiB total=31.86 GiB)
ds4: ROCm q8 fp16 cache budget exhausted; using q8 kernels (request=64.00 MiB cached=0.00 GiB free=0.42 GiB reserve=1.59 GiB total=31.86 GiB)
ds4: ROCm q8 fp16 cache budget exhausted; using q8 kernels (request=64.00 MiB cached=0.00 GiB free=0.42 GiB reserve=1.59 GiB total=31.86 GiB)
ds4: ROCm q8 fp16 cache budget exhausted; using q8 kernels (request=64.00 MiB cached=0.00 GiB free=0.42 GiB reserve=1.59 GiB total=31.86 GiB)
ds4: ROCm q8 fp16 cache budget exhausted; using q8 kernels (request=64.00 MiB cached=0.00 GiB free=0.42 GiB reserve=1.59 GiB total=31.86 GiB)
ds4: ROCm q8 fp16 cache budget exhausted; using q8 kernels (request=64.00 MiB cached=0.00 GiB free=0.42 GiB reserve=1.59 GiB total=31.86 GiB)
ds4: ROCm q8 fp16 cache budget exhausted; using q8 kernels (request=64.00 MiB cached=0.00 GiB free=0.42 GiB reserve=1.59 GiB total=31.86 GiB)
ds4: ROCm q8 fp16 cache budget exhausted; using q8 kernels (request=64.00 MiB cached=0.00 GiB free=0.42 GiB reserve=1.59 GiB total=31.86 GiB)
case_077 cases=78 prompt=24 target=24 avg_nll=0.171126 lcp=12 api_target_mae=0.171126 api_top_coverage=96/120 api_top1=0.958 api_topn=0.250 api_pair=1.000
ds4: ROCm q8 fp16 cache budget exhausted; using q8 kernels (request=64.00 MiB cached=0.00 GiB free=0.42 GiB reserve=1.59 GiB total=31.86 GiB)
ds4: ROCm q8 fp16 cache budget exhausted; using q8 kernels (request=64.00 MiB cached=0.00 GiB free=0.42 GiB reserve=1.59 GiB total=31.86 GiB)
ds4: ROCm q8 fp16 cache budget exhausted; using q8 kernels (request=64.00 MiB cached=0.00 GiB free=0.42 GiB reserve=1.59 GiB total=31.86 GiB)
ds4: ROCm q8 fp16 cache budget exhausted; using q8 kernels (request=64.00 MiB cached=0.00 GiB free=0.42 GiB reserve=1.59 GiB total=31.86 GiB)
ds4: ROCm q8 fp16 cache budget exhausted; using q8 kernels (request=64.00 MiB cached=0.00 GiB free=0.42 GiB reserve=1.59 GiB total=31.86 GiB)
ds4: ROCm q8 fp16 cache budget exhausted; using q8 kernels (request=64.00 MiB cached=0.00 GiB free=0.42 GiB reserve=1.59 GiB total=31.86 GiB)
ds4: ROCm q8 fp16 cache budget exhausted; using q8 kernels (request=64.00 MiB cached=0.00 GiB free=0.42 GiB reserve=1.59 GiB total=31.86 GiB)
ds4: ROCm q8 fp16 cache budget exhausted; using q8 kernels (request=64.00 MiB cached=0.00 GiB free=0.42 GiB reserve=1.59 GiB total=31.86 GiB)
ds4: ROCm q8 fp16 cache budget exhausted; using q8 kernels (request=64.00 MiB cached=0.00 GiB free=0.42 GiB reserve=1.59 GiB total=31.86 GiB)
ds4: ROCm q8 fp16 cache budget exhausted; using q8 kernels (request=64.00 MiB cached=0.00 GiB free=0.42 GiB reserve=1.59 GiB total=31.86 GiB)
ds4: ROCm q8 fp16 cache budget exhausted; using q8 kernels (request=64.00 MiB cached=0.00 GiB free=0.42 GiB reserve=1.59 GiB total=31.86 GiB)
ds4: ROCm q8 fp16 cache budget exhausted; using q8 kernels (request=64.00 MiB cached=0.00 GiB free=0.42 GiB reserve=1.59 GiB total=31.86 GiB)
ds4: ROCm q8 fp16 cache budget exhausted; using q8 kernels (request=64.00 MiB cached=0.00 GiB free=0.42 GiB reserve=1.59 GiB total=31.86 GiB)
ds4: ROCm q8 fp16 cache budget exhausted; using q8 kernels (request=64.00 MiB cached=0.00 GiB free=0.42 GiB reserve=1.59 GiB total=31.86 GiB)
ds4: ROCm q8 fp16 cache budget exhausted; using q8 kernels (request=64.00 MiB cached=0.00 GiB free=0.42 GiB reserve=1.59 GiB total=31.86 GiB)
ds4: ROCm q8 fp16 cache budget exhausted; using q8 kernels (request=64.00 MiB cached=0.00 GiB free=0.42 GiB reserve=1.59 GiB total=31.86 GiB)
ds4: ROCm q8 fp16 cache budget exhausted; using q8 kernels (request=64.00 MiB cached=0.00 GiB free=0.42 GiB reserve=1.59 GiB total=31.86 GiB)
ds4: ROCm q8 fp16 cache budget exhausted; using q8 kernels (request=64.00 MiB cached=0.00 GiB free=0.42 GiB reserve=1.59 GiB total=31.86 GiB)
ds4: ROCm q8 fp16 cache budget exhausted; using q8 kernels (request=64.00 MiB cached=0.00 GiB free=0.42 GiB reserve=1.59 GiB total=31.86 GiB)
ds4: ROCm q8 fp16 cache budget exhausted; using q8 kernels (request=64.00 MiB cached=0.00 GiB free=0.42 GiB reserve=1.59 GiB total=31.86 GiB)
ds4: ROCm q8 fp16 cache budget exhausted; using q8 kernels (request=64.00 MiB cached=0.00 GiB free=0.42 GiB reserve=1.59 GiB total=31.86 GiB)
ds4: ROCm q8 fp16 cache budget exhausted; using q8 kernels (request=64.00 MiB cached=0.00 GiB free=0.42 GiB reserve=1.59 GiB total=31.86 GiB)
ds4: ROCm q8 fp16 cache budget exhausted; using q8 kernels (request=64.00 MiB cached=0.00 GiB free=0.42 GiB reserve=1.59 GiB total=31.86 GiB)
ds4: ROCm q8 fp16 cache budget exhausted; using q8 kernels (request=64.00 MiB cached=0.00 GiB free=0.42 GiB reserve=1.59 GiB total=31.86 GiB)
ds4: ROCm q8 fp16 cache budget exhausted; using q8 kernels (request=64.00 MiB cached=0.00 GiB free=0.42 GiB reserve=1.59 GiB total=31.86 GiB)
ds4: ROCm q8 fp16 cache budget exhausted; using q8 kernels (request=64.00 MiB cached=0.00 GiB free=0.42 GiB reserve=1.59 GiB total=31.86 GiB)
ds4: ROCm q8 fp16 cache budget exhausted; using q8 kernels (request=64.00 MiB cached=0.00 GiB free=0.42 GiB reserve=1.59 GiB total=31.86 GiB)
ds4: ROCm q8 fp16 cache budget exhausted; using q8 kernels (request=64.00 MiB cached=0.00 GiB free=0.42 GiB reserve=1.59 GiB total=31.86 GiB)
ds4: ROCm q8 fp16 cache budget exhausted; using q8 kernels (request=64.00 MiB cached=0.00 GiB free=0.42 GiB reserve=1.59 GiB total=31.86 GiB)
ds4: ROCm q8 fp16 cache budget exhausted; using q8 kernels (request=64.00 MiB cached=0.00 GiB free=0.42 GiB reserve=1.59 GiB total=31.86 GiB)
ds4: ROCm q8 fp16 cache budget exhausted; using q8 kernels (request=64.00 MiB cached=0.00 GiB free=0.42 GiB reserve=1.59 GiB total=31.86 GiB)
ds4: ROCm q8 fp16 cache budget exhausted; using q8 kernels (request=64.00 MiB cached=0.00 GiB free=0.42 GiB reserve=1.59 GiB total=31.86 GiB)
ds4: ROCm q8 fp16 cache budget exhausted; using q8 kernels (request=64.00 MiB cached=0.00 GiB free=0.42 GiB reserve=1.59 GiB total=31.86 GiB)
ds4: ROCm q8 fp16 cache budget exhausted; using q8 kernels (request=64.00 MiB cached=0.00 GiB free=0.42 GiB reserve=1.59 GiB total=31.86 GiB)
ds4: ROCm q8 fp16 cache budget exhausted; using q8 kernels (request=64.00 MiB cached=0.00 GiB free=0.42 GiB reserve=1.59 GiB total=31.86 GiB)
ds4: ROCm q8 fp16 cache budget exhausted; using q8 kernels (request=64.00 MiB cached=0.00 GiB free=0.42 GiB reserve=1.59 GiB total=31.86 GiB)
ds4: ROCm q8 fp16 cache budget exhausted; using q8 kernels (request=64.00 MiB cached=0.00 GiB free=0.42 GiB reserve=1.59 GiB total=31.86 GiB)
ds4: ROCm q8 fp16 cache budget exhausted; using q8 kernels (request=64.00 MiB cached=0.00 GiB free=0.42 GiB reserve=1.59 GiB total=31.86 GiB)
ds4: ROCm q8 fp16 cache budget exhausted; using q8 kernels (request=64.00 MiB cached=0.00 GiB free=0.42 GiB reserve=1.59 GiB total=31.86 GiB)
ds4: ROCm q8 fp16 cache budget exhausted; using q8 kernels (request=64.00 MiB cached=0.00 GiB free=0.42 GiB reserve=1.59 GiB total=31.86 GiB)
ds4: ROCm q8 fp16 cache budget exhausted; using q8 kernels (request=64.00 MiB cached=0.00 GiB free=0.42 GiB reserve=1.59 GiB total=31.86 GiB)
ds4: ROCm q8 fp16 cache budget exhausted; using q8 kernels (request=64.00 MiB cached=0.00 GiB free=0.42 GiB reserve=1.59 GiB total=31.86 GiB)
ds4: ROCm q8 fp16 cache budget exhausted; using q8 kernels (request=64.00 MiB cached=0.00 GiB free=0.42 GiB reserve=1.59 GiB total=31.86 GiB)
case_078 cases=79 prompt=28 target=24 avg_nll=0.704893 lcp=0 api_target_mae=0.704893 api_top_coverage=97/120 api_top1=0.833 api_topn=0.289 api_pair=0.973
ds4: ROCm q8 fp16 cache budget exhausted; using q8 kernels (request=64.00 MiB cached=0.00 GiB free=0.42 GiB reserve=1.59 GiB total=31.86 GiB)
ds4: ROCm q8 fp16 cache budget exhausted; using q8 kernels (request=64.00 MiB cached=0.00 GiB free=0.42 GiB reserve=1.59 GiB total=31.86 GiB)
ds4: ROCm q8 fp16 cache budget exhausted; using q8 kernels (request=64.00 MiB cached=0.00 GiB free=0.42 GiB reserve=1.59 GiB total=31.86 GiB)
ds4: ROCm q8 fp16 cache budget exhausted; using q8 kernels (request=64.00 MiB cached=0.00 GiB free=0.42 GiB reserve=1.59 GiB total=31.86 GiB)
ds4: ROCm q8 fp16 cache budget exhausted; using q8 kernels (request=64.00 MiB cached=0.00 GiB free=0.42 GiB reserve=1.59 GiB total=31.86 GiB)
ds4: ROCm q8 fp16 cache budget exhausted; using q8 kernels (request=64.00 MiB cached=0.00 GiB free=0.42 GiB reserve=1.59 GiB total=31.86 GiB)
ds4: ROCm q8 fp16 cache budget exhausted; using q8 kernels (request=64.00 MiB cached=0.00 GiB free=0.42 GiB reserve=1.59 GiB total=31.86 GiB)
ds4: ROCm q8 fp16 cache budget exhausted; using q8 kernels (request=64.00 MiB cached=0.00 GiB free=0.42 GiB reserve=1.59 GiB total=31.86 GiB)
ds4: ROCm q8 fp16 cache budget exhausted; using q8 kernels (request=64.00 MiB cached=0.00 GiB free=0.42 GiB reserve=1.59 GiB total=31.86 GiB)
ds4: ROCm q8 fp16 cache budget exhausted; using q8 kernels (request=64.00 MiB cached=0.00 GiB free=0.42 GiB reserve=1.59 GiB total=31.86 GiB)
ds4: ROCm q8 fp16 cache budget exhausted; using q8 kernels (request=64.00 MiB cached=0.00 GiB free=0.42 GiB reserve=1.59 GiB total=31.86 GiB)
ds4: ROCm q8 fp16 cache budget exhausted; using q8 kernels (request=64.00 MiB cached=0.00 GiB free=0.42 GiB reserve=1.59 GiB total=31.86 GiB)
ds4: ROCm q8 fp16 cache budget exhausted; using q8 kernels (request=64.00 MiB cached=0.00 GiB free=0.42 GiB reserve=1.59 GiB total=31.86 GiB)
ds4: ROCm q8 fp16 cache budget exhausted; using q8 kernels (request=64.00 MiB cached=0.00 GiB free=0.42 GiB reserve=1.59 GiB total=31.86 GiB)
ds4: ROCm q8 fp16 cache budget exhausted; using q8 kernels (request=64.00 MiB cached=0.00 GiB free=0.42 GiB reserve=1.59 GiB total=31.86 GiB)
ds4: ROCm q8 fp16 cache budget exhausted; using q8 kernels (request=64.00 MiB cached=0.00 GiB free=0.42 GiB reserve=1.59 GiB total=31.86 GiB)
ds4: ROCm q8 fp16 cache budget exhausted; using q8 kernels (request=64.00 MiB cached=0.00 GiB free=0.42 GiB reserve=1.59 GiB total=31.86 GiB)
ds4: ROCm q8 fp16 cache budget exhausted; using q8 kernels (request=64.00 MiB cached=0.00 GiB free=0.42 GiB reserve=1.59 GiB total=31.86 GiB)
ds4: ROCm q8 fp16 cache budget exhausted; using q8 kernels (request=64.00 MiB cached=0.00 GiB free=0.42 GiB reserve=1.59 GiB total=31.86 GiB)
ds4: ROCm q8 fp16 cache budget exhausted; using q8 kernels (request=64.00 MiB cached=0.00 GiB free=0.42 GiB reserve=1.59 GiB total=31.86 GiB)
ds4: ROCm q8 fp16 cache budget exhausted; using q8 kernels (request=64.00 MiB cached=0.00 GiB free=0.42 GiB reserve=1.59 GiB total=31.86 GiB)
ds4: ROCm q8 fp16 cache budget exhausted; using q8 kernels (request=64.00 MiB cached=0.00 GiB free=0.42 GiB reserve=1.59 GiB total=31.86 GiB)
ds4: ROCm q8 fp16 cache budget exhausted; using q8 kernels (request=64.00 MiB cached=0.00 GiB free=0.42 GiB reserve=1.59 GiB total=31.86 GiB)
ds4: ROCm q8 fp16 cache budget exhausted; using q8 kernels (request=64.00 MiB cached=0.00 GiB free=0.42 GiB reserve=1.59 GiB total=31.86 GiB)
ds4: ROCm q8 fp16 cache budget exhausted; using q8 kernels (request=64.00 MiB cached=0.00 GiB free=0.42 GiB reserve=1.59 GiB total=31.86 GiB)
ds4: ROCm q8 fp16 cache budget exhausted; using q8 kernels (request=64.00 MiB cached=0.00 GiB free=0.42 GiB reserve=1.59 GiB total=31.86 GiB)
ds4: ROCm q8 fp16 cache budget exhausted; using q8 kernels (request=64.00 MiB cached=0.00 GiB free=0.42 GiB reserve=1.59 GiB total=31.86 GiB)
ds4: ROCm q8 fp16 cache budget exhausted; using q8 kernels (request=64.00 MiB cached=0.00 GiB free=0.42 GiB reserve=1.59 GiB total=31.86 GiB)
ds4: ROCm q8 fp16 cache budget exhausted; using q8 kernels (request=64.00 MiB cached=0.00 GiB free=0.42 GiB reserve=1.59 GiB total=31.86 GiB)
ds4: ROCm q8 fp16 cache budget exhausted; using q8 kernels (request=64.00 MiB cached=0.00 GiB free=0.42 GiB reserve=1.59 GiB total=31.86 GiB)
ds4: ROCm q8 fp16 cache budget exhausted; using q8 kernels (request=64.00 MiB cached=0.00 GiB free=0.42 GiB reserve=1.59 GiB total=31.86 GiB)
ds4: ROCm q8 fp16 cache budget exhausted; using q8 kernels (request=64.00 MiB cached=0.00 GiB free=0.42 GiB reserve=1.59 GiB total=31.86 GiB)
ds4: ROCm q8 fp16 cache budget exhausted; using q8 kernels (request=64.00 MiB cached=0.00 GiB free=0.42 GiB reserve=1.59 GiB total=31.86 GiB)
ds4: ROCm q8 fp16 cache budget exhausted; using q8 kernels (request=64.00 MiB cached=0.00 GiB free=0.42 GiB reserve=1.59 GiB total=31.86 GiB)
ds4: ROCm q8 fp16 cache budget exhausted; using q8 kernels (request=64.00 MiB cached=0.00 GiB free=0.42 GiB reserve=1.59 GiB total=31.86 GiB)
ds4: ROCm q8 fp16 cache budget exhausted; using q8 kernels (request=64.00 MiB cached=0.00 GiB free=0.42 GiB reserve=1.59 GiB total=31.86 GiB)
ds4: ROCm q8 fp16 cache budget exhausted; using q8 kernels (request=64.00 MiB cached=0.00 GiB free=0.42 GiB reserve=1.59 GiB total=31.86 GiB)
ds4: ROCm q8 fp16 cache budget exhausted; using q8 kernels (request=64.00 MiB cached=0.00 GiB free=0.42 GiB reserve=1.59 GiB total=31.86 GiB)
ds4: ROCm q8 fp16 cache budget exhausted; using q8 kernels (request=64.00 MiB cached=0.00 GiB free=0.42 GiB reserve=1.59 GiB total=31.86 GiB)
ds4: ROCm q8 fp16 cache budget exhausted; using q8 kernels (request=64.00 MiB cached=0.00 GiB free=0.42 GiB reserve=1.59 GiB total=31.86 GiB)
ds4: ROCm q8 fp16 cache budget exhausted; using q8 kernels (request=64.00 MiB cached=0.00 GiB free=0.42 GiB reserve=1.59 GiB total=31.86 GiB)
ds4: ROCm q8 fp16 cache budget exhausted; using q8 kernels (request=64.00 MiB cached=0.00 GiB free=0.42 GiB reserve=1.59 GiB total=31.86 GiB)
ds4: ROCm q8 fp16 cache budget exhausted; using q8 kernels (request=64.00 MiB cached=0.00 GiB free=0.42 GiB reserve=1.59 GiB total=31.86 GiB)
case_079 cases=80 prompt=20 target=24 avg_nll=0.462979 lcp=4 api_target_mae=0.462979 api_top_coverage=99/120 api_top1=0.875 api_topn=0.263 api_pair=1.000
ds4: ROCm q8 fp16 cache budget exhausted; using q8 kernels (request=64.00 MiB cached=0.00 GiB free=0.42 GiB reserve=1.59 GiB total=31.86 GiB)
ds4: ROCm q8 fp16 cache budget exhausted; using q8 kernels (request=64.00 MiB cached=0.00 GiB free=0.42 GiB reserve=1.59 GiB total=31.86 GiB)
ds4: ROCm q8 fp16 cache budget exhausted; using q8 kernels (request=64.00 MiB cached=0.00 GiB free=0.42 GiB reserve=1.59 GiB total=31.86 GiB)
ds4: ROCm q8 fp16 cache budget exhausted; using q8 kernels (request=64.00 MiB cached=0.00 GiB free=0.42 GiB reserve=1.59 GiB total=31.86 GiB)
ds4: ROCm q8 fp16 cache budget exhausted; using q8 kernels (request=64.00 MiB cached=0.00 GiB free=0.42 GiB reserve=1.59 GiB total=31.86 GiB)
ds4: ROCm q8 fp16 cache budget exhausted; using q8 kernels (request=64.00 MiB cached=0.00 GiB free=0.42 GiB reserve=1.59 GiB total=31.86 GiB)
ds4: ROCm q8 fp16 cache budget exhausted; using q8 kernels (request=64.00 MiB cached=0.00 GiB free=0.42 GiB reserve=1.59 GiB total=31.86 GiB)
ds4: ROCm q8 fp16 cache budget exhausted; using q8 kernels (request=64.00 MiB cached=0.00 GiB free=0.42 GiB reserve=1.59 GiB total=31.86 GiB)
ds4: ROCm q8 fp16 cache budget exhausted; using q8 kernels (request=64.00 MiB cached=0.00 GiB free=0.42 GiB reserve=1.59 GiB total=31.86 GiB)
ds4: ROCm q8 fp16 cache budget exhausted; using q8 kernels (request=64.00 MiB cached=0.00 GiB free=0.42 GiB reserve=1.59 GiB total=31.86 GiB)
ds4: ROCm q8 fp16 cache budget exhausted; using q8 kernels (request=64.00 MiB cached=0.00 GiB free=0.42 GiB reserve=1.59 GiB total=31.86 GiB)
ds4: ROCm q8 fp16 cache budget exhausted; using q8 kernels (request=64.00 MiB cached=0.00 GiB free=0.42 GiB reserve=1.59 GiB total=31.86 GiB)
ds4: ROCm q8 fp16 cache budget exhausted; using q8 kernels (request=64.00 MiB cached=0.00 GiB free=0.42 GiB reserve=1.59 GiB total=31.86 GiB)
ds4: ROCm q8 fp16 cache budget exhausted; using q8 kernels (request=64.00 MiB cached=0.00 GiB free=0.42 GiB reserve=1.59 GiB total=31.86 GiB)
ds4: ROCm q8 fp16 cache budget exhausted; using q8 kernels (request=64.00 MiB cached=0.00 GiB free=0.42 GiB reserve=1.59 GiB total=31.86 GiB)
ds4: ROCm q8 fp16 cache budget exhausted; using q8 kernels (request=64.00 MiB cached=0.00 GiB free=0.42 GiB reserve=1.59 GiB total=31.86 GiB)
ds4: ROCm q8 fp16 cache budget exhausted; using q8 kernels (request=64.00 MiB cached=0.00 GiB free=0.42 GiB reserve=1.59 GiB total=31.86 GiB)
ds4: ROCm q8 fp16 cache budget exhausted; using q8 kernels (request=64.00 MiB cached=0.00 GiB free=0.42 GiB reserve=1.59 GiB total=31.86 GiB)
ds4: ROCm q8 fp16 cache budget exhausted; using q8 kernels (request=64.00 MiB cached=0.00 GiB free=0.42 GiB reserve=1.59 GiB total=31.86 GiB)
ds4: ROCm q8 fp16 cache budget exhausted; using q8 kernels (request=64.00 MiB cached=0.00 GiB free=0.42 GiB reserve=1.59 GiB total=31.86 GiB)
ds4: ROCm q8 fp16 cache budget exhausted; using q8 kernels (request=64.00 MiB cached=0.00 GiB free=0.42 GiB reserve=1.59 GiB total=31.86 GiB)
ds4: ROCm q8 fp16 cache budget exhausted; using q8 kernels (request=64.00 MiB cached=0.00 GiB free=0.42 GiB reserve=1.59 GiB total=31.86 GiB)
ds4: ROCm q8 fp16 cache budget exhausted; using q8 kernels (request=64.00 MiB cached=0.00 GiB free=0.42 GiB reserve=1.59 GiB total=31.86 GiB)
ds4: ROCm q8 fp16 cache budget exhausted; using q8 kernels (request=64.00 MiB cached=0.00 GiB free=0.42 GiB reserve=1.59 GiB total=31.86 GiB)
ds4: ROCm q8 fp16 cache budget exhausted; using q8 kernels (request=64.00 MiB cached=0.00 GiB free=0.42 GiB reserve=1.59 GiB total=31.86 GiB)
ds4: ROCm q8 fp16 cache budget exhausted; using q8 kernels (request=64.00 MiB cached=0.00 GiB free=0.42 GiB reserve=1.59 GiB total=31.86 GiB)
ds4: ROCm q8 fp16 cache budget exhausted; using q8 kernels (request=64.00 MiB cached=0.00 GiB free=0.42 GiB reserve=1.59 GiB total=31.86 GiB)
ds4: ROCm q8 fp16 cache budget exhausted; using q8 kernels (request=64.00 MiB cached=0.00 GiB free=0.42 GiB reserve=1.59 GiB total=31.86 GiB)
ds4: ROCm q8 fp16 cache budget exhausted; using q8 kernels (request=64.00 MiB cached=0.00 GiB free=0.42 GiB reserve=1.59 GiB total=31.86 GiB)
ds4: ROCm q8 fp16 cache budget exhausted; using q8 kernels (request=64.00 MiB cached=0.00 GiB free=0.42 GiB reserve=1.59 GiB total=31.86 GiB)
ds4: ROCm q8 fp16 cache budget exhausted; using q8 kernels (request=64.00 MiB cached=0.00 GiB free=0.42 GiB reserve=1.59 GiB total=31.86 GiB)
ds4: ROCm q8 fp16 cache budget exhausted; using q8 kernels (request=64.00 MiB cached=0.00 GiB free=0.42 GiB reserve=1.59 GiB total=31.86 GiB)
ds4: ROCm q8 fp16 cache budget exhausted; using q8 kernels (request=64.00 MiB cached=0.00 GiB free=0.42 GiB reserve=1.59 GiB total=31.86 GiB)
ds4: ROCm q8 fp16 cache budget exhausted; using q8 kernels (request=64.00 MiB cached=0.00 GiB free=0.42 GiB reserve=1.59 GiB total=31.86 GiB)
ds4: ROCm q8 fp16 cache budget exhausted; using q8 kernels (request=64.00 MiB cached=0.00 GiB free=0.42 GiB reserve=1.59 GiB total=31.86 GiB)
ds4: ROCm q8 fp16 cache budget exhausted; using q8 kernels (request=64.00 MiB cached=0.00 GiB free=0.42 GiB reserve=1.59 GiB total=31.86 GiB)
ds4: ROCm q8 fp16 cache budget exhausted; using q8 kernels (request=64.00 MiB cached=0.00 GiB free=0.42 GiB reserve=1.59 GiB total=31.86 GiB)
ds4: ROCm q8 fp16 cache budget exhausted; using q8 kernels (request=64.00 MiB cached=0.00 GiB free=0.42 GiB reserve=1.59 GiB total=31.86 GiB)
ds4: ROCm q8 fp16 cache budget exhausted; using q8 kernels (request=64.00 MiB cached=0.00 GiB free=0.42 GiB reserve=1.59 GiB total=31.86 GiB)
ds4: ROCm q8 fp16 cache budget exhausted; using q8 kernels (request=64.00 MiB cached=0.00 GiB free=0.42 GiB reserve=1.59 GiB total=31.86 GiB)
ds4: ROCm q8 fp16 cache budget exhausted; using q8 kernels (request=64.00 MiB cached=0.00 GiB free=0.42 GiB reserve=1.59 GiB total=31.86 GiB)
ds4: ROCm q8 fp16 cache budget exhausted; using q8 kernels (request=64.00 MiB cached=0.00 GiB free=0.42 GiB reserve=1.59 GiB total=31.86 GiB)
ds4: ROCm q8 fp16 cache budget exhausted; using q8 kernels (request=64.00 MiB cached=0.00 GiB free=0.42 GiB reserve=1.59 GiB total=31.86 GiB)
case_080 cases=81 prompt=13 target=24 avg_nll=0.716872 lcp=5 api_target_mae=0.716872 api_top_coverage=119/120 api_top1=0.708 api_topn=0.731 api_pair=0.888
ds4: ROCm q8 fp16 cache budget exhausted; using q8 kernels (request=64.00 MiB cached=0.00 GiB free=0.42 GiB reserve=1.59 GiB total=31.86 GiB)
ds4: ROCm q8 fp16 cache budget exhausted; using q8 kernels (request=64.00 MiB cached=0.00 GiB free=0.42 GiB reserve=1.59 GiB total=31.86 GiB)
ds4: ROCm q8 fp16 cache budget exhausted; using q8 kernels (request=64.00 MiB cached=0.00 GiB free=0.42 GiB reserve=1.59 GiB total=31.86 GiB)
ds4: ROCm q8 fp16 cache budget exhausted; using q8 kernels (request=64.00 MiB cached=0.00 GiB free=0.42 GiB reserve=1.59 GiB total=31.86 GiB)
ds4: ROCm q8 fp16 cache budget exhausted; using q8 kernels (request=64.00 MiB cached=0.00 GiB free=0.42 GiB reserve=1.59 GiB total=31.86 GiB)
ds4: ROCm q8 fp16 cache budget exhausted; using q8 kernels (request=64.00 MiB cached=0.00 GiB free=0.42 GiB reserve=1.59 GiB total=31.86 GiB)
ds4: ROCm q8 fp16 cache budget exhausted; using q8 kernels (request=64.00 MiB cached=0.00 GiB free=0.42 GiB reserve=1.59 GiB total=31.86 GiB)
ds4: ROCm q8 fp16 cache budget exhausted; using q8 kernels (request=64.00 MiB cached=0.00 GiB free=0.42 GiB reserve=1.59 GiB total=31.86 GiB)
ds4: ROCm q8 fp16 cache budget exhausted; using q8 kernels (request=64.00 MiB cached=0.00 GiB free=0.42 GiB reserve=1.59 GiB total=31.86 GiB)
ds4: ROCm q8 fp16 cache budget exhausted; using q8 kernels (request=64.00 MiB cached=0.00 GiB free=0.42 GiB reserve=1.59 GiB total=31.86 GiB)
ds4: ROCm q8 fp16 cache budget exhausted; using q8 kernels (request=64.00 MiB cached=0.00 GiB free=0.42 GiB reserve=1.59 GiB total=31.86 GiB)
ds4: ROCm q8 fp16 cache budget exhausted; using q8 kernels (request=64.00 MiB cached=0.00 GiB free=0.42 GiB reserve=1.59 GiB total=31.86 GiB)
ds4: ROCm q8 fp16 cache budget exhausted; using q8 kernels (request=64.00 MiB cached=0.00 GiB free=0.42 GiB reserve=1.59 GiB total=31.86 GiB)
ds4: ROCm q8 fp16 cache budget exhausted; using q8 kernels (request=64.00 MiB cached=0.00 GiB free=0.42 GiB reserve=1.59 GiB total=31.86 GiB)
ds4: ROCm q8 fp16 cache budget exhausted; using q8 kernels (request=64.00 MiB cached=0.00 GiB free=0.42 GiB reserve=1.59 GiB total=31.86 GiB)
ds4: ROCm q8 fp16 cache budget exhausted; using q8 kernels (request=64.00 MiB cached=0.00 GiB free=0.42 GiB reserve=1.59 GiB total=31.86 GiB)
ds4: ROCm q8 fp16 cache budget exhausted; using q8 kernels (request=64.00 MiB cached=0.00 GiB free=0.42 GiB reserve=1.59 GiB total=31.86 GiB)
ds4: ROCm q8 fp16 cache budget exhausted; using q8 kernels (request=64.00 MiB cached=0.00 GiB free=0.42 GiB reserve=1.59 GiB total=31.86 GiB)
ds4: ROCm q8 fp16 cache budget exhausted; using q8 kernels (request=64.00 MiB cached=0.00 GiB free=0.42 GiB reserve=1.59 GiB total=31.86 GiB)
ds4: ROCm q8 fp16 cache budget exhausted; using q8 kernels (request=64.00 MiB cached=0.00 GiB free=0.42 GiB reserve=1.59 GiB total=31.86 GiB)
ds4: ROCm q8 fp16 cache budget exhausted; using q8 kernels (request=64.00 MiB cached=0.00 GiB free=0.42 GiB reserve=1.59 GiB total=31.86 GiB)
ds4: ROCm q8 fp16 cache budget exhausted; using q8 kernels (request=64.00 MiB cached=0.00 GiB free=0.42 GiB reserve=1.59 GiB total=31.86 GiB)
ds4: ROCm q8 fp16 cache budget exhausted; using q8 kernels (request=64.00 MiB cached=0.00 GiB free=0.42 GiB reserve=1.59 GiB total=31.86 GiB)
ds4: ROCm q8 fp16 cache budget exhausted; using q8 kernels (request=64.00 MiB cached=0.00 GiB free=0.42 GiB reserve=1.59 GiB total=31.86 GiB)
ds4: ROCm q8 fp16 cache budget exhausted; using q8 kernels (request=64.00 MiB cached=0.00 GiB free=0.42 GiB reserve=1.59 GiB total=31.86 GiB)
ds4: ROCm q8 fp16 cache budget exhausted; using q8 kernels (request=64.00 MiB cached=0.00 GiB free=0.42 GiB reserve=1.59 GiB total=31.86 GiB)
ds4: ROCm q8 fp16 cache budget exhausted; using q8 kernels (request=64.00 MiB cached=0.00 GiB free=0.42 GiB reserve=1.59 GiB total=31.86 GiB)
ds4: ROCm q8 fp16 cache budget exhausted; using q8 kernels (request=64.00 MiB cached=0.00 GiB free=0.42 GiB reserve=1.59 GiB total=31.86 GiB)
ds4: ROCm q8 fp16 cache budget exhausted; using q8 kernels (request=64.00 MiB cached=0.00 GiB free=0.42 GiB reserve=1.59 GiB total=31.86 GiB)
ds4: ROCm q8 fp16 cache budget exhausted; using q8 kernels (request=64.00 MiB cached=0.00 GiB free=0.42 GiB reserve=1.59 GiB total=31.86 GiB)
ds4: ROCm q8 fp16 cache budget exhausted; using q8 kernels (request=64.00 MiB cached=0.00 GiB free=0.42 GiB reserve=1.59 GiB total=31.86 GiB)
ds4: ROCm q8 fp16 cache budget exhausted; using q8 kernels (request=64.00 MiB cached=0.00 GiB free=0.42 GiB reserve=1.59 GiB total=31.86 GiB)
ds4: ROCm q8 fp16 cache budget exhausted; using q8 kernels (request=64.00 MiB cached=0.00 GiB free=0.42 GiB reserve=1.59 GiB total=31.86 GiB)
ds4: ROCm q8 fp16 cache budget exhausted; using q8 kernels (request=64.00 MiB cached=0.00 GiB free=0.42 GiB reserve=1.59 GiB total=31.86 GiB)
ds4: ROCm q8 fp16 cache budget exhausted; using q8 kernels (request=64.00 MiB cached=0.00 GiB free=0.42 GiB reserve=1.59 GiB total=31.86 GiB)
ds4: ROCm q8 fp16 cache budget exhausted; using q8 kernels (request=64.00 MiB cached=0.00 GiB free=0.42 GiB reserve=1.59 GiB total=31.86 GiB)
ds4: ROCm q8 fp16 cache budget exhausted; using q8 kernels (request=64.00 MiB cached=0.00 GiB free=0.42 GiB reserve=1.59 GiB total=31.86 GiB)
ds4: ROCm q8 fp16 cache budget exhausted; using q8 kernels (request=64.00 MiB cached=0.00 GiB free=0.42 GiB reserve=1.59 GiB total=31.86 GiB)
ds4: ROCm q8 fp16 cache budget exhausted; using q8 kernels (request=64.00 MiB cached=0.00 GiB free=0.42 GiB reserve=1.59 GiB total=31.86 GiB)
ds4: ROCm q8 fp16 cache budget exhausted; using q8 kernels (request=64.00 MiB cached=0.00 GiB free=0.42 GiB reserve=1.59 GiB total=31.86 GiB)
ds4: ROCm q8 fp16 cache budget exhausted; using q8 kernels (request=64.00 MiB cached=0.00 GiB free=0.42 GiB reserve=1.59 GiB total=31.86 GiB)
ds4: ROCm q8 fp16 cache budget exhausted; using q8 kernels (request=64.00 MiB cached=0.00 GiB free=0.42 GiB reserve=1.59 GiB total=31.86 GiB)
ds4: ROCm q8 fp16 cache budget exhausted; using q8 kernels (request=64.00 MiB cached=0.00 GiB free=0.42 GiB reserve=1.59 GiB total=31.86 GiB)
case_081 cases=82 prompt=13 target=24 avg_nll=0.516948 lcp=0 api_target_mae=0.516948 api_top_coverage=99/120 api_top1=0.833 api_topn=0.273 api_pair=0.987
ds4: ROCm q8 fp16 cache budget exhausted; using q8 kernels (request=64.00 MiB cached=0.00 GiB free=0.42 GiB reserve=1.59 GiB total=31.86 GiB)
ds4: ROCm q8 fp16 cache budget exhausted; using q8 kernels (request=64.00 MiB cached=0.00 GiB free=0.42 GiB reserve=1.59 GiB total=31.86 GiB)
ds4: ROCm q8 fp16 cache budget exhausted; using q8 kernels (request=64.00 MiB cached=0.00 GiB free=0.42 GiB reserve=1.59 GiB total=31.86 GiB)
ds4: ROCm q8 fp16 cache budget exhausted; using q8 kernels (request=64.00 MiB cached=0.00 GiB free=0.42 GiB reserve=1.59 GiB total=31.86 GiB)
ds4: ROCm q8 fp16 cache budget exhausted; using q8 kernels (request=64.00 MiB cached=0.00 GiB free=0.42 GiB reserve=1.59 GiB total=31.86 GiB)
ds4: ROCm q8 fp16 cache budget exhausted; using q8 kernels (request=64.00 MiB cached=0.00 GiB free=0.42 GiB reserve=1.59 GiB total=31.86 GiB)
ds4: ROCm q8 fp16 cache budget exhausted; using q8 kernels (request=64.00 MiB cached=0.00 GiB free=0.42 GiB reserve=1.59 GiB total=31.86 GiB)
ds4: ROCm q8 fp16 cache budget exhausted; using q8 kernels (request=64.00 MiB cached=0.00 GiB free=0.42 GiB reserve=1.59 GiB total=31.86 GiB)
ds4: ROCm q8 fp16 cache budget exhausted; using q8 kernels (request=64.00 MiB cached=0.00 GiB free=0.42 GiB reserve=1.59 GiB total=31.86 GiB)
ds4: ROCm q8 fp16 cache budget exhausted; using q8 kernels (request=64.00 MiB cached=0.00 GiB free=0.42 GiB reserve=1.59 GiB total=31.86 GiB)
ds4: ROCm q8 fp16 cache budget exhausted; using q8 kernels (request=64.00 MiB cached=0.00 GiB free=0.42 GiB reserve=1.59 GiB total=31.86 GiB)
ds4: ROCm q8 fp16 cache budget exhausted; using q8 kernels (request=64.00 MiB cached=0.00 GiB free=0.42 GiB reserve=1.59 GiB total=31.86 GiB)
ds4: ROCm q8 fp16 cache budget exhausted; using q8 kernels (request=64.00 MiB cached=0.00 GiB free=0.42 GiB reserve=1.59 GiB total=31.86 GiB)
ds4: ROCm q8 fp16 cache budget exhausted; using q8 kernels (request=64.00 MiB cached=0.00 GiB free=0.42 GiB reserve=1.59 GiB total=31.86 GiB)
ds4: ROCm q8 fp16 cache budget exhausted; using q8 kernels (request=64.00 MiB cached=0.00 GiB free=0.42 GiB reserve=1.59 GiB total=31.86 GiB)
ds4: ROCm q8 fp16 cache budget exhausted; using q8 kernels (request=64.00 MiB cached=0.00 GiB free=0.42 GiB reserve=1.59 GiB total=31.86 GiB)
ds4: ROCm q8 fp16 cache budget exhausted; using q8 kernels (request=64.00 MiB cached=0.00 GiB free=0.42 GiB reserve=1.59 GiB total=31.86 GiB)
ds4: ROCm q8 fp16 cache budget exhausted; using q8 kernels (request=64.00 MiB cached=0.00 GiB free=0.42 GiB reserve=1.59 GiB total=31.86 GiB)
ds4: ROCm q8 fp16 cache budget exhausted; using q8 kernels (request=64.00 MiB cached=0.00 GiB free=0.42 GiB reserve=1.59 GiB total=31.86 GiB)
ds4: ROCm q8 fp16 cache budget exhausted; using q8 kernels (request=64.00 MiB cached=0.00 GiB free=0.42 GiB reserve=1.59 GiB total=31.86 GiB)
ds4: ROCm q8 fp16 cache budget exhausted; using q8 kernels (request=64.00 MiB cached=0.00 GiB free=0.42 GiB reserve=1.59 GiB total=31.86 GiB)
ds4: ROCm q8 fp16 cache budget exhausted; using q8 kernels (request=64.00 MiB cached=0.00 GiB free=0.42 GiB reserve=1.59 GiB total=31.86 GiB)
ds4: ROCm q8 fp16 cache budget exhausted; using q8 kernels (request=64.00 MiB cached=0.00 GiB free=0.42 GiB reserve=1.59 GiB total=31.86 GiB)
ds4: ROCm q8 fp16 cache budget exhausted; using q8 kernels (request=64.00 MiB cached=0.00 GiB free=0.42 GiB reserve=1.59 GiB total=31.86 GiB)
ds4: ROCm q8 fp16 cache budget exhausted; using q8 kernels (request=64.00 MiB cached=0.00 GiB free=0.42 GiB reserve=1.59 GiB total=31.86 GiB)
ds4: ROCm q8 fp16 cache budget exhausted; using q8 kernels (request=64.00 MiB cached=0.00 GiB free=0.42 GiB reserve=1.59 GiB total=31.86 GiB)
ds4: ROCm q8 fp16 cache budget exhausted; using q8 kernels (request=64.00 MiB cached=0.00 GiB free=0.42 GiB reserve=1.59 GiB total=31.86 GiB)
ds4: ROCm q8 fp16 cache budget exhausted; using q8 kernels (request=64.00 MiB cached=0.00 GiB free=0.42 GiB reserve=1.59 GiB total=31.86 GiB)
ds4: ROCm q8 fp16 cache budget exhausted; using q8 kernels (request=64.00 MiB cached=0.00 GiB free=0.42 GiB reserve=1.59 GiB total=31.86 GiB)
ds4: ROCm q8 fp16 cache budget exhausted; using q8 kernels (request=64.00 MiB cached=0.00 GiB free=0.42 GiB reserve=1.59 GiB total=31.86 GiB)
ds4: ROCm q8 fp16 cache budget exhausted; using q8 kernels (request=64.00 MiB cached=0.00 GiB free=0.42 GiB reserve=1.59 GiB total=31.86 GiB)
ds4: ROCm q8 fp16 cache budget exhausted; using q8 kernels (request=64.00 MiB cached=0.00 GiB free=0.42 GiB reserve=1.59 GiB total=31.86 GiB)
ds4: ROCm q8 fp16 cache budget exhausted; using q8 kernels (request=64.00 MiB cached=0.00 GiB free=0.42 GiB reserve=1.59 GiB total=31.86 GiB)
ds4: ROCm q8 fp16 cache budget exhausted; using q8 kernels (request=64.00 MiB cached=0.00 GiB free=0.42 GiB reserve=1.59 GiB total=31.86 GiB)
ds4: ROCm q8 fp16 cache budget exhausted; using q8 kernels (request=64.00 MiB cached=0.00 GiB free=0.42 GiB reserve=1.59 GiB total=31.86 GiB)
ds4: ROCm q8 fp16 cache budget exhausted; using q8 kernels (request=64.00 MiB cached=0.00 GiB free=0.42 GiB reserve=1.59 GiB total=31.86 GiB)
ds4: ROCm q8 fp16 cache budget exhausted; using q8 kernels (request=64.00 MiB cached=0.00 GiB free=0.42 GiB reserve=1.59 GiB total=31.86 GiB)
ds4: ROCm q8 fp16 cache budget exhausted; using q8 kernels (request=64.00 MiB cached=0.00 GiB free=0.42 GiB reserve=1.59 GiB total=31.86 GiB)
ds4: ROCm q8 fp16 cache budget exhausted; using q8 kernels (request=64.00 MiB cached=0.00 GiB free=0.42 GiB reserve=1.59 GiB total=31.86 GiB)
ds4: ROCm q8 fp16 cache budget exhausted; using q8 kernels (request=64.00 MiB cached=0.00 GiB free=0.42 GiB reserve=1.59 GiB total=31.86 GiB)
ds4: ROCm q8 fp16 cache budget exhausted; using q8 kernels (request=64.00 MiB cached=0.00 GiB free=0.42 GiB reserve=1.59 GiB total=31.86 GiB)
ds4: ROCm q8 fp16 cache budget exhausted; using q8 kernels (request=64.00 MiB cached=0.00 GiB free=0.42 GiB reserve=1.59 GiB total=31.86 GiB)
ds4: ROCm q8 fp16 cache budget exhausted; using q8 kernels (request=64.00 MiB cached=0.00 GiB free=0.42 GiB reserve=1.59 GiB total=31.86 GiB)
case_082 cases=83 prompt=16 target=24 avg_nll=0.131064 lcp=24 api_target_mae=0.131064 api_top_coverage=97/120 api_top1=1.000 api_topn=0.289 api_pair=1.000
ds4: ROCm q8 fp16 cache budget exhausted; using q8 kernels (request=64.00 MiB cached=0.00 GiB free=0.42 GiB reserve=1.59 GiB total=31.86 GiB)
ds4: ROCm q8 fp16 cache budget exhausted; using q8 kernels (request=64.00 MiB cached=0.00 GiB free=0.42 GiB reserve=1.59 GiB total=31.86 GiB)
ds4: ROCm q8 fp16 cache budget exhausted; using q8 kernels (request=64.00 MiB cached=0.00 GiB free=0.42 GiB reserve=1.59 GiB total=31.86 GiB)
ds4: ROCm q8 fp16 cache budget exhausted; using q8 kernels (request=64.00 MiB cached=0.00 GiB free=0.42 GiB reserve=1.59 GiB total=31.86 GiB)
ds4: ROCm q8 fp16 cache budget exhausted; using q8 kernels (request=64.00 MiB cached=0.00 GiB free=0.42 GiB reserve=1.59 GiB total=31.86 GiB)
ds4: ROCm q8 fp16 cache budget exhausted; using q8 kernels (request=64.00 MiB cached=0.00 GiB free=0.42 GiB reserve=1.59 GiB total=31.86 GiB)
ds4: ROCm q8 fp16 cache budget exhausted; using q8 kernels (request=64.00 MiB cached=0.00 GiB free=0.42 GiB reserve=1.59 GiB total=31.86 GiB)
ds4: ROCm q8 fp16 cache budget exhausted; using q8 kernels (request=64.00 MiB cached=0.00 GiB free=0.42 GiB reserve=1.59 GiB total=31.86 GiB)
ds4: ROCm q8 fp16 cache budget exhausted; using q8 kernels (request=64.00 MiB cached=0.00 GiB free=0.42 GiB reserve=1.59 GiB total=31.86 GiB)
ds4: ROCm q8 fp16 cache budget exhausted; using q8 kernels (request=64.00 MiB cached=0.00 GiB free=0.42 GiB reserve=1.59 GiB total=31.86 GiB)
ds4: ROCm q8 fp16 cache budget exhausted; using q8 kernels (request=64.00 MiB cached=0.00 GiB free=0.42 GiB reserve=1.59 GiB total=31.86 GiB)
ds4: ROCm q8 fp16 cache budget exhausted; using q8 kernels (request=64.00 MiB cached=0.00 GiB free=0.42 GiB reserve=1.59 GiB total=31.86 GiB)
ds4: ROCm q8 fp16 cache budget exhausted; using q8 kernels (request=64.00 MiB cached=0.00 GiB free=0.42 GiB reserve=1.59 GiB total=31.86 GiB)
ds4: ROCm q8 fp16 cache budget exhausted; using q8 kernels (request=64.00 MiB cached=0.00 GiB free=0.42 GiB reserve=1.59 GiB total=31.86 GiB)
ds4: ROCm q8 fp16 cache budget exhausted; using q8 kernels (request=64.00 MiB cached=0.00 GiB free=0.42 GiB reserve=1.59 GiB total=31.86 GiB)
ds4: ROCm q8 fp16 cache budget exhausted; using q8 kernels (request=64.00 MiB cached=0.00 GiB free=0.42 GiB reserve=1.59 GiB total=31.86 GiB)
ds4: ROCm q8 fp16 cache budget exhausted; using q8 kernels (request=64.00 MiB cached=0.00 GiB free=0.42 GiB reserve=1.59 GiB total=31.86 GiB)
ds4: ROCm q8 fp16 cache budget exhausted; using q8 kernels (request=64.00 MiB cached=0.00 GiB free=0.42 GiB reserve=1.59 GiB total=31.86 GiB)
ds4: ROCm q8 fp16 cache budget exhausted; using q8 kernels (request=64.00 MiB cached=0.00 GiB free=0.42 GiB reserve=1.59 GiB total=31.86 GiB)
ds4: ROCm q8 fp16 cache budget exhausted; using q8 kernels (request=64.00 MiB cached=0.00 GiB free=0.42 GiB reserve=1.59 GiB total=31.86 GiB)
ds4: ROCm q8 fp16 cache budget exhausted; using q8 kernels (request=64.00 MiB cached=0.00 GiB free=0.42 GiB reserve=1.59 GiB total=31.86 GiB)
ds4: ROCm q8 fp16 cache budget exhausted; using q8 kernels (request=64.00 MiB cached=0.00 GiB free=0.42 GiB reserve=1.59 GiB total=31.86 GiB)
ds4: ROCm q8 fp16 cache budget exhausted; using q8 kernels (request=64.00 MiB cached=0.00 GiB free=0.42 GiB reserve=1.59 GiB total=31.86 GiB)
ds4: ROCm q8 fp16 cache budget exhausted; using q8 kernels (request=64.00 MiB cached=0.00 GiB free=0.42 GiB reserve=1.59 GiB total=31.86 GiB)
ds4: ROCm q8 fp16 cache budget exhausted; using q8 kernels (request=64.00 MiB cached=0.00 GiB free=0.42 GiB reserve=1.59 GiB total=31.86 GiB)
ds4: ROCm q8 fp16 cache budget exhausted; using q8 kernels (request=64.00 MiB cached=0.00 GiB free=0.42 GiB reserve=1.59 GiB total=31.86 GiB)
ds4: ROCm q8 fp16 cache budget exhausted; using q8 kernels (request=64.00 MiB cached=0.00 GiB free=0.42 GiB reserve=1.59 GiB total=31.86 GiB)
ds4: ROCm q8 fp16 cache budget exhausted; using q8 kernels (request=64.00 MiB cached=0.00 GiB free=0.42 GiB reserve=1.59 GiB total=31.86 GiB)
ds4: ROCm q8 fp16 cache budget exhausted; using q8 kernels (request=64.00 MiB cached=0.00 GiB free=0.42 GiB reserve=1.59 GiB total=31.86 GiB)
ds4: ROCm q8 fp16 cache budget exhausted; using q8 kernels (request=64.00 MiB cached=0.00 GiB free=0.42 GiB reserve=1.59 GiB total=31.86 GiB)
ds4: ROCm q8 fp16 cache budget exhausted; using q8 kernels (request=64.00 MiB cached=0.00 GiB free=0.42 GiB reserve=1.59 GiB total=31.86 GiB)
ds4: ROCm q8 fp16 cache budget exhausted; using q8 kernels (request=64.00 MiB cached=0.00 GiB free=0.42 GiB reserve=1.59 GiB total=31.86 GiB)
ds4: ROCm q8 fp16 cache budget exhausted; using q8 kernels (request=64.00 MiB cached=0.00 GiB free=0.42 GiB reserve=1.59 GiB total=31.86 GiB)
ds4: ROCm q8 fp16 cache budget exhausted; using q8 kernels (request=64.00 MiB cached=0.00 GiB free=0.42 GiB reserve=1.59 GiB total=31.86 GiB)
ds4: ROCm q8 fp16 cache budget exhausted; using q8 kernels (request=64.00 MiB cached=0.00 GiB free=0.42 GiB reserve=1.59 GiB total=31.86 GiB)
ds4: ROCm q8 fp16 cache budget exhausted; using q8 kernels (request=64.00 MiB cached=0.00 GiB free=0.42 GiB reserve=1.59 GiB total=31.86 GiB)
ds4: ROCm q8 fp16 cache budget exhausted; using q8 kernels (request=64.00 MiB cached=0.00 GiB free=0.42 GiB reserve=1.59 GiB total=31.86 GiB)
ds4: ROCm q8 fp16 cache budget exhausted; using q8 kernels (request=64.00 MiB cached=0.00 GiB free=0.42 GiB reserve=1.59 GiB total=31.86 GiB)
ds4: ROCm q8 fp16 cache budget exhausted; using q8 kernels (request=64.00 MiB cached=0.00 GiB free=0.42 GiB reserve=1.59 GiB total=31.86 GiB)
ds4: ROCm q8 fp16 cache budget exhausted; using q8 kernels (request=64.00 MiB cached=0.00 GiB free=0.42 GiB reserve=1.59 GiB total=31.86 GiB)
ds4: ROCm q8 fp16 cache budget exhausted; using q8 kernels (request=64.00 MiB cached=0.00 GiB free=0.42 GiB reserve=1.59 GiB total=31.86 GiB)
ds4: ROCm q8 fp16 cache budget exhausted; using q8 kernels (request=64.00 MiB cached=0.00 GiB free=0.42 GiB reserve=1.59 GiB total=31.86 GiB)
ds4: ROCm q8 fp16 cache budget exhausted; using q8 kernels (request=64.00 MiB cached=0.00 GiB free=0.42 GiB reserve=1.59 GiB total=31.86 GiB)
case_083 cases=84 prompt=19 target=17 avg_nll=0.003721 lcp=17 api_target_mae=0.003721 api_top_coverage=68/85 api_top1=1.000 api_topn=0.265 api_pair=1.000
ds4: ROCm q8 fp16 cache budget exhausted; using q8 kernels (request=64.00 MiB cached=0.00 GiB free=0.42 GiB reserve=1.59 GiB total=31.86 GiB)
ds4: ROCm q8 fp16 cache budget exhausted; using q8 kernels (request=64.00 MiB cached=0.00 GiB free=0.42 GiB reserve=1.59 GiB total=31.86 GiB)
ds4: ROCm q8 fp16 cache budget exhausted; using q8 kernels (request=64.00 MiB cached=0.00 GiB free=0.42 GiB reserve=1.59 GiB total=31.86 GiB)
ds4: ROCm q8 fp16 cache budget exhausted; using q8 kernels (request=64.00 MiB cached=0.00 GiB free=0.42 GiB reserve=1.59 GiB total=31.86 GiB)
ds4: ROCm q8 fp16 cache budget exhausted; using q8 kernels (request=64.00 MiB cached=0.00 GiB free=0.42 GiB reserve=1.59 GiB total=31.86 GiB)
ds4: ROCm q8 fp16 cache budget exhausted; using q8 kernels (request=64.00 MiB cached=0.00 GiB free=0.42 GiB reserve=1.59 GiB total=31.86 GiB)
ds4: ROCm q8 fp16 cache budget exhausted; using q8 kernels (request=64.00 MiB cached=0.00 GiB free=0.42 GiB reserve=1.59 GiB total=31.86 GiB)
ds4: ROCm q8 fp16 cache budget exhausted; using q8 kernels (request=64.00 MiB cached=0.00 GiB free=0.42 GiB reserve=1.59 GiB total=31.86 GiB)
ds4: ROCm q8 fp16 cache budget exhausted; using q8 kernels (request=64.00 MiB cached=0.00 GiB free=0.42 GiB reserve=1.59 GiB total=31.86 GiB)
ds4: ROCm q8 fp16 cache budget exhausted; using q8 kernels (request=64.00 MiB cached=0.00 GiB free=0.42 GiB reserve=1.59 GiB total=31.86 GiB)
ds4: ROCm q8 fp16 cache budget exhausted; using q8 kernels (request=64.00 MiB cached=0.00 GiB free=0.42 GiB reserve=1.59 GiB total=31.86 GiB)
ds4: ROCm q8 fp16 cache budget exhausted; using q8 kernels (request=64.00 MiB cached=0.00 GiB free=0.42 GiB reserve=1.59 GiB total=31.86 GiB)
ds4: ROCm q8 fp16 cache budget exhausted; using q8 kernels (request=64.00 MiB cached=0.00 GiB free=0.42 GiB reserve=1.59 GiB total=31.86 GiB)
ds4: ROCm q8 fp16 cache budget exhausted; using q8 kernels (request=64.00 MiB cached=0.00 GiB free=0.42 GiB reserve=1.59 GiB total=31.86 GiB)
ds4: ROCm q8 fp16 cache budget exhausted; using q8 kernels (request=64.00 MiB cached=0.00 GiB free=0.42 GiB reserve=1.59 GiB total=31.86 GiB)
ds4: ROCm q8 fp16 cache budget exhausted; using q8 kernels (request=64.00 MiB cached=0.00 GiB free=0.42 GiB reserve=1.59 GiB total=31.86 GiB)
ds4: ROCm q8 fp16 cache budget exhausted; using q8 kernels (request=64.00 MiB cached=0.00 GiB free=0.42 GiB reserve=1.59 GiB total=31.86 GiB)
ds4: ROCm q8 fp16 cache budget exhausted; using q8 kernels (request=64.00 MiB cached=0.00 GiB free=0.42 GiB reserve=1.59 GiB total=31.86 GiB)
ds4: ROCm q8 fp16 cache budget exhausted; using q8 kernels (request=64.00 MiB cached=0.00 GiB free=0.42 GiB reserve=1.59 GiB total=31.86 GiB)
ds4: ROCm q8 fp16 cache budget exhausted; using q8 kernels (request=64.00 MiB cached=0.00 GiB free=0.42 GiB reserve=1.59 GiB total=31.86 GiB)
ds4: ROCm q8 fp16 cache budget exhausted; using q8 kernels (request=64.00 MiB cached=0.00 GiB free=0.42 GiB reserve=1.59 GiB total=31.86 GiB)
ds4: ROCm q8 fp16 cache budget exhausted; using q8 kernels (request=64.00 MiB cached=0.00 GiB free=0.42 GiB reserve=1.59 GiB total=31.86 GiB)
ds4: ROCm q8 fp16 cache budget exhausted; using q8 kernels (request=64.00 MiB cached=0.00 GiB free=0.42 GiB reserve=1.59 GiB total=31.86 GiB)
ds4: ROCm q8 fp16 cache budget exhausted; using q8 kernels (request=64.00 MiB cached=0.00 GiB free=0.42 GiB reserve=1.59 GiB total=31.86 GiB)
ds4: ROCm q8 fp16 cache budget exhausted; using q8 kernels (request=64.00 MiB cached=0.00 GiB free=0.42 GiB reserve=1.59 GiB total=31.86 GiB)
ds4: ROCm q8 fp16 cache budget exhausted; using q8 kernels (request=64.00 MiB cached=0.00 GiB free=0.42 GiB reserve=1.59 GiB total=31.86 GiB)
ds4: ROCm q8 fp16 cache budget exhausted; using q8 kernels (request=64.00 MiB cached=0.00 GiB free=0.42 GiB reserve=1.59 GiB total=31.86 GiB)
ds4: ROCm q8 fp16 cache budget exhausted; using q8 kernels (request=64.00 MiB cached=0.00 GiB free=0.42 GiB reserve=1.59 GiB total=31.86 GiB)
ds4: ROCm q8 fp16 cache budget exhausted; using q8 kernels (request=64.00 MiB cached=0.00 GiB free=0.42 GiB reserve=1.59 GiB total=31.86 GiB)
ds4: ROCm q8 fp16 cache budget exhausted; using q8 kernels (request=64.00 MiB cached=0.00 GiB free=0.42 GiB reserve=1.59 GiB total=31.86 GiB)
ds4: ROCm q8 fp16 cache budget exhausted; using q8 kernels (request=64.00 MiB cached=0.00 GiB free=0.42 GiB reserve=1.59 GiB total=31.86 GiB)
ds4: ROCm q8 fp16 cache budget exhausted; using q8 kernels (request=64.00 MiB cached=0.00 GiB free=0.42 GiB reserve=1.59 GiB total=31.86 GiB)
ds4: ROCm q8 fp16 cache budget exhausted; using q8 kernels (request=64.00 MiB cached=0.00 GiB free=0.42 GiB reserve=1.59 GiB total=31.86 GiB)
ds4: ROCm q8 fp16 cache budget exhausted; using q8 kernels (request=64.00 MiB cached=0.00 GiB free=0.42 GiB reserve=1.59 GiB total=31.86 GiB)
ds4: ROCm q8 fp16 cache budget exhausted; using q8 kernels (request=64.00 MiB cached=0.00 GiB free=0.42 GiB reserve=1.59 GiB total=31.86 GiB)
ds4: ROCm q8 fp16 cache budget exhausted; using q8 kernels (request=64.00 MiB cached=0.00 GiB free=0.42 GiB reserve=1.59 GiB total=31.86 GiB)
ds4: ROCm q8 fp16 cache budget exhausted; using q8 kernels (request=64.00 MiB cached=0.00 GiB free=0.42 GiB reserve=1.59 GiB total=31.86 GiB)
ds4: ROCm q8 fp16 cache budget exhausted; using q8 kernels (request=64.00 MiB cached=0.00 GiB free=0.42 GiB reserve=1.59 GiB total=31.86 GiB)
ds4: ROCm q8 fp16 cache budget exhausted; using q8 kernels (request=64.00 MiB cached=0.00 GiB free=0.42 GiB reserve=1.59 GiB total=31.86 GiB)
ds4: ROCm q8 fp16 cache budget exhausted; using q8 kernels (request=64.00 MiB cached=0.00 GiB free=0.42 GiB reserve=1.59 GiB total=31.86 GiB)
ds4: ROCm q8 fp16 cache budget exhausted; using q8 kernels (request=64.00 MiB cached=0.00 GiB free=0.42 GiB reserve=1.59 GiB total=31.86 GiB)
ds4: ROCm q8 fp16 cache budget exhausted; using q8 kernels (request=64.00 MiB cached=0.00 GiB free=0.42 GiB reserve=1.59 GiB total=31.86 GiB)
ds4: ROCm q8 fp16 cache budget exhausted; using q8 kernels (request=64.00 MiB cached=0.00 GiB free=0.42 GiB reserve=1.59 GiB total=31.86 GiB)
case_084 cases=85 prompt=23 target=11 avg_nll=0.225049 lcp=0 api_target_mae=0.225049 api_top_coverage=45/55 api_top1=0.818 api_topn=0.289 api_pair=0.971
ds4: ROCm q8 fp16 cache budget exhausted; using q8 kernels (request=64.00 MiB cached=0.00 GiB free=0.42 GiB reserve=1.59 GiB total=31.86 GiB)
ds4: ROCm q8 fp16 cache budget exhausted; using q8 kernels (request=64.00 MiB cached=0.00 GiB free=0.42 GiB reserve=1.59 GiB total=31.86 GiB)
ds4: ROCm q8 fp16 cache budget exhausted; using q8 kernels (request=64.00 MiB cached=0.00 GiB free=0.42 GiB reserve=1.59 GiB total=31.86 GiB)
ds4: ROCm q8 fp16 cache budget exhausted; using q8 kernels (request=64.00 MiB cached=0.00 GiB free=0.42 GiB reserve=1.59 GiB total=31.86 GiB)
ds4: ROCm q8 fp16 cache budget exhausted; using q8 kernels (request=64.00 MiB cached=0.00 GiB free=0.42 GiB reserve=1.59 GiB total=31.86 GiB)
ds4: ROCm q8 fp16 cache budget exhausted; using q8 kernels (request=64.00 MiB cached=0.00 GiB free=0.42 GiB reserve=1.59 GiB total=31.86 GiB)
ds4: ROCm q8 fp16 cache budget exhausted; using q8 kernels (request=64.00 MiB cached=0.00 GiB free=0.42 GiB reserve=1.59 GiB total=31.86 GiB)
ds4: ROCm q8 fp16 cache budget exhausted; using q8 kernels (request=64.00 MiB cached=0.00 GiB free=0.42 GiB reserve=1.59 GiB total=31.86 GiB)
ds4: ROCm q8 fp16 cache budget exhausted; using q8 kernels (request=64.00 MiB cached=0.00 GiB free=0.42 GiB reserve=1.59 GiB total=31.86 GiB)
ds4: ROCm q8 fp16 cache budget exhausted; using q8 kernels (request=64.00 MiB cached=0.00 GiB free=0.42 GiB reserve=1.59 GiB total=31.86 GiB)
ds4: ROCm q8 fp16 cache budget exhausted; using q8 kernels (request=64.00 MiB cached=0.00 GiB free=0.42 GiB reserve=1.59 GiB total=31.86 GiB)
ds4: ROCm q8 fp16 cache budget exhausted; using q8 kernels (request=64.00 MiB cached=0.00 GiB free=0.42 GiB reserve=1.59 GiB total=31.86 GiB)
ds4: ROCm q8 fp16 cache budget exhausted; using q8 kernels (request=64.00 MiB cached=0.00 GiB free=0.42 GiB reserve=1.59 GiB total=31.86 GiB)
ds4: ROCm q8 fp16 cache budget exhausted; using q8 kernels (request=64.00 MiB cached=0.00 GiB free=0.42 GiB reserve=1.59 GiB total=31.86 GiB)
ds4: ROCm q8 fp16 cache budget exhausted; using q8 kernels (request=64.00 MiB cached=0.00 GiB free=0.42 GiB reserve=1.59 GiB total=31.86 GiB)
ds4: ROCm q8 fp16 cache budget exhausted; using q8 kernels (request=64.00 MiB cached=0.00 GiB free=0.42 GiB reserve=1.59 GiB total=31.86 GiB)
ds4: ROCm q8 fp16 cache budget exhausted; using q8 kernels (request=64.00 MiB cached=0.00 GiB free=0.42 GiB reserve=1.59 GiB total=31.86 GiB)
ds4: ROCm q8 fp16 cache budget exhausted; using q8 kernels (request=64.00 MiB cached=0.00 GiB free=0.42 GiB reserve=1.59 GiB total=31.86 GiB)
ds4: ROCm q8 fp16 cache budget exhausted; using q8 kernels (request=64.00 MiB cached=0.00 GiB free=0.42 GiB reserve=1.59 GiB total=31.86 GiB)
ds4: ROCm q8 fp16 cache budget exhausted; using q8 kernels (request=64.00 MiB cached=0.00 GiB free=0.42 GiB reserve=1.59 GiB total=31.86 GiB)
ds4: ROCm q8 fp16 cache budget exhausted; using q8 kernels (request=64.00 MiB cached=0.00 GiB free=0.42 GiB reserve=1.59 GiB total=31.86 GiB)
ds4: ROCm q8 fp16 cache budget exhausted; using q8 kernels (request=64.00 MiB cached=0.00 GiB free=0.42 GiB reserve=1.59 GiB total=31.86 GiB)
ds4: ROCm q8 fp16 cache budget exhausted; using q8 kernels (request=64.00 MiB cached=0.00 GiB free=0.42 GiB reserve=1.59 GiB total=31.86 GiB)
ds4: ROCm q8 fp16 cache budget exhausted; using q8 kernels (request=64.00 MiB cached=0.00 GiB free=0.42 GiB reserve=1.59 GiB total=31.86 GiB)
ds4: ROCm q8 fp16 cache budget exhausted; using q8 kernels (request=64.00 MiB cached=0.00 GiB free=0.42 GiB reserve=1.59 GiB total=31.86 GiB)
ds4: ROCm q8 fp16 cache budget exhausted; using q8 kernels (request=64.00 MiB cached=0.00 GiB free=0.42 GiB reserve=1.59 GiB total=31.86 GiB)
ds4: ROCm q8 fp16 cache budget exhausted; using q8 kernels (request=64.00 MiB cached=0.00 GiB free=0.42 GiB reserve=1.59 GiB total=31.86 GiB)
ds4: ROCm q8 fp16 cache budget exhausted; using q8 kernels (request=64.00 MiB cached=0.00 GiB free=0.42 GiB reserve=1.59 GiB total=31.86 GiB)
ds4: ROCm q8 fp16 cache budget exhausted; using q8 kernels (request=64.00 MiB cached=0.00 GiB free=0.42 GiB reserve=1.59 GiB total=31.86 GiB)
ds4: ROCm q8 fp16 cache budget exhausted; using q8 kernels (request=64.00 MiB cached=0.00 GiB free=0.42 GiB reserve=1.59 GiB total=31.86 GiB)
ds4: ROCm q8 fp16 cache budget exhausted; using q8 kernels (request=64.00 MiB cached=0.00 GiB free=0.42 GiB reserve=1.59 GiB total=31.86 GiB)
ds4: ROCm q8 fp16 cache budget exhausted; using q8 kernels (request=64.00 MiB cached=0.00 GiB free=0.42 GiB reserve=1.59 GiB total=31.86 GiB)
ds4: ROCm q8 fp16 cache budget exhausted; using q8 kernels (request=64.00 MiB cached=0.00 GiB free=0.42 GiB reserve=1.59 GiB total=31.86 GiB)
ds4: ROCm q8 fp16 cache budget exhausted; using q8 kernels (request=64.00 MiB cached=0.00 GiB free=0.42 GiB reserve=1.59 GiB total=31.86 GiB)
ds4: ROCm q8 fp16 cache budget exhausted; using q8 kernels (request=64.00 MiB cached=0.00 GiB free=0.42 GiB reserve=1.59 GiB total=31.86 GiB)
ds4: ROCm q8 fp16 cache budget exhausted; using q8 kernels (request=64.00 MiB cached=0.00 GiB free=0.42 GiB reserve=1.59 GiB total=31.86 GiB)
ds4: ROCm q8 fp16 cache budget exhausted; using q8 kernels (request=64.00 MiB cached=0.00 GiB free=0.42 GiB reserve=1.59 GiB total=31.86 GiB)
ds4: ROCm q8 fp16 cache budget exhausted; using q8 kernels (request=64.00 MiB cached=0.00 GiB free=0.42 GiB reserve=1.59 GiB total=31.86 GiB)
ds4: ROCm q8 fp16 cache budget exhausted; using q8 kernels (request=64.00 MiB cached=0.00 GiB free=0.42 GiB reserve=1.59 GiB total=31.86 GiB)
ds4: ROCm q8 fp16 cache budget exhausted; using q8 kernels (request=64.00 MiB cached=0.00 GiB free=0.42 GiB reserve=1.59 GiB total=31.86 GiB)
ds4: ROCm q8 fp16 cache budget exhausted; using q8 kernels (request=64.00 MiB cached=0.00 GiB free=0.42 GiB reserve=1.59 GiB total=31.86 GiB)
ds4: ROCm q8 fp16 cache budget exhausted; using q8 kernels (request=64.00 MiB cached=0.00 GiB free=0.42 GiB reserve=1.59 GiB total=31.86 GiB)
ds4: ROCm q8 fp16 cache budget exhausted; using q8 kernels (request=64.00 MiB cached=0.00 GiB free=0.42 GiB reserve=1.59 GiB total=31.86 GiB)
case_085 cases=86 prompt=18 target=24 avg_nll=0.209061 lcp=11 api_target_mae=0.209061 api_top_coverage=97/120 api_top1=0.875 api_topn=0.278 api_pair=1.000
ds4: ROCm q8 fp16 cache budget exhausted; using q8 kernels (request=64.00 MiB cached=0.00 GiB free=0.42 GiB reserve=1.59 GiB total=31.86 GiB)
ds4: ROCm q8 fp16 cache budget exhausted; using q8 kernels (request=64.00 MiB cached=0.00 GiB free=0.42 GiB reserve=1.59 GiB total=31.86 GiB)
ds4: ROCm q8 fp16 cache budget exhausted; using q8 kernels (request=64.00 MiB cached=0.00 GiB free=0.42 GiB reserve=1.59 GiB total=31.86 GiB)
ds4: ROCm q8 fp16 cache budget exhausted; using q8 kernels (request=64.00 MiB cached=0.00 GiB free=0.42 GiB reserve=1.59 GiB total=31.86 GiB)
ds4: ROCm q8 fp16 cache budget exhausted; using q8 kernels (request=64.00 MiB cached=0.00 GiB free=0.42 GiB reserve=1.59 GiB total=31.86 GiB)
ds4: ROCm q8 fp16 cache budget exhausted; using q8 kernels (request=64.00 MiB cached=0.00 GiB free=0.42 GiB reserve=1.59 GiB total=31.86 GiB)
ds4: ROCm q8 fp16 cache budget exhausted; using q8 kernels (request=64.00 MiB cached=0.00 GiB free=0.42 GiB reserve=1.59 GiB total=31.86 GiB)
ds4: ROCm q8 fp16 cache budget exhausted; using q8 kernels (request=64.00 MiB cached=0.00 GiB free=0.42 GiB reserve=1.59 GiB total=31.86 GiB)
ds4: ROCm q8 fp16 cache budget exhausted; using q8 kernels (request=64.00 MiB cached=0.00 GiB free=0.42 GiB reserve=1.59 GiB total=31.86 GiB)
ds4: ROCm q8 fp16 cache budget exhausted; using q8 kernels (request=64.00 MiB cached=0.00 GiB free=0.42 GiB reserve=1.59 GiB total=31.86 GiB)
ds4: ROCm q8 fp16 cache budget exhausted; using q8 kernels (request=64.00 MiB cached=0.00 GiB free=0.42 GiB reserve=1.59 GiB total=31.86 GiB)
ds4: ROCm q8 fp16 cache budget exhausted; using q8 kernels (request=64.00 MiB cached=0.00 GiB free=0.42 GiB reserve=1.59 GiB total=31.86 GiB)
ds4: ROCm q8 fp16 cache budget exhausted; using q8 kernels (request=64.00 MiB cached=0.00 GiB free=0.42 GiB reserve=1.59 GiB total=31.86 GiB)
ds4: ROCm q8 fp16 cache budget exhausted; using q8 kernels (request=64.00 MiB cached=0.00 GiB free=0.42 GiB reserve=1.59 GiB total=31.86 GiB)
ds4: ROCm q8 fp16 cache budget exhausted; using q8 kernels (request=64.00 MiB cached=0.00 GiB free=0.42 GiB reserve=1.59 GiB total=31.86 GiB)
ds4: ROCm q8 fp16 cache budget exhausted; using q8 kernels (request=64.00 MiB cached=0.00 GiB free=0.42 GiB reserve=1.59 GiB total=31.86 GiB)
ds4: ROCm q8 fp16 cache budget exhausted; using q8 kernels (request=64.00 MiB cached=0.00 GiB free=0.42 GiB reserve=1.59 GiB total=31.86 GiB)
ds4: ROCm q8 fp16 cache budget exhausted; using q8 kernels (request=64.00 MiB cached=0.00 GiB free=0.42 GiB reserve=1.59 GiB total=31.86 GiB)
ds4: ROCm q8 fp16 cache budget exhausted; using q8 kernels (request=64.00 MiB cached=0.00 GiB free=0.42 GiB reserve=1.59 GiB total=31.86 GiB)
ds4: ROCm q8 fp16 cache budget exhausted; using q8 kernels (request=64.00 MiB cached=0.00 GiB free=0.42 GiB reserve=1.59 GiB total=31.86 GiB)
ds4: ROCm q8 fp16 cache budget exhausted; using q8 kernels (request=64.00 MiB cached=0.00 GiB free=0.42 GiB reserve=1.59 GiB total=31.86 GiB)
ds4: ROCm q8 fp16 cache budget exhausted; using q8 kernels (request=64.00 MiB cached=0.00 GiB free=0.42 GiB reserve=1.59 GiB total=31.86 GiB)
ds4: ROCm q8 fp16 cache budget exhausted; using q8 kernels (request=64.00 MiB cached=0.00 GiB free=0.42 GiB reserve=1.59 GiB total=31.86 GiB)
ds4: ROCm q8 fp16 cache budget exhausted; using q8 kernels (request=64.00 MiB cached=0.00 GiB free=0.42 GiB reserve=1.59 GiB total=31.86 GiB)
ds4: ROCm q8 fp16 cache budget exhausted; using q8 kernels (request=64.00 MiB cached=0.00 GiB free=0.42 GiB reserve=1.59 GiB total=31.86 GiB)
ds4: ROCm q8 fp16 cache budget exhausted; using q8 kernels (request=64.00 MiB cached=0.00 GiB free=0.42 GiB reserve=1.59 GiB total=31.86 GiB)
ds4: ROCm q8 fp16 cache budget exhausted; using q8 kernels (request=64.00 MiB cached=0.00 GiB free=0.42 GiB reserve=1.59 GiB total=31.86 GiB)
ds4: ROCm q8 fp16 cache budget exhausted; using q8 kernels (request=64.00 MiB cached=0.00 GiB free=0.42 GiB reserve=1.59 GiB total=31.86 GiB)
ds4: ROCm q8 fp16 cache budget exhausted; using q8 kernels (request=64.00 MiB cached=0.00 GiB free=0.42 GiB reserve=1.59 GiB total=31.86 GiB)
ds4: ROCm q8 fp16 cache budget exhausted; using q8 kernels (request=64.00 MiB cached=0.00 GiB free=0.42 GiB reserve=1.59 GiB total=31.86 GiB)
ds4: ROCm q8 fp16 cache budget exhausted; using q8 kernels (request=64.00 MiB cached=0.00 GiB free=0.42 GiB reserve=1.59 GiB total=31.86 GiB)
ds4: ROCm q8 fp16 cache budget exhausted; using q8 kernels (request=64.00 MiB cached=0.00 GiB free=0.42 GiB reserve=1.59 GiB total=31.86 GiB)
ds4: ROCm q8 fp16 cache budget exhausted; using q8 kernels (request=64.00 MiB cached=0.00 GiB free=0.42 GiB reserve=1.59 GiB total=31.86 GiB)
ds4: ROCm q8 fp16 cache budget exhausted; using q8 kernels (request=64.00 MiB cached=0.00 GiB free=0.42 GiB reserve=1.59 GiB total=31.86 GiB)
ds4: ROCm q8 fp16 cache budget exhausted; using q8 kernels (request=64.00 MiB cached=0.00 GiB free=0.42 GiB reserve=1.59 GiB total=31.86 GiB)
ds4: ROCm q8 fp16 cache budget exhausted; using q8 kernels (request=64.00 MiB cached=0.00 GiB free=0.42 GiB reserve=1.59 GiB total=31.86 GiB)
ds4: ROCm q8 fp16 cache budget exhausted; using q8 kernels (request=64.00 MiB cached=0.00 GiB free=0.42 GiB reserve=1.59 GiB total=31.86 GiB)
ds4: ROCm q8 fp16 cache budget exhausted; using q8 kernels (request=64.00 MiB cached=0.00 GiB free=0.42 GiB reserve=1.59 GiB total=31.86 GiB)
ds4: ROCm q8 fp16 cache budget exhausted; using q8 kernels (request=64.00 MiB cached=0.00 GiB free=0.42 GiB reserve=1.59 GiB total=31.86 GiB)
ds4: ROCm q8 fp16 cache budget exhausted; using q8 kernels (request=64.00 MiB cached=0.00 GiB free=0.42 GiB reserve=1.59 GiB total=31.86 GiB)
ds4: ROCm q8 fp16 cache budget exhausted; using q8 kernels (request=64.00 MiB cached=0.00 GiB free=0.42 GiB reserve=1.59 GiB total=31.86 GiB)
ds4: ROCm q8 fp16 cache budget exhausted; using q8 kernels (request=64.00 MiB cached=0.00 GiB free=0.42 GiB reserve=1.59 GiB total=31.86 GiB)
ds4: ROCm q8 fp16 cache budget exhausted; using q8 kernels (request=64.00 MiB cached=0.00 GiB free=0.42 GiB reserve=1.59 GiB total=31.86 GiB)
case_086 cases=87 prompt=16 target=24 avg_nll=0.583201 lcp=6 api_target_mae=0.583201 api_top_coverage=96/120 api_top1=0.667 api_topn=0.250 api_pair=1.000
ds4: ROCm q8 fp16 cache budget exhausted; using q8 kernels (request=64.00 MiB cached=0.00 GiB free=0.42 GiB reserve=1.59 GiB total=31.86 GiB)
ds4: ROCm q8 fp16 cache budget exhausted; using q8 kernels (request=64.00 MiB cached=0.00 GiB free=0.42 GiB reserve=1.59 GiB total=31.86 GiB)
ds4: ROCm q8 fp16 cache budget exhausted; using q8 kernels (request=64.00 MiB cached=0.00 GiB free=0.42 GiB reserve=1.59 GiB total=31.86 GiB)
ds4: ROCm q8 fp16 cache budget exhausted; using q8 kernels (request=64.00 MiB cached=0.00 GiB free=0.42 GiB reserve=1.59 GiB total=31.86 GiB)
ds4: ROCm q8 fp16 cache budget exhausted; using q8 kernels (request=64.00 MiB cached=0.00 GiB free=0.42 GiB reserve=1.59 GiB total=31.86 GiB)
ds4: ROCm q8 fp16 cache budget exhausted; using q8 kernels (request=64.00 MiB cached=0.00 GiB free=0.42 GiB reserve=1.59 GiB total=31.86 GiB)
ds4: ROCm q8 fp16 cache budget exhausted; using q8 kernels (request=64.00 MiB cached=0.00 GiB free=0.42 GiB reserve=1.59 GiB total=31.86 GiB)
ds4: ROCm q8 fp16 cache budget exhausted; using q8 kernels (request=64.00 MiB cached=0.00 GiB free=0.42 GiB reserve=1.59 GiB total=31.86 GiB)
ds4: ROCm q8 fp16 cache budget exhausted; using q8 kernels (request=64.00 MiB cached=0.00 GiB free=0.42 GiB reserve=1.59 GiB total=31.86 GiB)
ds4: ROCm q8 fp16 cache budget exhausted; using q8 kernels (request=64.00 MiB cached=0.00 GiB free=0.42 GiB reserve=1.59 GiB total=31.86 GiB)
ds4: ROCm q8 fp16 cache budget exhausted; using q8 kernels (request=64.00 MiB cached=0.00 GiB free=0.42 GiB reserve=1.59 GiB total=31.86 GiB)
ds4: ROCm q8 fp16 cache budget exhausted; using q8 kernels (request=64.00 MiB cached=0.00 GiB free=0.42 GiB reserve=1.59 GiB total=31.86 GiB)
ds4: ROCm q8 fp16 cache budget exhausted; using q8 kernels (request=64.00 MiB cached=0.00 GiB free=0.42 GiB reserve=1.59 GiB total=31.86 GiB)
ds4: ROCm q8 fp16 cache budget exhausted; using q8 kernels (request=64.00 MiB cached=0.00 GiB free=0.42 GiB reserve=1.59 GiB total=31.86 GiB)
ds4: ROCm q8 fp16 cache budget exhausted; using q8 kernels (request=64.00 MiB cached=0.00 GiB free=0.42 GiB reserve=1.59 GiB total=31.86 GiB)
ds4: ROCm q8 fp16 cache budget exhausted; using q8 kernels (request=64.00 MiB cached=0.00 GiB free=0.42 GiB reserve=1.59 GiB total=31.86 GiB)
ds4: ROCm q8 fp16 cache budget exhausted; using q8 kernels (request=64.00 MiB cached=0.00 GiB free=0.42 GiB reserve=1.59 GiB total=31.86 GiB)
ds4: ROCm q8 fp16 cache budget exhausted; using q8 kernels (request=64.00 MiB cached=0.00 GiB free=0.42 GiB reserve=1.59 GiB total=31.86 GiB)
ds4: ROCm q8 fp16 cache budget exhausted; using q8 kernels (request=64.00 MiB cached=0.00 GiB free=0.42 GiB reserve=1.59 GiB total=31.86 GiB)
ds4: ROCm q8 fp16 cache budget exhausted; using q8 kernels (request=64.00 MiB cached=0.00 GiB free=0.42 GiB reserve=1.59 GiB total=31.86 GiB)
ds4: ROCm q8 fp16 cache budget exhausted; using q8 kernels (request=64.00 MiB cached=0.00 GiB free=0.42 GiB reserve=1.59 GiB total=31.86 GiB)
ds4: ROCm q8 fp16 cache budget exhausted; using q8 kernels (request=64.00 MiB cached=0.00 GiB free=0.42 GiB reserve=1.59 GiB total=31.86 GiB)
ds4: ROCm q8 fp16 cache budget exhausted; using q8 kernels (request=64.00 MiB cached=0.00 GiB free=0.42 GiB reserve=1.59 GiB total=31.86 GiB)
ds4: ROCm q8 fp16 cache budget exhausted; using q8 kernels (request=64.00 MiB cached=0.00 GiB free=0.42 GiB reserve=1.59 GiB total=31.86 GiB)
ds4: ROCm q8 fp16 cache budget exhausted; using q8 kernels (request=64.00 MiB cached=0.00 GiB free=0.42 GiB reserve=1.59 GiB total=31.86 GiB)
ds4: ROCm q8 fp16 cache budget exhausted; using q8 kernels (request=64.00 MiB cached=0.00 GiB free=0.42 GiB reserve=1.59 GiB total=31.86 GiB)
ds4: ROCm q8 fp16 cache budget exhausted; using q8 kernels (request=64.00 MiB cached=0.00 GiB free=0.42 GiB reserve=1.59 GiB total=31.86 GiB)
ds4: ROCm q8 fp16 cache budget exhausted; using q8 kernels (request=64.00 MiB cached=0.00 GiB free=0.42 GiB reserve=1.59 GiB total=31.86 GiB)
ds4: ROCm q8 fp16 cache budget exhausted; using q8 kernels (request=64.00 MiB cached=0.00 GiB free=0.42 GiB reserve=1.59 GiB total=31.86 GiB)
ds4: ROCm q8 fp16 cache budget exhausted; using q8 kernels (request=64.00 MiB cached=0.00 GiB free=0.42 GiB reserve=1.59 GiB total=31.86 GiB)
ds4: ROCm q8 fp16 cache budget exhausted; using q8 kernels (request=64.00 MiB cached=0.00 GiB free=0.42 GiB reserve=1.59 GiB total=31.86 GiB)
ds4: ROCm q8 fp16 cache budget exhausted; using q8 kernels (request=64.00 MiB cached=0.00 GiB free=0.42 GiB reserve=1.59 GiB total=31.86 GiB)
ds4: ROCm q8 fp16 cache budget exhausted; using q8 kernels (request=64.00 MiB cached=0.00 GiB free=0.42 GiB reserve=1.59 GiB total=31.86 GiB)
ds4: ROCm q8 fp16 cache budget exhausted; using q8 kernels (request=64.00 MiB cached=0.00 GiB free=0.42 GiB reserve=1.59 GiB total=31.86 GiB)
ds4: ROCm q8 fp16 cache budget exhausted; using q8 kernels (request=64.00 MiB cached=0.00 GiB free=0.42 GiB reserve=1.59 GiB total=31.86 GiB)
ds4: ROCm q8 fp16 cache budget exhausted; using q8 kernels (request=64.00 MiB cached=0.00 GiB free=0.42 GiB reserve=1.59 GiB total=31.86 GiB)
ds4: ROCm q8 fp16 cache budget exhausted; using q8 kernels (request=64.00 MiB cached=0.00 GiB free=0.42 GiB reserve=1.59 GiB total=31.86 GiB)
ds4: ROCm q8 fp16 cache budget exhausted; using q8 kernels (request=64.00 MiB cached=0.00 GiB free=0.42 GiB reserve=1.59 GiB total=31.86 GiB)
ds4: ROCm q8 fp16 cache budget exhausted; using q8 kernels (request=64.00 MiB cached=0.00 GiB free=0.42 GiB reserve=1.59 GiB total=31.86 GiB)
ds4: ROCm q8 fp16 cache budget exhausted; using q8 kernels (request=64.00 MiB cached=0.00 GiB free=0.42 GiB reserve=1.59 GiB total=31.86 GiB)
ds4: ROCm q8 fp16 cache budget exhausted; using q8 kernels (request=64.00 MiB cached=0.00 GiB free=0.42 GiB reserve=1.59 GiB total=31.86 GiB)
ds4: ROCm q8 fp16 cache budget exhausted; using q8 kernels (request=64.00 MiB cached=0.00 GiB free=0.42 GiB reserve=1.59 GiB total=31.86 GiB)
ds4: ROCm q8 fp16 cache budget exhausted; using q8 kernels (request=64.00 MiB cached=0.00 GiB free=0.42 GiB reserve=1.59 GiB total=31.86 GiB)
case_087 cases=88 prompt=12 target=24 avg_nll=0.250859 lcp=3 api_target_mae=0.250859 api_top_coverage=97/120 api_top1=0.917 api_topn=0.299 api_pair=1.000
ds4: ROCm q8 fp16 cache budget exhausted; using q8 kernels (request=64.00 MiB cached=0.00 GiB free=0.42 GiB reserve=1.59 GiB total=31.86 GiB)
ds4: ROCm q8 fp16 cache budget exhausted; using q8 kernels (request=64.00 MiB cached=0.00 GiB free=0.42 GiB reserve=1.59 GiB total=31.86 GiB)
ds4: ROCm q8 fp16 cache budget exhausted; using q8 kernels (request=64.00 MiB cached=0.00 GiB free=0.42 GiB reserve=1.59 GiB total=31.86 GiB)
ds4: ROCm q8 fp16 cache budget exhausted; using q8 kernels (request=64.00 MiB cached=0.00 GiB free=0.42 GiB reserve=1.59 GiB total=31.86 GiB)
ds4: ROCm q8 fp16 cache budget exhausted; using q8 kernels (request=64.00 MiB cached=0.00 GiB free=0.42 GiB reserve=1.59 GiB total=31.86 GiB)
ds4: ROCm q8 fp16 cache budget exhausted; using q8 kernels (request=64.00 MiB cached=0.00 GiB free=0.42 GiB reserve=1.59 GiB total=31.86 GiB)
ds4: ROCm q8 fp16 cache budget exhausted; using q8 kernels (request=64.00 MiB cached=0.00 GiB free=0.42 GiB reserve=1.59 GiB total=31.86 GiB)
ds4: ROCm q8 fp16 cache budget exhausted; using q8 kernels (request=64.00 MiB cached=0.00 GiB free=0.42 GiB reserve=1.59 GiB total=31.86 GiB)
ds4: ROCm q8 fp16 cache budget exhausted; using q8 kernels (request=64.00 MiB cached=0.00 GiB free=0.42 GiB reserve=1.59 GiB total=31.86 GiB)
ds4: ROCm q8 fp16 cache budget exhausted; using q8 kernels (request=64.00 MiB cached=0.00 GiB free=0.42 GiB reserve=1.59 GiB total=31.86 GiB)
ds4: ROCm q8 fp16 cache budget exhausted; using q8 kernels (request=64.00 MiB cached=0.00 GiB free=0.42 GiB reserve=1.59 GiB total=31.86 GiB)
ds4: ROCm q8 fp16 cache budget exhausted; using q8 kernels (request=64.00 MiB cached=0.00 GiB free=0.42 GiB reserve=1.59 GiB total=31.86 GiB)
ds4: ROCm q8 fp16 cache budget exhausted; using q8 kernels (request=64.00 MiB cached=0.00 GiB free=0.42 GiB reserve=1.59 GiB total=31.86 GiB)
ds4: ROCm q8 fp16 cache budget exhausted; using q8 kernels (request=64.00 MiB cached=0.00 GiB free=0.42 GiB reserve=1.59 GiB total=31.86 GiB)
ds4: ROCm q8 fp16 cache budget exhausted; using q8 kernels (request=64.00 MiB cached=0.00 GiB free=0.42 GiB reserve=1.59 GiB total=31.86 GiB)
ds4: ROCm q8 fp16 cache budget exhausted; using q8 kernels (request=64.00 MiB cached=0.00 GiB free=0.42 GiB reserve=1.59 GiB total=31.86 GiB)
ds4: ROCm q8 fp16 cache budget exhausted; using q8 kernels (request=64.00 MiB cached=0.00 GiB free=0.42 GiB reserve=1.59 GiB total=31.86 GiB)
ds4: ROCm q8 fp16 cache budget exhausted; using q8 kernels (request=64.00 MiB cached=0.00 GiB free=0.42 GiB reserve=1.59 GiB total=31.86 GiB)
ds4: ROCm q8 fp16 cache budget exhausted; using q8 kernels (request=64.00 MiB cached=0.00 GiB free=0.42 GiB reserve=1.59 GiB total=31.86 GiB)
ds4: ROCm q8 fp16 cache budget exhausted; using q8 kernels (request=64.00 MiB cached=0.00 GiB free=0.42 GiB reserve=1.59 GiB total=31.86 GiB)
ds4: ROCm q8 fp16 cache budget exhausted; using q8 kernels (request=64.00 MiB cached=0.00 GiB free=0.42 GiB reserve=1.59 GiB total=31.86 GiB)
ds4: ROCm q8 fp16 cache budget exhausted; using q8 kernels (request=64.00 MiB cached=0.00 GiB free=0.42 GiB reserve=1.59 GiB total=31.86 GiB)
ds4: ROCm q8 fp16 cache budget exhausted; using q8 kernels (request=64.00 MiB cached=0.00 GiB free=0.42 GiB reserve=1.59 GiB total=31.86 GiB)
ds4: ROCm q8 fp16 cache budget exhausted; using q8 kernels (request=64.00 MiB cached=0.00 GiB free=0.42 GiB reserve=1.59 GiB total=31.86 GiB)
ds4: ROCm q8 fp16 cache budget exhausted; using q8 kernels (request=64.00 MiB cached=0.00 GiB free=0.42 GiB reserve=1.59 GiB total=31.86 GiB)
ds4: ROCm q8 fp16 cache budget exhausted; using q8 kernels (request=64.00 MiB cached=0.00 GiB free=0.42 GiB reserve=1.59 GiB total=31.86 GiB)
ds4: ROCm q8 fp16 cache budget exhausted; using q8 kernels (request=64.00 MiB cached=0.00 GiB free=0.42 GiB reserve=1.59 GiB total=31.86 GiB)
ds4: ROCm q8 fp16 cache budget exhausted; using q8 kernels (request=64.00 MiB cached=0.00 GiB free=0.42 GiB reserve=1.59 GiB total=31.86 GiB)
ds4: ROCm q8 fp16 cache budget exhausted; using q8 kernels (request=64.00 MiB cached=0.00 GiB free=0.42 GiB reserve=1.59 GiB total=31.86 GiB)
ds4: ROCm q8 fp16 cache budget exhausted; using q8 kernels (request=64.00 MiB cached=0.00 GiB free=0.42 GiB reserve=1.59 GiB total=31.86 GiB)
ds4: ROCm q8 fp16 cache budget exhausted; using q8 kernels (request=64.00 MiB cached=0.00 GiB free=0.42 GiB reserve=1.59 GiB total=31.86 GiB)
ds4: ROCm q8 fp16 cache budget exhausted; using q8 kernels (request=64.00 MiB cached=0.00 GiB free=0.42 GiB reserve=1.59 GiB total=31.86 GiB)
ds4: ROCm q8 fp16 cache budget exhausted; using q8 kernels (request=64.00 MiB cached=0.00 GiB free=0.42 GiB reserve=1.59 GiB total=31.86 GiB)
ds4: ROCm q8 fp16 cache budget exhausted; using q8 kernels (request=64.00 MiB cached=0.00 GiB free=0.42 GiB reserve=1.59 GiB total=31.86 GiB)
ds4: ROCm q8 fp16 cache budget exhausted; using q8 kernels (request=64.00 MiB cached=0.00 GiB free=0.42 GiB reserve=1.59 GiB total=31.86 GiB)
ds4: ROCm q8 fp16 cache budget exhausted; using q8 kernels (request=64.00 MiB cached=0.00 GiB free=0.42 GiB reserve=1.59 GiB total=31.86 GiB)
ds4: ROCm q8 fp16 cache budget exhausted; using q8 kernels (request=64.00 MiB cached=0.00 GiB free=0.42 GiB reserve=1.59 GiB total=31.86 GiB)
ds4: ROCm q8 fp16 cache budget exhausted; using q8 kernels (request=64.00 MiB cached=0.00 GiB free=0.42 GiB reserve=1.59 GiB total=31.86 GiB)
ds4: ROCm q8 fp16 cache budget exhausted; using q8 kernels (request=64.00 MiB cached=0.00 GiB free=0.42 GiB reserve=1.59 GiB total=31.86 GiB)
ds4: ROCm q8 fp16 cache budget exhausted; using q8 kernels (request=64.00 MiB cached=0.00 GiB free=0.42 GiB reserve=1.59 GiB total=31.86 GiB)
ds4: ROCm q8 fp16 cache budget exhausted; using q8 kernels (request=64.00 MiB cached=0.00 GiB free=0.42 GiB reserve=1.59 GiB total=31.86 GiB)
ds4: ROCm q8 fp16 cache budget exhausted; using q8 kernels (request=64.00 MiB cached=0.00 GiB free=0.42 GiB reserve=1.59 GiB total=31.86 GiB)
ds4: ROCm q8 fp16 cache budget exhausted; using q8 kernels (request=64.00 MiB cached=0.00 GiB free=0.42 GiB reserve=1.59 GiB total=31.86 GiB)
case_088 cases=89 prompt=14 target=24 avg_nll=0.481534 lcp=4 api_target_mae=0.481534 api_top_coverage=97/120 api_top1=0.833 api_topn=0.268 api_pair=1.000
ds4: ROCm q8 fp16 cache budget exhausted; using q8 kernels (request=64.00 MiB cached=0.00 GiB free=0.42 GiB reserve=1.59 GiB total=31.86 GiB)
ds4: ROCm q8 fp16 cache budget exhausted; using q8 kernels (request=64.00 MiB cached=0.00 GiB free=0.42 GiB reserve=1.59 GiB total=31.86 GiB)
ds4: ROCm q8 fp16 cache budget exhausted; using q8 kernels (request=64.00 MiB cached=0.00 GiB free=0.42 GiB reserve=1.59 GiB total=31.86 GiB)
ds4: ROCm q8 fp16 cache budget exhausted; using q8 kernels (request=64.00 MiB cached=0.00 GiB free=0.42 GiB reserve=1.59 GiB total=31.86 GiB)
ds4: ROCm q8 fp16 cache budget exhausted; using q8 kernels (request=64.00 MiB cached=0.00 GiB free=0.42 GiB reserve=1.59 GiB total=31.86 GiB)
ds4: ROCm q8 fp16 cache budget exhausted; using q8 kernels (request=64.00 MiB cached=0.00 GiB free=0.42 GiB reserve=1.59 GiB total=31.86 GiB)
ds4: ROCm q8 fp16 cache budget exhausted; using q8 kernels (request=64.00 MiB cached=0.00 GiB free=0.42 GiB reserve=1.59 GiB total=31.86 GiB)
ds4: ROCm q8 fp16 cache budget exhausted; using q8 kernels (request=64.00 MiB cached=0.00 GiB free=0.42 GiB reserve=1.59 GiB total=31.86 GiB)
ds4: ROCm q8 fp16 cache budget exhausted; using q8 kernels (request=64.00 MiB cached=0.00 GiB free=0.42 GiB reserve=1.59 GiB total=31.86 GiB)
ds4: ROCm q8 fp16 cache budget exhausted; using q8 kernels (request=64.00 MiB cached=0.00 GiB free=0.42 GiB reserve=1.59 GiB total=31.86 GiB)
ds4: ROCm q8 fp16 cache budget exhausted; using q8 kernels (request=64.00 MiB cached=0.00 GiB free=0.42 GiB reserve=1.59 GiB total=31.86 GiB)
ds4: ROCm q8 fp16 cache budget exhausted; using q8 kernels (request=64.00 MiB cached=0.00 GiB free=0.42 GiB reserve=1.59 GiB total=31.86 GiB)
ds4: ROCm q8 fp16 cache budget exhausted; using q8 kernels (request=64.00 MiB cached=0.00 GiB free=0.42 GiB reserve=1.59 GiB total=31.86 GiB)
ds4: ROCm q8 fp16 cache budget exhausted; using q8 kernels (request=64.00 MiB cached=0.00 GiB free=0.42 GiB reserve=1.59 GiB total=31.86 GiB)
ds4: ROCm q8 fp16 cache budget exhausted; using q8 kernels (request=64.00 MiB cached=0.00 GiB free=0.42 GiB reserve=1.59 GiB total=31.86 GiB)
ds4: ROCm q8 fp16 cache budget exhausted; using q8 kernels (request=64.00 MiB cached=0.00 GiB free=0.42 GiB reserve=1.59 GiB total=31.86 GiB)
ds4: ROCm q8 fp16 cache budget exhausted; using q8 kernels (request=64.00 MiB cached=0.00 GiB free=0.42 GiB reserve=1.59 GiB total=31.86 GiB)
ds4: ROCm q8 fp16 cache budget exhausted; using q8 kernels (request=64.00 MiB cached=0.00 GiB free=0.42 GiB reserve=1.59 GiB total=31.86 GiB)
ds4: ROCm q8 fp16 cache budget exhausted; using q8 kernels (request=64.00 MiB cached=0.00 GiB free=0.42 GiB reserve=1.59 GiB total=31.86 GiB)
ds4: ROCm q8 fp16 cache budget exhausted; using q8 kernels (request=64.00 MiB cached=0.00 GiB free=0.42 GiB reserve=1.59 GiB total=31.86 GiB)
ds4: ROCm q8 fp16 cache budget exhausted; using q8 kernels (request=64.00 MiB cached=0.00 GiB free=0.42 GiB reserve=1.59 GiB total=31.86 GiB)
ds4: ROCm q8 fp16 cache budget exhausted; using q8 kernels (request=64.00 MiB cached=0.00 GiB free=0.42 GiB reserve=1.59 GiB total=31.86 GiB)
ds4: ROCm q8 fp16 cache budget exhausted; using q8 kernels (request=64.00 MiB cached=0.00 GiB free=0.42 GiB reserve=1.59 GiB total=31.86 GiB)
ds4: ROCm q8 fp16 cache budget exhausted; using q8 kernels (request=64.00 MiB cached=0.00 GiB free=0.42 GiB reserve=1.59 GiB total=31.86 GiB)
ds4: ROCm q8 fp16 cache budget exhausted; using q8 kernels (request=64.00 MiB cached=0.00 GiB free=0.42 GiB reserve=1.59 GiB total=31.86 GiB)
ds4: ROCm q8 fp16 cache budget exhausted; using q8 kernels (request=64.00 MiB cached=0.00 GiB free=0.42 GiB reserve=1.59 GiB total=31.86 GiB)
ds4: ROCm q8 fp16 cache budget exhausted; using q8 kernels (request=64.00 MiB cached=0.00 GiB free=0.42 GiB reserve=1.59 GiB total=31.86 GiB)
ds4: ROCm q8 fp16 cache budget exhausted; using q8 kernels (request=64.00 MiB cached=0.00 GiB free=0.42 GiB reserve=1.59 GiB total=31.86 GiB)
ds4: ROCm q8 fp16 cache budget exhausted; using q8 kernels (request=64.00 MiB cached=0.00 GiB free=0.42 GiB reserve=1.59 GiB total=31.86 GiB)
ds4: ROCm q8 fp16 cache budget exhausted; using q8 kernels (request=64.00 MiB cached=0.00 GiB free=0.42 GiB reserve=1.59 GiB total=31.86 GiB)
ds4: ROCm q8 fp16 cache budget exhausted; using q8 kernels (request=64.00 MiB cached=0.00 GiB free=0.42 GiB reserve=1.59 GiB total=31.86 GiB)
ds4: ROCm q8 fp16 cache budget exhausted; using q8 kernels (request=64.00 MiB cached=0.00 GiB free=0.42 GiB reserve=1.59 GiB total=31.86 GiB)
ds4: ROCm q8 fp16 cache budget exhausted; using q8 kernels (request=64.00 MiB cached=0.00 GiB free=0.42 GiB reserve=1.59 GiB total=31.86 GiB)
ds4: ROCm q8 fp16 cache budget exhausted; using q8 kernels (request=64.00 MiB cached=0.00 GiB free=0.42 GiB reserve=1.59 GiB total=31.86 GiB)
ds4: ROCm q8 fp16 cache budget exhausted; using q8 kernels (request=64.00 MiB cached=0.00 GiB free=0.42 GiB reserve=1.59 GiB total=31.86 GiB)
ds4: ROCm q8 fp16 cache budget exhausted; using q8 kernels (request=64.00 MiB cached=0.00 GiB free=0.42 GiB reserve=1.59 GiB total=31.86 GiB)
ds4: ROCm q8 fp16 cache budget exhausted; using q8 kernels (request=64.00 MiB cached=0.00 GiB free=0.42 GiB reserve=1.59 GiB total=31.86 GiB)
ds4: ROCm q8 fp16 cache budget exhausted; using q8 kernels (request=64.00 MiB cached=0.00 GiB free=0.42 GiB reserve=1.59 GiB total=31.86 GiB)
ds4: ROCm q8 fp16 cache budget exhausted; using q8 kernels (request=64.00 MiB cached=0.00 GiB free=0.42 GiB reserve=1.59 GiB total=31.86 GiB)
ds4: ROCm q8 fp16 cache budget exhausted; using q8 kernels (request=64.00 MiB cached=0.00 GiB free=0.42 GiB reserve=1.59 GiB total=31.86 GiB)
ds4: ROCm q8 fp16 cache budget exhausted; using q8 kernels (request=64.00 MiB cached=0.00 GiB free=0.42 GiB reserve=1.59 GiB total=31.86 GiB)
ds4: ROCm q8 fp16 cache budget exhausted; using q8 kernels (request=64.00 MiB cached=0.00 GiB free=0.42 GiB reserve=1.59 GiB total=31.86 GiB)
ds4: ROCm q8 fp16 cache budget exhausted; using q8 kernels (request=64.00 MiB cached=0.00 GiB free=0.42 GiB reserve=1.59 GiB total=31.86 GiB)
case_089 cases=90 prompt=12 target=24 avg_nll=0.176783 lcp=3 api_target_mae=0.176783 api_top_coverage=98/120 api_top1=0.958 api_topn=0.265 api_pair=1.000
ds4: ROCm q8 fp16 cache budget exhausted; using q8 kernels (request=64.00 MiB cached=0.00 GiB free=0.42 GiB reserve=1.59 GiB total=31.86 GiB)
ds4: ROCm q8 fp16 cache budget exhausted; using q8 kernels (request=64.00 MiB cached=0.00 GiB free=0.42 GiB reserve=1.59 GiB total=31.86 GiB)
ds4: ROCm q8 fp16 cache budget exhausted; using q8 kernels (request=64.00 MiB cached=0.00 GiB free=0.42 GiB reserve=1.59 GiB total=31.86 GiB)
ds4: ROCm q8 fp16 cache budget exhausted; using q8 kernels (request=64.00 MiB cached=0.00 GiB free=0.42 GiB reserve=1.59 GiB total=31.86 GiB)
ds4: ROCm q8 fp16 cache budget exhausted; using q8 kernels (request=64.00 MiB cached=0.00 GiB free=0.42 GiB reserve=1.59 GiB total=31.86 GiB)
ds4: ROCm q8 fp16 cache budget exhausted; using q8 kernels (request=64.00 MiB cached=0.00 GiB free=0.42 GiB reserve=1.59 GiB total=31.86 GiB)
ds4: ROCm q8 fp16 cache budget exhausted; using q8 kernels (request=64.00 MiB cached=0.00 GiB free=0.42 GiB reserve=1.59 GiB total=31.86 GiB)
ds4: ROCm q8 fp16 cache budget exhausted; using q8 kernels (request=64.00 MiB cached=0.00 GiB free=0.42 GiB reserve=1.59 GiB total=31.86 GiB)
ds4: ROCm q8 fp16 cache budget exhausted; using q8 kernels (request=64.00 MiB cached=0.00 GiB free=0.42 GiB reserve=1.59 GiB total=31.86 GiB)
ds4: ROCm q8 fp16 cache budget exhausted; using q8 kernels (request=64.00 MiB cached=0.00 GiB free=0.42 GiB reserve=1.59 GiB total=31.86 GiB)
ds4: ROCm q8 fp16 cache budget exhausted; using q8 kernels (request=64.00 MiB cached=0.00 GiB free=0.42 GiB reserve=1.59 GiB total=31.86 GiB)
ds4: ROCm q8 fp16 cache budget exhausted; using q8 kernels (request=64.00 MiB cached=0.00 GiB free=0.42 GiB reserve=1.59 GiB total=31.86 GiB)
ds4: ROCm q8 fp16 cache budget exhausted; using q8 kernels (request=64.00 MiB cached=0.00 GiB free=0.42 GiB reserve=1.59 GiB total=31.86 GiB)
ds4: ROCm q8 fp16 cache budget exhausted; using q8 kernels (request=64.00 MiB cached=0.00 GiB free=0.42 GiB reserve=1.59 GiB total=31.86 GiB)
ds4: ROCm q8 fp16 cache budget exhausted; using q8 kernels (request=64.00 MiB cached=0.00 GiB free=0.42 GiB reserve=1.59 GiB total=31.86 GiB)
ds4: ROCm q8 fp16 cache budget exhausted; using q8 kernels (request=64.00 MiB cached=0.00 GiB free=0.42 GiB reserve=1.59 GiB total=31.86 GiB)
ds4: ROCm q8 fp16 cache budget exhausted; using q8 kernels (request=64.00 MiB cached=0.00 GiB free=0.42 GiB reserve=1.59 GiB total=31.86 GiB)
ds4: ROCm q8 fp16 cache budget exhausted; using q8 kernels (request=64.00 MiB cached=0.00 GiB free=0.42 GiB reserve=1.59 GiB total=31.86 GiB)
ds4: ROCm q8 fp16 cache budget exhausted; using q8 kernels (request=64.00 MiB cached=0.00 GiB free=0.42 GiB reserve=1.59 GiB total=31.86 GiB)
ds4: ROCm q8 fp16 cache budget exhausted; using q8 kernels (request=64.00 MiB cached=0.00 GiB free=0.42 GiB reserve=1.59 GiB total=31.86 GiB)
ds4: ROCm q8 fp16 cache budget exhausted; using q8 kernels (request=64.00 MiB cached=0.00 GiB free=0.42 GiB reserve=1.59 GiB total=31.86 GiB)
ds4: ROCm q8 fp16 cache budget exhausted; using q8 kernels (request=64.00 MiB cached=0.00 GiB free=0.42 GiB reserve=1.59 GiB total=31.86 GiB)
ds4: ROCm q8 fp16 cache budget exhausted; using q8 kernels (request=64.00 MiB cached=0.00 GiB free=0.42 GiB reserve=1.59 GiB total=31.86 GiB)
ds4: ROCm q8 fp16 cache budget exhausted; using q8 kernels (request=64.00 MiB cached=0.00 GiB free=0.42 GiB reserve=1.59 GiB total=31.86 GiB)
ds4: ROCm q8 fp16 cache budget exhausted; using q8 kernels (request=64.00 MiB cached=0.00 GiB free=0.42 GiB reserve=1.59 GiB total=31.86 GiB)
ds4: ROCm q8 fp16 cache budget exhausted; using q8 kernels (request=64.00 MiB cached=0.00 GiB free=0.42 GiB reserve=1.59 GiB total=31.86 GiB)
ds4: ROCm q8 fp16 cache budget exhausted; using q8 kernels (request=64.00 MiB cached=0.00 GiB free=0.42 GiB reserve=1.59 GiB total=31.86 GiB)
ds4: ROCm q8 fp16 cache budget exhausted; using q8 kernels (request=64.00 MiB cached=0.00 GiB free=0.42 GiB reserve=1.59 GiB total=31.86 GiB)
ds4: ROCm q8 fp16 cache budget exhausted; using q8 kernels (request=64.00 MiB cached=0.00 GiB free=0.42 GiB reserve=1.59 GiB total=31.86 GiB)
ds4: ROCm q8 fp16 cache budget exhausted; using q8 kernels (request=64.00 MiB cached=0.00 GiB free=0.42 GiB reserve=1.59 GiB total=31.86 GiB)
ds4: ROCm q8 fp16 cache budget exhausted; using q8 kernels (request=64.00 MiB cached=0.00 GiB free=0.42 GiB reserve=1.59 GiB total=31.86 GiB)
ds4: ROCm q8 fp16 cache budget exhausted; using q8 kernels (request=64.00 MiB cached=0.00 GiB free=0.42 GiB reserve=1.59 GiB total=31.86 GiB)
ds4: ROCm q8 fp16 cache budget exhausted; using q8 kernels (request=64.00 MiB cached=0.00 GiB free=0.42 GiB reserve=1.59 GiB total=31.86 GiB)
ds4: ROCm q8 fp16 cache budget exhausted; using q8 kernels (request=64.00 MiB cached=0.00 GiB free=0.42 GiB reserve=1.59 GiB total=31.86 GiB)
ds4: ROCm q8 fp16 cache budget exhausted; using q8 kernels (request=64.00 MiB cached=0.00 GiB free=0.42 GiB reserve=1.59 GiB total=31.86 GiB)
ds4: ROCm q8 fp16 cache budget exhausted; using q8 kernels (request=64.00 MiB cached=0.00 GiB free=0.42 GiB reserve=1.59 GiB total=31.86 GiB)
ds4: ROCm q8 fp16 cache budget exhausted; using q8 kernels (request=64.00 MiB cached=0.00 GiB free=0.42 GiB reserve=1.59 GiB total=31.86 GiB)
ds4: ROCm q8 fp16 cache budget exhausted; using q8 kernels (request=64.00 MiB cached=0.00 GiB free=0.42 GiB reserve=1.59 GiB total=31.86 GiB)
ds4: ROCm q8 fp16 cache budget exhausted; using q8 kernels (request=64.00 MiB cached=0.00 GiB free=0.42 GiB reserve=1.59 GiB total=31.86 GiB)
ds4: ROCm q8 fp16 cache budget exhausted; using q8 kernels (request=64.00 MiB cached=0.00 GiB free=0.42 GiB reserve=1.59 GiB total=31.86 GiB)
ds4: ROCm q8 fp16 cache budget exhausted; using q8 kernels (request=64.00 MiB cached=0.00 GiB free=0.42 GiB reserve=1.59 GiB total=31.86 GiB)
ds4: ROCm q8 fp16 cache budget exhausted; using q8 kernels (request=64.00 MiB cached=0.00 GiB free=0.42 GiB reserve=1.59 GiB total=31.86 GiB)
ds4: ROCm q8 fp16 cache budget exhausted; using q8 kernels (request=64.00 MiB cached=0.00 GiB free=0.42 GiB reserve=1.59 GiB total=31.86 GiB)
case_090 cases=91 prompt=17 target=24 avg_nll=0.541252 lcp=0 api_target_mae=0.541252 api_top_coverage=96/120 api_top1=0.792 api_topn=0.260 api_pair=1.000
ds4: ROCm q8 fp16 cache budget exhausted; using q8 kernels (request=64.00 MiB cached=0.00 GiB free=0.42 GiB reserve=1.59 GiB total=31.86 GiB)
ds4: ROCm q8 fp16 cache budget exhausted; using q8 kernels (request=64.00 MiB cached=0.00 GiB free=0.42 GiB reserve=1.59 GiB total=31.86 GiB)
ds4: ROCm q8 fp16 cache budget exhausted; using q8 kernels (request=64.00 MiB cached=0.00 GiB free=0.42 GiB reserve=1.59 GiB total=31.86 GiB)
ds4: ROCm q8 fp16 cache budget exhausted; using q8 kernels (request=64.00 MiB cached=0.00 GiB free=0.42 GiB reserve=1.59 GiB total=31.86 GiB)
ds4: ROCm q8 fp16 cache budget exhausted; using q8 kernels (request=64.00 MiB cached=0.00 GiB free=0.42 GiB reserve=1.59 GiB total=31.86 GiB)
ds4: ROCm q8 fp16 cache budget exhausted; using q8 kernels (request=64.00 MiB cached=0.00 GiB free=0.42 GiB reserve=1.59 GiB total=31.86 GiB)
ds4: ROCm q8 fp16 cache budget exhausted; using q8 kernels (request=64.00 MiB cached=0.00 GiB free=0.42 GiB reserve=1.59 GiB total=31.86 GiB)
ds4: ROCm q8 fp16 cache budget exhausted; using q8 kernels (request=64.00 MiB cached=0.00 GiB free=0.42 GiB reserve=1.59 GiB total=31.86 GiB)
ds4: ROCm q8 fp16 cache budget exhausted; using q8 kernels (request=64.00 MiB cached=0.00 GiB free=0.42 GiB reserve=1.59 GiB total=31.86 GiB)
ds4: ROCm q8 fp16 cache budget exhausted; using q8 kernels (request=64.00 MiB cached=0.00 GiB free=0.42 GiB reserve=1.59 GiB total=31.86 GiB)
ds4: ROCm q8 fp16 cache budget exhausted; using q8 kernels (request=64.00 MiB cached=0.00 GiB free=0.42 GiB reserve=1.59 GiB total=31.86 GiB)
ds4: ROCm q8 fp16 cache budget exhausted; using q8 kernels (request=64.00 MiB cached=0.00 GiB free=0.42 GiB reserve=1.59 GiB total=31.86 GiB)
ds4: ROCm q8 fp16 cache budget exhausted; using q8 kernels (request=64.00 MiB cached=0.00 GiB free=0.42 GiB reserve=1.59 GiB total=31.86 GiB)
ds4: ROCm q8 fp16 cache budget exhausted; using q8 kernels (request=64.00 MiB cached=0.00 GiB free=0.42 GiB reserve=1.59 GiB total=31.86 GiB)
ds4: ROCm q8 fp16 cache budget exhausted; using q8 kernels (request=64.00 MiB cached=0.00 GiB free=0.42 GiB reserve=1.59 GiB total=31.86 GiB)
ds4: ROCm q8 fp16 cache budget exhausted; using q8 kernels (request=64.00 MiB cached=0.00 GiB free=0.42 GiB reserve=1.59 GiB total=31.86 GiB)
ds4: ROCm q8 fp16 cache budget exhausted; using q8 kernels (request=64.00 MiB cached=0.00 GiB free=0.42 GiB reserve=1.59 GiB total=31.86 GiB)
ds4: ROCm q8 fp16 cache budget exhausted; using q8 kernels (request=64.00 MiB cached=0.00 GiB free=0.42 GiB reserve=1.59 GiB total=31.86 GiB)
ds4: ROCm q8 fp16 cache budget exhausted; using q8 kernels (request=64.00 MiB cached=0.00 GiB free=0.42 GiB reserve=1.59 GiB total=31.86 GiB)
ds4: ROCm q8 fp16 cache budget exhausted; using q8 kernels (request=64.00 MiB cached=0.00 GiB free=0.42 GiB reserve=1.59 GiB total=31.86 GiB)
ds4: ROCm q8 fp16 cache budget exhausted; using q8 kernels (request=64.00 MiB cached=0.00 GiB free=0.42 GiB reserve=1.59 GiB total=31.86 GiB)
ds4: ROCm q8 fp16 cache budget exhausted; using q8 kernels (request=64.00 MiB cached=0.00 GiB free=0.42 GiB reserve=1.59 GiB total=31.86 GiB)
ds4: ROCm q8 fp16 cache budget exhausted; using q8 kernels (request=64.00 MiB cached=0.00 GiB free=0.42 GiB reserve=1.59 GiB total=31.86 GiB)
ds4: ROCm q8 fp16 cache budget exhausted; using q8 kernels (request=64.00 MiB cached=0.00 GiB free=0.42 GiB reserve=1.59 GiB total=31.86 GiB)
ds4: ROCm q8 fp16 cache budget exhausted; using q8 kernels (request=64.00 MiB cached=0.00 GiB free=0.42 GiB reserve=1.59 GiB total=31.86 GiB)
ds4: ROCm q8 fp16 cache budget exhausted; using q8 kernels (request=64.00 MiB cached=0.00 GiB free=0.42 GiB reserve=1.59 GiB total=31.86 GiB)
ds4: ROCm q8 fp16 cache budget exhausted; using q8 kernels (request=64.00 MiB cached=0.00 GiB free=0.42 GiB reserve=1.59 GiB total=31.86 GiB)
ds4: ROCm q8 fp16 cache budget exhausted; using q8 kernels (request=64.00 MiB cached=0.00 GiB free=0.42 GiB reserve=1.59 GiB total=31.86 GiB)
ds4: ROCm q8 fp16 cache budget exhausted; using q8 kernels (request=64.00 MiB cached=0.00 GiB free=0.42 GiB reserve=1.59 GiB total=31.86 GiB)
ds4: ROCm q8 fp16 cache budget exhausted; using q8 kernels (request=64.00 MiB cached=0.00 GiB free=0.42 GiB reserve=1.59 GiB total=31.86 GiB)
ds4: ROCm q8 fp16 cache budget exhausted; using q8 kernels (request=64.00 MiB cached=0.00 GiB free=0.42 GiB reserve=1.59 GiB total=31.86 GiB)
ds4: ROCm q8 fp16 cache budget exhausted; using q8 kernels (request=64.00 MiB cached=0.00 GiB free=0.42 GiB reserve=1.59 GiB total=31.86 GiB)
ds4: ROCm q8 fp16 cache budget exhausted; using q8 kernels (request=64.00 MiB cached=0.00 GiB free=0.42 GiB reserve=1.59 GiB total=31.86 GiB)
ds4: ROCm q8 fp16 cache budget exhausted; using q8 kernels (request=64.00 MiB cached=0.00 GiB free=0.42 GiB reserve=1.59 GiB total=31.86 GiB)
ds4: ROCm q8 fp16 cache budget exhausted; using q8 kernels (request=64.00 MiB cached=0.00 GiB free=0.42 GiB reserve=1.59 GiB total=31.86 GiB)
ds4: ROCm q8 fp16 cache budget exhausted; using q8 kernels (request=64.00 MiB cached=0.00 GiB free=0.42 GiB reserve=1.59 GiB total=31.86 GiB)
ds4: ROCm q8 fp16 cache budget exhausted; using q8 kernels (request=64.00 MiB cached=0.00 GiB free=0.42 GiB reserve=1.59 GiB total=31.86 GiB)
ds4: ROCm q8 fp16 cache budget exhausted; using q8 kernels (request=64.00 MiB cached=0.00 GiB free=0.42 GiB reserve=1.59 GiB total=31.86 GiB)
ds4: ROCm q8 fp16 cache budget exhausted; using q8 kernels (request=64.00 MiB cached=0.00 GiB free=0.42 GiB reserve=1.59 GiB total=31.86 GiB)
ds4: ROCm q8 fp16 cache budget exhausted; using q8 kernels (request=64.00 MiB cached=0.00 GiB free=0.42 GiB reserve=1.59 GiB total=31.86 GiB)
ds4: ROCm q8 fp16 cache budget exhausted; using q8 kernels (request=64.00 MiB cached=0.00 GiB free=0.42 GiB reserve=1.59 GiB total=31.86 GiB)
ds4: ROCm q8 fp16 cache budget exhausted; using q8 kernels (request=64.00 MiB cached=0.00 GiB free=0.42 GiB reserve=1.59 GiB total=31.86 GiB)
ds4: ROCm q8 fp16 cache budget exhausted; using q8 kernels (request=64.00 MiB cached=0.00 GiB free=0.42 GiB reserve=1.59 GiB total=31.86 GiB)
case_091 cases=92 prompt=14 target=24 avg_nll=0.904804 lcp=0 api_target_mae=0.904804 api_top_coverage=96/120 api_top1=0.667 api_topn=0.260 api_pair=1.000
ds4: ROCm q8 fp16 cache budget exhausted; using q8 kernels (request=64.00 MiB cached=0.00 GiB free=0.42 GiB reserve=1.59 GiB total=31.86 GiB)
ds4: ROCm q8 fp16 cache budget exhausted; using q8 kernels (request=64.00 MiB cached=0.00 GiB free=0.42 GiB reserve=1.59 GiB total=31.86 GiB)
ds4: ROCm q8 fp16 cache budget exhausted; using q8 kernels (request=64.00 MiB cached=0.00 GiB free=0.42 GiB reserve=1.59 GiB total=31.86 GiB)
ds4: ROCm q8 fp16 cache budget exhausted; using q8 kernels (request=64.00 MiB cached=0.00 GiB free=0.42 GiB reserve=1.59 GiB total=31.86 GiB)
ds4: ROCm q8 fp16 cache budget exhausted; using q8 kernels (request=64.00 MiB cached=0.00 GiB free=0.42 GiB reserve=1.59 GiB total=31.86 GiB)
ds4: ROCm q8 fp16 cache budget exhausted; using q8 kernels (request=64.00 MiB cached=0.00 GiB free=0.42 GiB reserve=1.59 GiB total=31.86 GiB)
ds4: ROCm q8 fp16 cache budget exhausted; using q8 kernels (request=64.00 MiB cached=0.00 GiB free=0.42 GiB reserve=1.59 GiB total=31.86 GiB)
ds4: ROCm q8 fp16 cache budget exhausted; using q8 kernels (request=64.00 MiB cached=0.00 GiB free=0.42 GiB reserve=1.59 GiB total=31.86 GiB)
ds4: ROCm q8 fp16 cache budget exhausted; using q8 kernels (request=64.00 MiB cached=0.00 GiB free=0.42 GiB reserve=1.59 GiB total=31.86 GiB)
ds4: ROCm q8 fp16 cache budget exhausted; using q8 kernels (request=64.00 MiB cached=0.00 GiB free=0.42 GiB reserve=1.59 GiB total=31.86 GiB)
ds4: ROCm q8 fp16 cache budget exhausted; using q8 kernels (request=64.00 MiB cached=0.00 GiB free=0.42 GiB reserve=1.59 GiB total=31.86 GiB)
ds4: ROCm q8 fp16 cache budget exhausted; using q8 kernels (request=64.00 MiB cached=0.00 GiB free=0.42 GiB reserve=1.59 GiB total=31.86 GiB)
ds4: ROCm q8 fp16 cache budget exhausted; using q8 kernels (request=64.00 MiB cached=0.00 GiB free=0.42 GiB reserve=1.59 GiB total=31.86 GiB)
ds4: ROCm q8 fp16 cache budget exhausted; using q8 kernels (request=64.00 MiB cached=0.00 GiB free=0.42 GiB reserve=1.59 GiB total=31.86 GiB)
ds4: ROCm q8 fp16 cache budget exhausted; using q8 kernels (request=64.00 MiB cached=0.00 GiB free=0.42 GiB reserve=1.59 GiB total=31.86 GiB)
ds4: ROCm q8 fp16 cache budget exhausted; using q8 kernels (request=64.00 MiB cached=0.00 GiB free=0.42 GiB reserve=1.59 GiB total=31.86 GiB)
ds4: ROCm q8 fp16 cache budget exhausted; using q8 kernels (request=64.00 MiB cached=0.00 GiB free=0.42 GiB reserve=1.59 GiB total=31.86 GiB)
ds4: ROCm q8 fp16 cache budget exhausted; using q8 kernels (request=64.00 MiB cached=0.00 GiB free=0.42 GiB reserve=1.59 GiB total=31.86 GiB)
ds4: ROCm q8 fp16 cache budget exhausted; using q8 kernels (request=64.00 MiB cached=0.00 GiB free=0.42 GiB reserve=1.59 GiB total=31.86 GiB)
ds4: ROCm q8 fp16 cache budget exhausted; using q8 kernels (request=64.00 MiB cached=0.00 GiB free=0.42 GiB reserve=1.59 GiB total=31.86 GiB)
ds4: ROCm q8 fp16 cache budget exhausted; using q8 kernels (request=64.00 MiB cached=0.00 GiB free=0.42 GiB reserve=1.59 GiB total=31.86 GiB)
ds4: ROCm q8 fp16 cache budget exhausted; using q8 kernels (request=64.00 MiB cached=0.00 GiB free=0.42 GiB reserve=1.59 GiB total=31.86 GiB)
ds4: ROCm q8 fp16 cache budget exhausted; using q8 kernels (request=64.00 MiB cached=0.00 GiB free=0.42 GiB reserve=1.59 GiB total=31.86 GiB)
ds4: ROCm q8 fp16 cache budget exhausted; using q8 kernels (request=64.00 MiB cached=0.00 GiB free=0.42 GiB reserve=1.59 GiB total=31.86 GiB)
ds4: ROCm q8 fp16 cache budget exhausted; using q8 kernels (request=64.00 MiB cached=0.00 GiB free=0.42 GiB reserve=1.59 GiB total=31.86 GiB)
ds4: ROCm q8 fp16 cache budget exhausted; using q8 kernels (request=64.00 MiB cached=0.00 GiB free=0.42 GiB reserve=1.59 GiB total=31.86 GiB)
ds4: ROCm q8 fp16 cache budget exhausted; using q8 kernels (request=64.00 MiB cached=0.00 GiB free=0.42 GiB reserve=1.59 GiB total=31.86 GiB)
ds4: ROCm q8 fp16 cache budget exhausted; using q8 kernels (request=64.00 MiB cached=0.00 GiB free=0.42 GiB reserve=1.59 GiB total=31.86 GiB)
ds4: ROCm q8 fp16 cache budget exhausted; using q8 kernels (request=64.00 MiB cached=0.00 GiB free=0.42 GiB reserve=1.59 GiB total=31.86 GiB)
ds4: ROCm q8 fp16 cache budget exhausted; using q8 kernels (request=64.00 MiB cached=0.00 GiB free=0.42 GiB reserve=1.59 GiB total=31.86 GiB)
ds4: ROCm q8 fp16 cache budget exhausted; using q8 kernels (request=64.00 MiB cached=0.00 GiB free=0.42 GiB reserve=1.59 GiB total=31.86 GiB)
ds4: ROCm q8 fp16 cache budget exhausted; using q8 kernels (request=64.00 MiB cached=0.00 GiB free=0.42 GiB reserve=1.59 GiB total=31.86 GiB)
ds4: ROCm q8 fp16 cache budget exhausted; using q8 kernels (request=64.00 MiB cached=0.00 GiB free=0.42 GiB reserve=1.59 GiB total=31.86 GiB)
ds4: ROCm q8 fp16 cache budget exhausted; using q8 kernels (request=64.00 MiB cached=0.00 GiB free=0.42 GiB reserve=1.59 GiB total=31.86 GiB)
ds4: ROCm q8 fp16 cache budget exhausted; using q8 kernels (request=64.00 MiB cached=0.00 GiB free=0.42 GiB reserve=1.59 GiB total=31.86 GiB)
ds4: ROCm q8 fp16 cache budget exhausted; using q8 kernels (request=64.00 MiB cached=0.00 GiB free=0.42 GiB reserve=1.59 GiB total=31.86 GiB)
ds4: ROCm q8 fp16 cache budget exhausted; using q8 kernels (request=64.00 MiB cached=0.00 GiB free=0.42 GiB reserve=1.59 GiB total=31.86 GiB)
ds4: ROCm q8 fp16 cache budget exhausted; using q8 kernels (request=64.00 MiB cached=0.00 GiB free=0.42 GiB reserve=1.59 GiB total=31.86 GiB)
ds4: ROCm q8 fp16 cache budget exhausted; using q8 kernels (request=64.00 MiB cached=0.00 GiB free=0.42 GiB reserve=1.59 GiB total=31.86 GiB)
ds4: ROCm q8 fp16 cache budget exhausted; using q8 kernels (request=64.00 MiB cached=0.00 GiB free=0.42 GiB reserve=1.59 GiB total=31.86 GiB)
ds4: ROCm q8 fp16 cache budget exhausted; using q8 kernels (request=64.00 MiB cached=0.00 GiB free=0.42 GiB reserve=1.59 GiB total=31.86 GiB)
ds4: ROCm q8 fp16 cache budget exhausted; using q8 kernels (request=64.00 MiB cached=0.00 GiB free=0.42 GiB reserve=1.59 GiB total=31.86 GiB)
ds4: ROCm q8 fp16 cache budget exhausted; using q8 kernels (request=64.00 MiB cached=0.00 GiB free=0.42 GiB reserve=1.59 GiB total=31.86 GiB)
case_092 cases=93 prompt=15 target=24 avg_nll=0.112946 lcp=20 api_target_mae=0.112946 api_top_coverage=97/120 api_top1=0.917 api_topn=0.258 api_pair=1.000
ds4: ROCm q8 fp16 cache budget exhausted; using q8 kernels (request=64.00 MiB cached=0.00 GiB free=0.42 GiB reserve=1.59 GiB total=31.86 GiB)
ds4: ROCm q8 fp16 cache budget exhausted; using q8 kernels (request=64.00 MiB cached=0.00 GiB free=0.42 GiB reserve=1.59 GiB total=31.86 GiB)
ds4: ROCm q8 fp16 cache budget exhausted; using q8 kernels (request=64.00 MiB cached=0.00 GiB free=0.42 GiB reserve=1.59 GiB total=31.86 GiB)
ds4: ROCm q8 fp16 cache budget exhausted; using q8 kernels (request=64.00 MiB cached=0.00 GiB free=0.42 GiB reserve=1.59 GiB total=31.86 GiB)
ds4: ROCm q8 fp16 cache budget exhausted; using q8 kernels (request=64.00 MiB cached=0.00 GiB free=0.42 GiB reserve=1.59 GiB total=31.86 GiB)
ds4: ROCm q8 fp16 cache budget exhausted; using q8 kernels (request=64.00 MiB cached=0.00 GiB free=0.42 GiB reserve=1.59 GiB total=31.86 GiB)
ds4: ROCm q8 fp16 cache budget exhausted; using q8 kernels (request=64.00 MiB cached=0.00 GiB free=0.42 GiB reserve=1.59 GiB total=31.86 GiB)
ds4: ROCm q8 fp16 cache budget exhausted; using q8 kernels (request=64.00 MiB cached=0.00 GiB free=0.42 GiB reserve=1.59 GiB total=31.86 GiB)
ds4: ROCm q8 fp16 cache budget exhausted; using q8 kernels (request=64.00 MiB cached=0.00 GiB free=0.42 GiB reserve=1.59 GiB total=31.86 GiB)
ds4: ROCm q8 fp16 cache budget exhausted; using q8 kernels (request=64.00 MiB cached=0.00 GiB free=0.42 GiB reserve=1.59 GiB total=31.86 GiB)
ds4: ROCm q8 fp16 cache budget exhausted; using q8 kernels (request=64.00 MiB cached=0.00 GiB free=0.42 GiB reserve=1.59 GiB total=31.86 GiB)
ds4: ROCm q8 fp16 cache budget exhausted; using q8 kernels (request=64.00 MiB cached=0.00 GiB free=0.42 GiB reserve=1.59 GiB total=31.86 GiB)
ds4: ROCm q8 fp16 cache budget exhausted; using q8 kernels (request=64.00 MiB cached=0.00 GiB free=0.42 GiB reserve=1.59 GiB total=31.86 GiB)
ds4: ROCm q8 fp16 cache budget exhausted; using q8 kernels (request=64.00 MiB cached=0.00 GiB free=0.42 GiB reserve=1.59 GiB total=31.86 GiB)
ds4: ROCm q8 fp16 cache budget exhausted; using q8 kernels (request=64.00 MiB cached=0.00 GiB free=0.42 GiB reserve=1.59 GiB total=31.86 GiB)
ds4: ROCm q8 fp16 cache budget exhausted; using q8 kernels (request=64.00 MiB cached=0.00 GiB free=0.42 GiB reserve=1.59 GiB total=31.86 GiB)
ds4: ROCm q8 fp16 cache budget exhausted; using q8 kernels (request=64.00 MiB cached=0.00 GiB free=0.42 GiB reserve=1.59 GiB total=31.86 GiB)
ds4: ROCm q8 fp16 cache budget exhausted; using q8 kernels (request=64.00 MiB cached=0.00 GiB free=0.42 GiB reserve=1.59 GiB total=31.86 GiB)
ds4: ROCm q8 fp16 cache budget exhausted; using q8 kernels (request=64.00 MiB cached=0.00 GiB free=0.42 GiB reserve=1.59 GiB total=31.86 GiB)
ds4: ROCm q8 fp16 cache budget exhausted; using q8 kernels (request=64.00 MiB cached=0.00 GiB free=0.42 GiB reserve=1.59 GiB total=31.86 GiB)
ds4: ROCm q8 fp16 cache budget exhausted; using q8 kernels (request=64.00 MiB cached=0.00 GiB free=0.42 GiB reserve=1.59 GiB total=31.86 GiB)
ds4: ROCm q8 fp16 cache budget exhausted; using q8 kernels (request=64.00 MiB cached=0.00 GiB free=0.42 GiB reserve=1.59 GiB total=31.86 GiB)
ds4: ROCm q8 fp16 cache budget exhausted; using q8 kernels (request=64.00 MiB cached=0.00 GiB free=0.42 GiB reserve=1.59 GiB total=31.86 GiB)
ds4: ROCm q8 fp16 cache budget exhausted; using q8 kernels (request=64.00 MiB cached=0.00 GiB free=0.42 GiB reserve=1.59 GiB total=31.86 GiB)
ds4: ROCm q8 fp16 cache budget exhausted; using q8 kernels (request=64.00 MiB cached=0.00 GiB free=0.42 GiB reserve=1.59 GiB total=31.86 GiB)
ds4: ROCm q8 fp16 cache budget exhausted; using q8 kernels (request=64.00 MiB cached=0.00 GiB free=0.42 GiB reserve=1.59 GiB total=31.86 GiB)
ds4: ROCm q8 fp16 cache budget exhausted; using q8 kernels (request=64.00 MiB cached=0.00 GiB free=0.42 GiB reserve=1.59 GiB total=31.86 GiB)
ds4: ROCm q8 fp16 cache budget exhausted; using q8 kernels (request=64.00 MiB cached=0.00 GiB free=0.42 GiB reserve=1.59 GiB total=31.86 GiB)
ds4: ROCm q8 fp16 cache budget exhausted; using q8 kernels (request=64.00 MiB cached=0.00 GiB free=0.42 GiB reserve=1.59 GiB total=31.86 GiB)
ds4: ROCm q8 fp16 cache budget exhausted; using q8 kernels (request=64.00 MiB cached=0.00 GiB free=0.42 GiB reserve=1.59 GiB total=31.86 GiB)
ds4: ROCm q8 fp16 cache budget exhausted; using q8 kernels (request=64.00 MiB cached=0.00 GiB free=0.42 GiB reserve=1.59 GiB total=31.86 GiB)
ds4: ROCm q8 fp16 cache budget exhausted; using q8 kernels (request=64.00 MiB cached=0.00 GiB free=0.42 GiB reserve=1.59 GiB total=31.86 GiB)
ds4: ROCm q8 fp16 cache budget exhausted; using q8 kernels (request=64.00 MiB cached=0.00 GiB free=0.42 GiB reserve=1.59 GiB total=31.86 GiB)
ds4: ROCm q8 fp16 cache budget exhausted; using q8 kernels (request=64.00 MiB cached=0.00 GiB free=0.42 GiB reserve=1.59 GiB total=31.86 GiB)
ds4: ROCm q8 fp16 cache budget exhausted; using q8 kernels (request=64.00 MiB cached=0.00 GiB free=0.42 GiB reserve=1.59 GiB total=31.86 GiB)
ds4: ROCm q8 fp16 cache budget exhausted; using q8 kernels (request=64.00 MiB cached=0.00 GiB free=0.42 GiB reserve=1.59 GiB total=31.86 GiB)
ds4: ROCm q8 fp16 cache budget exhausted; using q8 kernels (request=64.00 MiB cached=0.00 GiB free=0.42 GiB reserve=1.59 GiB total=31.86 GiB)
ds4: ROCm q8 fp16 cache budget exhausted; using q8 kernels (request=64.00 MiB cached=0.00 GiB free=0.42 GiB reserve=1.59 GiB total=31.86 GiB)
ds4: ROCm q8 fp16 cache budget exhausted; using q8 kernels (request=64.00 MiB cached=0.00 GiB free=0.42 GiB reserve=1.59 GiB total=31.86 GiB)
ds4: ROCm q8 fp16 cache budget exhausted; using q8 kernels (request=64.00 MiB cached=0.00 GiB free=0.42 GiB reserve=1.59 GiB total=31.86 GiB)
ds4: ROCm q8 fp16 cache budget exhausted; using q8 kernels (request=64.00 MiB cached=0.00 GiB free=0.42 GiB reserve=1.59 GiB total=31.86 GiB)
ds4: ROCm q8 fp16 cache budget exhausted; using q8 kernels (request=64.00 MiB cached=0.00 GiB free=0.42 GiB reserve=1.59 GiB total=31.86 GiB)
ds4: ROCm q8 fp16 cache budget exhausted; using q8 kernels (request=64.00 MiB cached=0.00 GiB free=0.42 GiB reserve=1.59 GiB total=31.86 GiB)
case_093 cases=94 prompt=17 target=24 avg_nll=0.556134 lcp=0 api_target_mae=0.556134 api_top_coverage=99/120 api_top1=0.792 api_topn=0.263 api_pair=0.960
ds4: ROCm q8 fp16 cache budget exhausted; using q8 kernels (request=64.00 MiB cached=0.00 GiB free=0.42 GiB reserve=1.59 GiB total=31.86 GiB)
ds4: ROCm q8 fp16 cache budget exhausted; using q8 kernels (request=64.00 MiB cached=0.00 GiB free=0.42 GiB reserve=1.59 GiB total=31.86 GiB)
ds4: ROCm q8 fp16 cache budget exhausted; using q8 kernels (request=64.00 MiB cached=0.00 GiB free=0.42 GiB reserve=1.59 GiB total=31.86 GiB)
ds4: ROCm q8 fp16 cache budget exhausted; using q8 kernels (request=64.00 MiB cached=0.00 GiB free=0.42 GiB reserve=1.59 GiB total=31.86 GiB)
ds4: ROCm q8 fp16 cache budget exhausted; using q8 kernels (request=64.00 MiB cached=0.00 GiB free=0.42 GiB reserve=1.59 GiB total=31.86 GiB)
ds4: ROCm q8 fp16 cache budget exhausted; using q8 kernels (request=64.00 MiB cached=0.00 GiB free=0.42 GiB reserve=1.59 GiB total=31.86 GiB)
ds4: ROCm q8 fp16 cache budget exhausted; using q8 kernels (request=64.00 MiB cached=0.00 GiB free=0.42 GiB reserve=1.59 GiB total=31.86 GiB)
ds4: ROCm q8 fp16 cache budget exhausted; using q8 kernels (request=64.00 MiB cached=0.00 GiB free=0.42 GiB reserve=1.59 GiB total=31.86 GiB)
ds4: ROCm q8 fp16 cache budget exhausted; using q8 kernels (request=64.00 MiB cached=0.00 GiB free=0.42 GiB reserve=1.59 GiB total=31.86 GiB)
ds4: ROCm q8 fp16 cache budget exhausted; using q8 kernels (request=64.00 MiB cached=0.00 GiB free=0.42 GiB reserve=1.59 GiB total=31.86 GiB)
ds4: ROCm q8 fp16 cache budget exhausted; using q8 kernels (request=64.00 MiB cached=0.00 GiB free=0.42 GiB reserve=1.59 GiB total=31.86 GiB)
ds4: ROCm q8 fp16 cache budget exhausted; using q8 kernels (request=64.00 MiB cached=0.00 GiB free=0.42 GiB reserve=1.59 GiB total=31.86 GiB)
ds4: ROCm q8 fp16 cache budget exhausted; using q8 kernels (request=64.00 MiB cached=0.00 GiB free=0.42 GiB reserve=1.59 GiB total=31.86 GiB)
ds4: ROCm q8 fp16 cache budget exhausted; using q8 kernels (request=64.00 MiB cached=0.00 GiB free=0.42 GiB reserve=1.59 GiB total=31.86 GiB)
ds4: ROCm q8 fp16 cache budget exhausted; using q8 kernels (request=64.00 MiB cached=0.00 GiB free=0.42 GiB reserve=1.59 GiB total=31.86 GiB)
ds4: ROCm q8 fp16 cache budget exhausted; using q8 kernels (request=64.00 MiB cached=0.00 GiB free=0.42 GiB reserve=1.59 GiB total=31.86 GiB)
ds4: ROCm q8 fp16 cache budget exhausted; using q8 kernels (request=64.00 MiB cached=0.00 GiB free=0.42 GiB reserve=1.59 GiB total=31.86 GiB)
ds4: ROCm q8 fp16 cache budget exhausted; using q8 kernels (request=64.00 MiB cached=0.00 GiB free=0.42 GiB reserve=1.59 GiB total=31.86 GiB)
ds4: ROCm q8 fp16 cache budget exhausted; using q8 kernels (request=64.00 MiB cached=0.00 GiB free=0.42 GiB reserve=1.59 GiB total=31.86 GiB)
ds4: ROCm q8 fp16 cache budget exhausted; using q8 kernels (request=64.00 MiB cached=0.00 GiB free=0.42 GiB reserve=1.59 GiB total=31.86 GiB)
ds4: ROCm q8 fp16 cache budget exhausted; using q8 kernels (request=64.00 MiB cached=0.00 GiB free=0.42 GiB reserve=1.59 GiB total=31.86 GiB)
ds4: ROCm q8 fp16 cache budget exhausted; using q8 kernels (request=64.00 MiB cached=0.00 GiB free=0.42 GiB reserve=1.59 GiB total=31.86 GiB)
ds4: ROCm q8 fp16 cache budget exhausted; using q8 kernels (request=64.00 MiB cached=0.00 GiB free=0.42 GiB reserve=1.59 GiB total=31.86 GiB)
ds4: ROCm q8 fp16 cache budget exhausted; using q8 kernels (request=64.00 MiB cached=0.00 GiB free=0.42 GiB reserve=1.59 GiB total=31.86 GiB)
ds4: ROCm q8 fp16 cache budget exhausted; using q8 kernels (request=64.00 MiB cached=0.00 GiB free=0.42 GiB reserve=1.59 GiB total=31.86 GiB)
ds4: ROCm q8 fp16 cache budget exhausted; using q8 kernels (request=64.00 MiB cached=0.00 GiB free=0.42 GiB reserve=1.59 GiB total=31.86 GiB)
ds4: ROCm q8 fp16 cache budget exhausted; using q8 kernels (request=64.00 MiB cached=0.00 GiB free=0.42 GiB reserve=1.59 GiB total=31.86 GiB)
ds4: ROCm q8 fp16 cache budget exhausted; using q8 kernels (request=64.00 MiB cached=0.00 GiB free=0.42 GiB reserve=1.59 GiB total=31.86 GiB)
ds4: ROCm q8 fp16 cache budget exhausted; using q8 kernels (request=64.00 MiB cached=0.00 GiB free=0.42 GiB reserve=1.59 GiB total=31.86 GiB)
ds4: ROCm q8 fp16 cache budget exhausted; using q8 kernels (request=64.00 MiB cached=0.00 GiB free=0.42 GiB reserve=1.59 GiB total=31.86 GiB)
ds4: ROCm q8 fp16 cache budget exhausted; using q8 kernels (request=64.00 MiB cached=0.00 GiB free=0.42 GiB reserve=1.59 GiB total=31.86 GiB)
ds4: ROCm q8 fp16 cache budget exhausted; using q8 kernels (request=64.00 MiB cached=0.00 GiB free=0.42 GiB reserve=1.59 GiB total=31.86 GiB)
ds4: ROCm q8 fp16 cache budget exhausted; using q8 kernels (request=64.00 MiB cached=0.00 GiB free=0.42 GiB reserve=1.59 GiB total=31.86 GiB)
ds4: ROCm q8 fp16 cache budget exhausted; using q8 kernels (request=64.00 MiB cached=0.00 GiB free=0.42 GiB reserve=1.59 GiB total=31.86 GiB)
ds4: ROCm q8 fp16 cache budget exhausted; using q8 kernels (request=64.00 MiB cached=0.00 GiB free=0.42 GiB reserve=1.59 GiB total=31.86 GiB)
ds4: ROCm q8 fp16 cache budget exhausted; using q8 kernels (request=64.00 MiB cached=0.00 GiB free=0.42 GiB reserve=1.59 GiB total=31.86 GiB)
ds4: ROCm q8 fp16 cache budget exhausted; using q8 kernels (request=64.00 MiB cached=0.00 GiB free=0.42 GiB reserve=1.59 GiB total=31.86 GiB)
ds4: ROCm q8 fp16 cache budget exhausted; using q8 kernels (request=64.00 MiB cached=0.00 GiB free=0.42 GiB reserve=1.59 GiB total=31.86 GiB)
ds4: ROCm q8 fp16 cache budget exhausted; using q8 kernels (request=64.00 MiB cached=0.00 GiB free=0.42 GiB reserve=1.59 GiB total=31.86 GiB)
ds4: ROCm q8 fp16 cache budget exhausted; using q8 kernels (request=64.00 MiB cached=0.00 GiB free=0.42 GiB reserve=1.59 GiB total=31.86 GiB)
ds4: ROCm q8 fp16 cache budget exhausted; using q8 kernels (request=64.00 MiB cached=0.00 GiB free=0.42 GiB reserve=1.59 GiB total=31.86 GiB)
ds4: ROCm q8 fp16 cache budget exhausted; using q8 kernels (request=64.00 MiB cached=0.00 GiB free=0.42 GiB reserve=1.59 GiB total=31.86 GiB)
ds4: ROCm q8 fp16 cache budget exhausted; using q8 kernels (request=64.00 MiB cached=0.00 GiB free=0.42 GiB reserve=1.59 GiB total=31.86 GiB)
case_094 cases=95 prompt=16 target=1 avg_nll=4.475248 lcp=0 api_target_mae=4.475248 api_top_coverage=5/5 api_top1=0.000 api_topn=0.400 api_pair=0.750
ds4: ROCm q8 fp16 cache budget exhausted; using q8 kernels (request=64.00 MiB cached=0.00 GiB free=0.42 GiB reserve=1.59 GiB total=31.86 GiB)
ds4: ROCm q8 fp16 cache budget exhausted; using q8 kernels (request=64.00 MiB cached=0.00 GiB free=0.42 GiB reserve=1.59 GiB total=31.86 GiB)
ds4: ROCm q8 fp16 cache budget exhausted; using q8 kernels (request=64.00 MiB cached=0.00 GiB free=0.42 GiB reserve=1.59 GiB total=31.86 GiB)
ds4: ROCm q8 fp16 cache budget exhausted; using q8 kernels (request=64.00 MiB cached=0.00 GiB free=0.42 GiB reserve=1.59 GiB total=31.86 GiB)
ds4: ROCm q8 fp16 cache budget exhausted; using q8 kernels (request=64.00 MiB cached=0.00 GiB free=0.42 GiB reserve=1.59 GiB total=31.86 GiB)
ds4: ROCm q8 fp16 cache budget exhausted; using q8 kernels (request=64.00 MiB cached=0.00 GiB free=0.42 GiB reserve=1.59 GiB total=31.86 GiB)
ds4: ROCm q8 fp16 cache budget exhausted; using q8 kernels (request=64.00 MiB cached=0.00 GiB free=0.42 GiB reserve=1.59 GiB total=31.86 GiB)
ds4: ROCm q8 fp16 cache budget exhausted; using q8 kernels (request=64.00 MiB cached=0.00 GiB free=0.42 GiB reserve=1.59 GiB total=31.86 GiB)
ds4: ROCm q8 fp16 cache budget exhausted; using q8 kernels (request=64.00 MiB cached=0.00 GiB free=0.42 GiB reserve=1.59 GiB total=31.86 GiB)
ds4: ROCm q8 fp16 cache budget exhausted; using q8 kernels (request=64.00 MiB cached=0.00 GiB free=0.42 GiB reserve=1.59 GiB total=31.86 GiB)
ds4: ROCm q8 fp16 cache budget exhausted; using q8 kernels (request=64.00 MiB cached=0.00 GiB free=0.42 GiB reserve=1.59 GiB total=31.86 GiB)
ds4: ROCm q8 fp16 cache budget exhausted; using q8 kernels (request=64.00 MiB cached=0.00 GiB free=0.42 GiB reserve=1.59 GiB total=31.86 GiB)
ds4: ROCm q8 fp16 cache budget exhausted; using q8 kernels (request=64.00 MiB cached=0.00 GiB free=0.42 GiB reserve=1.59 GiB total=31.86 GiB)
ds4: ROCm q8 fp16 cache budget exhausted; using q8 kernels (request=64.00 MiB cached=0.00 GiB free=0.42 GiB reserve=1.59 GiB total=31.86 GiB)
ds4: ROCm q8 fp16 cache budget exhausted; using q8 kernels (request=64.00 MiB cached=0.00 GiB free=0.42 GiB reserve=1.59 GiB total=31.86 GiB)
ds4: ROCm q8 fp16 cache budget exhausted; using q8 kernels (request=64.00 MiB cached=0.00 GiB free=0.42 GiB reserve=1.59 GiB total=31.86 GiB)
ds4: ROCm q8 fp16 cache budget exhausted; using q8 kernels (request=64.00 MiB cached=0.00 GiB free=0.42 GiB reserve=1.59 GiB total=31.86 GiB)
ds4: ROCm q8 fp16 cache budget exhausted; using q8 kernels (request=64.00 MiB cached=0.00 GiB free=0.42 GiB reserve=1.59 GiB total=31.86 GiB)
ds4: ROCm q8 fp16 cache budget exhausted; using q8 kernels (request=64.00 MiB cached=0.00 GiB free=0.42 GiB reserve=1.59 GiB total=31.86 GiB)
ds4: ROCm q8 fp16 cache budget exhausted; using q8 kernels (request=64.00 MiB cached=0.00 GiB free=0.42 GiB reserve=1.59 GiB total=31.86 GiB)
ds4: ROCm q8 fp16 cache budget exhausted; using q8 kernels (request=64.00 MiB cached=0.00 GiB free=0.42 GiB reserve=1.59 GiB total=31.86 GiB)
ds4: ROCm q8 fp16 cache budget exhausted; using q8 kernels (request=64.00 MiB cached=0.00 GiB free=0.42 GiB reserve=1.59 GiB total=31.86 GiB)
ds4: ROCm q8 fp16 cache budget exhausted; using q8 kernels (request=64.00 MiB cached=0.00 GiB free=0.42 GiB reserve=1.59 GiB total=31.86 GiB)
ds4: ROCm q8 fp16 cache budget exhausted; using q8 kernels (request=64.00 MiB cached=0.00 GiB free=0.42 GiB reserve=1.59 GiB total=31.86 GiB)
ds4: ROCm q8 fp16 cache budget exhausted; using q8 kernels (request=64.00 MiB cached=0.00 GiB free=0.42 GiB reserve=1.59 GiB total=31.86 GiB)
ds4: ROCm q8 fp16 cache budget exhausted; using q8 kernels (request=64.00 MiB cached=0.00 GiB free=0.42 GiB reserve=1.59 GiB total=31.86 GiB)
ds4: ROCm q8 fp16 cache budget exhausted; using q8 kernels (request=64.00 MiB cached=0.00 GiB free=0.42 GiB reserve=1.59 GiB total=31.86 GiB)
ds4: ROCm q8 fp16 cache budget exhausted; using q8 kernels (request=64.00 MiB cached=0.00 GiB free=0.42 GiB reserve=1.59 GiB total=31.86 GiB)
ds4: ROCm q8 fp16 cache budget exhausted; using q8 kernels (request=64.00 MiB cached=0.00 GiB free=0.42 GiB reserve=1.59 GiB total=31.86 GiB)
ds4: ROCm q8 fp16 cache budget exhausted; using q8 kernels (request=64.00 MiB cached=0.00 GiB free=0.42 GiB reserve=1.59 GiB total=31.86 GiB)
ds4: ROCm q8 fp16 cache budget exhausted; using q8 kernels (request=64.00 MiB cached=0.00 GiB free=0.42 GiB reserve=1.59 GiB total=31.86 GiB)
ds4: ROCm q8 fp16 cache budget exhausted; using q8 kernels (request=64.00 MiB cached=0.00 GiB free=0.42 GiB reserve=1.59 GiB total=31.86 GiB)
ds4: ROCm q8 fp16 cache budget exhausted; using q8 kernels (request=64.00 MiB cached=0.00 GiB free=0.42 GiB reserve=1.59 GiB total=31.86 GiB)
ds4: ROCm q8 fp16 cache budget exhausted; using q8 kernels (request=64.00 MiB cached=0.00 GiB free=0.42 GiB reserve=1.59 GiB total=31.86 GiB)
ds4: ROCm q8 fp16 cache budget exhausted; using q8 kernels (request=64.00 MiB cached=0.00 GiB free=0.42 GiB reserve=1.59 GiB total=31.86 GiB)
ds4: ROCm q8 fp16 cache budget exhausted; using q8 kernels (request=64.00 MiB cached=0.00 GiB free=0.42 GiB reserve=1.59 GiB total=31.86 GiB)
ds4: ROCm q8 fp16 cache budget exhausted; using q8 kernels (request=64.00 MiB cached=0.00 GiB free=0.42 GiB reserve=1.59 GiB total=31.86 GiB)
ds4: ROCm q8 fp16 cache budget exhausted; using q8 kernels (request=64.00 MiB cached=0.00 GiB free=0.42 GiB reserve=1.59 GiB total=31.86 GiB)
ds4: ROCm q8 fp16 cache budget exhausted; using q8 kernels (request=64.00 MiB cached=0.00 GiB free=0.42 GiB reserve=1.59 GiB total=31.86 GiB)
ds4: ROCm q8 fp16 cache budget exhausted; using q8 kernels (request=64.00 MiB cached=0.00 GiB free=0.42 GiB reserve=1.59 GiB total=31.86 GiB)
ds4: ROCm q8 fp16 cache budget exhausted; using q8 kernels (request=64.00 MiB cached=0.00 GiB free=0.42 GiB reserve=1.59 GiB total=31.86 GiB)
ds4: ROCm q8 fp16 cache budget exhausted; using q8 kernels (request=64.00 MiB cached=0.00 GiB free=0.42 GiB reserve=1.59 GiB total=31.86 GiB)
ds4: ROCm q8 fp16 cache budget exhausted; using q8 kernels (request=64.00 MiB cached=0.00 GiB free=0.42 GiB reserve=1.59 GiB total=31.86 GiB)
case_095 cases=96 prompt=17 target=13 avg_nll=0.027202 lcp=13 api_target_mae=0.027202 api_top_coverage=52/65 api_top1=1.000 api_topn=0.250 api_pair=1.000
ds4: ROCm q8 fp16 cache budget exhausted; using q8 kernels (request=64.00 MiB cached=0.00 GiB free=0.42 GiB reserve=1.59 GiB total=31.86 GiB)
ds4: ROCm q8 fp16 cache budget exhausted; using q8 kernels (request=64.00 MiB cached=0.00 GiB free=0.42 GiB reserve=1.59 GiB total=31.86 GiB)
ds4: ROCm q8 fp16 cache budget exhausted; using q8 kernels (request=64.00 MiB cached=0.00 GiB free=0.42 GiB reserve=1.59 GiB total=31.86 GiB)
ds4: ROCm q8 fp16 cache budget exhausted; using q8 kernels (request=64.00 MiB cached=0.00 GiB free=0.42 GiB reserve=1.59 GiB total=31.86 GiB)
ds4: ROCm q8 fp16 cache budget exhausted; using q8 kernels (request=64.00 MiB cached=0.00 GiB free=0.42 GiB reserve=1.59 GiB total=31.86 GiB)
ds4: ROCm q8 fp16 cache budget exhausted; using q8 kernels (request=64.00 MiB cached=0.00 GiB free=0.42 GiB reserve=1.59 GiB total=31.86 GiB)
ds4: ROCm q8 fp16 cache budget exhausted; using q8 kernels (request=64.00 MiB cached=0.00 GiB free=0.42 GiB reserve=1.59 GiB total=31.86 GiB)
ds4: ROCm q8 fp16 cache budget exhausted; using q8 kernels (request=64.00 MiB cached=0.00 GiB free=0.42 GiB reserve=1.59 GiB total=31.86 GiB)
ds4: ROCm q8 fp16 cache budget exhausted; using q8 kernels (request=64.00 MiB cached=0.00 GiB free=0.42 GiB reserve=1.59 GiB total=31.86 GiB)
ds4: ROCm q8 fp16 cache budget exhausted; using q8 kernels (request=64.00 MiB cached=0.00 GiB free=0.42 GiB reserve=1.59 GiB total=31.86 GiB)
ds4: ROCm q8 fp16 cache budget exhausted; using q8 kernels (request=64.00 MiB cached=0.00 GiB free=0.42 GiB reserve=1.59 GiB total=31.86 GiB)
ds4: ROCm q8 fp16 cache budget exhausted; using q8 kernels (request=64.00 MiB cached=0.00 GiB free=0.42 GiB reserve=1.59 GiB total=31.86 GiB)
ds4: ROCm q8 fp16 cache budget exhausted; using q8 kernels (request=64.00 MiB cached=0.00 GiB free=0.42 GiB reserve=1.59 GiB total=31.86 GiB)
ds4: ROCm q8 fp16 cache budget exhausted; using q8 kernels (request=64.00 MiB cached=0.00 GiB free=0.42 GiB reserve=1.59 GiB total=31.86 GiB)
ds4: ROCm q8 fp16 cache budget exhausted; using q8 kernels (request=64.00 MiB cached=0.00 GiB free=0.42 GiB reserve=1.59 GiB total=31.86 GiB)
ds4: ROCm q8 fp16 cache budget exhausted; using q8 kernels (request=64.00 MiB cached=0.00 GiB free=0.42 GiB reserve=1.59 GiB total=31.86 GiB)
ds4: ROCm q8 fp16 cache budget exhausted; using q8 kernels (request=64.00 MiB cached=0.00 GiB free=0.42 GiB reserve=1.59 GiB total=31.86 GiB)
ds4: ROCm q8 fp16 cache budget exhausted; using q8 kernels (request=64.00 MiB cached=0.00 GiB free=0.42 GiB reserve=1.59 GiB total=31.86 GiB)
ds4: ROCm q8 fp16 cache budget exhausted; using q8 kernels (request=64.00 MiB cached=0.00 GiB free=0.42 GiB reserve=1.59 GiB total=31.86 GiB)
ds4: ROCm q8 fp16 cache budget exhausted; using q8 kernels (request=64.00 MiB cached=0.00 GiB free=0.42 GiB reserve=1.59 GiB total=31.86 GiB)
ds4: ROCm q8 fp16 cache budget exhausted; using q8 kernels (request=64.00 MiB cached=0.00 GiB free=0.42 GiB reserve=1.59 GiB total=31.86 GiB)
ds4: ROCm q8 fp16 cache budget exhausted; using q8 kernels (request=64.00 MiB cached=0.00 GiB free=0.42 GiB reserve=1.59 GiB total=31.86 GiB)
ds4: ROCm q8 fp16 cache budget exhausted; using q8 kernels (request=64.00 MiB cached=0.00 GiB free=0.42 GiB reserve=1.59 GiB total=31.86 GiB)
ds4: ROCm q8 fp16 cache budget exhausted; using q8 kernels (request=64.00 MiB cached=0.00 GiB free=0.42 GiB reserve=1.59 GiB total=31.86 GiB)
ds4: ROCm q8 fp16 cache budget exhausted; using q8 kernels (request=64.00 MiB cached=0.00 GiB free=0.42 GiB reserve=1.59 GiB total=31.86 GiB)
ds4: ROCm q8 fp16 cache budget exhausted; using q8 kernels (request=64.00 MiB cached=0.00 GiB free=0.42 GiB reserve=1.59 GiB total=31.86 GiB)
ds4: ROCm q8 fp16 cache budget exhausted; using q8 kernels (request=64.00 MiB cached=0.00 GiB free=0.42 GiB reserve=1.59 GiB total=31.86 GiB)
ds4: ROCm q8 fp16 cache budget exhausted; using q8 kernels (request=64.00 MiB cached=0.00 GiB free=0.42 GiB reserve=1.59 GiB total=31.86 GiB)
ds4: ROCm q8 fp16 cache budget exhausted; using q8 kernels (request=64.00 MiB cached=0.00 GiB free=0.42 GiB reserve=1.59 GiB total=31.86 GiB)
ds4: ROCm q8 fp16 cache budget exhausted; using q8 kernels (request=64.00 MiB cached=0.00 GiB free=0.42 GiB reserve=1.59 GiB total=31.86 GiB)
ds4: ROCm q8 fp16 cache budget exhausted; using q8 kernels (request=64.00 MiB cached=0.00 GiB free=0.42 GiB reserve=1.59 GiB total=31.86 GiB)
ds4: ROCm q8 fp16 cache budget exhausted; using q8 kernels (request=64.00 MiB cached=0.00 GiB free=0.42 GiB reserve=1.59 GiB total=31.86 GiB)
ds4: ROCm q8 fp16 cache budget exhausted; using q8 kernels (request=64.00 MiB cached=0.00 GiB free=0.42 GiB reserve=1.59 GiB total=31.86 GiB)
ds4: ROCm q8 fp16 cache budget exhausted; using q8 kernels (request=64.00 MiB cached=0.00 GiB free=0.42 GiB reserve=1.59 GiB total=31.86 GiB)
ds4: ROCm q8 fp16 cache budget exhausted; using q8 kernels (request=64.00 MiB cached=0.00 GiB free=0.42 GiB reserve=1.59 GiB total=31.86 GiB)
ds4: ROCm q8 fp16 cache budget exhausted; using q8 kernels (request=64.00 MiB cached=0.00 GiB free=0.42 GiB reserve=1.59 GiB total=31.86 GiB)
ds4: ROCm q8 fp16 cache budget exhausted; using q8 kernels (request=64.00 MiB cached=0.00 GiB free=0.42 GiB reserve=1.59 GiB total=31.86 GiB)
ds4: ROCm q8 fp16 cache budget exhausted; using q8 kernels (request=64.00 MiB cached=0.00 GiB free=0.42 GiB reserve=1.59 GiB total=31.86 GiB)
ds4: ROCm q8 fp16 cache budget exhausted; using q8 kernels (request=64.00 MiB cached=0.00 GiB free=0.42 GiB reserve=1.59 GiB total=31.86 GiB)
ds4: ROCm q8 fp16 cache budget exhausted; using q8 kernels (request=64.00 MiB cached=0.00 GiB free=0.42 GiB reserve=1.59 GiB total=31.86 GiB)
ds4: ROCm q8 fp16 cache budget exhausted; using q8 kernels (request=64.00 MiB cached=0.00 GiB free=0.42 GiB reserve=1.59 GiB total=31.86 GiB)
ds4: ROCm q8 fp16 cache budget exhausted; using q8 kernels (request=64.00 MiB cached=0.00 GiB free=0.42 GiB reserve=1.59 GiB total=31.86 GiB)
ds4: ROCm q8 fp16 cache budget exhausted; using q8 kernels (request=64.00 MiB cached=0.00 GiB free=0.42 GiB reserve=1.59 GiB total=31.86 GiB)
case_096 cases=97 prompt=15 target=6 avg_nll=0.166948 lcp=6 api_target_mae=0.166948 api_top_coverage=24/30 api_top1=1.000 api_topn=0.250 api_pair=1.000
ds4: ROCm q8 fp16 cache budget exhausted; using q8 kernels (request=64.00 MiB cached=0.00 GiB free=0.42 GiB reserve=1.59 GiB total=31.86 GiB)
ds4: ROCm q8 fp16 cache budget exhausted; using q8 kernels (request=64.00 MiB cached=0.00 GiB free=0.42 GiB reserve=1.59 GiB total=31.86 GiB)
ds4: ROCm q8 fp16 cache budget exhausted; using q8 kernels (request=64.00 MiB cached=0.00 GiB free=0.42 GiB reserve=1.59 GiB total=31.86 GiB)
ds4: ROCm q8 fp16 cache budget exhausted; using q8 kernels (request=64.00 MiB cached=0.00 GiB free=0.42 GiB reserve=1.59 GiB total=31.86 GiB)
ds4: ROCm q8 fp16 cache budget exhausted; using q8 kernels (request=64.00 MiB cached=0.00 GiB free=0.42 GiB reserve=1.59 GiB total=31.86 GiB)
ds4: ROCm q8 fp16 cache budget exhausted; using q8 kernels (request=64.00 MiB cached=0.00 GiB free=0.42 GiB reserve=1.59 GiB total=31.86 GiB)
ds4: ROCm q8 fp16 cache budget exhausted; using q8 kernels (request=64.00 MiB cached=0.00 GiB free=0.42 GiB reserve=1.59 GiB total=31.86 GiB)
ds4: ROCm q8 fp16 cache budget exhausted; using q8 kernels (request=64.00 MiB cached=0.00 GiB free=0.42 GiB reserve=1.59 GiB total=31.86 GiB)
ds4: ROCm q8 fp16 cache budget exhausted; using q8 kernels (request=64.00 MiB cached=0.00 GiB free=0.42 GiB reserve=1.59 GiB total=31.86 GiB)
ds4: ROCm q8 fp16 cache budget exhausted; using q8 kernels (request=64.00 MiB cached=0.00 GiB free=0.42 GiB reserve=1.59 GiB total=31.86 GiB)
ds4: ROCm q8 fp16 cache budget exhausted; using q8 kernels (request=64.00 MiB cached=0.00 GiB free=0.42 GiB reserve=1.59 GiB total=31.86 GiB)
ds4: ROCm q8 fp16 cache budget exhausted; using q8 kernels (request=64.00 MiB cached=0.00 GiB free=0.42 GiB reserve=1.59 GiB total=31.86 GiB)
ds4: ROCm q8 fp16 cache budget exhausted; using q8 kernels (request=64.00 MiB cached=0.00 GiB free=0.42 GiB reserve=1.59 GiB total=31.86 GiB)
ds4: ROCm q8 fp16 cache budget exhausted; using q8 kernels (request=64.00 MiB cached=0.00 GiB free=0.42 GiB reserve=1.59 GiB total=31.86 GiB)
ds4: ROCm q8 fp16 cache budget exhausted; using q8 kernels (request=64.00 MiB cached=0.00 GiB free=0.42 GiB reserve=1.59 GiB total=31.86 GiB)
ds4: ROCm q8 fp16 cache budget exhausted; using q8 kernels (request=64.00 MiB cached=0.00 GiB free=0.42 GiB reserve=1.59 GiB total=31.86 GiB)
ds4: ROCm q8 fp16 cache budget exhausted; using q8 kernels (request=64.00 MiB cached=0.00 GiB free=0.42 GiB reserve=1.59 GiB total=31.86 GiB)
ds4: ROCm q8 fp16 cache budget exhausted; using q8 kernels (request=64.00 MiB cached=0.00 GiB free=0.42 GiB reserve=1.59 GiB total=31.86 GiB)
ds4: ROCm q8 fp16 cache budget exhausted; using q8 kernels (request=64.00 MiB cached=0.00 GiB free=0.42 GiB reserve=1.59 GiB total=31.86 GiB)
ds4: ROCm q8 fp16 cache budget exhausted; using q8 kernels (request=64.00 MiB cached=0.00 GiB free=0.42 GiB reserve=1.59 GiB total=31.86 GiB)
ds4: ROCm q8 fp16 cache budget exhausted; using q8 kernels (request=64.00 MiB cached=0.00 GiB free=0.42 GiB reserve=1.59 GiB total=31.86 GiB)
ds4: ROCm q8 fp16 cache budget exhausted; using q8 kernels (request=64.00 MiB cached=0.00 GiB free=0.42 GiB reserve=1.59 GiB total=31.86 GiB)
ds4: ROCm q8 fp16 cache budget exhausted; using q8 kernels (request=64.00 MiB cached=0.00 GiB free=0.42 GiB reserve=1.59 GiB total=31.86 GiB)
ds4: ROCm q8 fp16 cache budget exhausted; using q8 kernels (request=64.00 MiB cached=0.00 GiB free=0.42 GiB reserve=1.59 GiB total=31.86 GiB)
ds4: ROCm q8 fp16 cache budget exhausted; using q8 kernels (request=64.00 MiB cached=0.00 GiB free=0.42 GiB reserve=1.59 GiB total=31.86 GiB)
ds4: ROCm q8 fp16 cache budget exhausted; using q8 kernels (request=64.00 MiB cached=0.00 GiB free=0.42 GiB reserve=1.59 GiB total=31.86 GiB)
ds4: ROCm q8 fp16 cache budget exhausted; using q8 kernels (request=64.00 MiB cached=0.00 GiB free=0.42 GiB reserve=1.59 GiB total=31.86 GiB)
ds4: ROCm q8 fp16 cache budget exhausted; using q8 kernels (request=64.00 MiB cached=0.00 GiB free=0.42 GiB reserve=1.59 GiB total=31.86 GiB)
ds4: ROCm q8 fp16 cache budget exhausted; using q8 kernels (request=64.00 MiB cached=0.00 GiB free=0.42 GiB reserve=1.59 GiB total=31.86 GiB)
ds4: ROCm q8 fp16 cache budget exhausted; using q8 kernels (request=64.00 MiB cached=0.00 GiB free=0.42 GiB reserve=1.59 GiB total=31.86 GiB)
ds4: ROCm q8 fp16 cache budget exhausted; using q8 kernels (request=64.00 MiB cached=0.00 GiB free=0.42 GiB reserve=1.59 GiB total=31.86 GiB)
ds4: ROCm q8 fp16 cache budget exhausted; using q8 kernels (request=64.00 MiB cached=0.00 GiB free=0.42 GiB reserve=1.59 GiB total=31.86 GiB)
ds4: ROCm q8 fp16 cache budget exhausted; using q8 kernels (request=64.00 MiB cached=0.00 GiB free=0.42 GiB reserve=1.59 GiB total=31.86 GiB)
ds4: ROCm q8 fp16 cache budget exhausted; using q8 kernels (request=64.00 MiB cached=0.00 GiB free=0.42 GiB reserve=1.59 GiB total=31.86 GiB)
ds4: ROCm q8 fp16 cache budget exhausted; using q8 kernels (request=64.00 MiB cached=0.00 GiB free=0.42 GiB reserve=1.59 GiB total=31.86 GiB)
ds4: ROCm q8 fp16 cache budget exhausted; using q8 kernels (request=64.00 MiB cached=0.00 GiB free=0.42 GiB reserve=1.59 GiB total=31.86 GiB)
ds4: ROCm q8 fp16 cache budget exhausted; using q8 kernels (request=64.00 MiB cached=0.00 GiB free=0.42 GiB reserve=1.59 GiB total=31.86 GiB)
ds4: ROCm q8 fp16 cache budget exhausted; using q8 kernels (request=64.00 MiB cached=0.00 GiB free=0.42 GiB reserve=1.59 GiB total=31.86 GiB)
ds4: ROCm q8 fp16 cache budget exhausted; using q8 kernels (request=64.00 MiB cached=0.00 GiB free=0.42 GiB reserve=1.59 GiB total=31.86 GiB)
ds4: ROCm q8 fp16 cache budget exhausted; using q8 kernels (request=64.00 MiB cached=0.00 GiB free=0.42 GiB reserve=1.59 GiB total=31.86 GiB)
ds4: ROCm q8 fp16 cache budget exhausted; using q8 kernels (request=64.00 MiB cached=0.00 GiB free=0.42 GiB reserve=1.59 GiB total=31.86 GiB)
ds4: ROCm q8 fp16 cache budget exhausted; using q8 kernels (request=64.00 MiB cached=0.00 GiB free=0.42 GiB reserve=1.59 GiB total=31.86 GiB)
ds4: ROCm q8 fp16 cache budget exhausted; using q8 kernels (request=64.00 MiB cached=0.00 GiB free=0.42 GiB reserve=1.59 GiB total=31.86 GiB)
case_097 cases=98 prompt=22 target=10 avg_nll=0.001661 lcp=10 api_target_mae=0.001661 api_top_coverage=49/50 api_top1=1.000 api_topn=0.776 api_pair=1.000
ds4: ROCm q8 fp16 cache budget exhausted; using q8 kernels (request=64.00 MiB cached=0.00 GiB free=0.42 GiB reserve=1.59 GiB total=31.86 GiB)
ds4: ROCm q8 fp16 cache budget exhausted; using q8 kernels (request=64.00 MiB cached=0.00 GiB free=0.42 GiB reserve=1.59 GiB total=31.86 GiB)
ds4: ROCm q8 fp16 cache budget exhausted; using q8 kernels (request=64.00 MiB cached=0.00 GiB free=0.42 GiB reserve=1.59 GiB total=31.86 GiB)
ds4: ROCm q8 fp16 cache budget exhausted; using q8 kernels (request=64.00 MiB cached=0.00 GiB free=0.42 GiB reserve=1.59 GiB total=31.86 GiB)
ds4: ROCm q8 fp16 cache budget exhausted; using q8 kernels (request=64.00 MiB cached=0.00 GiB free=0.42 GiB reserve=1.59 GiB total=31.86 GiB)
ds4: ROCm q8 fp16 cache budget exhausted; using q8 kernels (request=64.00 MiB cached=0.00 GiB free=0.42 GiB reserve=1.59 GiB total=31.86 GiB)
ds4: ROCm q8 fp16 cache budget exhausted; using q8 kernels (request=64.00 MiB cached=0.00 GiB free=0.42 GiB reserve=1.59 GiB total=31.86 GiB)
ds4: ROCm q8 fp16 cache budget exhausted; using q8 kernels (request=64.00 MiB cached=0.00 GiB free=0.42 GiB reserve=1.59 GiB total=31.86 GiB)
ds4: ROCm q8 fp16 cache budget exhausted; using q8 kernels (request=64.00 MiB cached=0.00 GiB free=0.42 GiB reserve=1.59 GiB total=31.86 GiB)
ds4: ROCm q8 fp16 cache budget exhausted; using q8 kernels (request=64.00 MiB cached=0.00 GiB free=0.42 GiB reserve=1.59 GiB total=31.86 GiB)
ds4: ROCm q8 fp16 cache budget exhausted; using q8 kernels (request=64.00 MiB cached=0.00 GiB free=0.42 GiB reserve=1.59 GiB total=31.86 GiB)
ds4: ROCm q8 fp16 cache budget exhausted; using q8 kernels (request=64.00 MiB cached=0.00 GiB free=0.42 GiB reserve=1.59 GiB total=31.86 GiB)
ds4: ROCm q8 fp16 cache budget exhausted; using q8 kernels (request=64.00 MiB cached=0.00 GiB free=0.42 GiB reserve=1.59 GiB total=31.86 GiB)
ds4: ROCm q8 fp16 cache budget exhausted; using q8 kernels (request=64.00 MiB cached=0.00 GiB free=0.42 GiB reserve=1.59 GiB total=31.86 GiB)
ds4: ROCm q8 fp16 cache budget exhausted; using q8 kernels (request=64.00 MiB cached=0.00 GiB free=0.42 GiB reserve=1.59 GiB total=31.86 GiB)
ds4: ROCm q8 fp16 cache budget exhausted; using q8 kernels (request=64.00 MiB cached=0.00 GiB free=0.42 GiB reserve=1.59 GiB total=31.86 GiB)
ds4: ROCm q8 fp16 cache budget exhausted; using q8 kernels (request=64.00 MiB cached=0.00 GiB free=0.42 GiB reserve=1.59 GiB total=31.86 GiB)
ds4: ROCm q8 fp16 cache budget exhausted; using q8 kernels (request=64.00 MiB cached=0.00 GiB free=0.42 GiB reserve=1.59 GiB total=31.86 GiB)
ds4: ROCm q8 fp16 cache budget exhausted; using q8 kernels (request=64.00 MiB cached=0.00 GiB free=0.42 GiB reserve=1.59 GiB total=31.86 GiB)
ds4: ROCm q8 fp16 cache budget exhausted; using q8 kernels (request=64.00 MiB cached=0.00 GiB free=0.42 GiB reserve=1.59 GiB total=31.86 GiB)
ds4: ROCm q8 fp16 cache budget exhausted; using q8 kernels (request=64.00 MiB cached=0.00 GiB free=0.42 GiB reserve=1.59 GiB total=31.86 GiB)
ds4: ROCm q8 fp16 cache budget exhausted; using q8 kernels (request=64.00 MiB cached=0.00 GiB free=0.42 GiB reserve=1.59 GiB total=31.86 GiB)
ds4: ROCm q8 fp16 cache budget exhausted; using q8 kernels (request=64.00 MiB cached=0.00 GiB free=0.42 GiB reserve=1.59 GiB total=31.86 GiB)
ds4: ROCm q8 fp16 cache budget exhausted; using q8 kernels (request=64.00 MiB cached=0.00 GiB free=0.42 GiB reserve=1.59 GiB total=31.86 GiB)
ds4: ROCm q8 fp16 cache budget exhausted; using q8 kernels (request=64.00 MiB cached=0.00 GiB free=0.42 GiB reserve=1.59 GiB total=31.86 GiB)
ds4: ROCm q8 fp16 cache budget exhausted; using q8 kernels (request=64.00 MiB cached=0.00 GiB free=0.42 GiB reserve=1.59 GiB total=31.86 GiB)
ds4: ROCm q8 fp16 cache budget exhausted; using q8 kernels (request=64.00 MiB cached=0.00 GiB free=0.42 GiB reserve=1.59 GiB total=31.86 GiB)
ds4: ROCm q8 fp16 cache budget exhausted; using q8 kernels (request=64.00 MiB cached=0.00 GiB free=0.42 GiB reserve=1.59 GiB total=31.86 GiB)
ds4: ROCm q8 fp16 cache budget exhausted; using q8 kernels (request=64.00 MiB cached=0.00 GiB free=0.42 GiB reserve=1.59 GiB total=31.86 GiB)
ds4: ROCm q8 fp16 cache budget exhausted; using q8 kernels (request=64.00 MiB cached=0.00 GiB free=0.42 GiB reserve=1.59 GiB total=31.86 GiB)
ds4: ROCm q8 fp16 cache budget exhausted; using q8 kernels (request=64.00 MiB cached=0.00 GiB free=0.42 GiB reserve=1.59 GiB total=31.86 GiB)
ds4: ROCm q8 fp16 cache budget exhausted; using q8 kernels (request=64.00 MiB cached=0.00 GiB free=0.42 GiB reserve=1.59 GiB total=31.86 GiB)
ds4: ROCm q8 fp16 cache budget exhausted; using q8 kernels (request=64.00 MiB cached=0.00 GiB free=0.42 GiB reserve=1.59 GiB total=31.86 GiB)
ds4: ROCm q8 fp16 cache budget exhausted; using q8 kernels (request=64.00 MiB cached=0.00 GiB free=0.42 GiB reserve=1.59 GiB total=31.86 GiB)
ds4: ROCm q8 fp16 cache budget exhausted; using q8 kernels (request=64.00 MiB cached=0.00 GiB free=0.42 GiB reserve=1.59 GiB total=31.86 GiB)
ds4: ROCm q8 fp16 cache budget exhausted; using q8 kernels (request=64.00 MiB cached=0.00 GiB free=0.42 GiB reserve=1.59 GiB total=31.86 GiB)
ds4: ROCm q8 fp16 cache budget exhausted; using q8 kernels (request=64.00 MiB cached=0.00 GiB free=0.42 GiB reserve=1.59 GiB total=31.86 GiB)
ds4: ROCm q8 fp16 cache budget exhausted; using q8 kernels (request=64.00 MiB cached=0.00 GiB free=0.42 GiB reserve=1.59 GiB total=31.86 GiB)
ds4: ROCm q8 fp16 cache budget exhausted; using q8 kernels (request=64.00 MiB cached=0.00 GiB free=0.42 GiB reserve=1.59 GiB total=31.86 GiB)
ds4: ROCm q8 fp16 cache budget exhausted; using q8 kernels (request=64.00 MiB cached=0.00 GiB free=0.42 GiB reserve=1.59 GiB total=31.86 GiB)
ds4: ROCm q8 fp16 cache budget exhausted; using q8 kernels (request=64.00 MiB cached=0.00 GiB free=0.42 GiB reserve=1.59 GiB total=31.86 GiB)
ds4: ROCm q8 fp16 cache budget exhausted; using q8 kernels (request=64.00 MiB cached=0.00 GiB free=0.42 GiB reserve=1.59 GiB total=31.86 GiB)
ds4: ROCm q8 fp16 cache budget exhausted; using q8 kernels (request=64.00 MiB cached=0.00 GiB free=0.42 GiB reserve=1.59 GiB total=31.86 GiB)
case_098 cases=99 prompt=20 target=8 avg_nll=0.042271 lcp=8 api_target_mae=0.042271 api_top_coverage=38/40 api_top1=1.000 api_topn=0.658 api_pair=1.000
ds4: ROCm q8 fp16 cache budget exhausted; using q8 kernels (request=64.00 MiB cached=0.00 GiB free=0.42 GiB reserve=1.59 GiB total=31.86 GiB)
ds4: ROCm q8 fp16 cache budget exhausted; using q8 kernels (request=64.00 MiB cached=0.00 GiB free=0.42 GiB reserve=1.59 GiB total=31.86 GiB)
ds4: ROCm q8 fp16 cache budget exhausted; using q8 kernels (request=64.00 MiB cached=0.00 GiB free=0.42 GiB reserve=1.59 GiB total=31.86 GiB)
ds4: ROCm q8 fp16 cache budget exhausted; using q8 kernels (request=64.00 MiB cached=0.00 GiB free=0.42 GiB reserve=1.59 GiB total=31.86 GiB)
ds4: ROCm q8 fp16 cache budget exhausted; using q8 kernels (request=64.00 MiB cached=0.00 GiB free=0.42 GiB reserve=1.59 GiB total=31.86 GiB)
ds4: ROCm q8 fp16 cache budget exhausted; using q8 kernels (request=64.00 MiB cached=0.00 GiB free=0.42 GiB reserve=1.59 GiB total=31.86 GiB)
ds4: ROCm q8 fp16 cache budget exhausted; using q8 kernels (request=64.00 MiB cached=0.00 GiB free=0.42 GiB reserve=1.59 GiB total=31.86 GiB)
ds4: ROCm q8 fp16 cache budget exhausted; using q8 kernels (request=64.00 MiB cached=0.00 GiB free=0.42 GiB reserve=1.59 GiB total=31.86 GiB)
ds4: ROCm q8 fp16 cache budget exhausted; using q8 kernels (request=64.00 MiB cached=0.00 GiB free=0.42 GiB reserve=1.59 GiB total=31.86 GiB)
ds4: ROCm q8 fp16 cache budget exhausted; using q8 kernels (request=64.00 MiB cached=0.00 GiB free=0.42 GiB reserve=1.59 GiB total=31.86 GiB)
ds4: ROCm q8 fp16 cache budget exhausted; using q8 kernels (request=64.00 MiB cached=0.00 GiB free=0.42 GiB reserve=1.59 GiB total=31.86 GiB)
ds4: ROCm q8 fp16 cache budget exhausted; using q8 kernels (request=64.00 MiB cached=0.00 GiB free=0.42 GiB reserve=1.59 GiB total=31.86 GiB)
ds4: ROCm q8 fp16 cache budget exhausted; using q8 kernels (request=64.00 MiB cached=0.00 GiB free=0.42 GiB reserve=1.59 GiB total=31.86 GiB)
ds4: ROCm q8 fp16 cache budget exhausted; using q8 kernels (request=64.00 MiB cached=0.00 GiB free=0.42 GiB reserve=1.59 GiB total=31.86 GiB)
ds4: ROCm q8 fp16 cache budget exhausted; using q8 kernels (request=64.00 MiB cached=0.00 GiB free=0.42 GiB reserve=1.59 GiB total=31.86 GiB)
ds4: ROCm q8 fp16 cache budget exhausted; using q8 kernels (request=64.00 MiB cached=0.00 GiB free=0.42 GiB reserve=1.59 GiB total=31.86 GiB)
ds4: ROCm q8 fp16 cache budget exhausted; using q8 kernels (request=64.00 MiB cached=0.00 GiB free=0.42 GiB reserve=1.59 GiB total=31.86 GiB)
ds4: ROCm q8 fp16 cache budget exhausted; using q8 kernels (request=64.00 MiB cached=0.00 GiB free=0.42 GiB reserve=1.59 GiB total=31.86 GiB)
ds4: ROCm q8 fp16 cache budget exhausted; using q8 kernels (request=64.00 MiB cached=0.00 GiB free=0.42 GiB reserve=1.59 GiB total=31.86 GiB)
ds4: ROCm q8 fp16 cache budget exhausted; using q8 kernels (request=64.00 MiB cached=0.00 GiB free=0.42 GiB reserve=1.59 GiB total=31.86 GiB)
ds4: ROCm q8 fp16 cache budget exhausted; using q8 kernels (request=64.00 MiB cached=0.00 GiB free=0.42 GiB reserve=1.59 GiB total=31.86 GiB)
ds4: ROCm q8 fp16 cache budget exhausted; using q8 kernels (request=64.00 MiB cached=0.00 GiB free=0.42 GiB reserve=1.59 GiB total=31.86 GiB)
ds4: ROCm q8 fp16 cache budget exhausted; using q8 kernels (request=64.00 MiB cached=0.00 GiB free=0.42 GiB reserve=1.59 GiB total=31.86 GiB)
ds4: ROCm q8 fp16 cache budget exhausted; using q8 kernels (request=64.00 MiB cached=0.00 GiB free=0.42 GiB reserve=1.59 GiB total=31.86 GiB)
ds4: ROCm q8 fp16 cache budget exhausted; using q8 kernels (request=64.00 MiB cached=0.00 GiB free=0.42 GiB reserve=1.59 GiB total=31.86 GiB)
ds4: ROCm q8 fp16 cache budget exhausted; using q8 kernels (request=64.00 MiB cached=0.00 GiB free=0.42 GiB reserve=1.59 GiB total=31.86 GiB)
ds4: ROCm q8 fp16 cache budget exhausted; using q8 kernels (request=64.00 MiB cached=0.00 GiB free=0.42 GiB reserve=1.59 GiB total=31.86 GiB)
ds4: ROCm q8 fp16 cache budget exhausted; using q8 kernels (request=64.00 MiB cached=0.00 GiB free=0.42 GiB reserve=1.59 GiB total=31.86 GiB)
ds4: ROCm q8 fp16 cache budget exhausted; using q8 kernels (request=64.00 MiB cached=0.00 GiB free=0.42 GiB reserve=1.59 GiB total=31.86 GiB)
ds4: ROCm q8 fp16 cache budget exhausted; using q8 kernels (request=64.00 MiB cached=0.00 GiB free=0.42 GiB reserve=1.59 GiB total=31.86 GiB)
ds4: ROCm q8 fp16 cache budget exhausted; using q8 kernels (request=64.00 MiB cached=0.00 GiB free=0.42 GiB reserve=1.59 GiB total=31.86 GiB)
ds4: ROCm q8 fp16 cache budget exhausted; using q8 kernels (request=64.00 MiB cached=0.00 GiB free=0.42 GiB reserve=1.59 GiB total=31.86 GiB)
ds4: ROCm q8 fp16 cache budget exhausted; using q8 kernels (request=64.00 MiB cached=0.00 GiB free=0.42 GiB reserve=1.59 GiB total=31.86 GiB)
ds4: ROCm q8 fp16 cache budget exhausted; using q8 kernels (request=64.00 MiB cached=0.00 GiB free=0.42 GiB reserve=1.59 GiB total=31.86 GiB)
ds4: ROCm q8 fp16 cache budget exhausted; using q8 kernels (request=64.00 MiB cached=0.00 GiB free=0.42 GiB reserve=1.59 GiB total=31.86 GiB)
ds4: ROCm q8 fp16 cache budget exhausted; using q8 kernels (request=64.00 MiB cached=0.00 GiB free=0.42 GiB reserve=1.59 GiB total=31.86 GiB)
ds4: ROCm q8 fp16 cache budget exhausted; using q8 kernels (request=64.00 MiB cached=0.00 GiB free=0.42 GiB reserve=1.59 GiB total=31.86 GiB)
ds4: ROCm q8 fp16 cache budget exhausted; using q8 kernels (request=64.00 MiB cached=0.00 GiB free=0.42 GiB reserve=1.59 GiB total=31.86 GiB)
ds4: ROCm q8 fp16 cache budget exhausted; using q8 kernels (request=64.00 MiB cached=0.00 GiB free=0.42 GiB reserve=1.59 GiB total=31.86 GiB)
ds4: ROCm q8 fp16 cache budget exhausted; using q8 kernels (request=64.00 MiB cached=0.00 GiB free=0.42 GiB reserve=1.59 GiB total=31.86 GiB)
ds4: ROCm q8 fp16 cache budget exhausted; using q8 kernels (request=64.00 MiB cached=0.00 GiB free=0.42 GiB reserve=1.59 GiB total=31.86 GiB)
ds4: ROCm q8 fp16 cache budget exhausted; using q8 kernels (request=64.00 MiB cached=0.00 GiB free=0.42 GiB reserve=1.59 GiB total=31.86 GiB)
ds4: ROCm q8 fp16 cache budget exhausted; using q8 kernels (request=64.00 MiB cached=0.00 GiB free=0.42 GiB reserve=1.59 GiB total=31.86 GiB)
case_099 cases=100 prompt=22 target=15 avg_nll=0.322297 lcp=14 api_target_mae=0.322297 api_top_coverage=60/75 api_top1=0.933 api_topn=0.267 api_pair=1.000
summary cases=100 tokens=2289 avg_nll=0.369852439 first_match=65 avg_lcp=6.150
api_summary ref_tokens=2289 target_tokens=2289 target_mae=0.369852439 target_mean_delta=-0.369852439 top_items=11445 top_mapped=9484 top_coverage=0.828658803 top1_match=1972/2289 top1_rate=0.861511577 topn_hit=3030/9484 topn_recall=0.319485449 top_logprob_count=9484 top_mae=7566.730759220 top_mean_delta=7566.552228593 pair_agree=7127/7207 pair_rate=0.988899681
TP4 EXIT: 0
