# HEAD=498a39d9a4e932ba26eff922a23e566551ba1d0c
# binary=gguf-tools/quality-testing/score_official mtime=2026-08-01 11:59:14.159332042 +0000
# build_cmd: make ROCM_ARCH=gfx1201 rocm-quality -j16 (verified: ds4.o/ds4_rocm.o mtimes 11:59:12-13, post-dates 0cb9cf3 11:38:20 and this HEAD commit 11:57:04)
# AMD_SERIALIZE_KERNEL=3
# path=TP=4 (--cuda-tensor-parallel)
# cmd: AMD_SERIALIZE_KERNEL=3 /home/murphy/src/ds4-rebase/gguf-tools/quality-testing/score_official /var/cache/llama/ds4-gguf/DeepSeek-V4-Flash-IQ2XXS-w2Q2K-AProjQ8-SExpQ8-OutQ8-chat-v2-imatrix.gguf gguf-tools/quality-testing/data/flash/manifest.tsv .scratch/rocm-tensor-parallel/quality-out/q_tp4_head62.tsv 4096 --gpu-devices 0,1,2,3 --cuda-tensor-parallel
# start=2026-08-01T17:13:11Z
ds4: Linux rocm backend set oom_score_adj=1000
ds4: per_tier_overhead = 2.00 GiB (cuda_tensor_parallel=1)
ds4: GPU0 original vram_bytes = 29.79 GiB
ds4: GPU0 post-overhead vram_bytes = 27.79 GiB
ds4: GPU1 original vram_bytes = 29.79 GiB
ds4: GPU1 post-overhead vram_bytes = 27.79 GiB
ds4: GPU2 original vram_bytes = 29.79 GiB
ds4: GPU2 post-overhead vram_bytes = 27.79 GiB
ds4: GPU3 original vram_bytes = 29.79 GiB
ds4: GPU3 post-overhead vram_bytes = 27.79 GiB
ds4: ROCm backend initialized on AMD Radeon AI Pro R9700 dev=0 (tier 0)
ds4: ROCm backend initialized on AMD Radeon AI Pro R9700 dev=1 (tier 1)
ds4: ROCm backend initialized on AMD Radeon AI Pro R9700 dev=2 (tier 2)
ds4: ROCm backend initialized on AMD Radeon AI Pro R9700 dev=3 (tier 3)
ds4: ROCm peer access tier 0<->1: direct
ds4: ROCm peer access tier 0<->2: direct
ds4: ROCm peer access tier 0<->3: direct
ds4: ROCm backend initialized on AMD Radeon AI Pro R9700 (sm_120)
multi-GPU layout:
  GPU0: layers 0-42 + embedding + output head  (26.2 / 27.8 GB)
  GPU1: (no transformer layers)  (0.0 / 27.8 GB)
  GPU2: (no transformer layers)  (0.0 / 27.8 GB)
  GPU3: (no transformer layers)  (0.0 / 27.8 GB)
ds4: per-tier graph scratch reserved: 2.00 GiB (pre-subtracted from each GPU budget)
ds4: peer access matrix (validated): 0->1 DIRECT 0->2 DIRECT 0->3 DIRECT 1->0 DIRECT 1->2 DIRECT 1->3 DIRECT 2->0 DIRECT 2->1 DIRECT 2->3 DIRECT 3->0 DIRECT 3->1 DIRECT 3->2 DIRECT
ds4: ROCm TP=4 placement: all 4 tiers hold every layer, sharded tensors split 4-way per rank
ds4: CUDA tier 0 (device 0) selective weights: 25.94 GiB in 1328 ranges
ds4: CUDA tier 1 (device 1) selective weights: 25.94 GiB in 1328 ranges
ds4: CUDA tier 2 (device 2) selective weights: 25.94 GiB in 1328 ranges
ds4: CUDA tier 3 (device 3) selective weights: 25.94 GiB in 1328 ranges
ds4: ROCm TP=4 enabled: all 4 tiers active (single-stage all-replicated)
ds4: ROCm loading model tensors into device cache
ds4: ROCm model arena alloc failed for moe_down (1024.00 MiB chunk): out of memory
ds4: ROCm q8 fp16 cache budget exhausted; using q8 kernels (request=16.00 MiB cached=0.19 GiB free=0.98 GiB reserve=1.59 GiB total=31.86 GiB)
ds4: ROCm q8 fp16 cache budget exhausted; using q8 kernels (request=64.00 MiB cached=0.00 GiB free=0.98 GiB reserve=1.59 GiB total=31.86 GiB)
ds4: ROCm q8 fp16 cache budget exhausted; using q8 kernels (request=64.00 MiB cached=0.00 GiB free=1.17 GiB reserve=1.59 GiB total=31.86 GiB)
ds4: ROCm q8 fp16 cache budget exhausted; using q8 kernels (request=64.00 MiB cached=0.00 GiB free=1.11 GiB reserve=1.59 GiB total=31.86 GiB)
ds4: ROCm q8 fp16 cache budget exhausted; using q8 kernels (request=64.00 MiB cached=0.00 GiB free=1.11 GiB reserve=1.59 GiB total=31.86 GiB)
ds4: ROCm q8 fp16 cache budget exhausted; using q8 kernels (request=64.00 MiB cached=0.00 GiB free=1.11 GiB reserve=1.59 GiB total=31.86 GiB)
ds4: ROCm q8 fp16 cache budget exhausted; using q8 kernels (request=64.00 MiB cached=0.00 GiB free=1.11 GiB reserve=1.59 GiB total=31.86 GiB)
ds4: ROCm q8 fp16 cache budget exhausted; using q8 kernels (request=64.00 MiB cached=0.00 GiB free=1.11 GiB reserve=1.59 GiB total=31.86 GiB)
ds4: ROCm q8 fp16 cache budget exhausted; using q8 kernels (request=64.00 MiB cached=0.00 GiB free=1.11 GiB reserve=1.59 GiB total=31.86 GiB)
ds4: ROCm q8 fp16 cache budget exhausted; using q8 kernels (request=64.00 MiB cached=0.00 GiB free=1.11 GiB reserve=1.59 GiB total=31.86 GiB)
ds4: ROCm q8 fp16 cache budget exhausted; using q8 kernels (request=64.00 MiB cached=0.00 GiB free=1.11 GiB reserve=1.59 GiB total=31.86 GiB)
ds4: ROCm q8 fp16 cache budget exhausted; using q8 kernels (request=64.00 MiB cached=0.00 GiB free=1.11 GiB reserve=1.59 GiB total=31.86 GiB)
ds4: ROCm q8 fp16 cache budget exhausted; using q8 kernels (request=64.00 MiB cached=0.00 GiB free=1.11 GiB reserve=1.59 GiB total=31.86 GiB)
ds4: ROCm q8 fp16 cache budget exhausted; using q8 kernels (request=64.00 MiB cached=0.00 GiB free=1.11 GiB reserve=1.59 GiB total=31.86 GiB)
ds4: ROCm q8 fp16 cache budget exhausted; using q8 kernels (request=64.00 MiB cached=0.00 GiB free=1.11 GiB reserve=1.59 GiB total=31.86 GiB)
ds4: ROCm q8 fp16 cache budget exhausted; using q8 kernels (request=64.00 MiB cached=0.00 GiB free=1.11 GiB reserve=1.59 GiB total=31.86 GiB)
ds4: ROCm q8 fp16 cache budget exhausted; using q8 kernels (request=64.00 MiB cached=0.00 GiB free=1.11 GiB reserve=1.59 GiB total=31.86 GiB)
ds4: ROCm q8 fp16 cache budget exhausted; using q8 kernels (request=64.00 MiB cached=0.00 GiB free=1.11 GiB reserve=1.59 GiB total=31.86 GiB)
ds4: ROCm q8 fp16 cache budget exhausted; using q8 kernels (request=64.00 MiB cached=0.00 GiB free=1.11 GiB reserve=1.59 GiB total=31.86 GiB)
ds4: ROCm q8 fp16 cache budget exhausted; using q8 kernels (request=64.00 MiB cached=0.00 GiB free=1.11 GiB reserve=1.59 GiB total=31.86 GiB)
ds4: ROCm q8 fp16 cache budget exhausted; using q8 kernels (request=64.00 MiB cached=0.00 GiB free=1.11 GiB reserve=1.59 GiB total=31.86 GiB)
ds4: ROCm q8 fp16 cache budget exhausted; using q8 kernels (request=64.00 MiB cached=0.00 GiB free=1.11 GiB reserve=1.59 GiB total=31.86 GiB)
ds4: ROCm q8 fp16 cache budget exhausted; using q8 kernels (request=64.00 MiB cached=0.00 GiB free=1.11 GiB reserve=1.59 GiB total=31.86 GiB)
ds4: ROCm q8 fp16 cache budget exhausted; using q8 kernels (request=64.00 MiB cached=0.00 GiB free=1.11 GiB reserve=1.59 GiB total=31.86 GiB)
ds4: ROCm q8 fp16 cache budget exhausted; using q8 kernels (request=64.00 MiB cached=0.00 GiB free=1.11 GiB reserve=1.59 GiB total=31.86 GiB)
ds4: ROCm q8 fp16 cache budget exhausted; using q8 kernels (request=64.00 MiB cached=0.00 GiB free=1.11 GiB reserve=1.59 GiB total=31.86 GiB)
ds4: ROCm q8 fp16 cache budget exhausted; using q8 kernels (request=64.00 MiB cached=0.00 GiB free=1.11 GiB reserve=1.59 GiB total=31.86 GiB)
ds4: ROCm q8 fp16 cache budget exhausted; using q8 kernels (request=64.00 MiB cached=0.00 GiB free=1.11 GiB reserve=1.59 GiB total=31.86 GiB)
ds4: ROCm q8 fp16 cache budget exhausted; using q8 kernels (request=64.00 MiB cached=0.00 GiB free=1.11 GiB reserve=1.59 GiB total=31.86 GiB)
ds4: ROCm q8 fp16 cache budget exhausted; using q8 kernels (request=64.00 MiB cached=0.00 GiB free=1.11 GiB reserve=1.59 GiB total=31.86 GiB)
ds4: ROCm q8 fp16 cache budget exhausted; using q8 kernels (request=64.00 MiB cached=0.00 GiB free=1.11 GiB reserve=1.59 GiB total=31.86 GiB)
ds4: ROCm q8 fp16 cache budget exhausted; using q8 kernels (request=64.00 MiB cached=0.00 GiB free=1.11 GiB reserve=1.59 GiB total=31.86 GiB)
ds4: ROCm q8 fp16 cache budget exhausted; using q8 kernels (request=64.00 MiB cached=0.00 GiB free=1.11 GiB reserve=1.59 GiB total=31.86 GiB)
ds4: ROCm q8 fp16 cache budget exhausted; using q8 kernels (request=64.00 MiB cached=0.00 GiB free=1.11 GiB reserve=1.59 GiB total=31.86 GiB)
ds4: ROCm q8 fp16 cache budget exhausted; using q8 kernels (request=64.00 MiB cached=0.00 GiB free=1.11 GiB reserve=1.59 GiB total=31.86 GiB)
ds4: ROCm q8 fp16 cache budget exhausted; using q8 kernels (request=64.00 MiB cached=0.00 GiB free=1.11 GiB reserve=1.59 GiB total=31.86 GiB)
ds4: ROCm q8 fp16 cache budget exhausted; using q8 kernels (request=64.00 MiB cached=0.00 GiB free=1.11 GiB reserve=1.59 GiB total=31.86 GiB)
ds4: ROCm q8 fp16 cache budget exhausted; using q8 kernels (request=64.00 MiB cached=0.00 GiB free=1.11 GiB reserve=1.59 GiB total=31.86 GiB)
ds4: ROCm q8 fp16 cache budget exhausted; using q8 kernels (request=64.00 MiB cached=0.00 GiB free=1.11 GiB reserve=1.59 GiB total=31.86 GiB)
ds4: ROCm q8 fp16 cache budget exhausted; using q8 kernels (request=64.00 MiB cached=0.00 GiB free=1.11 GiB reserve=1.59 GiB total=31.86 GiB)
ds4: ROCm q8 fp16 cache budget exhausted; using q8 kernels (request=64.00 MiB cached=0.00 GiB free=1.11 GiB reserve=1.59 GiB total=31.86 GiB)
ds4: ROCm q8 fp16 cache budget exhausted; using q8 kernels (request=64.00 MiB cached=0.00 GiB free=1.11 GiB reserve=1.59 GiB total=31.86 GiB)
ds4: ROCm q8 fp16 cache budget exhausted; using q8 kernels (request=64.00 MiB cached=0.00 GiB free=1.11 GiB reserve=1.59 GiB total=31.86 GiB)
case_000 cases=1 prompt=17 target=24 avg_nll=16.218697 lcp=0 api_target_mae=16.218697 api_top_coverage=100/120 api_top1=0.000 api_topn=0.070 api_pair=0.365
ds4: ROCm q8 fp16 cache budget exhausted; using q8 kernels (request=64.00 MiB cached=0.00 GiB free=1.10 GiB reserve=1.59 GiB total=31.86 GiB)
ds4: ROCm q8 fp16 cache budget exhausted; using q8 kernels (request=64.00 MiB cached=0.00 GiB free=1.10 GiB reserve=1.59 GiB total=31.86 GiB)
ds4: ROCm q8 fp16 cache budget exhausted; using q8 kernels (request=64.00 MiB cached=0.00 GiB free=1.10 GiB reserve=1.59 GiB total=31.86 GiB)
ds4: ROCm q8 fp16 cache budget exhausted; using q8 kernels (request=64.00 MiB cached=0.00 GiB free=1.10 GiB reserve=1.59 GiB total=31.86 GiB)
ds4: ROCm q8 fp16 cache budget exhausted; using q8 kernels (request=64.00 MiB cached=0.00 GiB free=1.10 GiB reserve=1.59 GiB total=31.86 GiB)
ds4: ROCm q8 fp16 cache budget exhausted; using q8 kernels (request=64.00 MiB cached=0.00 GiB free=1.10 GiB reserve=1.59 GiB total=31.86 GiB)
ds4: ROCm q8 fp16 cache budget exhausted; using q8 kernels (request=64.00 MiB cached=0.00 GiB free=1.10 GiB reserve=1.59 GiB total=31.86 GiB)
ds4: ROCm q8 fp16 cache budget exhausted; using q8 kernels (request=64.00 MiB cached=0.00 GiB free=1.10 GiB reserve=1.59 GiB total=31.86 GiB)
ds4: ROCm q8 fp16 cache budget exhausted; using q8 kernels (request=64.00 MiB cached=0.00 GiB free=1.10 GiB reserve=1.59 GiB total=31.86 GiB)
ds4: ROCm q8 fp16 cache budget exhausted; using q8 kernels (request=64.00 MiB cached=0.00 GiB free=1.10 GiB reserve=1.59 GiB total=31.86 GiB)
ds4: ROCm q8 fp16 cache budget exhausted; using q8 kernels (request=64.00 MiB cached=0.00 GiB free=1.10 GiB reserve=1.59 GiB total=31.86 GiB)
ds4: ROCm q8 fp16 cache budget exhausted; using q8 kernels (request=64.00 MiB cached=0.00 GiB free=1.10 GiB reserve=1.59 GiB total=31.86 GiB)
ds4: ROCm q8 fp16 cache budget exhausted; using q8 kernels (request=64.00 MiB cached=0.00 GiB free=1.10 GiB reserve=1.59 GiB total=31.86 GiB)
ds4: ROCm q8 fp16 cache budget exhausted; using q8 kernels (request=64.00 MiB cached=0.00 GiB free=1.10 GiB reserve=1.59 GiB total=31.86 GiB)
ds4: ROCm q8 fp16 cache budget exhausted; using q8 kernels (request=64.00 MiB cached=0.00 GiB free=1.10 GiB reserve=1.59 GiB total=31.86 GiB)
ds4: ROCm q8 fp16 cache budget exhausted; using q8 kernels (request=64.00 MiB cached=0.00 GiB free=1.10 GiB reserve=1.59 GiB total=31.86 GiB)
ds4: ROCm q8 fp16 cache budget exhausted; using q8 kernels (request=64.00 MiB cached=0.00 GiB free=1.10 GiB reserve=1.59 GiB total=31.86 GiB)
ds4: ROCm q8 fp16 cache budget exhausted; using q8 kernels (request=64.00 MiB cached=0.00 GiB free=1.10 GiB reserve=1.59 GiB total=31.86 GiB)
ds4: ROCm q8 fp16 cache budget exhausted; using q8 kernels (request=64.00 MiB cached=0.00 GiB free=1.10 GiB reserve=1.59 GiB total=31.86 GiB)
ds4: ROCm q8 fp16 cache budget exhausted; using q8 kernels (request=64.00 MiB cached=0.00 GiB free=1.10 GiB reserve=1.59 GiB total=31.86 GiB)
ds4: ROCm q8 fp16 cache budget exhausted; using q8 kernels (request=64.00 MiB cached=0.00 GiB free=1.10 GiB reserve=1.59 GiB total=31.86 GiB)
ds4: ROCm q8 fp16 cache budget exhausted; using q8 kernels (request=64.00 MiB cached=0.00 GiB free=1.10 GiB reserve=1.59 GiB total=31.86 GiB)
ds4: ROCm q8 fp16 cache budget exhausted; using q8 kernels (request=64.00 MiB cached=0.00 GiB free=1.10 GiB reserve=1.59 GiB total=31.86 GiB)
ds4: ROCm q8 fp16 cache budget exhausted; using q8 kernels (request=64.00 MiB cached=0.00 GiB free=1.10 GiB reserve=1.59 GiB total=31.86 GiB)
ds4: ROCm q8 fp16 cache budget exhausted; using q8 kernels (request=64.00 MiB cached=0.00 GiB free=1.10 GiB reserve=1.59 GiB total=31.86 GiB)
ds4: ROCm q8 fp16 cache budget exhausted; using q8 kernels (request=64.00 MiB cached=0.00 GiB free=1.10 GiB reserve=1.59 GiB total=31.86 GiB)
ds4: ROCm q8 fp16 cache budget exhausted; using q8 kernels (request=64.00 MiB cached=0.00 GiB free=1.10 GiB reserve=1.59 GiB total=31.86 GiB)
ds4: ROCm q8 fp16 cache budget exhausted; using q8 kernels (request=64.00 MiB cached=0.00 GiB free=1.10 GiB reserve=1.59 GiB total=31.86 GiB)
ds4: ROCm q8 fp16 cache budget exhausted; using q8 kernels (request=64.00 MiB cached=0.00 GiB free=1.10 GiB reserve=1.59 GiB total=31.86 GiB)
ds4: ROCm q8 fp16 cache budget exhausted; using q8 kernels (request=64.00 MiB cached=0.00 GiB free=1.10 GiB reserve=1.59 GiB total=31.86 GiB)
ds4: ROCm q8 fp16 cache budget exhausted; using q8 kernels (request=64.00 MiB cached=0.00 GiB free=1.10 GiB reserve=1.59 GiB total=31.86 GiB)
ds4: ROCm q8 fp16 cache budget exhausted; using q8 kernels (request=64.00 MiB cached=0.00 GiB free=1.10 GiB reserve=1.59 GiB total=31.86 GiB)
ds4: ROCm q8 fp16 cache budget exhausted; using q8 kernels (request=64.00 MiB cached=0.00 GiB free=1.10 GiB reserve=1.59 GiB total=31.86 GiB)
ds4: ROCm q8 fp16 cache budget exhausted; using q8 kernels (request=64.00 MiB cached=0.00 GiB free=1.10 GiB reserve=1.59 GiB total=31.86 GiB)
ds4: ROCm q8 fp16 cache budget exhausted; using q8 kernels (request=64.00 MiB cached=0.00 GiB free=1.10 GiB reserve=1.59 GiB total=31.86 GiB)
ds4: ROCm q8 fp16 cache budget exhausted; using q8 kernels (request=64.00 MiB cached=0.00 GiB free=1.10 GiB reserve=1.59 GiB total=31.86 GiB)
ds4: ROCm q8 fp16 cache budget exhausted; using q8 kernels (request=64.00 MiB cached=0.00 GiB free=1.10 GiB reserve=1.59 GiB total=31.86 GiB)
ds4: ROCm q8 fp16 cache budget exhausted; using q8 kernels (request=64.00 MiB cached=0.00 GiB free=1.10 GiB reserve=1.59 GiB total=31.86 GiB)
ds4: ROCm q8 fp16 cache budget exhausted; using q8 kernels (request=64.00 MiB cached=0.00 GiB free=1.10 GiB reserve=1.59 GiB total=31.86 GiB)
ds4: ROCm q8 fp16 cache budget exhausted; using q8 kernels (request=64.00 MiB cached=0.00 GiB free=1.10 GiB reserve=1.59 GiB total=31.86 GiB)
ds4: ROCm q8 fp16 cache budget exhausted; using q8 kernels (request=64.00 MiB cached=0.00 GiB free=1.10 GiB reserve=1.59 GiB total=31.86 GiB)
ds4: ROCm q8 fp16 cache budget exhausted; using q8 kernels (request=64.00 MiB cached=0.00 GiB free=1.10 GiB reserve=1.59 GiB total=31.86 GiB)
ds4: ROCm q8 fp16 cache budget exhausted; using q8 kernels (request=64.00 MiB cached=0.00 GiB free=1.10 GiB reserve=1.59 GiB total=31.86 GiB)
case_001 cases=2 prompt=18 target=24 avg_nll=16.134074 lcp=1 api_target_mae=16.134074 api_top_coverage=100/120 api_top1=0.042 api_topn=0.050 api_pair=0.547
ds4: ROCm q8 fp16 cache budget exhausted; using q8 kernels (request=64.00 MiB cached=0.00 GiB free=1.10 GiB reserve=1.59 GiB total=31.86 GiB)
ds4: ROCm q8 fp16 cache budget exhausted; using q8 kernels (request=64.00 MiB cached=0.00 GiB free=1.10 GiB reserve=1.59 GiB total=31.86 GiB)
ds4: ROCm q8 fp16 cache budget exhausted; using q8 kernels (request=64.00 MiB cached=0.00 GiB free=1.10 GiB reserve=1.59 GiB total=31.86 GiB)
ds4: ROCm q8 fp16 cache budget exhausted; using q8 kernels (request=64.00 MiB cached=0.00 GiB free=1.10 GiB reserve=1.59 GiB total=31.86 GiB)
ds4: ROCm q8 fp16 cache budget exhausted; using q8 kernels (request=64.00 MiB cached=0.00 GiB free=1.10 GiB reserve=1.59 GiB total=31.86 GiB)
ds4: ROCm q8 fp16 cache budget exhausted; using q8 kernels (request=64.00 MiB cached=0.00 GiB free=1.10 GiB reserve=1.59 GiB total=31.86 GiB)
ds4: ROCm q8 fp16 cache budget exhausted; using q8 kernels (request=64.00 MiB cached=0.00 GiB free=1.10 GiB reserve=1.59 GiB total=31.86 GiB)
ds4: ROCm q8 fp16 cache budget exhausted; using q8 kernels (request=64.00 MiB cached=0.00 GiB free=1.10 GiB reserve=1.59 GiB total=31.86 GiB)
ds4: ROCm q8 fp16 cache budget exhausted; using q8 kernels (request=64.00 MiB cached=0.00 GiB free=1.10 GiB reserve=1.59 GiB total=31.86 GiB)
ds4: ROCm q8 fp16 cache budget exhausted; using q8 kernels (request=64.00 MiB cached=0.00 GiB free=1.10 GiB reserve=1.59 GiB total=31.86 GiB)
ds4: ROCm q8 fp16 cache budget exhausted; using q8 kernels (request=64.00 MiB cached=0.00 GiB free=1.10 GiB reserve=1.59 GiB total=31.86 GiB)
ds4: ROCm q8 fp16 cache budget exhausted; using q8 kernels (request=64.00 MiB cached=0.00 GiB free=1.10 GiB reserve=1.59 GiB total=31.86 GiB)
ds4: ROCm q8 fp16 cache budget exhausted; using q8 kernels (request=64.00 MiB cached=0.00 GiB free=1.10 GiB reserve=1.59 GiB total=31.86 GiB)
ds4: ROCm q8 fp16 cache budget exhausted; using q8 kernels (request=64.00 MiB cached=0.00 GiB free=1.10 GiB reserve=1.59 GiB total=31.86 GiB)
ds4: ROCm q8 fp16 cache budget exhausted; using q8 kernels (request=64.00 MiB cached=0.00 GiB free=1.10 GiB reserve=1.59 GiB total=31.86 GiB)
ds4: ROCm q8 fp16 cache budget exhausted; using q8 kernels (request=64.00 MiB cached=0.00 GiB free=1.10 GiB reserve=1.59 GiB total=31.86 GiB)
ds4: ROCm q8 fp16 cache budget exhausted; using q8 kernels (request=64.00 MiB cached=0.00 GiB free=1.10 GiB reserve=1.59 GiB total=31.86 GiB)
ds4: ROCm q8 fp16 cache budget exhausted; using q8 kernels (request=64.00 MiB cached=0.00 GiB free=1.10 GiB reserve=1.59 GiB total=31.86 GiB)
ds4: ROCm q8 fp16 cache budget exhausted; using q8 kernels (request=64.00 MiB cached=0.00 GiB free=1.10 GiB reserve=1.59 GiB total=31.86 GiB)
ds4: ROCm q8 fp16 cache budget exhausted; using q8 kernels (request=64.00 MiB cached=0.00 GiB free=1.10 GiB reserve=1.59 GiB total=31.86 GiB)
ds4: ROCm q8 fp16 cache budget exhausted; using q8 kernels (request=64.00 MiB cached=0.00 GiB free=1.10 GiB reserve=1.59 GiB total=31.86 GiB)
ds4: ROCm q8 fp16 cache budget exhausted; using q8 kernels (request=64.00 MiB cached=0.00 GiB free=1.10 GiB reserve=1.59 GiB total=31.86 GiB)
ds4: ROCm q8 fp16 cache budget exhausted; using q8 kernels (request=64.00 MiB cached=0.00 GiB free=1.10 GiB reserve=1.59 GiB total=31.86 GiB)
ds4: ROCm q8 fp16 cache budget exhausted; using q8 kernels (request=64.00 MiB cached=0.00 GiB free=1.10 GiB reserve=1.59 GiB total=31.86 GiB)
ds4: ROCm q8 fp16 cache budget exhausted; using q8 kernels (request=64.00 MiB cached=0.00 GiB free=1.10 GiB reserve=1.59 GiB total=31.86 GiB)
ds4: ROCm q8 fp16 cache budget exhausted; using q8 kernels (request=64.00 MiB cached=0.00 GiB free=1.10 GiB reserve=1.59 GiB total=31.86 GiB)
ds4: ROCm q8 fp16 cache budget exhausted; using q8 kernels (request=64.00 MiB cached=0.00 GiB free=1.10 GiB reserve=1.59 GiB total=31.86 GiB)
ds4: ROCm q8 fp16 cache budget exhausted; using q8 kernels (request=64.00 MiB cached=0.00 GiB free=1.10 GiB reserve=1.59 GiB total=31.86 GiB)
ds4: ROCm q8 fp16 cache budget exhausted; using q8 kernels (request=64.00 MiB cached=0.00 GiB free=1.10 GiB reserve=1.59 GiB total=31.86 GiB)
ds4: ROCm q8 fp16 cache budget exhausted; using q8 kernels (request=64.00 MiB cached=0.00 GiB free=1.10 GiB reserve=1.59 GiB total=31.86 GiB)
ds4: ROCm q8 fp16 cache budget exhausted; using q8 kernels (request=64.00 MiB cached=0.00 GiB free=1.10 GiB reserve=1.59 GiB total=31.86 GiB)
ds4: ROCm q8 fp16 cache budget exhausted; using q8 kernels (request=64.00 MiB cached=0.00 GiB free=1.10 GiB reserve=1.59 GiB total=31.86 GiB)
ds4: ROCm q8 fp16 cache budget exhausted; using q8 kernels (request=64.00 MiB cached=0.00 GiB free=1.10 GiB reserve=1.59 GiB total=31.86 GiB)
ds4: ROCm q8 fp16 cache budget exhausted; using q8 kernels (request=64.00 MiB cached=0.00 GiB free=1.10 GiB reserve=1.59 GiB total=31.86 GiB)
ds4: ROCm q8 fp16 cache budget exhausted; using q8 kernels (request=64.00 MiB cached=0.00 GiB free=1.10 GiB reserve=1.59 GiB total=31.86 GiB)
ds4: ROCm q8 fp16 cache budget exhausted; using q8 kernels (request=64.00 MiB cached=0.00 GiB free=1.10 GiB reserve=1.59 GiB total=31.86 GiB)
ds4: ROCm q8 fp16 cache budget exhausted; using q8 kernels (request=64.00 MiB cached=0.00 GiB free=1.10 GiB reserve=1.59 GiB total=31.86 GiB)
ds4: ROCm q8 fp16 cache budget exhausted; using q8 kernels (request=64.00 MiB cached=0.00 GiB free=1.10 GiB reserve=1.59 GiB total=31.86 GiB)
ds4: ROCm q8 fp16 cache budget exhausted; using q8 kernels (request=64.00 MiB cached=0.00 GiB free=1.10 GiB reserve=1.59 GiB total=31.86 GiB)
ds4: ROCm q8 fp16 cache budget exhausted; using q8 kernels (request=64.00 MiB cached=0.00 GiB free=1.10 GiB reserve=1.59 GiB total=31.86 GiB)
ds4: ROCm q8 fp16 cache budget exhausted; using q8 kernels (request=64.00 MiB cached=0.00 GiB free=1.10 GiB reserve=1.59 GiB total=31.86 GiB)
ds4: ROCm q8 fp16 cache budget exhausted; using q8 kernels (request=64.00 MiB cached=0.00 GiB free=1.10 GiB reserve=1.59 GiB total=31.86 GiB)
ds4: ROCm q8 fp16 cache budget exhausted; using q8 kernels (request=64.00 MiB cached=0.00 GiB free=1.10 GiB reserve=1.59 GiB total=31.86 GiB)
case_002 cases=3 prompt=19 target=24 avg_nll=16.520325 lcp=0 api_target_mae=16.520325 api_top_coverage=96/120 api_top1=0.000 api_topn=0.052 api_pair=0.433
ds4: ROCm q8 fp16 cache budget exhausted; using q8 kernels (request=64.00 MiB cached=0.00 GiB free=1.10 GiB reserve=1.59 GiB total=31.86 GiB)
ds4: ROCm q8 fp16 cache budget exhausted; using q8 kernels (request=64.00 MiB cached=0.00 GiB free=1.10 GiB reserve=1.59 GiB total=31.86 GiB)
ds4: ROCm q8 fp16 cache budget exhausted; using q8 kernels (request=64.00 MiB cached=0.00 GiB free=1.10 GiB reserve=1.59 GiB total=31.86 GiB)
ds4: ROCm q8 fp16 cache budget exhausted; using q8 kernels (request=64.00 MiB cached=0.00 GiB free=1.10 GiB reserve=1.59 GiB total=31.86 GiB)
ds4: ROCm q8 fp16 cache budget exhausted; using q8 kernels (request=64.00 MiB cached=0.00 GiB free=1.10 GiB reserve=1.59 GiB total=31.86 GiB)
ds4: ROCm q8 fp16 cache budget exhausted; using q8 kernels (request=64.00 MiB cached=0.00 GiB free=1.10 GiB reserve=1.59 GiB total=31.86 GiB)
ds4: ROCm q8 fp16 cache budget exhausted; using q8 kernels (request=64.00 MiB cached=0.00 GiB free=1.10 GiB reserve=1.59 GiB total=31.86 GiB)
ds4: ROCm q8 fp16 cache budget exhausted; using q8 kernels (request=64.00 MiB cached=0.00 GiB free=1.10 GiB reserve=1.59 GiB total=31.86 GiB)
ds4: ROCm q8 fp16 cache budget exhausted; using q8 kernels (request=64.00 MiB cached=0.00 GiB free=1.10 GiB reserve=1.59 GiB total=31.86 GiB)
ds4: ROCm q8 fp16 cache budget exhausted; using q8 kernels (request=64.00 MiB cached=0.00 GiB free=1.10 GiB reserve=1.59 GiB total=31.86 GiB)
ds4: ROCm q8 fp16 cache budget exhausted; using q8 kernels (request=64.00 MiB cached=0.00 GiB free=1.10 GiB reserve=1.59 GiB total=31.86 GiB)
ds4: ROCm q8 fp16 cache budget exhausted; using q8 kernels (request=64.00 MiB cached=0.00 GiB free=1.10 GiB reserve=1.59 GiB total=31.86 GiB)
ds4: ROCm q8 fp16 cache budget exhausted; using q8 kernels (request=64.00 MiB cached=0.00 GiB free=1.10 GiB reserve=1.59 GiB total=31.86 GiB)
ds4: ROCm q8 fp16 cache budget exhausted; using q8 kernels (request=64.00 MiB cached=0.00 GiB free=1.10 GiB reserve=1.59 GiB total=31.86 GiB)
ds4: ROCm q8 fp16 cache budget exhausted; using q8 kernels (request=64.00 MiB cached=0.00 GiB free=1.10 GiB reserve=1.59 GiB total=31.86 GiB)
ds4: ROCm q8 fp16 cache budget exhausted; using q8 kernels (request=64.00 MiB cached=0.00 GiB free=1.10 GiB reserve=1.59 GiB total=31.86 GiB)
ds4: ROCm q8 fp16 cache budget exhausted; using q8 kernels (request=64.00 MiB cached=0.00 GiB free=1.10 GiB reserve=1.59 GiB total=31.86 GiB)
ds4: ROCm q8 fp16 cache budget exhausted; using q8 kernels (request=64.00 MiB cached=0.00 GiB free=1.10 GiB reserve=1.59 GiB total=31.86 GiB)
ds4: ROCm q8 fp16 cache budget exhausted; using q8 kernels (request=64.00 MiB cached=0.00 GiB free=1.10 GiB reserve=1.59 GiB total=31.86 GiB)
ds4: ROCm q8 fp16 cache budget exhausted; using q8 kernels (request=64.00 MiB cached=0.00 GiB free=1.10 GiB reserve=1.59 GiB total=31.86 GiB)
ds4: ROCm q8 fp16 cache budget exhausted; using q8 kernels (request=64.00 MiB cached=0.00 GiB free=1.10 GiB reserve=1.59 GiB total=31.86 GiB)
ds4: ROCm q8 fp16 cache budget exhausted; using q8 kernels (request=64.00 MiB cached=0.00 GiB free=1.10 GiB reserve=1.59 GiB total=31.86 GiB)
ds4: ROCm q8 fp16 cache budget exhausted; using q8 kernels (request=64.00 MiB cached=0.00 GiB free=1.10 GiB reserve=1.59 GiB total=31.86 GiB)
ds4: ROCm q8 fp16 cache budget exhausted; using q8 kernels (request=64.00 MiB cached=0.00 GiB free=1.10 GiB reserve=1.59 GiB total=31.86 GiB)
ds4: ROCm q8 fp16 cache budget exhausted; using q8 kernels (request=64.00 MiB cached=0.00 GiB free=1.10 GiB reserve=1.59 GiB total=31.86 GiB)
ds4: ROCm q8 fp16 cache budget exhausted; using q8 kernels (request=64.00 MiB cached=0.00 GiB free=1.10 GiB reserve=1.59 GiB total=31.86 GiB)
ds4: ROCm q8 fp16 cache budget exhausted; using q8 kernels (request=64.00 MiB cached=0.00 GiB free=1.10 GiB reserve=1.59 GiB total=31.86 GiB)
ds4: ROCm q8 fp16 cache budget exhausted; using q8 kernels (request=64.00 MiB cached=0.00 GiB free=1.10 GiB reserve=1.59 GiB total=31.86 GiB)
ds4: ROCm q8 fp16 cache budget exhausted; using q8 kernels (request=64.00 MiB cached=0.00 GiB free=1.10 GiB reserve=1.59 GiB total=31.86 GiB)
ds4: ROCm q8 fp16 cache budget exhausted; using q8 kernels (request=64.00 MiB cached=0.00 GiB free=1.10 GiB reserve=1.59 GiB total=31.86 GiB)
ds4: ROCm q8 fp16 cache budget exhausted; using q8 kernels (request=64.00 MiB cached=0.00 GiB free=1.10 GiB reserve=1.59 GiB total=31.86 GiB)
ds4: ROCm q8 fp16 cache budget exhausted; using q8 kernels (request=64.00 MiB cached=0.00 GiB free=1.10 GiB reserve=1.59 GiB total=31.86 GiB)
ds4: ROCm q8 fp16 cache budget exhausted; using q8 kernels (request=64.00 MiB cached=0.00 GiB free=1.10 GiB reserve=1.59 GiB total=31.86 GiB)
ds4: ROCm q8 fp16 cache budget exhausted; using q8 kernels (request=64.00 MiB cached=0.00 GiB free=1.10 GiB reserve=1.59 GiB total=31.86 GiB)
ds4: ROCm q8 fp16 cache budget exhausted; using q8 kernels (request=64.00 MiB cached=0.00 GiB free=1.10 GiB reserve=1.59 GiB total=31.86 GiB)
ds4: ROCm q8 fp16 cache budget exhausted; using q8 kernels (request=64.00 MiB cached=0.00 GiB free=1.10 GiB reserve=1.59 GiB total=31.86 GiB)
ds4: ROCm q8 fp16 cache budget exhausted; using q8 kernels (request=64.00 MiB cached=0.00 GiB free=1.10 GiB reserve=1.59 GiB total=31.86 GiB)
ds4: ROCm q8 fp16 cache budget exhausted; using q8 kernels (request=64.00 MiB cached=0.00 GiB free=1.10 GiB reserve=1.59 GiB total=31.86 GiB)
ds4: ROCm q8 fp16 cache budget exhausted; using q8 kernels (request=64.00 MiB cached=0.00 GiB free=1.10 GiB reserve=1.59 GiB total=31.86 GiB)
ds4: ROCm q8 fp16 cache budget exhausted; using q8 kernels (request=64.00 MiB cached=0.00 GiB free=1.10 GiB reserve=1.59 GiB total=31.86 GiB)
ds4: ROCm q8 fp16 cache budget exhausted; using q8 kernels (request=64.00 MiB cached=0.00 GiB free=1.10 GiB reserve=1.59 GiB total=31.86 GiB)
ds4: ROCm q8 fp16 cache budget exhausted; using q8 kernels (request=64.00 MiB cached=0.00 GiB free=1.10 GiB reserve=1.59 GiB total=31.86 GiB)
ds4: ROCm q8 fp16 cache budget exhausted; using q8 kernels (request=64.00 MiB cached=0.00 GiB free=1.10 GiB reserve=1.59 GiB total=31.86 GiB)
case_003 cases=4 prompt=19 target=24 avg_nll=16.363389 lcp=1 api_target_mae=16.363389 api_top_coverage=97/120 api_top1=0.042 api_topn=0.072 api_pair=0.410
ds4: ROCm q8 fp16 cache budget exhausted; using q8 kernels (request=64.00 MiB cached=0.00 GiB free=1.10 GiB reserve=1.59 GiB total=31.86 GiB)
ds4: ROCm q8 fp16 cache budget exhausted; using q8 kernels (request=64.00 MiB cached=0.00 GiB free=1.10 GiB reserve=1.59 GiB total=31.86 GiB)
ds4: ROCm q8 fp16 cache budget exhausted; using q8 kernels (request=64.00 MiB cached=0.00 GiB free=1.10 GiB reserve=1.59 GiB total=31.86 GiB)
ds4: ROCm q8 fp16 cache budget exhausted; using q8 kernels (request=64.00 MiB cached=0.00 GiB free=1.10 GiB reserve=1.59 GiB total=31.86 GiB)
ds4: ROCm q8 fp16 cache budget exhausted; using q8 kernels (request=64.00 MiB cached=0.00 GiB free=1.10 GiB reserve=1.59 GiB total=31.86 GiB)
ds4: ROCm q8 fp16 cache budget exhausted; using q8 kernels (request=64.00 MiB cached=0.00 GiB free=1.10 GiB reserve=1.59 GiB total=31.86 GiB)
ds4: ROCm q8 fp16 cache budget exhausted; using q8 kernels (request=64.00 MiB cached=0.00 GiB free=1.10 GiB reserve=1.59 GiB total=31.86 GiB)
ds4: ROCm q8 fp16 cache budget exhausted; using q8 kernels (request=64.00 MiB cached=0.00 GiB free=1.10 GiB reserve=1.59 GiB total=31.86 GiB)
ds4: ROCm q8 fp16 cache budget exhausted; using q8 kernels (request=64.00 MiB cached=0.00 GiB free=1.10 GiB reserve=1.59 GiB total=31.86 GiB)
ds4: ROCm q8 fp16 cache budget exhausted; using q8 kernels (request=64.00 MiB cached=0.00 GiB free=1.10 GiB reserve=1.59 GiB total=31.86 GiB)
ds4: ROCm q8 fp16 cache budget exhausted; using q8 kernels (request=64.00 MiB cached=0.00 GiB free=1.10 GiB reserve=1.59 GiB total=31.86 GiB)
ds4: ROCm q8 fp16 cache budget exhausted; using q8 kernels (request=64.00 MiB cached=0.00 GiB free=1.10 GiB reserve=1.59 GiB total=31.86 GiB)
ds4: ROCm q8 fp16 cache budget exhausted; using q8 kernels (request=64.00 MiB cached=0.00 GiB free=1.10 GiB reserve=1.59 GiB total=31.86 GiB)
ds4: ROCm q8 fp16 cache budget exhausted; using q8 kernels (request=64.00 MiB cached=0.00 GiB free=1.10 GiB reserve=1.59 GiB total=31.86 GiB)
ds4: ROCm q8 fp16 cache budget exhausted; using q8 kernels (request=64.00 MiB cached=0.00 GiB free=1.10 GiB reserve=1.59 GiB total=31.86 GiB)
ds4: ROCm q8 fp16 cache budget exhausted; using q8 kernels (request=64.00 MiB cached=0.00 GiB free=1.10 GiB reserve=1.59 GiB total=31.86 GiB)
ds4: ROCm q8 fp16 cache budget exhausted; using q8 kernels (request=64.00 MiB cached=0.00 GiB free=1.10 GiB reserve=1.59 GiB total=31.86 GiB)
ds4: ROCm q8 fp16 cache budget exhausted; using q8 kernels (request=64.00 MiB cached=0.00 GiB free=1.10 GiB reserve=1.59 GiB total=31.86 GiB)
ds4: ROCm q8 fp16 cache budget exhausted; using q8 kernels (request=64.00 MiB cached=0.00 GiB free=1.10 GiB reserve=1.59 GiB total=31.86 GiB)
ds4: ROCm q8 fp16 cache budget exhausted; using q8 kernels (request=64.00 MiB cached=0.00 GiB free=1.10 GiB reserve=1.59 GiB total=31.86 GiB)
ds4: ROCm q8 fp16 cache budget exhausted; using q8 kernels (request=64.00 MiB cached=0.00 GiB free=1.10 GiB reserve=1.59 GiB total=31.86 GiB)
ds4: ROCm q8 fp16 cache budget exhausted; using q8 kernels (request=64.00 MiB cached=0.00 GiB free=1.10 GiB reserve=1.59 GiB total=31.86 GiB)
ds4: ROCm q8 fp16 cache budget exhausted; using q8 kernels (request=64.00 MiB cached=0.00 GiB free=1.10 GiB reserve=1.59 GiB total=31.86 GiB)
ds4: ROCm q8 fp16 cache budget exhausted; using q8 kernels (request=64.00 MiB cached=0.00 GiB free=1.10 GiB reserve=1.59 GiB total=31.86 GiB)
ds4: ROCm q8 fp16 cache budget exhausted; using q8 kernels (request=64.00 MiB cached=0.00 GiB free=1.10 GiB reserve=1.59 GiB total=31.86 GiB)
ds4: ROCm q8 fp16 cache budget exhausted; using q8 kernels (request=64.00 MiB cached=0.00 GiB free=1.10 GiB reserve=1.59 GiB total=31.86 GiB)
ds4: ROCm q8 fp16 cache budget exhausted; using q8 kernels (request=64.00 MiB cached=0.00 GiB free=1.10 GiB reserve=1.59 GiB total=31.86 GiB)
ds4: ROCm q8 fp16 cache budget exhausted; using q8 kernels (request=64.00 MiB cached=0.00 GiB free=1.10 GiB reserve=1.59 GiB total=31.86 GiB)
ds4: ROCm q8 fp16 cache budget exhausted; using q8 kernels (request=64.00 MiB cached=0.00 GiB free=1.10 GiB reserve=1.59 GiB total=31.86 GiB)
ds4: ROCm q8 fp16 cache budget exhausted; using q8 kernels (request=64.00 MiB cached=0.00 GiB free=1.10 GiB reserve=1.59 GiB total=31.86 GiB)
ds4: ROCm q8 fp16 cache budget exhausted; using q8 kernels (request=64.00 MiB cached=0.00 GiB free=1.10 GiB reserve=1.59 GiB total=31.86 GiB)
ds4: ROCm q8 fp16 cache budget exhausted; using q8 kernels (request=64.00 MiB cached=0.00 GiB free=1.10 GiB reserve=1.59 GiB total=31.86 GiB)
ds4: ROCm q8 fp16 cache budget exhausted; using q8 kernels (request=64.00 MiB cached=0.00 GiB free=1.10 GiB reserve=1.59 GiB total=31.86 GiB)
ds4: ROCm q8 fp16 cache budget exhausted; using q8 kernels (request=64.00 MiB cached=0.00 GiB free=1.10 GiB reserve=1.59 GiB total=31.86 GiB)
ds4: ROCm q8 fp16 cache budget exhausted; using q8 kernels (request=64.00 MiB cached=0.00 GiB free=1.10 GiB reserve=1.59 GiB total=31.86 GiB)
ds4: ROCm q8 fp16 cache budget exhausted; using q8 kernels (request=64.00 MiB cached=0.00 GiB free=1.10 GiB reserve=1.59 GiB total=31.86 GiB)
ds4: ROCm q8 fp16 cache budget exhausted; using q8 kernels (request=64.00 MiB cached=0.00 GiB free=1.10 GiB reserve=1.59 GiB total=31.86 GiB)
ds4: ROCm q8 fp16 cache budget exhausted; using q8 kernels (request=64.00 MiB cached=0.00 GiB free=1.10 GiB reserve=1.59 GiB total=31.86 GiB)
ds4: ROCm q8 fp16 cache budget exhausted; using q8 kernels (request=64.00 MiB cached=0.00 GiB free=1.10 GiB reserve=1.59 GiB total=31.86 GiB)
ds4: ROCm q8 fp16 cache budget exhausted; using q8 kernels (request=64.00 MiB cached=0.00 GiB free=1.10 GiB reserve=1.59 GiB total=31.86 GiB)
ds4: ROCm q8 fp16 cache budget exhausted; using q8 kernels (request=64.00 MiB cached=0.00 GiB free=1.10 GiB reserve=1.59 GiB total=31.86 GiB)
ds4: ROCm q8 fp16 cache budget exhausted; using q8 kernels (request=64.00 MiB cached=0.00 GiB free=1.10 GiB reserve=1.59 GiB total=31.86 GiB)
ds4: ROCm q8 fp16 cache budget exhausted; using q8 kernels (request=64.00 MiB cached=0.00 GiB free=1.10 GiB reserve=1.59 GiB total=31.86 GiB)
case_004 cases=5 prompt=15 target=24 avg_nll=16.072453 lcp=1 api_target_mae=16.072453 api_top_coverage=97/120 api_top1=0.042 api_topn=0.062 api_pair=0.431
ds4: ROCm q8 fp16 cache budget exhausted; using q8 kernels (request=64.00 MiB cached=0.00 GiB free=1.10 GiB reserve=1.59 GiB total=31.86 GiB)
ds4: ROCm q8 fp16 cache budget exhausted; using q8 kernels (request=64.00 MiB cached=0.00 GiB free=1.10 GiB reserve=1.59 GiB total=31.86 GiB)
ds4: ROCm q8 fp16 cache budget exhausted; using q8 kernels (request=64.00 MiB cached=0.00 GiB free=1.10 GiB reserve=1.59 GiB total=31.86 GiB)
ds4: ROCm q8 fp16 cache budget exhausted; using q8 kernels (request=64.00 MiB cached=0.00 GiB free=1.10 GiB reserve=1.59 GiB total=31.86 GiB)
ds4: ROCm q8 fp16 cache budget exhausted; using q8 kernels (request=64.00 MiB cached=0.00 GiB free=1.10 GiB reserve=1.59 GiB total=31.86 GiB)
ds4: ROCm q8 fp16 cache budget exhausted; using q8 kernels (request=64.00 MiB cached=0.00 GiB free=1.10 GiB reserve=1.59 GiB total=31.86 GiB)
ds4: ROCm q8 fp16 cache budget exhausted; using q8 kernels (request=64.00 MiB cached=0.00 GiB free=1.10 GiB reserve=1.59 GiB total=31.86 GiB)
ds4: ROCm q8 fp16 cache budget exhausted; using q8 kernels (request=64.00 MiB cached=0.00 GiB free=1.10 GiB reserve=1.59 GiB total=31.86 GiB)
ds4: ROCm q8 fp16 cache budget exhausted; using q8 kernels (request=64.00 MiB cached=0.00 GiB free=1.10 GiB reserve=1.59 GiB total=31.86 GiB)
ds4: ROCm q8 fp16 cache budget exhausted; using q8 kernels (request=64.00 MiB cached=0.00 GiB free=1.10 GiB reserve=1.59 GiB total=31.86 GiB)
ds4: ROCm q8 fp16 cache budget exhausted; using q8 kernels (request=64.00 MiB cached=0.00 GiB free=1.10 GiB reserve=1.59 GiB total=31.86 GiB)
ds4: ROCm q8 fp16 cache budget exhausted; using q8 kernels (request=64.00 MiB cached=0.00 GiB free=1.10 GiB reserve=1.59 GiB total=31.86 GiB)
ds4: ROCm q8 fp16 cache budget exhausted; using q8 kernels (request=64.00 MiB cached=0.00 GiB free=1.10 GiB reserve=1.59 GiB total=31.86 GiB)
ds4: ROCm q8 fp16 cache budget exhausted; using q8 kernels (request=64.00 MiB cached=0.00 GiB free=1.10 GiB reserve=1.59 GiB total=31.86 GiB)
ds4: ROCm q8 fp16 cache budget exhausted; using q8 kernels (request=64.00 MiB cached=0.00 GiB free=1.10 GiB reserve=1.59 GiB total=31.86 GiB)
ds4: ROCm q8 fp16 cache budget exhausted; using q8 kernels (request=64.00 MiB cached=0.00 GiB free=1.10 GiB reserve=1.59 GiB total=31.86 GiB)
ds4: ROCm q8 fp16 cache budget exhausted; using q8 kernels (request=64.00 MiB cached=0.00 GiB free=1.10 GiB reserve=1.59 GiB total=31.86 GiB)
ds4: ROCm q8 fp16 cache budget exhausted; using q8 kernels (request=64.00 MiB cached=0.00 GiB free=1.10 GiB reserve=1.59 GiB total=31.86 GiB)
ds4: ROCm q8 fp16 cache budget exhausted; using q8 kernels (request=64.00 MiB cached=0.00 GiB free=1.10 GiB reserve=1.59 GiB total=31.86 GiB)
ds4: ROCm q8 fp16 cache budget exhausted; using q8 kernels (request=64.00 MiB cached=0.00 GiB free=1.10 GiB reserve=1.59 GiB total=31.86 GiB)
ds4: ROCm q8 fp16 cache budget exhausted; using q8 kernels (request=64.00 MiB cached=0.00 GiB free=1.10 GiB reserve=1.59 GiB total=31.86 GiB)
ds4: ROCm q8 fp16 cache budget exhausted; using q8 kernels (request=64.00 MiB cached=0.00 GiB free=1.10 GiB reserve=1.59 GiB total=31.86 GiB)
ds4: ROCm q8 fp16 cache budget exhausted; using q8 kernels (request=64.00 MiB cached=0.00 GiB free=1.10 GiB reserve=1.59 GiB total=31.86 GiB)
ds4: ROCm q8 fp16 cache budget exhausted; using q8 kernels (request=64.00 MiB cached=0.00 GiB free=1.10 GiB reserve=1.59 GiB total=31.86 GiB)
ds4: ROCm q8 fp16 cache budget exhausted; using q8 kernels (request=64.00 MiB cached=0.00 GiB free=1.10 GiB reserve=1.59 GiB total=31.86 GiB)
ds4: ROCm q8 fp16 cache budget exhausted; using q8 kernels (request=64.00 MiB cached=0.00 GiB free=1.10 GiB reserve=1.59 GiB total=31.86 GiB)
ds4: ROCm q8 fp16 cache budget exhausted; using q8 kernels (request=64.00 MiB cached=0.00 GiB free=1.10 GiB reserve=1.59 GiB total=31.86 GiB)
ds4: ROCm q8 fp16 cache budget exhausted; using q8 kernels (request=64.00 MiB cached=0.00 GiB free=1.10 GiB reserve=1.59 GiB total=31.86 GiB)
ds4: ROCm q8 fp16 cache budget exhausted; using q8 kernels (request=64.00 MiB cached=0.00 GiB free=1.10 GiB reserve=1.59 GiB total=31.86 GiB)
ds4: ROCm q8 fp16 cache budget exhausted; using q8 kernels (request=64.00 MiB cached=0.00 GiB free=1.10 GiB reserve=1.59 GiB total=31.86 GiB)
ds4: ROCm q8 fp16 cache budget exhausted; using q8 kernels (request=64.00 MiB cached=0.00 GiB free=1.10 GiB reserve=1.59 GiB total=31.86 GiB)
ds4: ROCm q8 fp16 cache budget exhausted; using q8 kernels (request=64.00 MiB cached=0.00 GiB free=1.10 GiB reserve=1.59 GiB total=31.86 GiB)
ds4: ROCm q8 fp16 cache budget exhausted; using q8 kernels (request=64.00 MiB cached=0.00 GiB free=1.10 GiB reserve=1.59 GiB total=31.86 GiB)
ds4: ROCm q8 fp16 cache budget exhausted; using q8 kernels (request=64.00 MiB cached=0.00 GiB free=1.10 GiB reserve=1.59 GiB total=31.86 GiB)
ds4: ROCm q8 fp16 cache budget exhausted; using q8 kernels (request=64.00 MiB cached=0.00 GiB free=1.10 GiB reserve=1.59 GiB total=31.86 GiB)
ds4: ROCm q8 fp16 cache budget exhausted; using q8 kernels (request=64.00 MiB cached=0.00 GiB free=1.10 GiB reserve=1.59 GiB total=31.86 GiB)
ds4: ROCm q8 fp16 cache budget exhausted; using q8 kernels (request=64.00 MiB cached=0.00 GiB free=1.10 GiB reserve=1.59 GiB total=31.86 GiB)
ds4: ROCm q8 fp16 cache budget exhausted; using q8 kernels (request=64.00 MiB cached=0.00 GiB free=1.10 GiB reserve=1.59 GiB total=31.86 GiB)
ds4: ROCm q8 fp16 cache budget exhausted; using q8 kernels (request=64.00 MiB cached=0.00 GiB free=1.10 GiB reserve=1.59 GiB total=31.86 GiB)
ds4: ROCm q8 fp16 cache budget exhausted; using q8 kernels (request=64.00 MiB cached=0.00 GiB free=1.10 GiB reserve=1.59 GiB total=31.86 GiB)
ds4: ROCm q8 fp16 cache budget exhausted; using q8 kernels (request=64.00 MiB cached=0.00 GiB free=1.10 GiB reserve=1.59 GiB total=31.86 GiB)
ds4: ROCm q8 fp16 cache budget exhausted; using q8 kernels (request=64.00 MiB cached=0.00 GiB free=1.10 GiB reserve=1.59 GiB total=31.86 GiB)
ds4: ROCm q8 fp16 cache budget exhausted; using q8 kernels (request=64.00 MiB cached=0.00 GiB free=1.10 GiB reserve=1.59 GiB total=31.86 GiB)
case_005 cases=6 prompt=14 target=24 avg_nll=16.433525 lcp=1 api_target_mae=16.433525 api_top_coverage=96/120 api_top1=0.042 api_topn=0.031 api_pair=0.456
ds4: ROCm q8 fp16 cache budget exhausted; using q8 kernels (request=64.00 MiB cached=0.00 GiB free=1.10 GiB reserve=1.59 GiB total=31.86 GiB)
ds4: ROCm q8 fp16 cache budget exhausted; using q8 kernels (request=64.00 MiB cached=0.00 GiB free=1.10 GiB reserve=1.59 GiB total=31.86 GiB)
ds4: ROCm q8 fp16 cache budget exhausted; using q8 kernels (request=64.00 MiB cached=0.00 GiB free=1.10 GiB reserve=1.59 GiB total=31.86 GiB)
ds4: ROCm q8 fp16 cache budget exhausted; using q8 kernels (request=64.00 MiB cached=0.00 GiB free=1.10 GiB reserve=1.59 GiB total=31.86 GiB)
ds4: ROCm q8 fp16 cache budget exhausted; using q8 kernels (request=64.00 MiB cached=0.00 GiB free=1.10 GiB reserve=1.59 GiB total=31.86 GiB)
ds4: ROCm q8 fp16 cache budget exhausted; using q8 kernels (request=64.00 MiB cached=0.00 GiB free=1.10 GiB reserve=1.59 GiB total=31.86 GiB)
ds4: ROCm q8 fp16 cache budget exhausted; using q8 kernels (request=64.00 MiB cached=0.00 GiB free=1.10 GiB reserve=1.59 GiB total=31.86 GiB)
ds4: ROCm q8 fp16 cache budget exhausted; using q8 kernels (request=64.00 MiB cached=0.00 GiB free=1.10 GiB reserve=1.59 GiB total=31.86 GiB)
ds4: ROCm q8 fp16 cache budget exhausted; using q8 kernels (request=64.00 MiB cached=0.00 GiB free=1.10 GiB reserve=1.59 GiB total=31.86 GiB)
ds4: ROCm q8 fp16 cache budget exhausted; using q8 kernels (request=64.00 MiB cached=0.00 GiB free=1.10 GiB reserve=1.59 GiB total=31.86 GiB)
ds4: ROCm q8 fp16 cache budget exhausted; using q8 kernels (request=64.00 MiB cached=0.00 GiB free=1.10 GiB reserve=1.59 GiB total=31.86 GiB)
ds4: ROCm q8 fp16 cache budget exhausted; using q8 kernels (request=64.00 MiB cached=0.00 GiB free=1.10 GiB reserve=1.59 GiB total=31.86 GiB)
ds4: ROCm q8 fp16 cache budget exhausted; using q8 kernels (request=64.00 MiB cached=0.00 GiB free=1.10 GiB reserve=1.59 GiB total=31.86 GiB)
ds4: ROCm q8 fp16 cache budget exhausted; using q8 kernels (request=64.00 MiB cached=0.00 GiB free=1.10 GiB reserve=1.59 GiB total=31.86 GiB)
ds4: ROCm q8 fp16 cache budget exhausted; using q8 kernels (request=64.00 MiB cached=0.00 GiB free=1.10 GiB reserve=1.59 GiB total=31.86 GiB)
ds4: ROCm q8 fp16 cache budget exhausted; using q8 kernels (request=64.00 MiB cached=0.00 GiB free=1.10 GiB reserve=1.59 GiB total=31.86 GiB)
ds4: ROCm q8 fp16 cache budget exhausted; using q8 kernels (request=64.00 MiB cached=0.00 GiB free=1.10 GiB reserve=1.59 GiB total=31.86 GiB)
ds4: ROCm q8 fp16 cache budget exhausted; using q8 kernels (request=64.00 MiB cached=0.00 GiB free=1.10 GiB reserve=1.59 GiB total=31.86 GiB)
ds4: ROCm q8 fp16 cache budget exhausted; using q8 kernels (request=64.00 MiB cached=0.00 GiB free=1.10 GiB reserve=1.59 GiB total=31.86 GiB)
ds4: ROCm q8 fp16 cache budget exhausted; using q8 kernels (request=64.00 MiB cached=0.00 GiB free=1.10 GiB reserve=1.59 GiB total=31.86 GiB)
ds4: ROCm q8 fp16 cache budget exhausted; using q8 kernels (request=64.00 MiB cached=0.00 GiB free=1.10 GiB reserve=1.59 GiB total=31.86 GiB)
ds4: ROCm q8 fp16 cache budget exhausted; using q8 kernels (request=64.00 MiB cached=0.00 GiB free=1.10 GiB reserve=1.59 GiB total=31.86 GiB)
ds4: ROCm q8 fp16 cache budget exhausted; using q8 kernels (request=64.00 MiB cached=0.00 GiB free=1.10 GiB reserve=1.59 GiB total=31.86 GiB)
ds4: ROCm q8 fp16 cache budget exhausted; using q8 kernels (request=64.00 MiB cached=0.00 GiB free=1.10 GiB reserve=1.59 GiB total=31.86 GiB)
ds4: ROCm q8 fp16 cache budget exhausted; using q8 kernels (request=64.00 MiB cached=0.00 GiB free=1.10 GiB reserve=1.59 GiB total=31.86 GiB)
ds4: ROCm q8 fp16 cache budget exhausted; using q8 kernels (request=64.00 MiB cached=0.00 GiB free=1.10 GiB reserve=1.59 GiB total=31.86 GiB)
ds4: ROCm q8 fp16 cache budget exhausted; using q8 kernels (request=64.00 MiB cached=0.00 GiB free=1.10 GiB reserve=1.59 GiB total=31.86 GiB)
ds4: ROCm q8 fp16 cache budget exhausted; using q8 kernels (request=64.00 MiB cached=0.00 GiB free=1.10 GiB reserve=1.59 GiB total=31.86 GiB)
ds4: ROCm q8 fp16 cache budget exhausted; using q8 kernels (request=64.00 MiB cached=0.00 GiB free=1.10 GiB reserve=1.59 GiB total=31.86 GiB)
ds4: ROCm q8 fp16 cache budget exhausted; using q8 kernels (request=64.00 MiB cached=0.00 GiB free=1.10 GiB reserve=1.59 GiB total=31.86 GiB)
ds4: ROCm q8 fp16 cache budget exhausted; using q8 kernels (request=64.00 MiB cached=0.00 GiB free=1.10 GiB reserve=1.59 GiB total=31.86 GiB)
ds4: ROCm q8 fp16 cache budget exhausted; using q8 kernels (request=64.00 MiB cached=0.00 GiB free=1.10 GiB reserve=1.59 GiB total=31.86 GiB)
ds4: ROCm q8 fp16 cache budget exhausted; using q8 kernels (request=64.00 MiB cached=0.00 GiB free=1.10 GiB reserve=1.59 GiB total=31.86 GiB)
ds4: ROCm q8 fp16 cache budget exhausted; using q8 kernels (request=64.00 MiB cached=0.00 GiB free=1.10 GiB reserve=1.59 GiB total=31.86 GiB)
ds4: ROCm q8 fp16 cache budget exhausted; using q8 kernels (request=64.00 MiB cached=0.00 GiB free=1.10 GiB reserve=1.59 GiB total=31.86 GiB)
ds4: ROCm q8 fp16 cache budget exhausted; using q8 kernels (request=64.00 MiB cached=0.00 GiB free=1.10 GiB reserve=1.59 GiB total=31.86 GiB)
ds4: ROCm q8 fp16 cache budget exhausted; using q8 kernels (request=64.00 MiB cached=0.00 GiB free=1.10 GiB reserve=1.59 GiB total=31.86 GiB)
ds4: ROCm q8 fp16 cache budget exhausted; using q8 kernels (request=64.00 MiB cached=0.00 GiB free=1.10 GiB reserve=1.59 GiB total=31.86 GiB)
ds4: ROCm q8 fp16 cache budget exhausted; using q8 kernels (request=64.00 MiB cached=0.00 GiB free=1.10 GiB reserve=1.59 GiB total=31.86 GiB)
ds4: ROCm q8 fp16 cache budget exhausted; using q8 kernels (request=64.00 MiB cached=0.00 GiB free=1.10 GiB reserve=1.59 GiB total=31.86 GiB)
ds4: ROCm q8 fp16 cache budget exhausted; using q8 kernels (request=64.00 MiB cached=0.00 GiB free=1.10 GiB reserve=1.59 GiB total=31.86 GiB)
ds4: ROCm q8 fp16 cache budget exhausted; using q8 kernels (request=64.00 MiB cached=0.00 GiB free=1.10 GiB reserve=1.59 GiB total=31.86 GiB)
ds4: ROCm q8 fp16 cache budget exhausted; using q8 kernels (request=64.00 MiB cached=0.00 GiB free=1.10 GiB reserve=1.59 GiB total=31.86 GiB)
case_006 cases=7 prompt=18 target=24 avg_nll=15.451742 lcp=1 api_target_mae=15.451742 api_top_coverage=98/120 api_top1=0.042 api_topn=0.092 api_pair=0.566
ds4: ROCm q8 fp16 cache budget exhausted; using q8 kernels (request=64.00 MiB cached=0.00 GiB free=1.10 GiB reserve=1.59 GiB total=31.86 GiB)
ds4: ROCm q8 fp16 cache budget exhausted; using q8 kernels (request=64.00 MiB cached=0.00 GiB free=1.10 GiB reserve=1.59 GiB total=31.86 GiB)
ds4: ROCm q8 fp16 cache budget exhausted; using q8 kernels (request=64.00 MiB cached=0.00 GiB free=1.10 GiB reserve=1.59 GiB total=31.86 GiB)
ds4: ROCm q8 fp16 cache budget exhausted; using q8 kernels (request=64.00 MiB cached=0.00 GiB free=1.10 GiB reserve=1.59 GiB total=31.86 GiB)
ds4: ROCm q8 fp16 cache budget exhausted; using q8 kernels (request=64.00 MiB cached=0.00 GiB free=1.10 GiB reserve=1.59 GiB total=31.86 GiB)
ds4: ROCm q8 fp16 cache budget exhausted; using q8 kernels (request=64.00 MiB cached=0.00 GiB free=1.10 GiB reserve=1.59 GiB total=31.86 GiB)
ds4: ROCm q8 fp16 cache budget exhausted; using q8 kernels (request=64.00 MiB cached=0.00 GiB free=1.10 GiB reserve=1.59 GiB total=31.86 GiB)
ds4: ROCm q8 fp16 cache budget exhausted; using q8 kernels (request=64.00 MiB cached=0.00 GiB free=1.10 GiB reserve=1.59 GiB total=31.86 GiB)
ds4: ROCm q8 fp16 cache budget exhausted; using q8 kernels (request=64.00 MiB cached=0.00 GiB free=1.10 GiB reserve=1.59 GiB total=31.86 GiB)
ds4: ROCm q8 fp16 cache budget exhausted; using q8 kernels (request=64.00 MiB cached=0.00 GiB free=1.10 GiB reserve=1.59 GiB total=31.86 GiB)
ds4: ROCm q8 fp16 cache budget exhausted; using q8 kernels (request=64.00 MiB cached=0.00 GiB free=1.10 GiB reserve=1.59 GiB total=31.86 GiB)
ds4: ROCm q8 fp16 cache budget exhausted; using q8 kernels (request=64.00 MiB cached=0.00 GiB free=1.10 GiB reserve=1.59 GiB total=31.86 GiB)
ds4: ROCm q8 fp16 cache budget exhausted; using q8 kernels (request=64.00 MiB cached=0.00 GiB free=1.10 GiB reserve=1.59 GiB total=31.86 GiB)
ds4: ROCm q8 fp16 cache budget exhausted; using q8 kernels (request=64.00 MiB cached=0.00 GiB free=1.10 GiB reserve=1.59 GiB total=31.86 GiB)
ds4: ROCm q8 fp16 cache budget exhausted; using q8 kernels (request=64.00 MiB cached=0.00 GiB free=1.10 GiB reserve=1.59 GiB total=31.86 GiB)
ds4: ROCm q8 fp16 cache budget exhausted; using q8 kernels (request=64.00 MiB cached=0.00 GiB free=1.10 GiB reserve=1.59 GiB total=31.86 GiB)
ds4: ROCm q8 fp16 cache budget exhausted; using q8 kernels (request=64.00 MiB cached=0.00 GiB free=1.10 GiB reserve=1.59 GiB total=31.86 GiB)
ds4: ROCm q8 fp16 cache budget exhausted; using q8 kernels (request=64.00 MiB cached=0.00 GiB free=1.10 GiB reserve=1.59 GiB total=31.86 GiB)
ds4: ROCm q8 fp16 cache budget exhausted; using q8 kernels (request=64.00 MiB cached=0.00 GiB free=1.10 GiB reserve=1.59 GiB total=31.86 GiB)
ds4: ROCm q8 fp16 cache budget exhausted; using q8 kernels (request=64.00 MiB cached=0.00 GiB free=1.10 GiB reserve=1.59 GiB total=31.86 GiB)
ds4: ROCm q8 fp16 cache budget exhausted; using q8 kernels (request=64.00 MiB cached=0.00 GiB free=1.10 GiB reserve=1.59 GiB total=31.86 GiB)
ds4: ROCm q8 fp16 cache budget exhausted; using q8 kernels (request=64.00 MiB cached=0.00 GiB free=1.10 GiB reserve=1.59 GiB total=31.86 GiB)
ds4: ROCm q8 fp16 cache budget exhausted; using q8 kernels (request=64.00 MiB cached=0.00 GiB free=1.10 GiB reserve=1.59 GiB total=31.86 GiB)
ds4: ROCm q8 fp16 cache budget exhausted; using q8 kernels (request=64.00 MiB cached=0.00 GiB free=1.10 GiB reserve=1.59 GiB total=31.86 GiB)
ds4: ROCm q8 fp16 cache budget exhausted; using q8 kernels (request=64.00 MiB cached=0.00 GiB free=1.10 GiB reserve=1.59 GiB total=31.86 GiB)
ds4: ROCm q8 fp16 cache budget exhausted; using q8 kernels (request=64.00 MiB cached=0.00 GiB free=1.10 GiB reserve=1.59 GiB total=31.86 GiB)
ds4: ROCm q8 fp16 cache budget exhausted; using q8 kernels (request=64.00 MiB cached=0.00 GiB free=1.10 GiB reserve=1.59 GiB total=31.86 GiB)
ds4: ROCm q8 fp16 cache budget exhausted; using q8 kernels (request=64.00 MiB cached=0.00 GiB free=1.10 GiB reserve=1.59 GiB total=31.86 GiB)
ds4: ROCm q8 fp16 cache budget exhausted; using q8 kernels (request=64.00 MiB cached=0.00 GiB free=1.10 GiB reserve=1.59 GiB total=31.86 GiB)
ds4: ROCm q8 fp16 cache budget exhausted; using q8 kernels (request=64.00 MiB cached=0.00 GiB free=1.10 GiB reserve=1.59 GiB total=31.86 GiB)
ds4: ROCm q8 fp16 cache budget exhausted; using q8 kernels (request=64.00 MiB cached=0.00 GiB free=1.10 GiB reserve=1.59 GiB total=31.86 GiB)
ds4: ROCm q8 fp16 cache budget exhausted; using q8 kernels (request=64.00 MiB cached=0.00 GiB free=1.10 GiB reserve=1.59 GiB total=31.86 GiB)
ds4: ROCm q8 fp16 cache budget exhausted; using q8 kernels (request=64.00 MiB cached=0.00 GiB free=1.10 GiB reserve=1.59 GiB total=31.86 GiB)
ds4: ROCm q8 fp16 cache budget exhausted; using q8 kernels (request=64.00 MiB cached=0.00 GiB free=1.10 GiB reserve=1.59 GiB total=31.86 GiB)
ds4: ROCm q8 fp16 cache budget exhausted; using q8 kernels (request=64.00 MiB cached=0.00 GiB free=1.10 GiB reserve=1.59 GiB total=31.86 GiB)
ds4: ROCm q8 fp16 cache budget exhausted; using q8 kernels (request=64.00 MiB cached=0.00 GiB free=1.10 GiB reserve=1.59 GiB total=31.86 GiB)
ds4: ROCm q8 fp16 cache budget exhausted; using q8 kernels (request=64.00 MiB cached=0.00 GiB free=1.10 GiB reserve=1.59 GiB total=31.86 GiB)
ds4: ROCm q8 fp16 cache budget exhausted; using q8 kernels (request=64.00 MiB cached=0.00 GiB free=1.10 GiB reserve=1.59 GiB total=31.86 GiB)
ds4: ROCm q8 fp16 cache budget exhausted; using q8 kernels (request=64.00 MiB cached=0.00 GiB free=1.10 GiB reserve=1.59 GiB total=31.86 GiB)
ds4: ROCm q8 fp16 cache budget exhausted; using q8 kernels (request=64.00 MiB cached=0.00 GiB free=1.10 GiB reserve=1.59 GiB total=31.86 GiB)
ds4: ROCm q8 fp16 cache budget exhausted; using q8 kernels (request=64.00 MiB cached=0.00 GiB free=1.10 GiB reserve=1.59 GiB total=31.86 GiB)
ds4: ROCm q8 fp16 cache budget exhausted; using q8 kernels (request=64.00 MiB cached=0.00 GiB free=1.10 GiB reserve=1.59 GiB total=31.86 GiB)
ds4: ROCm q8 fp16 cache budget exhausted; using q8 kernels (request=64.00 MiB cached=0.00 GiB free=1.10 GiB reserve=1.59 GiB total=31.86 GiB)
case_007 cases=8 prompt=14 target=24 avg_nll=14.845798 lcp=0 api_target_mae=14.845798 api_top_coverage=119/120 api_top1=0.000 api_topn=0.008 api_pair=0.635
ds4: ROCm q8 fp16 cache budget exhausted; using q8 kernels (request=64.00 MiB cached=0.00 GiB free=1.10 GiB reserve=1.59 GiB total=31.86 GiB)
ds4: ROCm q8 fp16 cache budget exhausted; using q8 kernels (request=64.00 MiB cached=0.00 GiB free=1.10 GiB reserve=1.59 GiB total=31.86 GiB)
ds4: ROCm q8 fp16 cache budget exhausted; using q8 kernels (request=64.00 MiB cached=0.00 GiB free=1.10 GiB reserve=1.59 GiB total=31.86 GiB)
ds4: ROCm q8 fp16 cache budget exhausted; using q8 kernels (request=64.00 MiB cached=0.00 GiB free=1.10 GiB reserve=1.59 GiB total=31.86 GiB)
ds4: ROCm q8 fp16 cache budget exhausted; using q8 kernels (request=64.00 MiB cached=0.00 GiB free=1.10 GiB reserve=1.59 GiB total=31.86 GiB)
ds4: ROCm q8 fp16 cache budget exhausted; using q8 kernels (request=64.00 MiB cached=0.00 GiB free=1.10 GiB reserve=1.59 GiB total=31.86 GiB)
ds4: ROCm q8 fp16 cache budget exhausted; using q8 kernels (request=64.00 MiB cached=0.00 GiB free=1.10 GiB reserve=1.59 GiB total=31.86 GiB)
ds4: ROCm q8 fp16 cache budget exhausted; using q8 kernels (request=64.00 MiB cached=0.00 GiB free=1.10 GiB reserve=1.59 GiB total=31.86 GiB)
ds4: ROCm q8 fp16 cache budget exhausted; using q8 kernels (request=64.00 MiB cached=0.00 GiB free=1.10 GiB reserve=1.59 GiB total=31.86 GiB)
ds4: ROCm q8 fp16 cache budget exhausted; using q8 kernels (request=64.00 MiB cached=0.00 GiB free=1.10 GiB reserve=1.59 GiB total=31.86 GiB)
ds4: ROCm q8 fp16 cache budget exhausted; using q8 kernels (request=64.00 MiB cached=0.00 GiB free=1.10 GiB reserve=1.59 GiB total=31.86 GiB)
ds4: ROCm q8 fp16 cache budget exhausted; using q8 kernels (request=64.00 MiB cached=0.00 GiB free=1.10 GiB reserve=1.59 GiB total=31.86 GiB)
ds4: ROCm q8 fp16 cache budget exhausted; using q8 kernels (request=64.00 MiB cached=0.00 GiB free=1.10 GiB reserve=1.59 GiB total=31.86 GiB)
ds4: ROCm q8 fp16 cache budget exhausted; using q8 kernels (request=64.00 MiB cached=0.00 GiB free=1.10 GiB reserve=1.59 GiB total=31.86 GiB)
ds4: ROCm q8 fp16 cache budget exhausted; using q8 kernels (request=64.00 MiB cached=0.00 GiB free=1.10 GiB reserve=1.59 GiB total=31.86 GiB)
ds4: ROCm q8 fp16 cache budget exhausted; using q8 kernels (request=64.00 MiB cached=0.00 GiB free=1.10 GiB reserve=1.59 GiB total=31.86 GiB)
ds4: ROCm q8 fp16 cache budget exhausted; using q8 kernels (request=64.00 MiB cached=0.00 GiB free=1.10 GiB reserve=1.59 GiB total=31.86 GiB)
ds4: ROCm q8 fp16 cache budget exhausted; using q8 kernels (request=64.00 MiB cached=0.00 GiB free=1.10 GiB reserve=1.59 GiB total=31.86 GiB)
ds4: ROCm q8 fp16 cache budget exhausted; using q8 kernels (request=64.00 MiB cached=0.00 GiB free=1.10 GiB reserve=1.59 GiB total=31.86 GiB)
ds4: ROCm q8 fp16 cache budget exhausted; using q8 kernels (request=64.00 MiB cached=0.00 GiB free=1.10 GiB reserve=1.59 GiB total=31.86 GiB)
ds4: ROCm q8 fp16 cache budget exhausted; using q8 kernels (request=64.00 MiB cached=0.00 GiB free=1.10 GiB reserve=1.59 GiB total=31.86 GiB)
ds4: ROCm q8 fp16 cache budget exhausted; using q8 kernels (request=64.00 MiB cached=0.00 GiB free=1.10 GiB reserve=1.59 GiB total=31.86 GiB)
ds4: ROCm q8 fp16 cache budget exhausted; using q8 kernels (request=64.00 MiB cached=0.00 GiB free=1.10 GiB reserve=1.59 GiB total=31.86 GiB)
ds4: ROCm q8 fp16 cache budget exhausted; using q8 kernels (request=64.00 MiB cached=0.00 GiB free=1.10 GiB reserve=1.59 GiB total=31.86 GiB)
ds4: ROCm q8 fp16 cache budget exhausted; using q8 kernels (request=64.00 MiB cached=0.00 GiB free=1.10 GiB reserve=1.59 GiB total=31.86 GiB)
ds4: ROCm q8 fp16 cache budget exhausted; using q8 kernels (request=64.00 MiB cached=0.00 GiB free=1.10 GiB reserve=1.59 GiB total=31.86 GiB)
ds4: ROCm q8 fp16 cache budget exhausted; using q8 kernels (request=64.00 MiB cached=0.00 GiB free=1.10 GiB reserve=1.59 GiB total=31.86 GiB)
ds4: ROCm q8 fp16 cache budget exhausted; using q8 kernels (request=64.00 MiB cached=0.00 GiB free=1.10 GiB reserve=1.59 GiB total=31.86 GiB)
ds4: ROCm q8 fp16 cache budget exhausted; using q8 kernels (request=64.00 MiB cached=0.00 GiB free=1.10 GiB reserve=1.59 GiB total=31.86 GiB)
ds4: ROCm q8 fp16 cache budget exhausted; using q8 kernels (request=64.00 MiB cached=0.00 GiB free=1.10 GiB reserve=1.59 GiB total=31.86 GiB)
ds4: ROCm q8 fp16 cache budget exhausted; using q8 kernels (request=64.00 MiB cached=0.00 GiB free=1.10 GiB reserve=1.59 GiB total=31.86 GiB)
ds4: ROCm q8 fp16 cache budget exhausted; using q8 kernels (request=64.00 MiB cached=0.00 GiB free=1.10 GiB reserve=1.59 GiB total=31.86 GiB)
ds4: ROCm q8 fp16 cache budget exhausted; using q8 kernels (request=64.00 MiB cached=0.00 GiB free=1.10 GiB reserve=1.59 GiB total=31.86 GiB)
ds4: ROCm q8 fp16 cache budget exhausted; using q8 kernels (request=64.00 MiB cached=0.00 GiB free=1.10 GiB reserve=1.59 GiB total=31.86 GiB)
ds4: ROCm q8 fp16 cache budget exhausted; using q8 kernels (request=64.00 MiB cached=0.00 GiB free=1.10 GiB reserve=1.59 GiB total=31.86 GiB)
ds4: ROCm q8 fp16 cache budget exhausted; using q8 kernels (request=64.00 MiB cached=0.00 GiB free=1.10 GiB reserve=1.59 GiB total=31.86 GiB)
ds4: ROCm q8 fp16 cache budget exhausted; using q8 kernels (request=64.00 MiB cached=0.00 GiB free=1.10 GiB reserve=1.59 GiB total=31.86 GiB)
ds4: ROCm q8 fp16 cache budget exhausted; using q8 kernels (request=64.00 MiB cached=0.00 GiB free=1.10 GiB reserve=1.59 GiB total=31.86 GiB)
ds4: ROCm q8 fp16 cache budget exhausted; using q8 kernels (request=64.00 MiB cached=0.00 GiB free=1.10 GiB reserve=1.59 GiB total=31.86 GiB)
ds4: ROCm q8 fp16 cache budget exhausted; using q8 kernels (request=64.00 MiB cached=0.00 GiB free=1.10 GiB reserve=1.59 GiB total=31.86 GiB)
ds4: ROCm q8 fp16 cache budget exhausted; using q8 kernels (request=64.00 MiB cached=0.00 GiB free=1.10 GiB reserve=1.59 GiB total=31.86 GiB)
ds4: ROCm q8 fp16 cache budget exhausted; using q8 kernels (request=64.00 MiB cached=0.00 GiB free=1.10 GiB reserve=1.59 GiB total=31.86 GiB)
ds4: ROCm q8 fp16 cache budget exhausted; using q8 kernels (request=64.00 MiB cached=0.00 GiB free=1.10 GiB reserve=1.59 GiB total=31.86 GiB)
case_008 cases=9 prompt=20 target=24 avg_nll=15.163071 lcp=1 api_target_mae=15.163071 api_top_coverage=97/120 api_top1=0.042 api_topn=0.062 api_pair=0.538
ds4: ROCm q8 fp16 cache budget exhausted; using q8 kernels (request=64.00 MiB cached=0.00 GiB free=1.10 GiB reserve=1.59 GiB total=31.86 GiB)
ds4: ROCm q8 fp16 cache budget exhausted; using q8 kernels (request=64.00 MiB cached=0.00 GiB free=1.10 GiB reserve=1.59 GiB total=31.86 GiB)
ds4: ROCm q8 fp16 cache budget exhausted; using q8 kernels (request=64.00 MiB cached=0.00 GiB free=1.10 GiB reserve=1.59 GiB total=31.86 GiB)
ds4: ROCm q8 fp16 cache budget exhausted; using q8 kernels (request=64.00 MiB cached=0.00 GiB free=1.10 GiB reserve=1.59 GiB total=31.86 GiB)
ds4: ROCm q8 fp16 cache budget exhausted; using q8 kernels (request=64.00 MiB cached=0.00 GiB free=1.10 GiB reserve=1.59 GiB total=31.86 GiB)
ds4: ROCm q8 fp16 cache budget exhausted; using q8 kernels (request=64.00 MiB cached=0.00 GiB free=1.10 GiB reserve=1.59 GiB total=31.86 GiB)
ds4: ROCm q8 fp16 cache budget exhausted; using q8 kernels (request=64.00 MiB cached=0.00 GiB free=1.10 GiB reserve=1.59 GiB total=31.86 GiB)
ds4: ROCm q8 fp16 cache budget exhausted; using q8 kernels (request=64.00 MiB cached=0.00 GiB free=1.10 GiB reserve=1.59 GiB total=31.86 GiB)
ds4: ROCm q8 fp16 cache budget exhausted; using q8 kernels (request=64.00 MiB cached=0.00 GiB free=1.10 GiB reserve=1.59 GiB total=31.86 GiB)
ds4: ROCm q8 fp16 cache budget exhausted; using q8 kernels (request=64.00 MiB cached=0.00 GiB free=1.10 GiB reserve=1.59 GiB total=31.86 GiB)
ds4: ROCm q8 fp16 cache budget exhausted; using q8 kernels (request=64.00 MiB cached=0.00 GiB free=1.10 GiB reserve=1.59 GiB total=31.86 GiB)
ds4: ROCm q8 fp16 cache budget exhausted; using q8 kernels (request=64.00 MiB cached=0.00 GiB free=1.10 GiB reserve=1.59 GiB total=31.86 GiB)
ds4: ROCm q8 fp16 cache budget exhausted; using q8 kernels (request=64.00 MiB cached=0.00 GiB free=1.10 GiB reserve=1.59 GiB total=31.86 GiB)
ds4: ROCm q8 fp16 cache budget exhausted; using q8 kernels (request=64.00 MiB cached=0.00 GiB free=1.10 GiB reserve=1.59 GiB total=31.86 GiB)
ds4: ROCm q8 fp16 cache budget exhausted; using q8 kernels (request=64.00 MiB cached=0.00 GiB free=1.10 GiB reserve=1.59 GiB total=31.86 GiB)
ds4: ROCm q8 fp16 cache budget exhausted; using q8 kernels (request=64.00 MiB cached=0.00 GiB free=1.10 GiB reserve=1.59 GiB total=31.86 GiB)
ds4: ROCm q8 fp16 cache budget exhausted; using q8 kernels (request=64.00 MiB cached=0.00 GiB free=1.10 GiB reserve=1.59 GiB total=31.86 GiB)
ds4: ROCm q8 fp16 cache budget exhausted; using q8 kernels (request=64.00 MiB cached=0.00 GiB free=1.10 GiB reserve=1.59 GiB total=31.86 GiB)
ds4: ROCm q8 fp16 cache budget exhausted; using q8 kernels (request=64.00 MiB cached=0.00 GiB free=1.10 GiB reserve=1.59 GiB total=31.86 GiB)
ds4: ROCm q8 fp16 cache budget exhausted; using q8 kernels (request=64.00 MiB cached=0.00 GiB free=1.10 GiB reserve=1.59 GiB total=31.86 GiB)
ds4: ROCm q8 fp16 cache budget exhausted; using q8 kernels (request=64.00 MiB cached=0.00 GiB free=1.10 GiB reserve=1.59 GiB total=31.86 GiB)
ds4: ROCm q8 fp16 cache budget exhausted; using q8 kernels (request=64.00 MiB cached=0.00 GiB free=1.10 GiB reserve=1.59 GiB total=31.86 GiB)
ds4: ROCm q8 fp16 cache budget exhausted; using q8 kernels (request=64.00 MiB cached=0.00 GiB free=1.10 GiB reserve=1.59 GiB total=31.86 GiB)
ds4: ROCm q8 fp16 cache budget exhausted; using q8 kernels (request=64.00 MiB cached=0.00 GiB free=1.10 GiB reserve=1.59 GiB total=31.86 GiB)
ds4: ROCm q8 fp16 cache budget exhausted; using q8 kernels (request=64.00 MiB cached=0.00 GiB free=1.10 GiB reserve=1.59 GiB total=31.86 GiB)
ds4: ROCm q8 fp16 cache budget exhausted; using q8 kernels (request=64.00 MiB cached=0.00 GiB free=1.10 GiB reserve=1.59 GiB total=31.86 GiB)
ds4: ROCm q8 fp16 cache budget exhausted; using q8 kernels (request=64.00 MiB cached=0.00 GiB free=1.10 GiB reserve=1.59 GiB total=31.86 GiB)
ds4: ROCm q8 fp16 cache budget exhausted; using q8 kernels (request=64.00 MiB cached=0.00 GiB free=1.10 GiB reserve=1.59 GiB total=31.86 GiB)
ds4: ROCm q8 fp16 cache budget exhausted; using q8 kernels (request=64.00 MiB cached=0.00 GiB free=1.10 GiB reserve=1.59 GiB total=31.86 GiB)
ds4: ROCm q8 fp16 cache budget exhausted; using q8 kernels (request=64.00 MiB cached=0.00 GiB free=1.10 GiB reserve=1.59 GiB total=31.86 GiB)
ds4: ROCm q8 fp16 cache budget exhausted; using q8 kernels (request=64.00 MiB cached=0.00 GiB free=1.10 GiB reserve=1.59 GiB total=31.86 GiB)
ds4: ROCm q8 fp16 cache budget exhausted; using q8 kernels (request=64.00 MiB cached=0.00 GiB free=1.10 GiB reserve=1.59 GiB total=31.86 GiB)
ds4: ROCm q8 fp16 cache budget exhausted; using q8 kernels (request=64.00 MiB cached=0.00 GiB free=1.10 GiB reserve=1.59 GiB total=31.86 GiB)
ds4: ROCm q8 fp16 cache budget exhausted; using q8 kernels (request=64.00 MiB cached=0.00 GiB free=1.10 GiB reserve=1.59 GiB total=31.86 GiB)
ds4: ROCm q8 fp16 cache budget exhausted; using q8 kernels (request=64.00 MiB cached=0.00 GiB free=1.10 GiB reserve=1.59 GiB total=31.86 GiB)
ds4: ROCm q8 fp16 cache budget exhausted; using q8 kernels (request=64.00 MiB cached=0.00 GiB free=1.10 GiB reserve=1.59 GiB total=31.86 GiB)
ds4: ROCm q8 fp16 cache budget exhausted; using q8 kernels (request=64.00 MiB cached=0.00 GiB free=1.10 GiB reserve=1.59 GiB total=31.86 GiB)
ds4: ROCm q8 fp16 cache budget exhausted; using q8 kernels (request=64.00 MiB cached=0.00 GiB free=1.10 GiB reserve=1.59 GiB total=31.86 GiB)
ds4: ROCm q8 fp16 cache budget exhausted; using q8 kernels (request=64.00 MiB cached=0.00 GiB free=1.10 GiB reserve=1.59 GiB total=31.86 GiB)
ds4: ROCm q8 fp16 cache budget exhausted; using q8 kernels (request=64.00 MiB cached=0.00 GiB free=1.10 GiB reserve=1.59 GiB total=31.86 GiB)
ds4: ROCm q8 fp16 cache budget exhausted; using q8 kernels (request=64.00 MiB cached=0.00 GiB free=1.10 GiB reserve=1.59 GiB total=31.86 GiB)
ds4: ROCm q8 fp16 cache budget exhausted; using q8 kernels (request=64.00 MiB cached=0.00 GiB free=1.10 GiB reserve=1.59 GiB total=31.86 GiB)
ds4: ROCm q8 fp16 cache budget exhausted; using q8 kernels (request=64.00 MiB cached=0.00 GiB free=1.10 GiB reserve=1.59 GiB total=31.86 GiB)
case_009 cases=10 prompt=17 target=24 avg_nll=16.335063 lcp=1 api_target_mae=16.335063 api_top_coverage=106/120 api_top1=0.042 api_topn=0.066 api_pair=0.585
ds4: ROCm q8 fp16 cache budget exhausted; using q8 kernels (request=64.00 MiB cached=0.00 GiB free=1.10 GiB reserve=1.59 GiB total=31.86 GiB)
ds4: ROCm q8 fp16 cache budget exhausted; using q8 kernels (request=64.00 MiB cached=0.00 GiB free=1.10 GiB reserve=1.59 GiB total=31.86 GiB)
ds4: ROCm q8 fp16 cache budget exhausted; using q8 kernels (request=64.00 MiB cached=0.00 GiB free=1.10 GiB reserve=1.59 GiB total=31.86 GiB)
ds4: ROCm q8 fp16 cache budget exhausted; using q8 kernels (request=64.00 MiB cached=0.00 GiB free=1.10 GiB reserve=1.59 GiB total=31.86 GiB)
ds4: ROCm q8 fp16 cache budget exhausted; using q8 kernels (request=64.00 MiB cached=0.00 GiB free=1.10 GiB reserve=1.59 GiB total=31.86 GiB)
ds4: ROCm q8 fp16 cache budget exhausted; using q8 kernels (request=64.00 MiB cached=0.00 GiB free=1.10 GiB reserve=1.59 GiB total=31.86 GiB)
ds4: ROCm q8 fp16 cache budget exhausted; using q8 kernels (request=64.00 MiB cached=0.00 GiB free=1.10 GiB reserve=1.59 GiB total=31.86 GiB)
ds4: ROCm q8 fp16 cache budget exhausted; using q8 kernels (request=64.00 MiB cached=0.00 GiB free=1.10 GiB reserve=1.59 GiB total=31.86 GiB)
ds4: ROCm q8 fp16 cache budget exhausted; using q8 kernels (request=64.00 MiB cached=0.00 GiB free=1.10 GiB reserve=1.59 GiB total=31.86 GiB)
ds4: ROCm q8 fp16 cache budget exhausted; using q8 kernels (request=64.00 MiB cached=0.00 GiB free=1.10 GiB reserve=1.59 GiB total=31.86 GiB)
ds4: ROCm q8 fp16 cache budget exhausted; using q8 kernels (request=64.00 MiB cached=0.00 GiB free=1.10 GiB reserve=1.59 GiB total=31.86 GiB)
ds4: ROCm q8 fp16 cache budget exhausted; using q8 kernels (request=64.00 MiB cached=0.00 GiB free=1.10 GiB reserve=1.59 GiB total=31.86 GiB)
ds4: ROCm q8 fp16 cache budget exhausted; using q8 kernels (request=64.00 MiB cached=0.00 GiB free=1.10 GiB reserve=1.59 GiB total=31.86 GiB)
ds4: ROCm q8 fp16 cache budget exhausted; using q8 kernels (request=64.00 MiB cached=0.00 GiB free=1.10 GiB reserve=1.59 GiB total=31.86 GiB)
ds4: ROCm q8 fp16 cache budget exhausted; using q8 kernels (request=64.00 MiB cached=0.00 GiB free=1.10 GiB reserve=1.59 GiB total=31.86 GiB)
ds4: ROCm q8 fp16 cache budget exhausted; using q8 kernels (request=64.00 MiB cached=0.00 GiB free=1.10 GiB reserve=1.59 GiB total=31.86 GiB)
ds4: ROCm q8 fp16 cache budget exhausted; using q8 kernels (request=64.00 MiB cached=0.00 GiB free=1.10 GiB reserve=1.59 GiB total=31.86 GiB)
ds4: ROCm q8 fp16 cache budget exhausted; using q8 kernels (request=64.00 MiB cached=0.00 GiB free=1.10 GiB reserve=1.59 GiB total=31.86 GiB)
ds4: ROCm q8 fp16 cache budget exhausted; using q8 kernels (request=64.00 MiB cached=0.00 GiB free=1.10 GiB reserve=1.59 GiB total=31.86 GiB)
ds4: ROCm q8 fp16 cache budget exhausted; using q8 kernels (request=64.00 MiB cached=0.00 GiB free=1.10 GiB reserve=1.59 GiB total=31.86 GiB)
ds4: ROCm q8 fp16 cache budget exhausted; using q8 kernels (request=64.00 MiB cached=0.00 GiB free=1.10 GiB reserve=1.59 GiB total=31.86 GiB)
ds4: ROCm q8 fp16 cache budget exhausted; using q8 kernels (request=64.00 MiB cached=0.00 GiB free=1.10 GiB reserve=1.59 GiB total=31.86 GiB)
ds4: ROCm q8 fp16 cache budget exhausted; using q8 kernels (request=64.00 MiB cached=0.00 GiB free=1.10 GiB reserve=1.59 GiB total=31.86 GiB)
ds4: ROCm q8 fp16 cache budget exhausted; using q8 kernels (request=64.00 MiB cached=0.00 GiB free=1.10 GiB reserve=1.59 GiB total=31.86 GiB)
ds4: ROCm q8 fp16 cache budget exhausted; using q8 kernels (request=64.00 MiB cached=0.00 GiB free=1.10 GiB reserve=1.59 GiB total=31.86 GiB)
ds4: ROCm q8 fp16 cache budget exhausted; using q8 kernels (request=64.00 MiB cached=0.00 GiB free=1.10 GiB reserve=1.59 GiB total=31.86 GiB)
ds4: ROCm q8 fp16 cache budget exhausted; using q8 kernels (request=64.00 MiB cached=0.00 GiB free=1.10 GiB reserve=1.59 GiB total=31.86 GiB)
ds4: ROCm q8 fp16 cache budget exhausted; using q8 kernels (request=64.00 MiB cached=0.00 GiB free=1.10 GiB reserve=1.59 GiB total=31.86 GiB)
ds4: ROCm q8 fp16 cache budget exhausted; using q8 kernels (request=64.00 MiB cached=0.00 GiB free=1.10 GiB reserve=1.59 GiB total=31.86 GiB)
ds4: ROCm q8 fp16 cache budget exhausted; using q8 kernels (request=64.00 MiB cached=0.00 GiB free=1.10 GiB reserve=1.59 GiB total=31.86 GiB)
ds4: ROCm q8 fp16 cache budget exhausted; using q8 kernels (request=64.00 MiB cached=0.00 GiB free=1.10 GiB reserve=1.59 GiB total=31.86 GiB)
ds4: ROCm q8 fp16 cache budget exhausted; using q8 kernels (request=64.00 MiB cached=0.00 GiB free=1.10 GiB reserve=1.59 GiB total=31.86 GiB)
ds4: ROCm q8 fp16 cache budget exhausted; using q8 kernels (request=64.00 MiB cached=0.00 GiB free=1.10 GiB reserve=1.59 GiB total=31.86 GiB)
ds4: ROCm q8 fp16 cache budget exhausted; using q8 kernels (request=64.00 MiB cached=0.00 GiB free=1.10 GiB reserve=1.59 GiB total=31.86 GiB)
ds4: ROCm q8 fp16 cache budget exhausted; using q8 kernels (request=64.00 MiB cached=0.00 GiB free=1.10 GiB reserve=1.59 GiB total=31.86 GiB)
ds4: ROCm q8 fp16 cache budget exhausted; using q8 kernels (request=64.00 MiB cached=0.00 GiB free=1.10 GiB reserve=1.59 GiB total=31.86 GiB)
ds4: ROCm q8 fp16 cache budget exhausted; using q8 kernels (request=64.00 MiB cached=0.00 GiB free=1.10 GiB reserve=1.59 GiB total=31.86 GiB)
ds4: ROCm q8 fp16 cache budget exhausted; using q8 kernels (request=64.00 MiB cached=0.00 GiB free=1.10 GiB reserve=1.59 GiB total=31.86 GiB)
ds4: ROCm q8 fp16 cache budget exhausted; using q8 kernels (request=64.00 MiB cached=0.00 GiB free=1.10 GiB reserve=1.59 GiB total=31.86 GiB)
ds4: ROCm q8 fp16 cache budget exhausted; using q8 kernels (request=64.00 MiB cached=0.00 GiB free=1.10 GiB reserve=1.59 GiB total=31.86 GiB)
ds4: ROCm q8 fp16 cache budget exhausted; using q8 kernels (request=64.00 MiB cached=0.00 GiB free=1.10 GiB reserve=1.59 GiB total=31.86 GiB)
ds4: ROCm q8 fp16 cache budget exhausted; using q8 kernels (request=64.00 MiB cached=0.00 GiB free=1.10 GiB reserve=1.59 GiB total=31.86 GiB)
ds4: ROCm q8 fp16 cache budget exhausted; using q8 kernels (request=64.00 MiB cached=0.00 GiB free=1.10 GiB reserve=1.59 GiB total=31.86 GiB)
case_010 cases=11 prompt=26 target=24 avg_nll=18.311418 lcp=0 api_target_mae=18.311418 api_top_coverage=96/120 api_top1=0.000 api_topn=0.031 api_pair=0.435
ds4: ROCm q8 fp16 cache budget exhausted; using q8 kernels (request=64.00 MiB cached=0.00 GiB free=1.10 GiB reserve=1.59 GiB total=31.86 GiB)
ds4: ROCm q8 fp16 cache budget exhausted; using q8 kernels (request=64.00 MiB cached=0.00 GiB free=1.10 GiB reserve=1.59 GiB total=31.86 GiB)
ds4: ROCm q8 fp16 cache budget exhausted; using q8 kernels (request=64.00 MiB cached=0.00 GiB free=1.10 GiB reserve=1.59 GiB total=31.86 GiB)
ds4: ROCm q8 fp16 cache budget exhausted; using q8 kernels (request=64.00 MiB cached=0.00 GiB free=1.10 GiB reserve=1.59 GiB total=31.86 GiB)
ds4: ROCm q8 fp16 cache budget exhausted; using q8 kernels (request=64.00 MiB cached=0.00 GiB free=1.10 GiB reserve=1.59 GiB total=31.86 GiB)
ds4: ROCm q8 fp16 cache budget exhausted; using q8 kernels (request=64.00 MiB cached=0.00 GiB free=1.10 GiB reserve=1.59 GiB total=31.86 GiB)
ds4: ROCm q8 fp16 cache budget exhausted; using q8 kernels (request=64.00 MiB cached=0.00 GiB free=1.10 GiB reserve=1.59 GiB total=31.86 GiB)
ds4: ROCm q8 fp16 cache budget exhausted; using q8 kernels (request=64.00 MiB cached=0.00 GiB free=1.10 GiB reserve=1.59 GiB total=31.86 GiB)
ds4: ROCm q8 fp16 cache budget exhausted; using q8 kernels (request=64.00 MiB cached=0.00 GiB free=1.10 GiB reserve=1.59 GiB total=31.86 GiB)
ds4: ROCm q8 fp16 cache budget exhausted; using q8 kernels (request=64.00 MiB cached=0.00 GiB free=1.10 GiB reserve=1.59 GiB total=31.86 GiB)
ds4: ROCm q8 fp16 cache budget exhausted; using q8 kernels (request=64.00 MiB cached=0.00 GiB free=1.10 GiB reserve=1.59 GiB total=31.86 GiB)
ds4: ROCm q8 fp16 cache budget exhausted; using q8 kernels (request=64.00 MiB cached=0.00 GiB free=1.10 GiB reserve=1.59 GiB total=31.86 GiB)
ds4: ROCm q8 fp16 cache budget exhausted; using q8 kernels (request=64.00 MiB cached=0.00 GiB free=1.10 GiB reserve=1.59 GiB total=31.86 GiB)
ds4: ROCm q8 fp16 cache budget exhausted; using q8 kernels (request=64.00 MiB cached=0.00 GiB free=1.10 GiB reserve=1.59 GiB total=31.86 GiB)
ds4: ROCm q8 fp16 cache budget exhausted; using q8 kernels (request=64.00 MiB cached=0.00 GiB free=1.10 GiB reserve=1.59 GiB total=31.86 GiB)
ds4: ROCm q8 fp16 cache budget exhausted; using q8 kernels (request=64.00 MiB cached=0.00 GiB free=1.10 GiB reserve=1.59 GiB total=31.86 GiB)
ds4: ROCm q8 fp16 cache budget exhausted; using q8 kernels (request=64.00 MiB cached=0.00 GiB free=1.10 GiB reserve=1.59 GiB total=31.86 GiB)
ds4: ROCm q8 fp16 cache budget exhausted; using q8 kernels (request=64.00 MiB cached=0.00 GiB free=1.10 GiB reserve=1.59 GiB total=31.86 GiB)
ds4: ROCm q8 fp16 cache budget exhausted; using q8 kernels (request=64.00 MiB cached=0.00 GiB free=1.10 GiB reserve=1.59 GiB total=31.86 GiB)
ds4: ROCm q8 fp16 cache budget exhausted; using q8 kernels (request=64.00 MiB cached=0.00 GiB free=1.10 GiB reserve=1.59 GiB total=31.86 GiB)
ds4: ROCm q8 fp16 cache budget exhausted; using q8 kernels (request=64.00 MiB cached=0.00 GiB free=1.10 GiB reserve=1.59 GiB total=31.86 GiB)
ds4: ROCm q8 fp16 cache budget exhausted; using q8 kernels (request=64.00 MiB cached=0.00 GiB free=1.10 GiB reserve=1.59 GiB total=31.86 GiB)
ds4: ROCm q8 fp16 cache budget exhausted; using q8 kernels (request=64.00 MiB cached=0.00 GiB free=1.10 GiB reserve=1.59 GiB total=31.86 GiB)
ds4: ROCm q8 fp16 cache budget exhausted; using q8 kernels (request=64.00 MiB cached=0.00 GiB free=1.10 GiB reserve=1.59 GiB total=31.86 GiB)
ds4: ROCm q8 fp16 cache budget exhausted; using q8 kernels (request=64.00 MiB cached=0.00 GiB free=1.10 GiB reserve=1.59 GiB total=31.86 GiB)
ds4: ROCm q8 fp16 cache budget exhausted; using q8 kernels (request=64.00 MiB cached=0.00 GiB free=1.10 GiB reserve=1.59 GiB total=31.86 GiB)
ds4: ROCm q8 fp16 cache budget exhausted; using q8 kernels (request=64.00 MiB cached=0.00 GiB free=1.10 GiB reserve=1.59 GiB total=31.86 GiB)
ds4: ROCm q8 fp16 cache budget exhausted; using q8 kernels (request=64.00 MiB cached=0.00 GiB free=1.10 GiB reserve=1.59 GiB total=31.86 GiB)
ds4: ROCm q8 fp16 cache budget exhausted; using q8 kernels (request=64.00 MiB cached=0.00 GiB free=1.10 GiB reserve=1.59 GiB total=31.86 GiB)
ds4: ROCm q8 fp16 cache budget exhausted; using q8 kernels (request=64.00 MiB cached=0.00 GiB free=1.10 GiB reserve=1.59 GiB total=31.86 GiB)
ds4: ROCm q8 fp16 cache budget exhausted; using q8 kernels (request=64.00 MiB cached=0.00 GiB free=1.10 GiB reserve=1.59 GiB total=31.86 GiB)
ds4: ROCm q8 fp16 cache budget exhausted; using q8 kernels (request=64.00 MiB cached=0.00 GiB free=1.10 GiB reserve=1.59 GiB total=31.86 GiB)
ds4: ROCm q8 fp16 cache budget exhausted; using q8 kernels (request=64.00 MiB cached=0.00 GiB free=1.10 GiB reserve=1.59 GiB total=31.86 GiB)
ds4: ROCm q8 fp16 cache budget exhausted; using q8 kernels (request=64.00 MiB cached=0.00 GiB free=1.10 GiB reserve=1.59 GiB total=31.86 GiB)
ds4: ROCm q8 fp16 cache budget exhausted; using q8 kernels (request=64.00 MiB cached=0.00 GiB free=1.10 GiB reserve=1.59 GiB total=31.86 GiB)
ds4: ROCm q8 fp16 cache budget exhausted; using q8 kernels (request=64.00 MiB cached=0.00 GiB free=1.10 GiB reserve=1.59 GiB total=31.86 GiB)
ds4: ROCm q8 fp16 cache budget exhausted; using q8 kernels (request=64.00 MiB cached=0.00 GiB free=1.10 GiB reserve=1.59 GiB total=31.86 GiB)
ds4: ROCm q8 fp16 cache budget exhausted; using q8 kernels (request=64.00 MiB cached=0.00 GiB free=1.10 GiB reserve=1.59 GiB total=31.86 GiB)
ds4: ROCm q8 fp16 cache budget exhausted; using q8 kernels (request=64.00 MiB cached=0.00 GiB free=1.10 GiB reserve=1.59 GiB total=31.86 GiB)
ds4: ROCm q8 fp16 cache budget exhausted; using q8 kernels (request=64.00 MiB cached=0.00 GiB free=1.10 GiB reserve=1.59 GiB total=31.86 GiB)
ds4: ROCm q8 fp16 cache budget exhausted; using q8 kernels (request=64.00 MiB cached=0.00 GiB free=1.10 GiB reserve=1.59 GiB total=31.86 GiB)
ds4: ROCm q8 fp16 cache budget exhausted; using q8 kernels (request=64.00 MiB cached=0.00 GiB free=1.10 GiB reserve=1.59 GiB total=31.86 GiB)
ds4: ROCm q8 fp16 cache budget exhausted; using q8 kernels (request=64.00 MiB cached=0.00 GiB free=1.10 GiB reserve=1.59 GiB total=31.86 GiB)
case_011 cases=12 prompt=21 target=24 avg_nll=17.378301 lcp=1 api_target_mae=17.378301 api_top_coverage=98/120 api_top1=0.042 api_topn=0.061 api_pair=0.548
ds4: ROCm q8 fp16 cache budget exhausted; using q8 kernels (request=64.00 MiB cached=0.00 GiB free=1.10 GiB reserve=1.59 GiB total=31.86 GiB)
ds4: ROCm q8 fp16 cache budget exhausted; using q8 kernels (request=64.00 MiB cached=0.00 GiB free=1.10 GiB reserve=1.59 GiB total=31.86 GiB)
ds4: ROCm q8 fp16 cache budget exhausted; using q8 kernels (request=64.00 MiB cached=0.00 GiB free=1.10 GiB reserve=1.59 GiB total=31.86 GiB)
ds4: ROCm q8 fp16 cache budget exhausted; using q8 kernels (request=64.00 MiB cached=0.00 GiB free=1.10 GiB reserve=1.59 GiB total=31.86 GiB)
ds4: ROCm q8 fp16 cache budget exhausted; using q8 kernels (request=64.00 MiB cached=0.00 GiB free=1.10 GiB reserve=1.59 GiB total=31.86 GiB)
ds4: ROCm q8 fp16 cache budget exhausted; using q8 kernels (request=64.00 MiB cached=0.00 GiB free=1.10 GiB reserve=1.59 GiB total=31.86 GiB)
ds4: ROCm q8 fp16 cache budget exhausted; using q8 kernels (request=64.00 MiB cached=0.00 GiB free=1.10 GiB reserve=1.59 GiB total=31.86 GiB)
ds4: ROCm q8 fp16 cache budget exhausted; using q8 kernels (request=64.00 MiB cached=0.00 GiB free=1.10 GiB reserve=1.59 GiB total=31.86 GiB)
ds4: ROCm q8 fp16 cache budget exhausted; using q8 kernels (request=64.00 MiB cached=0.00 GiB free=1.10 GiB reserve=1.59 GiB total=31.86 GiB)
ds4: ROCm q8 fp16 cache budget exhausted; using q8 kernels (request=64.00 MiB cached=0.00 GiB free=1.10 GiB reserve=1.59 GiB total=31.86 GiB)
ds4: ROCm q8 fp16 cache budget exhausted; using q8 kernels (request=64.00 MiB cached=0.00 GiB free=1.10 GiB reserve=1.59 GiB total=31.86 GiB)
ds4: ROCm q8 fp16 cache budget exhausted; using q8 kernels (request=64.00 MiB cached=0.00 GiB free=1.10 GiB reserve=1.59 GiB total=31.86 GiB)
ds4: ROCm q8 fp16 cache budget exhausted; using q8 kernels (request=64.00 MiB cached=0.00 GiB free=1.10 GiB reserve=1.59 GiB total=31.86 GiB)
ds4: ROCm q8 fp16 cache budget exhausted; using q8 kernels (request=64.00 MiB cached=0.00 GiB free=1.10 GiB reserve=1.59 GiB total=31.86 GiB)
ds4: ROCm q8 fp16 cache budget exhausted; using q8 kernels (request=64.00 MiB cached=0.00 GiB free=1.10 GiB reserve=1.59 GiB total=31.86 GiB)
ds4: ROCm q8 fp16 cache budget exhausted; using q8 kernels (request=64.00 MiB cached=0.00 GiB free=1.10 GiB reserve=1.59 GiB total=31.86 GiB)
ds4: ROCm q8 fp16 cache budget exhausted; using q8 kernels (request=64.00 MiB cached=0.00 GiB free=1.10 GiB reserve=1.59 GiB total=31.86 GiB)
ds4: ROCm q8 fp16 cache budget exhausted; using q8 kernels (request=64.00 MiB cached=0.00 GiB free=1.10 GiB reserve=1.59 GiB total=31.86 GiB)
ds4: ROCm q8 fp16 cache budget exhausted; using q8 kernels (request=64.00 MiB cached=0.00 GiB free=1.10 GiB reserve=1.59 GiB total=31.86 GiB)
ds4: ROCm q8 fp16 cache budget exhausted; using q8 kernels (request=64.00 MiB cached=0.00 GiB free=1.10 GiB reserve=1.59 GiB total=31.86 GiB)
ds4: ROCm q8 fp16 cache budget exhausted; using q8 kernels (request=64.00 MiB cached=0.00 GiB free=1.10 GiB reserve=1.59 GiB total=31.86 GiB)
ds4: ROCm q8 fp16 cache budget exhausted; using q8 kernels (request=64.00 MiB cached=0.00 GiB free=1.10 GiB reserve=1.59 GiB total=31.86 GiB)
ds4: ROCm q8 fp16 cache budget exhausted; using q8 kernels (request=64.00 MiB cached=0.00 GiB free=1.10 GiB reserve=1.59 GiB total=31.86 GiB)
ds4: ROCm q8 fp16 cache budget exhausted; using q8 kernels (request=64.00 MiB cached=0.00 GiB free=1.10 GiB reserve=1.59 GiB total=31.86 GiB)
ds4: ROCm q8 fp16 cache budget exhausted; using q8 kernels (request=64.00 MiB cached=0.00 GiB free=1.10 GiB reserve=1.59 GiB total=31.86 GiB)
ds4: ROCm q8 fp16 cache budget exhausted; using q8 kernels (request=64.00 MiB cached=0.00 GiB free=1.10 GiB reserve=1.59 GiB total=31.86 GiB)
ds4: ROCm q8 fp16 cache budget exhausted; using q8 kernels (request=64.00 MiB cached=0.00 GiB free=1.10 GiB reserve=1.59 GiB total=31.86 GiB)
ds4: ROCm q8 fp16 cache budget exhausted; using q8 kernels (request=64.00 MiB cached=0.00 GiB free=1.10 GiB reserve=1.59 GiB total=31.86 GiB)
ds4: ROCm q8 fp16 cache budget exhausted; using q8 kernels (request=64.00 MiB cached=0.00 GiB free=1.10 GiB reserve=1.59 GiB total=31.86 GiB)
ds4: ROCm q8 fp16 cache budget exhausted; using q8 kernels (request=64.00 MiB cached=0.00 GiB free=1.10 GiB reserve=1.59 GiB total=31.86 GiB)
ds4: ROCm q8 fp16 cache budget exhausted; using q8 kernels (request=64.00 MiB cached=0.00 GiB free=1.10 GiB reserve=1.59 GiB total=31.86 GiB)
ds4: ROCm q8 fp16 cache budget exhausted; using q8 kernels (request=64.00 MiB cached=0.00 GiB free=1.10 GiB reserve=1.59 GiB total=31.86 GiB)
ds4: ROCm q8 fp16 cache budget exhausted; using q8 kernels (request=64.00 MiB cached=0.00 GiB free=1.10 GiB reserve=1.59 GiB total=31.86 GiB)
ds4: ROCm q8 fp16 cache budget exhausted; using q8 kernels (request=64.00 MiB cached=0.00 GiB free=1.10 GiB reserve=1.59 GiB total=31.86 GiB)
ds4: ROCm q8 fp16 cache budget exhausted; using q8 kernels (request=64.00 MiB cached=0.00 GiB free=1.10 GiB reserve=1.59 GiB total=31.86 GiB)
ds4: ROCm q8 fp16 cache budget exhausted; using q8 kernels (request=64.00 MiB cached=0.00 GiB free=1.10 GiB reserve=1.59 GiB total=31.86 GiB)
ds4: ROCm q8 fp16 cache budget exhausted; using q8 kernels (request=64.00 MiB cached=0.00 GiB free=1.10 GiB reserve=1.59 GiB total=31.86 GiB)
ds4: ROCm q8 fp16 cache budget exhausted; using q8 kernels (request=64.00 MiB cached=0.00 GiB free=1.10 GiB reserve=1.59 GiB total=31.86 GiB)
ds4: ROCm q8 fp16 cache budget exhausted; using q8 kernels (request=64.00 MiB cached=0.00 GiB free=1.10 GiB reserve=1.59 GiB total=31.86 GiB)
ds4: ROCm q8 fp16 cache budget exhausted; using q8 kernels (request=64.00 MiB cached=0.00 GiB free=1.10 GiB reserve=1.59 GiB total=31.86 GiB)
ds4: ROCm q8 fp16 cache budget exhausted; using q8 kernels (request=64.00 MiB cached=0.00 GiB free=1.10 GiB reserve=1.59 GiB total=31.86 GiB)
ds4: ROCm q8 fp16 cache budget exhausted; using q8 kernels (request=64.00 MiB cached=0.00 GiB free=1.10 GiB reserve=1.59 GiB total=31.86 GiB)
ds4: ROCm q8 fp16 cache budget exhausted; using q8 kernels (request=64.00 MiB cached=0.00 GiB free=1.10 GiB reserve=1.59 GiB total=31.86 GiB)
case_012 cases=13 prompt=22 target=24 avg_nll=15.923432 lcp=0 api_target_mae=15.923432 api_top_coverage=100/120 api_top1=0.000 api_topn=0.090 api_pair=0.650
ds4: ROCm q8 fp16 cache budget exhausted; using q8 kernels (request=64.00 MiB cached=0.00 GiB free=1.10 GiB reserve=1.59 GiB total=31.86 GiB)
ds4: ROCm q8 fp16 cache budget exhausted; using q8 kernels (request=64.00 MiB cached=0.00 GiB free=1.10 GiB reserve=1.59 GiB total=31.86 GiB)
ds4: ROCm q8 fp16 cache budget exhausted; using q8 kernels (request=64.00 MiB cached=0.00 GiB free=1.10 GiB reserve=1.59 GiB total=31.86 GiB)
ds4: ROCm q8 fp16 cache budget exhausted; using q8 kernels (request=64.00 MiB cached=0.00 GiB free=1.10 GiB reserve=1.59 GiB total=31.86 GiB)
ds4: ROCm q8 fp16 cache budget exhausted; using q8 kernels (request=64.00 MiB cached=0.00 GiB free=1.10 GiB reserve=1.59 GiB total=31.86 GiB)
ds4: ROCm q8 fp16 cache budget exhausted; using q8 kernels (request=64.00 MiB cached=0.00 GiB free=1.10 GiB reserve=1.59 GiB total=31.86 GiB)
ds4: ROCm q8 fp16 cache budget exhausted; using q8 kernels (request=64.00 MiB cached=0.00 GiB free=1.10 GiB reserve=1.59 GiB total=31.86 GiB)
ds4: ROCm q8 fp16 cache budget exhausted; using q8 kernels (request=64.00 MiB cached=0.00 GiB free=1.10 GiB reserve=1.59 GiB total=31.86 GiB)
ds4: ROCm q8 fp16 cache budget exhausted; using q8 kernels (request=64.00 MiB cached=0.00 GiB free=1.10 GiB reserve=1.59 GiB total=31.86 GiB)
ds4: ROCm q8 fp16 cache budget exhausted; using q8 kernels (request=64.00 MiB cached=0.00 GiB free=1.10 GiB reserve=1.59 GiB total=31.86 GiB)
ds4: ROCm q8 fp16 cache budget exhausted; using q8 kernels (request=64.00 MiB cached=0.00 GiB free=1.10 GiB reserve=1.59 GiB total=31.86 GiB)
ds4: ROCm q8 fp16 cache budget exhausted; using q8 kernels (request=64.00 MiB cached=0.00 GiB free=1.10 GiB reserve=1.59 GiB total=31.86 GiB)
ds4: ROCm q8 fp16 cache budget exhausted; using q8 kernels (request=64.00 MiB cached=0.00 GiB free=1.10 GiB reserve=1.59 GiB total=31.86 GiB)
ds4: ROCm q8 fp16 cache budget exhausted; using q8 kernels (request=64.00 MiB cached=0.00 GiB free=1.10 GiB reserve=1.59 GiB total=31.86 GiB)
ds4: ROCm q8 fp16 cache budget exhausted; using q8 kernels (request=64.00 MiB cached=0.00 GiB free=1.10 GiB reserve=1.59 GiB total=31.86 GiB)
ds4: ROCm q8 fp16 cache budget exhausted; using q8 kernels (request=64.00 MiB cached=0.00 GiB free=1.10 GiB reserve=1.59 GiB total=31.86 GiB)
ds4: ROCm q8 fp16 cache budget exhausted; using q8 kernels (request=64.00 MiB cached=0.00 GiB free=1.10 GiB reserve=1.59 GiB total=31.86 GiB)
ds4: ROCm q8 fp16 cache budget exhausted; using q8 kernels (request=64.00 MiB cached=0.00 GiB free=1.10 GiB reserve=1.59 GiB total=31.86 GiB)
ds4: ROCm q8 fp16 cache budget exhausted; using q8 kernels (request=64.00 MiB cached=0.00 GiB free=1.10 GiB reserve=1.59 GiB total=31.86 GiB)
ds4: ROCm q8 fp16 cache budget exhausted; using q8 kernels (request=64.00 MiB cached=0.00 GiB free=1.10 GiB reserve=1.59 GiB total=31.86 GiB)
ds4: ROCm q8 fp16 cache budget exhausted; using q8 kernels (request=64.00 MiB cached=0.00 GiB free=1.10 GiB reserve=1.59 GiB total=31.86 GiB)
ds4: ROCm q8 fp16 cache budget exhausted; using q8 kernels (request=64.00 MiB cached=0.00 GiB free=1.10 GiB reserve=1.59 GiB total=31.86 GiB)
ds4: ROCm q8 fp16 cache budget exhausted; using q8 kernels (request=64.00 MiB cached=0.00 GiB free=1.10 GiB reserve=1.59 GiB total=31.86 GiB)
ds4: ROCm q8 fp16 cache budget exhausted; using q8 kernels (request=64.00 MiB cached=0.00 GiB free=1.10 GiB reserve=1.59 GiB total=31.86 GiB)
ds4: ROCm q8 fp16 cache budget exhausted; using q8 kernels (request=64.00 MiB cached=0.00 GiB free=1.10 GiB reserve=1.59 GiB total=31.86 GiB)
ds4: ROCm q8 fp16 cache budget exhausted; using q8 kernels (request=64.00 MiB cached=0.00 GiB free=1.10 GiB reserve=1.59 GiB total=31.86 GiB)
ds4: ROCm q8 fp16 cache budget exhausted; using q8 kernels (request=64.00 MiB cached=0.00 GiB free=1.10 GiB reserve=1.59 GiB total=31.86 GiB)
ds4: ROCm q8 fp16 cache budget exhausted; using q8 kernels (request=64.00 MiB cached=0.00 GiB free=1.10 GiB reserve=1.59 GiB total=31.86 GiB)
ds4: ROCm q8 fp16 cache budget exhausted; using q8 kernels (request=64.00 MiB cached=0.00 GiB free=1.10 GiB reserve=1.59 GiB total=31.86 GiB)
ds4: ROCm q8 fp16 cache budget exhausted; using q8 kernels (request=64.00 MiB cached=0.00 GiB free=1.10 GiB reserve=1.59 GiB total=31.86 GiB)
ds4: ROCm q8 fp16 cache budget exhausted; using q8 kernels (request=64.00 MiB cached=0.00 GiB free=1.10 GiB reserve=1.59 GiB total=31.86 GiB)
ds4: ROCm q8 fp16 cache budget exhausted; using q8 kernels (request=64.00 MiB cached=0.00 GiB free=1.10 GiB reserve=1.59 GiB total=31.86 GiB)
ds4: ROCm q8 fp16 cache budget exhausted; using q8 kernels (request=64.00 MiB cached=0.00 GiB free=1.10 GiB reserve=1.59 GiB total=31.86 GiB)
ds4: ROCm q8 fp16 cache budget exhausted; using q8 kernels (request=64.00 MiB cached=0.00 GiB free=1.10 GiB reserve=1.59 GiB total=31.86 GiB)
ds4: ROCm q8 fp16 cache budget exhausted; using q8 kernels (request=64.00 MiB cached=0.00 GiB free=1.10 GiB reserve=1.59 GiB total=31.86 GiB)
ds4: ROCm q8 fp16 cache budget exhausted; using q8 kernels (request=64.00 MiB cached=0.00 GiB free=1.10 GiB reserve=1.59 GiB total=31.86 GiB)
ds4: ROCm q8 fp16 cache budget exhausted; using q8 kernels (request=64.00 MiB cached=0.00 GiB free=1.10 GiB reserve=1.59 GiB total=31.86 GiB)
ds4: ROCm q8 fp16 cache budget exhausted; using q8 kernels (request=64.00 MiB cached=0.00 GiB free=1.10 GiB reserve=1.59 GiB total=31.86 GiB)
ds4: ROCm q8 fp16 cache budget exhausted; using q8 kernels (request=64.00 MiB cached=0.00 GiB free=1.10 GiB reserve=1.59 GiB total=31.86 GiB)
ds4: ROCm q8 fp16 cache budget exhausted; using q8 kernels (request=64.00 MiB cached=0.00 GiB free=1.10 GiB reserve=1.59 GiB total=31.86 GiB)
ds4: ROCm q8 fp16 cache budget exhausted; using q8 kernels (request=64.00 MiB cached=0.00 GiB free=1.10 GiB reserve=1.59 GiB total=31.86 GiB)
ds4: ROCm q8 fp16 cache budget exhausted; using q8 kernels (request=64.00 MiB cached=0.00 GiB free=1.10 GiB reserve=1.59 GiB total=31.86 GiB)
ds4: ROCm q8 fp16 cache budget exhausted; using q8 kernels (request=64.00 MiB cached=0.00 GiB free=1.10 GiB reserve=1.59 GiB total=31.86 GiB)
case_013 cases=14 prompt=22 target=24 avg_nll=17.083754 lcp=0 api_target_mae=17.083754 api_top_coverage=97/120 api_top1=0.000 api_topn=0.082 api_pair=0.443
ds4: ROCm q8 fp16 cache budget exhausted; using q8 kernels (request=64.00 MiB cached=0.00 GiB free=1.10 GiB reserve=1.59 GiB total=31.86 GiB)
ds4: ROCm q8 fp16 cache budget exhausted; using q8 kernels (request=64.00 MiB cached=0.00 GiB free=1.10 GiB reserve=1.59 GiB total=31.86 GiB)
ds4: ROCm q8 fp16 cache budget exhausted; using q8 kernels (request=64.00 MiB cached=0.00 GiB free=1.10 GiB reserve=1.59 GiB total=31.86 GiB)
ds4: ROCm q8 fp16 cache budget exhausted; using q8 kernels (request=64.00 MiB cached=0.00 GiB free=1.10 GiB reserve=1.59 GiB total=31.86 GiB)
ds4: ROCm q8 fp16 cache budget exhausted; using q8 kernels (request=64.00 MiB cached=0.00 GiB free=1.10 GiB reserve=1.59 GiB total=31.86 GiB)
ds4: ROCm q8 fp16 cache budget exhausted; using q8 kernels (request=64.00 MiB cached=0.00 GiB free=1.10 GiB reserve=1.59 GiB total=31.86 GiB)
ds4: ROCm q8 fp16 cache budget exhausted; using q8 kernels (request=64.00 MiB cached=0.00 GiB free=1.10 GiB reserve=1.59 GiB total=31.86 GiB)
ds4: ROCm q8 fp16 cache budget exhausted; using q8 kernels (request=64.00 MiB cached=0.00 GiB free=1.10 GiB reserve=1.59 GiB total=31.86 GiB)
ds4: ROCm q8 fp16 cache budget exhausted; using q8 kernels (request=64.00 MiB cached=0.00 GiB free=1.10 GiB reserve=1.59 GiB total=31.86 GiB)
ds4: ROCm q8 fp16 cache budget exhausted; using q8 kernels (request=64.00 MiB cached=0.00 GiB free=1.10 GiB reserve=1.59 GiB total=31.86 GiB)
ds4: ROCm q8 fp16 cache budget exhausted; using q8 kernels (request=64.00 MiB cached=0.00 GiB free=1.10 GiB reserve=1.59 GiB total=31.86 GiB)
ds4: ROCm q8 fp16 cache budget exhausted; using q8 kernels (request=64.00 MiB cached=0.00 GiB free=1.10 GiB reserve=1.59 GiB total=31.86 GiB)
ds4: ROCm q8 fp16 cache budget exhausted; using q8 kernels (request=64.00 MiB cached=0.00 GiB free=1.10 GiB reserve=1.59 GiB total=31.86 GiB)
ds4: ROCm q8 fp16 cache budget exhausted; using q8 kernels (request=64.00 MiB cached=0.00 GiB free=1.10 GiB reserve=1.59 GiB total=31.86 GiB)
ds4: ROCm q8 fp16 cache budget exhausted; using q8 kernels (request=64.00 MiB cached=0.00 GiB free=1.10 GiB reserve=1.59 GiB total=31.86 GiB)
ds4: ROCm q8 fp16 cache budget exhausted; using q8 kernels (request=64.00 MiB cached=0.00 GiB free=1.10 GiB reserve=1.59 GiB total=31.86 GiB)
ds4: ROCm q8 fp16 cache budget exhausted; using q8 kernels (request=64.00 MiB cached=0.00 GiB free=1.10 GiB reserve=1.59 GiB total=31.86 GiB)
ds4: ROCm q8 fp16 cache budget exhausted; using q8 kernels (request=64.00 MiB cached=0.00 GiB free=1.10 GiB reserve=1.59 GiB total=31.86 GiB)
ds4: ROCm q8 fp16 cache budget exhausted; using q8 kernels (request=64.00 MiB cached=0.00 GiB free=1.10 GiB reserve=1.59 GiB total=31.86 GiB)
ds4: ROCm q8 fp16 cache budget exhausted; using q8 kernels (request=64.00 MiB cached=0.00 GiB free=1.10 GiB reserve=1.59 GiB total=31.86 GiB)
ds4: ROCm q8 fp16 cache budget exhausted; using q8 kernels (request=64.00 MiB cached=0.00 GiB free=1.10 GiB reserve=1.59 GiB total=31.86 GiB)
ds4: ROCm q8 fp16 cache budget exhausted; using q8 kernels (request=64.00 MiB cached=0.00 GiB free=1.10 GiB reserve=1.59 GiB total=31.86 GiB)
ds4: ROCm q8 fp16 cache budget exhausted; using q8 kernels (request=64.00 MiB cached=0.00 GiB free=1.10 GiB reserve=1.59 GiB total=31.86 GiB)
ds4: ROCm q8 fp16 cache budget exhausted; using q8 kernels (request=64.00 MiB cached=0.00 GiB free=1.10 GiB reserve=1.59 GiB total=31.86 GiB)
ds4: ROCm q8 fp16 cache budget exhausted; using q8 kernels (request=64.00 MiB cached=0.00 GiB free=1.10 GiB reserve=1.59 GiB total=31.86 GiB)
ds4: ROCm q8 fp16 cache budget exhausted; using q8 kernels (request=64.00 MiB cached=0.00 GiB free=1.10 GiB reserve=1.59 GiB total=31.86 GiB)
ds4: ROCm q8 fp16 cache budget exhausted; using q8 kernels (request=64.00 MiB cached=0.00 GiB free=1.10 GiB reserve=1.59 GiB total=31.86 GiB)
ds4: ROCm q8 fp16 cache budget exhausted; using q8 kernels (request=64.00 MiB cached=0.00 GiB free=1.10 GiB reserve=1.59 GiB total=31.86 GiB)
ds4: ROCm q8 fp16 cache budget exhausted; using q8 kernels (request=64.00 MiB cached=0.00 GiB free=1.10 GiB reserve=1.59 GiB total=31.86 GiB)
ds4: ROCm q8 fp16 cache budget exhausted; using q8 kernels (request=64.00 MiB cached=0.00 GiB free=1.10 GiB reserve=1.59 GiB total=31.86 GiB)
ds4: ROCm q8 fp16 cache budget exhausted; using q8 kernels (request=64.00 MiB cached=0.00 GiB free=1.10 GiB reserve=1.59 GiB total=31.86 GiB)
ds4: ROCm q8 fp16 cache budget exhausted; using q8 kernels (request=64.00 MiB cached=0.00 GiB free=1.10 GiB reserve=1.59 GiB total=31.86 GiB)
ds4: ROCm q8 fp16 cache budget exhausted; using q8 kernels (request=64.00 MiB cached=0.00 GiB free=1.10 GiB reserve=1.59 GiB total=31.86 GiB)
ds4: ROCm q8 fp16 cache budget exhausted; using q8 kernels (request=64.00 MiB cached=0.00 GiB free=1.10 GiB reserve=1.59 GiB total=31.86 GiB)
ds4: ROCm q8 fp16 cache budget exhausted; using q8 kernels (request=64.00 MiB cached=0.00 GiB free=1.10 GiB reserve=1.59 GiB total=31.86 GiB)
ds4: ROCm q8 fp16 cache budget exhausted; using q8 kernels (request=64.00 MiB cached=0.00 GiB free=1.10 GiB reserve=1.59 GiB total=31.86 GiB)
ds4: ROCm q8 fp16 cache budget exhausted; using q8 kernels (request=64.00 MiB cached=0.00 GiB free=1.10 GiB reserve=1.59 GiB total=31.86 GiB)
ds4: ROCm q8 fp16 cache budget exhausted; using q8 kernels (request=64.00 MiB cached=0.00 GiB free=1.10 GiB reserve=1.59 GiB total=31.86 GiB)
ds4: ROCm q8 fp16 cache budget exhausted; using q8 kernels (request=64.00 MiB cached=0.00 GiB free=1.10 GiB reserve=1.59 GiB total=31.86 GiB)
ds4: ROCm q8 fp16 cache budget exhausted; using q8 kernels (request=64.00 MiB cached=0.00 GiB free=1.10 GiB reserve=1.59 GiB total=31.86 GiB)
ds4: ROCm q8 fp16 cache budget exhausted; using q8 kernels (request=64.00 MiB cached=0.00 GiB free=1.10 GiB reserve=1.59 GiB total=31.86 GiB)
ds4: ROCm q8 fp16 cache budget exhausted; using q8 kernels (request=64.00 MiB cached=0.00 GiB free=1.10 GiB reserve=1.59 GiB total=31.86 GiB)
ds4: ROCm q8 fp16 cache budget exhausted; using q8 kernels (request=64.00 MiB cached=0.00 GiB free=1.10 GiB reserve=1.59 GiB total=31.86 GiB)
case_014 cases=15 prompt=21 target=24 avg_nll=17.385148 lcp=0 api_target_mae=17.385148 api_top_coverage=98/120 api_top1=0.000 api_topn=0.051 api_pair=0.607
ds4: ROCm q8 fp16 cache budget exhausted; using q8 kernels (request=64.00 MiB cached=0.00 GiB free=1.10 GiB reserve=1.59 GiB total=31.86 GiB)
ds4: ROCm q8 fp16 cache budget exhausted; using q8 kernels (request=64.00 MiB cached=0.00 GiB free=1.10 GiB reserve=1.59 GiB total=31.86 GiB)
ds4: ROCm q8 fp16 cache budget exhausted; using q8 kernels (request=64.00 MiB cached=0.00 GiB free=1.10 GiB reserve=1.59 GiB total=31.86 GiB)
ds4: ROCm q8 fp16 cache budget exhausted; using q8 kernels (request=64.00 MiB cached=0.00 GiB free=1.10 GiB reserve=1.59 GiB total=31.86 GiB)
ds4: ROCm q8 fp16 cache budget exhausted; using q8 kernels (request=64.00 MiB cached=0.00 GiB free=1.10 GiB reserve=1.59 GiB total=31.86 GiB)
ds4: ROCm q8 fp16 cache budget exhausted; using q8 kernels (request=64.00 MiB cached=0.00 GiB free=1.10 GiB reserve=1.59 GiB total=31.86 GiB)
ds4: ROCm q8 fp16 cache budget exhausted; using q8 kernels (request=64.00 MiB cached=0.00 GiB free=1.10 GiB reserve=1.59 GiB total=31.86 GiB)
ds4: ROCm q8 fp16 cache budget exhausted; using q8 kernels (request=64.00 MiB cached=0.00 GiB free=1.10 GiB reserve=1.59 GiB total=31.86 GiB)
ds4: ROCm q8 fp16 cache budget exhausted; using q8 kernels (request=64.00 MiB cached=0.00 GiB free=1.10 GiB reserve=1.59 GiB total=31.86 GiB)
ds4: ROCm q8 fp16 cache budget exhausted; using q8 kernels (request=64.00 MiB cached=0.00 GiB free=1.10 GiB reserve=1.59 GiB total=31.86 GiB)
ds4: ROCm q8 fp16 cache budget exhausted; using q8 kernels (request=64.00 MiB cached=0.00 GiB free=1.10 GiB reserve=1.59 GiB total=31.86 GiB)
ds4: ROCm q8 fp16 cache budget exhausted; using q8 kernels (request=64.00 MiB cached=0.00 GiB free=1.10 GiB reserve=1.59 GiB total=31.86 GiB)
ds4: ROCm q8 fp16 cache budget exhausted; using q8 kernels (request=64.00 MiB cached=0.00 GiB free=1.10 GiB reserve=1.59 GiB total=31.86 GiB)
ds4: ROCm q8 fp16 cache budget exhausted; using q8 kernels (request=64.00 MiB cached=0.00 GiB free=1.10 GiB reserve=1.59 GiB total=31.86 GiB)
ds4: ROCm q8 fp16 cache budget exhausted; using q8 kernels (request=64.00 MiB cached=0.00 GiB free=1.10 GiB reserve=1.59 GiB total=31.86 GiB)
ds4: ROCm q8 fp16 cache budget exhausted; using q8 kernels (request=64.00 MiB cached=0.00 GiB free=1.10 GiB reserve=1.59 GiB total=31.86 GiB)
ds4: ROCm q8 fp16 cache budget exhausted; using q8 kernels (request=64.00 MiB cached=0.00 GiB free=1.10 GiB reserve=1.59 GiB total=31.86 GiB)
ds4: ROCm q8 fp16 cache budget exhausted; using q8 kernels (request=64.00 MiB cached=0.00 GiB free=1.10 GiB reserve=1.59 GiB total=31.86 GiB)
ds4: ROCm q8 fp16 cache budget exhausted; using q8 kernels (request=64.00 MiB cached=0.00 GiB free=1.10 GiB reserve=1.59 GiB total=31.86 GiB)
ds4: ROCm q8 fp16 cache budget exhausted; using q8 kernels (request=64.00 MiB cached=0.00 GiB free=1.10 GiB reserve=1.59 GiB total=31.86 GiB)
ds4: ROCm q8 fp16 cache budget exhausted; using q8 kernels (request=64.00 MiB cached=0.00 GiB free=1.10 GiB reserve=1.59 GiB total=31.86 GiB)
ds4: ROCm q8 fp16 cache budget exhausted; using q8 kernels (request=64.00 MiB cached=0.00 GiB free=1.10 GiB reserve=1.59 GiB total=31.86 GiB)
ds4: ROCm q8 fp16 cache budget exhausted; using q8 kernels (request=64.00 MiB cached=0.00 GiB free=1.10 GiB reserve=1.59 GiB total=31.86 GiB)
ds4: ROCm q8 fp16 cache budget exhausted; using q8 kernels (request=64.00 MiB cached=0.00 GiB free=1.10 GiB reserve=1.59 GiB total=31.86 GiB)
ds4: ROCm q8 fp16 cache budget exhausted; using q8 kernels (request=64.00 MiB cached=0.00 GiB free=1.10 GiB reserve=1.59 GiB total=31.86 GiB)
ds4: ROCm q8 fp16 cache budget exhausted; using q8 kernels (request=64.00 MiB cached=0.00 GiB free=1.10 GiB reserve=1.59 GiB total=31.86 GiB)
ds4: ROCm q8 fp16 cache budget exhausted; using q8 kernels (request=64.00 MiB cached=0.00 GiB free=1.10 GiB reserve=1.59 GiB total=31.86 GiB)
ds4: ROCm q8 fp16 cache budget exhausted; using q8 kernels (request=64.00 MiB cached=0.00 GiB free=1.10 GiB reserve=1.59 GiB total=31.86 GiB)
ds4: ROCm q8 fp16 cache budget exhausted; using q8 kernels (request=64.00 MiB cached=0.00 GiB free=1.10 GiB reserve=1.59 GiB total=31.86 GiB)
ds4: ROCm q8 fp16 cache budget exhausted; using q8 kernels (request=64.00 MiB cached=0.00 GiB free=1.10 GiB reserve=1.59 GiB total=31.86 GiB)
ds4: ROCm q8 fp16 cache budget exhausted; using q8 kernels (request=64.00 MiB cached=0.00 GiB free=1.10 GiB reserve=1.59 GiB total=31.86 GiB)
ds4: ROCm q8 fp16 cache budget exhausted; using q8 kernels (request=64.00 MiB cached=0.00 GiB free=1.10 GiB reserve=1.59 GiB total=31.86 GiB)
ds4: ROCm q8 fp16 cache budget exhausted; using q8 kernels (request=64.00 MiB cached=0.00 GiB free=1.10 GiB reserve=1.59 GiB total=31.86 GiB)
ds4: ROCm q8 fp16 cache budget exhausted; using q8 kernels (request=64.00 MiB cached=0.00 GiB free=1.10 GiB reserve=1.59 GiB total=31.86 GiB)
ds4: ROCm q8 fp16 cache budget exhausted; using q8 kernels (request=64.00 MiB cached=0.00 GiB free=1.10 GiB reserve=1.59 GiB total=31.86 GiB)
ds4: ROCm q8 fp16 cache budget exhausted; using q8 kernels (request=64.00 MiB cached=0.00 GiB free=1.10 GiB reserve=1.59 GiB total=31.86 GiB)
ds4: ROCm q8 fp16 cache budget exhausted; using q8 kernels (request=64.00 MiB cached=0.00 GiB free=1.10 GiB reserve=1.59 GiB total=31.86 GiB)
ds4: ROCm q8 fp16 cache budget exhausted; using q8 kernels (request=64.00 MiB cached=0.00 GiB free=1.10 GiB reserve=1.59 GiB total=31.86 GiB)
ds4: ROCm q8 fp16 cache budget exhausted; using q8 kernels (request=64.00 MiB cached=0.00 GiB free=1.10 GiB reserve=1.59 GiB total=31.86 GiB)
ds4: ROCm q8 fp16 cache budget exhausted; using q8 kernels (request=64.00 MiB cached=0.00 GiB free=1.10 GiB reserve=1.59 GiB total=31.86 GiB)
ds4: ROCm q8 fp16 cache budget exhausted; using q8 kernels (request=64.00 MiB cached=0.00 GiB free=1.10 GiB reserve=1.59 GiB total=31.86 GiB)
ds4: ROCm q8 fp16 cache budget exhausted; using q8 kernels (request=64.00 MiB cached=0.00 GiB free=1.10 GiB reserve=1.59 GiB total=31.86 GiB)
ds4: ROCm q8 fp16 cache budget exhausted; using q8 kernels (request=64.00 MiB cached=0.00 GiB free=1.10 GiB reserve=1.59 GiB total=31.86 GiB)
case_015 cases=16 prompt=22 target=24 avg_nll=15.861632 lcp=1 api_target_mae=15.861632 api_top_coverage=96/120 api_top1=0.042 api_topn=0.073 api_pair=0.702
ds4: ROCm q8 fp16 cache budget exhausted; using q8 kernels (request=64.00 MiB cached=0.00 GiB free=1.10 GiB reserve=1.59 GiB total=31.86 GiB)
ds4: ROCm q8 fp16 cache budget exhausted; using q8 kernels (request=64.00 MiB cached=0.00 GiB free=1.10 GiB reserve=1.59 GiB total=31.86 GiB)
ds4: ROCm q8 fp16 cache budget exhausted; using q8 kernels (request=64.00 MiB cached=0.00 GiB free=1.10 GiB reserve=1.59 GiB total=31.86 GiB)
ds4: ROCm q8 fp16 cache budget exhausted; using q8 kernels (request=64.00 MiB cached=0.00 GiB free=1.10 GiB reserve=1.59 GiB total=31.86 GiB)
ds4: ROCm q8 fp16 cache budget exhausted; using q8 kernels (request=64.00 MiB cached=0.00 GiB free=1.10 GiB reserve=1.59 GiB total=31.86 GiB)
ds4: ROCm q8 fp16 cache budget exhausted; using q8 kernels (request=64.00 MiB cached=0.00 GiB free=1.10 GiB reserve=1.59 GiB total=31.86 GiB)
ds4: ROCm q8 fp16 cache budget exhausted; using q8 kernels (request=64.00 MiB cached=0.00 GiB free=1.10 GiB reserve=1.59 GiB total=31.86 GiB)
ds4: ROCm q8 fp16 cache budget exhausted; using q8 kernels (request=64.00 MiB cached=0.00 GiB free=1.10 GiB reserve=1.59 GiB total=31.86 GiB)
ds4: ROCm q8 fp16 cache budget exhausted; using q8 kernels (request=64.00 MiB cached=0.00 GiB free=1.10 GiB reserve=1.59 GiB total=31.86 GiB)
ds4: ROCm q8 fp16 cache budget exhausted; using q8 kernels (request=64.00 MiB cached=0.00 GiB free=1.10 GiB reserve=1.59 GiB total=31.86 GiB)
ds4: ROCm q8 fp16 cache budget exhausted; using q8 kernels (request=64.00 MiB cached=0.00 GiB free=1.10 GiB reserve=1.59 GiB total=31.86 GiB)
ds4: ROCm q8 fp16 cache budget exhausted; using q8 kernels (request=64.00 MiB cached=0.00 GiB free=1.10 GiB reserve=1.59 GiB total=31.86 GiB)
ds4: ROCm q8 fp16 cache budget exhausted; using q8 kernels (request=64.00 MiB cached=0.00 GiB free=1.10 GiB reserve=1.59 GiB total=31.86 GiB)
ds4: ROCm q8 fp16 cache budget exhausted; using q8 kernels (request=64.00 MiB cached=0.00 GiB free=1.10 GiB reserve=1.59 GiB total=31.86 GiB)
ds4: ROCm q8 fp16 cache budget exhausted; using q8 kernels (request=64.00 MiB cached=0.00 GiB free=1.10 GiB reserve=1.59 GiB total=31.86 GiB)
ds4: ROCm q8 fp16 cache budget exhausted; using q8 kernels (request=64.00 MiB cached=0.00 GiB free=1.10 GiB reserve=1.59 GiB total=31.86 GiB)
ds4: ROCm q8 fp16 cache budget exhausted; using q8 kernels (request=64.00 MiB cached=0.00 GiB free=1.10 GiB reserve=1.59 GiB total=31.86 GiB)
ds4: ROCm q8 fp16 cache budget exhausted; using q8 kernels (request=64.00 MiB cached=0.00 GiB free=1.10 GiB reserve=1.59 GiB total=31.86 GiB)
ds4: ROCm q8 fp16 cache budget exhausted; using q8 kernels (request=64.00 MiB cached=0.00 GiB free=1.10 GiB reserve=1.59 GiB total=31.86 GiB)
ds4: ROCm q8 fp16 cache budget exhausted; using q8 kernels (request=64.00 MiB cached=0.00 GiB free=1.10 GiB reserve=1.59 GiB total=31.86 GiB)
ds4: ROCm q8 fp16 cache budget exhausted; using q8 kernels (request=64.00 MiB cached=0.00 GiB free=1.10 GiB reserve=1.59 GiB total=31.86 GiB)
ds4: ROCm q8 fp16 cache budget exhausted; using q8 kernels (request=64.00 MiB cached=0.00 GiB free=1.10 GiB reserve=1.59 GiB total=31.86 GiB)
ds4: ROCm q8 fp16 cache budget exhausted; using q8 kernels (request=64.00 MiB cached=0.00 GiB free=1.10 GiB reserve=1.59 GiB total=31.86 GiB)
ds4: ROCm q8 fp16 cache budget exhausted; using q8 kernels (request=64.00 MiB cached=0.00 GiB free=1.10 GiB reserve=1.59 GiB total=31.86 GiB)
ds4: ROCm q8 fp16 cache budget exhausted; using q8 kernels (request=64.00 MiB cached=0.00 GiB free=1.10 GiB reserve=1.59 GiB total=31.86 GiB)
ds4: ROCm q8 fp16 cache budget exhausted; using q8 kernels (request=64.00 MiB cached=0.00 GiB free=1.10 GiB reserve=1.59 GiB total=31.86 GiB)
ds4: ROCm q8 fp16 cache budget exhausted; using q8 kernels (request=64.00 MiB cached=0.00 GiB free=1.10 GiB reserve=1.59 GiB total=31.86 GiB)
ds4: ROCm q8 fp16 cache budget exhausted; using q8 kernels (request=64.00 MiB cached=0.00 GiB free=1.10 GiB reserve=1.59 GiB total=31.86 GiB)
ds4: ROCm q8 fp16 cache budget exhausted; using q8 kernels (request=64.00 MiB cached=0.00 GiB free=1.10 GiB reserve=1.59 GiB total=31.86 GiB)
ds4: ROCm q8 fp16 cache budget exhausted; using q8 kernels (request=64.00 MiB cached=0.00 GiB free=1.10 GiB reserve=1.59 GiB total=31.86 GiB)
ds4: ROCm q8 fp16 cache budget exhausted; using q8 kernels (request=64.00 MiB cached=0.00 GiB free=1.10 GiB reserve=1.59 GiB total=31.86 GiB)
ds4: ROCm q8 fp16 cache budget exhausted; using q8 kernels (request=64.00 MiB cached=0.00 GiB free=1.10 GiB reserve=1.59 GiB total=31.86 GiB)
ds4: ROCm q8 fp16 cache budget exhausted; using q8 kernels (request=64.00 MiB cached=0.00 GiB free=1.10 GiB reserve=1.59 GiB total=31.86 GiB)
ds4: ROCm q8 fp16 cache budget exhausted; using q8 kernels (request=64.00 MiB cached=0.00 GiB free=1.10 GiB reserve=1.59 GiB total=31.86 GiB)
ds4: ROCm q8 fp16 cache budget exhausted; using q8 kernels (request=64.00 MiB cached=0.00 GiB free=1.10 GiB reserve=1.59 GiB total=31.86 GiB)
ds4: ROCm q8 fp16 cache budget exhausted; using q8 kernels (request=64.00 MiB cached=0.00 GiB free=1.10 GiB reserve=1.59 GiB total=31.86 GiB)
ds4: ROCm q8 fp16 cache budget exhausted; using q8 kernels (request=64.00 MiB cached=0.00 GiB free=1.10 GiB reserve=1.59 GiB total=31.86 GiB)
ds4: ROCm q8 fp16 cache budget exhausted; using q8 kernels (request=64.00 MiB cached=0.00 GiB free=1.10 GiB reserve=1.59 GiB total=31.86 GiB)
ds4: ROCm q8 fp16 cache budget exhausted; using q8 kernels (request=64.00 MiB cached=0.00 GiB free=1.10 GiB reserve=1.59 GiB total=31.86 GiB)
ds4: ROCm q8 fp16 cache budget exhausted; using q8 kernels (request=64.00 MiB cached=0.00 GiB free=1.10 GiB reserve=1.59 GiB total=31.86 GiB)
ds4: ROCm q8 fp16 cache budget exhausted; using q8 kernels (request=64.00 MiB cached=0.00 GiB free=1.10 GiB reserve=1.59 GiB total=31.86 GiB)
ds4: ROCm q8 fp16 cache budget exhausted; using q8 kernels (request=64.00 MiB cached=0.00 GiB free=1.10 GiB reserve=1.59 GiB total=31.86 GiB)
ds4: ROCm q8 fp16 cache budget exhausted; using q8 kernels (request=64.00 MiB cached=0.00 GiB free=1.10 GiB reserve=1.59 GiB total=31.86 GiB)
case_016 cases=17 prompt=19 target=24 avg_nll=16.703137 lcp=1 api_target_mae=16.703137 api_top_coverage=97/120 api_top1=0.042 api_topn=0.103 api_pair=0.557
ds4: ROCm q8 fp16 cache budget exhausted; using q8 kernels (request=64.00 MiB cached=0.00 GiB free=1.10 GiB reserve=1.59 GiB total=31.86 GiB)
ds4: ROCm q8 fp16 cache budget exhausted; using q8 kernels (request=64.00 MiB cached=0.00 GiB free=1.10 GiB reserve=1.59 GiB total=31.86 GiB)
ds4: ROCm q8 fp16 cache budget exhausted; using q8 kernels (request=64.00 MiB cached=0.00 GiB free=1.10 GiB reserve=1.59 GiB total=31.86 GiB)
ds4: ROCm q8 fp16 cache budget exhausted; using q8 kernels (request=64.00 MiB cached=0.00 GiB free=1.10 GiB reserve=1.59 GiB total=31.86 GiB)
ds4: ROCm q8 fp16 cache budget exhausted; using q8 kernels (request=64.00 MiB cached=0.00 GiB free=1.10 GiB reserve=1.59 GiB total=31.86 GiB)
ds4: ROCm q8 fp16 cache budget exhausted; using q8 kernels (request=64.00 MiB cached=0.00 GiB free=1.10 GiB reserve=1.59 GiB total=31.86 GiB)
ds4: ROCm q8 fp16 cache budget exhausted; using q8 kernels (request=64.00 MiB cached=0.00 GiB free=1.10 GiB reserve=1.59 GiB total=31.86 GiB)
ds4: ROCm q8 fp16 cache budget exhausted; using q8 kernels (request=64.00 MiB cached=0.00 GiB free=1.10 GiB reserve=1.59 GiB total=31.86 GiB)
ds4: ROCm q8 fp16 cache budget exhausted; using q8 kernels (request=64.00 MiB cached=0.00 GiB free=1.10 GiB reserve=1.59 GiB total=31.86 GiB)
ds4: ROCm q8 fp16 cache budget exhausted; using q8 kernels (request=64.00 MiB cached=0.00 GiB free=1.10 GiB reserve=1.59 GiB total=31.86 GiB)
ds4: ROCm q8 fp16 cache budget exhausted; using q8 kernels (request=64.00 MiB cached=0.00 GiB free=1.10 GiB reserve=1.59 GiB total=31.86 GiB)
ds4: ROCm q8 fp16 cache budget exhausted; using q8 kernels (request=64.00 MiB cached=0.00 GiB free=1.10 GiB reserve=1.59 GiB total=31.86 GiB)
ds4: ROCm q8 fp16 cache budget exhausted; using q8 kernels (request=64.00 MiB cached=0.00 GiB free=1.10 GiB reserve=1.59 GiB total=31.86 GiB)
ds4: ROCm q8 fp16 cache budget exhausted; using q8 kernels (request=64.00 MiB cached=0.00 GiB free=1.10 GiB reserve=1.59 GiB total=31.86 GiB)
ds4: ROCm q8 fp16 cache budget exhausted; using q8 kernels (request=64.00 MiB cached=0.00 GiB free=1.10 GiB reserve=1.59 GiB total=31.86 GiB)
ds4: ROCm q8 fp16 cache budget exhausted; using q8 kernels (request=64.00 MiB cached=0.00 GiB free=1.10 GiB reserve=1.59 GiB total=31.86 GiB)
ds4: ROCm q8 fp16 cache budget exhausted; using q8 kernels (request=64.00 MiB cached=0.00 GiB free=1.10 GiB reserve=1.59 GiB total=31.86 GiB)
ds4: ROCm q8 fp16 cache budget exhausted; using q8 kernels (request=64.00 MiB cached=0.00 GiB free=1.10 GiB reserve=1.59 GiB total=31.86 GiB)
ds4: ROCm q8 fp16 cache budget exhausted; using q8 kernels (request=64.00 MiB cached=0.00 GiB free=1.10 GiB reserve=1.59 GiB total=31.86 GiB)
ds4: ROCm q8 fp16 cache budget exhausted; using q8 kernels (request=64.00 MiB cached=0.00 GiB free=1.10 GiB reserve=1.59 GiB total=31.86 GiB)
ds4: ROCm q8 fp16 cache budget exhausted; using q8 kernels (request=64.00 MiB cached=0.00 GiB free=1.10 GiB reserve=1.59 GiB total=31.86 GiB)
ds4: ROCm q8 fp16 cache budget exhausted; using q8 kernels (request=64.00 MiB cached=0.00 GiB free=1.10 GiB reserve=1.59 GiB total=31.86 GiB)
ds4: ROCm q8 fp16 cache budget exhausted; using q8 kernels (request=64.00 MiB cached=0.00 GiB free=1.10 GiB reserve=1.59 GiB total=31.86 GiB)
ds4: ROCm q8 fp16 cache budget exhausted; using q8 kernels (request=64.00 MiB cached=0.00 GiB free=1.10 GiB reserve=1.59 GiB total=31.86 GiB)
ds4: ROCm q8 fp16 cache budget exhausted; using q8 kernels (request=64.00 MiB cached=0.00 GiB free=1.10 GiB reserve=1.59 GiB total=31.86 GiB)
ds4: ROCm q8 fp16 cache budget exhausted; using q8 kernels (request=64.00 MiB cached=0.00 GiB free=1.10 GiB reserve=1.59 GiB total=31.86 GiB)
ds4: ROCm q8 fp16 cache budget exhausted; using q8 kernels (request=64.00 MiB cached=0.00 GiB free=1.10 GiB reserve=1.59 GiB total=31.86 GiB)
ds4: ROCm q8 fp16 cache budget exhausted; using q8 kernels (request=64.00 MiB cached=0.00 GiB free=1.10 GiB reserve=1.59 GiB total=31.86 GiB)
ds4: ROCm q8 fp16 cache budget exhausted; using q8 kernels (request=64.00 MiB cached=0.00 GiB free=1.10 GiB reserve=1.59 GiB total=31.86 GiB)
ds4: ROCm q8 fp16 cache budget exhausted; using q8 kernels (request=64.00 MiB cached=0.00 GiB free=1.10 GiB reserve=1.59 GiB total=31.86 GiB)
ds4: ROCm q8 fp16 cache budget exhausted; using q8 kernels (request=64.00 MiB cached=0.00 GiB free=1.10 GiB reserve=1.59 GiB total=31.86 GiB)
ds4: ROCm q8 fp16 cache budget exhausted; using q8 kernels (request=64.00 MiB cached=0.00 GiB free=1.10 GiB reserve=1.59 GiB total=31.86 GiB)
ds4: ROCm q8 fp16 cache budget exhausted; using q8 kernels (request=64.00 MiB cached=0.00 GiB free=1.10 GiB reserve=1.59 GiB total=31.86 GiB)
ds4: ROCm q8 fp16 cache budget exhausted; using q8 kernels (request=64.00 MiB cached=0.00 GiB free=1.10 GiB reserve=1.59 GiB total=31.86 GiB)
ds4: ROCm q8 fp16 cache budget exhausted; using q8 kernels (request=64.00 MiB cached=0.00 GiB free=1.10 GiB reserve=1.59 GiB total=31.86 GiB)
ds4: ROCm q8 fp16 cache budget exhausted; using q8 kernels (request=64.00 MiB cached=0.00 GiB free=1.10 GiB reserve=1.59 GiB total=31.86 GiB)
ds4: ROCm q8 fp16 cache budget exhausted; using q8 kernels (request=64.00 MiB cached=0.00 GiB free=1.10 GiB reserve=1.59 GiB total=31.86 GiB)
ds4: ROCm q8 fp16 cache budget exhausted; using q8 kernels (request=64.00 MiB cached=0.00 GiB free=1.10 GiB reserve=1.59 GiB total=31.86 GiB)
ds4: ROCm q8 fp16 cache budget exhausted; using q8 kernels (request=64.00 MiB cached=0.00 GiB free=1.10 GiB reserve=1.59 GiB total=31.86 GiB)
ds4: ROCm q8 fp16 cache budget exhausted; using q8 kernels (request=64.00 MiB cached=0.00 GiB free=1.10 GiB reserve=1.59 GiB total=31.86 GiB)
ds4: ROCm q8 fp16 cache budget exhausted; using q8 kernels (request=64.00 MiB cached=0.00 GiB free=1.10 GiB reserve=1.59 GiB total=31.86 GiB)
ds4: ROCm q8 fp16 cache budget exhausted; using q8 kernels (request=64.00 MiB cached=0.00 GiB free=1.10 GiB reserve=1.59 GiB total=31.86 GiB)
ds4: ROCm q8 fp16 cache budget exhausted; using q8 kernels (request=64.00 MiB cached=0.00 GiB free=1.10 GiB reserve=1.59 GiB total=31.86 GiB)
case_017 cases=18 prompt=26 target=24 avg_nll=18.856753 lcp=0 api_target_mae=18.856753 api_top_coverage=96/120 api_top1=0.000 api_topn=0.083 api_pair=0.365
ds4: ROCm q8 fp16 cache budget exhausted; using q8 kernels (request=64.00 MiB cached=0.00 GiB free=1.10 GiB reserve=1.59 GiB total=31.86 GiB)
ds4: ROCm q8 fp16 cache budget exhausted; using q8 kernels (request=64.00 MiB cached=0.00 GiB free=1.10 GiB reserve=1.59 GiB total=31.86 GiB)
ds4: ROCm q8 fp16 cache budget exhausted; using q8 kernels (request=64.00 MiB cached=0.00 GiB free=1.10 GiB reserve=1.59 GiB total=31.86 GiB)
ds4: ROCm q8 fp16 cache budget exhausted; using q8 kernels (request=64.00 MiB cached=0.00 GiB free=1.10 GiB reserve=1.59 GiB total=31.86 GiB)
ds4: ROCm q8 fp16 cache budget exhausted; using q8 kernels (request=64.00 MiB cached=0.00 GiB free=1.10 GiB reserve=1.59 GiB total=31.86 GiB)
ds4: ROCm q8 fp16 cache budget exhausted; using q8 kernels (request=64.00 MiB cached=0.00 GiB free=1.10 GiB reserve=1.59 GiB total=31.86 GiB)
ds4: ROCm q8 fp16 cache budget exhausted; using q8 kernels (request=64.00 MiB cached=0.00 GiB free=1.10 GiB reserve=1.59 GiB total=31.86 GiB)
ds4: ROCm q8 fp16 cache budget exhausted; using q8 kernels (request=64.00 MiB cached=0.00 GiB free=1.10 GiB reserve=1.59 GiB total=31.86 GiB)
ds4: ROCm q8 fp16 cache budget exhausted; using q8 kernels (request=64.00 MiB cached=0.00 GiB free=1.10 GiB reserve=1.59 GiB total=31.86 GiB)
ds4: ROCm q8 fp16 cache budget exhausted; using q8 kernels (request=64.00 MiB cached=0.00 GiB free=1.10 GiB reserve=1.59 GiB total=31.86 GiB)
ds4: ROCm q8 fp16 cache budget exhausted; using q8 kernels (request=64.00 MiB cached=0.00 GiB free=1.10 GiB reserve=1.59 GiB total=31.86 GiB)
ds4: ROCm q8 fp16 cache budget exhausted; using q8 kernels (request=64.00 MiB cached=0.00 GiB free=1.10 GiB reserve=1.59 GiB total=31.86 GiB)
ds4: ROCm q8 fp16 cache budget exhausted; using q8 kernels (request=64.00 MiB cached=0.00 GiB free=1.10 GiB reserve=1.59 GiB total=31.86 GiB)
ds4: ROCm q8 fp16 cache budget exhausted; using q8 kernels (request=64.00 MiB cached=0.00 GiB free=1.10 GiB reserve=1.59 GiB total=31.86 GiB)
ds4: ROCm q8 fp16 cache budget exhausted; using q8 kernels (request=64.00 MiB cached=0.00 GiB free=1.10 GiB reserve=1.59 GiB total=31.86 GiB)
ds4: ROCm q8 fp16 cache budget exhausted; using q8 kernels (request=64.00 MiB cached=0.00 GiB free=1.10 GiB reserve=1.59 GiB total=31.86 GiB)
ds4: ROCm q8 fp16 cache budget exhausted; using q8 kernels (request=64.00 MiB cached=0.00 GiB free=1.10 GiB reserve=1.59 GiB total=31.86 GiB)
ds4: ROCm q8 fp16 cache budget exhausted; using q8 kernels (request=64.00 MiB cached=0.00 GiB free=1.10 GiB reserve=1.59 GiB total=31.86 GiB)
ds4: ROCm q8 fp16 cache budget exhausted; using q8 kernels (request=64.00 MiB cached=0.00 GiB free=1.10 GiB reserve=1.59 GiB total=31.86 GiB)
ds4: ROCm q8 fp16 cache budget exhausted; using q8 kernels (request=64.00 MiB cached=0.00 GiB free=1.10 GiB reserve=1.59 GiB total=31.86 GiB)
ds4: ROCm q8 fp16 cache budget exhausted; using q8 kernels (request=64.00 MiB cached=0.00 GiB free=1.10 GiB reserve=1.59 GiB total=31.86 GiB)
ds4: ROCm q8 fp16 cache budget exhausted; using q8 kernels (request=64.00 MiB cached=0.00 GiB free=1.10 GiB reserve=1.59 GiB total=31.86 GiB)
ds4: ROCm q8 fp16 cache budget exhausted; using q8 kernels (request=64.00 MiB cached=0.00 GiB free=1.10 GiB reserve=1.59 GiB total=31.86 GiB)
ds4: ROCm q8 fp16 cache budget exhausted; using q8 kernels (request=64.00 MiB cached=0.00 GiB free=1.10 GiB reserve=1.59 GiB total=31.86 GiB)
ds4: ROCm q8 fp16 cache budget exhausted; using q8 kernels (request=64.00 MiB cached=0.00 GiB free=1.10 GiB reserve=1.59 GiB total=31.86 GiB)
ds4: ROCm q8 fp16 cache budget exhausted; using q8 kernels (request=64.00 MiB cached=0.00 GiB free=1.10 GiB reserve=1.59 GiB total=31.86 GiB)
ds4: ROCm q8 fp16 cache budget exhausted; using q8 kernels (request=64.00 MiB cached=0.00 GiB free=1.10 GiB reserve=1.59 GiB total=31.86 GiB)
ds4: ROCm q8 fp16 cache budget exhausted; using q8 kernels (request=64.00 MiB cached=0.00 GiB free=1.10 GiB reserve=1.59 GiB total=31.86 GiB)
ds4: ROCm q8 fp16 cache budget exhausted; using q8 kernels (request=64.00 MiB cached=0.00 GiB free=1.10 GiB reserve=1.59 GiB total=31.86 GiB)
ds4: ROCm q8 fp16 cache budget exhausted; using q8 kernels (request=64.00 MiB cached=0.00 GiB free=1.10 GiB reserve=1.59 GiB total=31.86 GiB)
ds4: ROCm q8 fp16 cache budget exhausted; using q8 kernels (request=64.00 MiB cached=0.00 GiB free=1.10 GiB reserve=1.59 GiB total=31.86 GiB)
ds4: ROCm q8 fp16 cache budget exhausted; using q8 kernels (request=64.00 MiB cached=0.00 GiB free=1.10 GiB reserve=1.59 GiB total=31.86 GiB)
ds4: ROCm q8 fp16 cache budget exhausted; using q8 kernels (request=64.00 MiB cached=0.00 GiB free=1.10 GiB reserve=1.59 GiB total=31.86 GiB)
ds4: ROCm q8 fp16 cache budget exhausted; using q8 kernels (request=64.00 MiB cached=0.00 GiB free=1.10 GiB reserve=1.59 GiB total=31.86 GiB)
ds4: ROCm q8 fp16 cache budget exhausted; using q8 kernels (request=64.00 MiB cached=0.00 GiB free=1.10 GiB reserve=1.59 GiB total=31.86 GiB)
ds4: ROCm q8 fp16 cache budget exhausted; using q8 kernels (request=64.00 MiB cached=0.00 GiB free=1.10 GiB reserve=1.59 GiB total=31.86 GiB)
ds4: ROCm q8 fp16 cache budget exhausted; using q8 kernels (request=64.00 MiB cached=0.00 GiB free=1.10 GiB reserve=1.59 GiB total=31.86 GiB)
ds4: ROCm q8 fp16 cache budget exhausted; using q8 kernels (request=64.00 MiB cached=0.00 GiB free=1.10 GiB reserve=1.59 GiB total=31.86 GiB)
ds4: ROCm q8 fp16 cache budget exhausted; using q8 kernels (request=64.00 MiB cached=0.00 GiB free=1.10 GiB reserve=1.59 GiB total=31.86 GiB)
ds4: ROCm q8 fp16 cache budget exhausted; using q8 kernels (request=64.00 MiB cached=0.00 GiB free=1.10 GiB reserve=1.59 GiB total=31.86 GiB)
ds4: ROCm q8 fp16 cache budget exhausted; using q8 kernels (request=64.00 MiB cached=0.00 GiB free=1.10 GiB reserve=1.59 GiB total=31.86 GiB)
ds4: ROCm q8 fp16 cache budget exhausted; using q8 kernels (request=64.00 MiB cached=0.00 GiB free=1.10 GiB reserve=1.59 GiB total=31.86 GiB)
ds4: ROCm q8 fp16 cache budget exhausted; using q8 kernels (request=64.00 MiB cached=0.00 GiB free=1.10 GiB reserve=1.59 GiB total=31.86 GiB)
case_018 cases=19 prompt=25 target=24 avg_nll=17.260901 lcp=1 api_target_mae=17.260901 api_top_coverage=115/120 api_top1=0.042 api_topn=0.026 api_pair=0.552
ds4: ROCm q8 fp16 cache budget exhausted; using q8 kernels (request=64.00 MiB cached=0.00 GiB free=1.10 GiB reserve=1.59 GiB total=31.86 GiB)
ds4: ROCm q8 fp16 cache budget exhausted; using q8 kernels (request=64.00 MiB cached=0.00 GiB free=1.10 GiB reserve=1.59 GiB total=31.86 GiB)
ds4: ROCm q8 fp16 cache budget exhausted; using q8 kernels (request=64.00 MiB cached=0.00 GiB free=1.10 GiB reserve=1.59 GiB total=31.86 GiB)
ds4: ROCm q8 fp16 cache budget exhausted; using q8 kernels (request=64.00 MiB cached=0.00 GiB free=1.10 GiB reserve=1.59 GiB total=31.86 GiB)
ds4: ROCm q8 fp16 cache budget exhausted; using q8 kernels (request=64.00 MiB cached=0.00 GiB free=1.10 GiB reserve=1.59 GiB total=31.86 GiB)
ds4: ROCm q8 fp16 cache budget exhausted; using q8 kernels (request=64.00 MiB cached=0.00 GiB free=1.10 GiB reserve=1.59 GiB total=31.86 GiB)
ds4: ROCm q8 fp16 cache budget exhausted; using q8 kernels (request=64.00 MiB cached=0.00 GiB free=1.10 GiB reserve=1.59 GiB total=31.86 GiB)
ds4: ROCm q8 fp16 cache budget exhausted; using q8 kernels (request=64.00 MiB cached=0.00 GiB free=1.10 GiB reserve=1.59 GiB total=31.86 GiB)
ds4: ROCm q8 fp16 cache budget exhausted; using q8 kernels (request=64.00 MiB cached=0.00 GiB free=1.10 GiB reserve=1.59 GiB total=31.86 GiB)
ds4: ROCm q8 fp16 cache budget exhausted; using q8 kernels (request=64.00 MiB cached=0.00 GiB free=1.10 GiB reserve=1.59 GiB total=31.86 GiB)
ds4: ROCm q8 fp16 cache budget exhausted; using q8 kernels (request=64.00 MiB cached=0.00 GiB free=1.10 GiB reserve=1.59 GiB total=31.86 GiB)
ds4: ROCm q8 fp16 cache budget exhausted; using q8 kernels (request=64.00 MiB cached=0.00 GiB free=1.10 GiB reserve=1.59 GiB total=31.86 GiB)
ds4: ROCm q8 fp16 cache budget exhausted; using q8 kernels (request=64.00 MiB cached=0.00 GiB free=1.10 GiB reserve=1.59 GiB total=31.86 GiB)
ds4: ROCm q8 fp16 cache budget exhausted; using q8 kernels (request=64.00 MiB cached=0.00 GiB free=1.10 GiB reserve=1.59 GiB total=31.86 GiB)
ds4: ROCm q8 fp16 cache budget exhausted; using q8 kernels (request=64.00 MiB cached=0.00 GiB free=1.10 GiB reserve=1.59 GiB total=31.86 GiB)
ds4: ROCm q8 fp16 cache budget exhausted; using q8 kernels (request=64.00 MiB cached=0.00 GiB free=1.10 GiB reserve=1.59 GiB total=31.86 GiB)
ds4: ROCm q8 fp16 cache budget exhausted; using q8 kernels (request=64.00 MiB cached=0.00 GiB free=1.10 GiB reserve=1.59 GiB total=31.86 GiB)
ds4: ROCm q8 fp16 cache budget exhausted; using q8 kernels (request=64.00 MiB cached=0.00 GiB free=1.10 GiB reserve=1.59 GiB total=31.86 GiB)
ds4: ROCm q8 fp16 cache budget exhausted; using q8 kernels (request=64.00 MiB cached=0.00 GiB free=1.10 GiB reserve=1.59 GiB total=31.86 GiB)
ds4: ROCm q8 fp16 cache budget exhausted; using q8 kernels (request=64.00 MiB cached=0.00 GiB free=1.10 GiB reserve=1.59 GiB total=31.86 GiB)
ds4: ROCm q8 fp16 cache budget exhausted; using q8 kernels (request=64.00 MiB cached=0.00 GiB free=1.10 GiB reserve=1.59 GiB total=31.86 GiB)
ds4: ROCm q8 fp16 cache budget exhausted; using q8 kernels (request=64.00 MiB cached=0.00 GiB free=1.10 GiB reserve=1.59 GiB total=31.86 GiB)
ds4: ROCm q8 fp16 cache budget exhausted; using q8 kernels (request=64.00 MiB cached=0.00 GiB free=1.10 GiB reserve=1.59 GiB total=31.86 GiB)
ds4: ROCm q8 fp16 cache budget exhausted; using q8 kernels (request=64.00 MiB cached=0.00 GiB free=1.10 GiB reserve=1.59 GiB total=31.86 GiB)
ds4: ROCm q8 fp16 cache budget exhausted; using q8 kernels (request=64.00 MiB cached=0.00 GiB free=1.10 GiB reserve=1.59 GiB total=31.86 GiB)
ds4: ROCm q8 fp16 cache budget exhausted; using q8 kernels (request=64.00 MiB cached=0.00 GiB free=1.10 GiB reserve=1.59 GiB total=31.86 GiB)
ds4: ROCm q8 fp16 cache budget exhausted; using q8 kernels (request=64.00 MiB cached=0.00 GiB free=1.10 GiB reserve=1.59 GiB total=31.86 GiB)
ds4: ROCm q8 fp16 cache budget exhausted; using q8 kernels (request=64.00 MiB cached=0.00 GiB free=1.10 GiB reserve=1.59 GiB total=31.86 GiB)
ds4: ROCm q8 fp16 cache budget exhausted; using q8 kernels (request=64.00 MiB cached=0.00 GiB free=1.10 GiB reserve=1.59 GiB total=31.86 GiB)
ds4: ROCm q8 fp16 cache budget exhausted; using q8 kernels (request=64.00 MiB cached=0.00 GiB free=1.10 GiB reserve=1.59 GiB total=31.86 GiB)
ds4: ROCm q8 fp16 cache budget exhausted; using q8 kernels (request=64.00 MiB cached=0.00 GiB free=1.10 GiB reserve=1.59 GiB total=31.86 GiB)
ds4: ROCm q8 fp16 cache budget exhausted; using q8 kernels (request=64.00 MiB cached=0.00 GiB free=1.10 GiB reserve=1.59 GiB total=31.86 GiB)
ds4: ROCm q8 fp16 cache budget exhausted; using q8 kernels (request=64.00 MiB cached=0.00 GiB free=1.10 GiB reserve=1.59 GiB total=31.86 GiB)
ds4: ROCm q8 fp16 cache budget exhausted; using q8 kernels (request=64.00 MiB cached=0.00 GiB free=1.10 GiB reserve=1.59 GiB total=31.86 GiB)
ds4: ROCm q8 fp16 cache budget exhausted; using q8 kernels (request=64.00 MiB cached=0.00 GiB free=1.10 GiB reserve=1.59 GiB total=31.86 GiB)
ds4: ROCm q8 fp16 cache budget exhausted; using q8 kernels (request=64.00 MiB cached=0.00 GiB free=1.10 GiB reserve=1.59 GiB total=31.86 GiB)
ds4: ROCm q8 fp16 cache budget exhausted; using q8 kernels (request=64.00 MiB cached=0.00 GiB free=1.10 GiB reserve=1.59 GiB total=31.86 GiB)
ds4: ROCm q8 fp16 cache budget exhausted; using q8 kernels (request=64.00 MiB cached=0.00 GiB free=1.10 GiB reserve=1.59 GiB total=31.86 GiB)
ds4: ROCm q8 fp16 cache budget exhausted; using q8 kernels (request=64.00 MiB cached=0.00 GiB free=1.10 GiB reserve=1.59 GiB total=31.86 GiB)
ds4: ROCm q8 fp16 cache budget exhausted; using q8 kernels (request=64.00 MiB cached=0.00 GiB free=1.10 GiB reserve=1.59 GiB total=31.86 GiB)
ds4: ROCm q8 fp16 cache budget exhausted; using q8 kernels (request=64.00 MiB cached=0.00 GiB free=1.10 GiB reserve=1.59 GiB total=31.86 GiB)
ds4: ROCm q8 fp16 cache budget exhausted; using q8 kernels (request=64.00 MiB cached=0.00 GiB free=1.10 GiB reserve=1.59 GiB total=31.86 GiB)
ds4: ROCm q8 fp16 cache budget exhausted; using q8 kernels (request=64.00 MiB cached=0.00 GiB free=1.10 GiB reserve=1.59 GiB total=31.86 GiB)
case_019 logits failed at target token 21
