# HEAD=498a39d9a4e932ba26eff922a23e566551ba1d0c
# binary=gguf-tools/quality-testing/score_official mtime=2026-08-01 11:59:14.159332042 +0000
# AMD_SERIALIZE_KERNEL=3
# path=TP=4 (--cuda-tensor-parallel), retry to check determinism of run1's arena-alloc-failure/crash
# cmd: AMD_SERIALIZE_KERNEL=3 /home/murphy/src/ds4-rebase/gguf-tools/quality-testing/score_official /var/cache/llama/ds4-gguf/DeepSeek-V4-Flash-IQ2XXS-w2Q2K-AProjQ8-SExpQ8-OutQ8-chat-v2-imatrix.gguf gguf-tools/quality-testing/data/flash/manifest.tsv .scratch/rocm-tensor-parallel/quality-out/q_tp4_head62_run2.tsv 4096 --gpu-devices 0,1,2,3 --cuda-tensor-parallel
# start=2026-08-01T17:18:22Z
ds4: Linux rocm backend set oom_score_adj=1000
ds4: per_tier_overhead = 2.00 GiB (cuda_tensor_parallel=1)
ds4: GPU0 original vram_bytes = 29.79 GiB
ds4: GPU0 post-overhead vram_bytes = 27.79 GiB
ds4: GPU1 original vram_bytes = 29.79 GiB
ds4: GPU1 post-overhead vram_bytes = 27.79 GiB
ds4: GPU2 original vram_bytes = 29.79 GiB
ds4: GPU2 post-overhead vram_bytes = 27.79 GiB
ds4: GPU3 original vram_bytes = 29.79 GiB
ds4: GPU3 post-overhead vram_bytes = 27.79 GiB
ds4: ROCm backend initialized on AMD Radeon AI Pro R9700 dev=0 (tier 0)
ds4: ROCm backend initialized on AMD Radeon AI Pro R9700 dev=1 (tier 1)
ds4: ROCm backend initialized on AMD Radeon AI Pro R9700 dev=2 (tier 2)
ds4: ROCm backend initialized on AMD Radeon AI Pro R9700 dev=3 (tier 3)
ds4: ROCm peer access tier 0<->1: direct
ds4: ROCm peer access tier 0<->2: direct
ds4: ROCm peer access tier 0<->3: direct
ds4: ROCm backend initialized on AMD Radeon AI Pro R9700 (sm_120)
multi-GPU layout:
  GPU0: layers 0-42 + embedding + output head  (26.2 / 27.8 GB)
  GPU1: (no transformer layers)  (0.0 / 27.8 GB)
  GPU2: (no transformer layers)  (0.0 / 27.8 GB)
  GPU3: (no transformer layers)  (0.0 / 27.8 GB)
ds4: per-tier graph scratch reserved: 2.00 GiB (pre-subtracted from each GPU budget)
ds4: peer access matrix (validated): 0->1 DIRECT 0->2 DIRECT 0->3 DIRECT 1->0 DIRECT 1->2 DIRECT 1->3 DIRECT 2->0 DIRECT 2->1 DIRECT 2->3 DIRECT 3->0 DIRECT 3->1 DIRECT 3->2 DIRECT
ds4: ROCm TP=4 placement: all 4 tiers hold every layer, sharded tensors split 4-way per rank
ds4: CUDA tier 0 (device 0) selective weights: 25.94 GiB in 1328 ranges
ds4: CUDA tier 1 (device 1) selective weights: 25.94 GiB in 1328 ranges
ds4: CUDA tier 2 (device 2) selective weights: 25.94 GiB in 1328 ranges
ds4: CUDA tier 3 (device 3) selective weights: 25.94 GiB in 1328 ranges
ds4: ROCm TP=4 enabled: all 4 tiers active (single-stage all-replicated)
ds4: ROCm loading model tensors into device cache
ds4: ROCm model arena alloc failed for moe_down (1024.00 MiB chunk): out of memory
ds4: ROCm q8 fp16 cache budget exhausted; using q8 kernels (request=16.00 MiB cached=0.19 GiB free=0.98 GiB reserve=1.59 GiB total=31.86 GiB)
ds4: ROCm q8 fp16 cache budget exhausted; using q8 kernels (request=64.00 MiB cached=0.00 GiB free=0.98 GiB reserve=1.59 GiB total=31.86 GiB)
ds4: ROCm q8 fp16 cache budget exhausted; using q8 kernels (request=64.00 MiB cached=0.00 GiB free=1.17 GiB reserve=1.59 GiB total=31.86 GiB)
ds4: ROCm q8 fp16 cache budget exhausted; using q8 kernels (request=64.00 MiB cached=0.00 GiB free=1.11 GiB reserve=1.59 GiB total=31.86 GiB)
ds4: ROCm q8 fp16 cache budget exhausted; using q8 kernels (request=64.00 MiB cached=0.00 GiB free=1.11 GiB reserve=1.59 GiB total=31.86 GiB)
ds4: ROCm q8 fp16 cache budget exhausted; using q8 kernels (request=64.00 MiB cached=0.00 GiB free=1.11 GiB reserve=1.59 GiB total=31.86 GiB)
ds4: ROCm q8 fp16 cache budget exhausted; using q8 kernels (request=64.00 MiB cached=0.00 GiB free=1.11 GiB reserve=1.59 GiB total=31.86 GiB)
ds4: ROCm q8 fp16 cache budget exhausted; using q8 kernels (request=64.00 MiB cached=0.00 GiB free=1.11 GiB reserve=1.59 GiB total=31.86 GiB)
ds4: ROCm q8 fp16 cache budget exhausted; using q8 kernels (request=64.00 MiB cached=0.00 GiB free=1.11 GiB reserve=1.59 GiB total=31.86 GiB)
ds4: ROCm q8 fp16 cache budget exhausted; using q8 kernels (request=64.00 MiB cached=0.00 GiB free=1.11 GiB reserve=1.59 GiB total=31.86 GiB)
ds4: ROCm q8 fp16 cache budget exhausted; using q8 kernels (request=64.00 MiB cached=0.00 GiB free=1.11 GiB reserve=1.59 GiB total=31.86 GiB)
ds4: ROCm q8 fp16 cache budget exhausted; using q8 kernels (request=64.00 MiB cached=0.00 GiB free=1.11 GiB reserve=1.59 GiB total=31.86 GiB)
ds4: ROCm q8 fp16 cache budget exhausted; using q8 kernels (request=64.00 MiB cached=0.00 GiB free=1.11 GiB reserve=1.59 GiB total=31.86 GiB)
ds4: ROCm q8 fp16 cache budget exhausted; using q8 kernels (request=64.00 MiB cached=0.00 GiB free=1.11 GiB reserve=1.59 GiB total=31.86 GiB)
ds4: ROCm q8 fp16 cache budget exhausted; using q8 kernels (request=64.00 MiB cached=0.00 GiB free=1.11 GiB reserve=1.59 GiB total=31.86 GiB)
ds4: ROCm q8 fp16 cache budget exhausted; using q8 kernels (request=64.00 MiB cached=0.00 GiB free=1.11 GiB reserve=1.59 GiB total=31.86 GiB)
ds4: ROCm q8 fp16 cache budget exhausted; using q8 kernels (request=64.00 MiB cached=0.00 GiB free=1.11 GiB reserve=1.59 GiB total=31.86 GiB)
ds4: ROCm q8 fp16 cache budget exhausted; using q8 kernels (request=64.00 MiB cached=0.00 GiB free=1.11 GiB reserve=1.59 GiB total=31.86 GiB)
ds4: ROCm q8 fp16 cache budget exhausted; using q8 kernels (request=64.00 MiB cached=0.00 GiB free=1.11 GiB reserve=1.59 GiB total=31.86 GiB)
ds4: ROCm q8 fp16 cache budget exhausted; using q8 kernels (request=64.00 MiB cached=0.00 GiB free=1.11 GiB reserve=1.59 GiB total=31.86 GiB)
ds4: ROCm q8 fp16 cache budget exhausted; using q8 kernels (request=64.00 MiB cached=0.00 GiB free=1.11 GiB reserve=1.59 GiB total=31.86 GiB)
ds4: ROCm q8 fp16 cache budget exhausted; using q8 kernels (request=64.00 MiB cached=0.00 GiB free=1.11 GiB reserve=1.59 GiB total=31.86 GiB)
ds4: ROCm q8 fp16 cache budget exhausted; using q8 kernels (request=64.00 MiB cached=0.00 GiB free=1.11 GiB reserve=1.59 GiB total=31.86 GiB)
ds4: ROCm q8 fp16 cache budget exhausted; using q8 kernels (request=64.00 MiB cached=0.00 GiB free=1.11 GiB reserve=1.59 GiB total=31.86 GiB)
ds4: ROCm q8 fp16 cache budget exhausted; using q8 kernels (request=64.00 MiB cached=0.00 GiB free=1.11 GiB reserve=1.59 GiB total=31.86 GiB)
ds4: ROCm q8 fp16 cache budget exhausted; using q8 kernels (request=64.00 MiB cached=0.00 GiB free=1.11 GiB reserve=1.59 GiB total=31.86 GiB)
ds4: ROCm q8 fp16 cache budget exhausted; using q8 kernels (request=64.00 MiB cached=0.00 GiB free=1.11 GiB reserve=1.59 GiB total=31.86 GiB)
ds4: ROCm q8 fp16 cache budget exhausted; using q8 kernels (request=64.00 MiB cached=0.00 GiB free=1.11 GiB reserve=1.59 GiB total=31.86 GiB)
ds4: ROCm q8 fp16 cache budget exhausted; using q8 kernels (request=64.00 MiB cached=0.00 GiB free=1.11 GiB reserve=1.59 GiB total=31.86 GiB)
ds4: ROCm q8 fp16 cache budget exhausted; using q8 kernels (request=64.00 MiB cached=0.00 GiB free=1.11 GiB reserve=1.59 GiB total=31.86 GiB)
ds4: ROCm q8 fp16 cache budget exhausted; using q8 kernels (request=64.00 MiB cached=0.00 GiB free=1.11 GiB reserve=1.59 GiB total=31.86 GiB)
ds4: ROCm q8 fp16 cache budget exhausted; using q8 kernels (request=64.00 MiB cached=0.00 GiB free=1.11 GiB reserve=1.59 GiB total=31.86 GiB)
ds4: ROCm q8 fp16 cache budget exhausted; using q8 kernels (request=64.00 MiB cached=0.00 GiB free=1.11 GiB reserve=1.59 GiB total=31.86 GiB)
ds4: ROCm q8 fp16 cache budget exhausted; using q8 kernels (request=64.00 MiB cached=0.00 GiB free=1.11 GiB reserve=1.59 GiB total=31.86 GiB)
ds4: ROCm q8 fp16 cache budget exhausted; using q8 kernels (request=64.00 MiB cached=0.00 GiB free=1.11 GiB reserve=1.59 GiB total=31.86 GiB)
ds4: ROCm q8 fp16 cache budget exhausted; using q8 kernels (request=64.00 MiB cached=0.00 GiB free=1.11 GiB reserve=1.59 GiB total=31.86 GiB)
ds4: ROCm q8 fp16 cache budget exhausted; using q8 kernels (request=64.00 MiB cached=0.00 GiB free=1.11 GiB reserve=1.59 GiB total=31.86 GiB)
ds4: ROCm q8 fp16 cache budget exhausted; using q8 kernels (request=64.00 MiB cached=0.00 GiB free=1.11 GiB reserve=1.59 GiB total=31.86 GiB)
ds4: ROCm q8 fp16 cache budget exhausted; using q8 kernels (request=64.00 MiB cached=0.00 GiB free=1.11 GiB reserve=1.59 GiB total=31.86 GiB)
ds4: ROCm q8 fp16 cache budget exhausted; using q8 kernels (request=64.00 MiB cached=0.00 GiB free=1.11 GiB reserve=1.59 GiB total=31.86 GiB)
ds4: ROCm q8 fp16 cache budget exhausted; using q8 kernels (request=64.00 MiB cached=0.00 GiB free=1.11 GiB reserve=1.59 GiB total=31.86 GiB)
ds4: ROCm q8 fp16 cache budget exhausted; using q8 kernels (request=64.00 MiB cached=0.00 GiB free=1.11 GiB reserve=1.59 GiB total=31.86 GiB)
ds4: ROCm q8 fp16 cache budget exhausted; using q8 kernels (request=64.00 MiB cached=0.00 GiB free=1.11 GiB reserve=1.59 GiB total=31.86 GiB)
case_000 cases=1 prompt=17 target=24 avg_nll=16.044256 lcp=0 api_target_mae=16.044256 api_top_coverage=100/120 api_top1=0.000 api_topn=0.030 api_pair=0.556
ds4: ROCm q8 fp16 cache budget exhausted; using q8 kernels (request=64.00 MiB cached=0.00 GiB free=1.10 GiB reserve=1.59 GiB total=31.86 GiB)
ds4: ROCm q8 fp16 cache budget exhausted; using q8 kernels (request=64.00 MiB cached=0.00 GiB free=1.10 GiB reserve=1.59 GiB total=31.86 GiB)
ds4: ROCm q8 fp16 cache budget exhausted; using q8 kernels (request=64.00 MiB cached=0.00 GiB free=1.10 GiB reserve=1.59 GiB total=31.86 GiB)
ds4: ROCm q8 fp16 cache budget exhausted; using q8 kernels (request=64.00 MiB cached=0.00 GiB free=1.10 GiB reserve=1.59 GiB total=31.86 GiB)
ds4: ROCm q8 fp16 cache budget exhausted; using q8 kernels (request=64.00 MiB cached=0.00 GiB free=1.10 GiB reserve=1.59 GiB total=31.86 GiB)
ds4: ROCm q8 fp16 cache budget exhausted; using q8 kernels (request=64.00 MiB cached=0.00 GiB free=1.10 GiB reserve=1.59 GiB total=31.86 GiB)
ds4: ROCm q8 fp16 cache budget exhausted; using q8 kernels (request=64.00 MiB cached=0.00 GiB free=1.10 GiB reserve=1.59 GiB total=31.86 GiB)
ds4: ROCm q8 fp16 cache budget exhausted; using q8 kernels (request=64.00 MiB cached=0.00 GiB free=1.10 GiB reserve=1.59 GiB total=31.86 GiB)
ds4: ROCm q8 fp16 cache budget exhausted; using q8 kernels (request=64.00 MiB cached=0.00 GiB free=1.10 GiB reserve=1.59 GiB total=31.86 GiB)
ds4: ROCm q8 fp16 cache budget exhausted; using q8 kernels (request=64.00 MiB cached=0.00 GiB free=1.10 GiB reserve=1.59 GiB total=31.86 GiB)
ds4: ROCm q8 fp16 cache budget exhausted; using q8 kernels (request=64.00 MiB cached=0.00 GiB free=1.10 GiB reserve=1.59 GiB total=31.86 GiB)
ds4: ROCm q8 fp16 cache budget exhausted; using q8 kernels (request=64.00 MiB cached=0.00 GiB free=1.10 GiB reserve=1.59 GiB total=31.86 GiB)
ds4: ROCm q8 fp16 cache budget exhausted; using q8 kernels (request=64.00 MiB cached=0.00 GiB free=1.10 GiB reserve=1.59 GiB total=31.86 GiB)
ds4: ROCm q8 fp16 cache budget exhausted; using q8 kernels (request=64.00 MiB cached=0.00 GiB free=1.10 GiB reserve=1.59 GiB total=31.86 GiB)
ds4: ROCm q8 fp16 cache budget exhausted; using q8 kernels (request=64.00 MiB cached=0.00 GiB free=1.10 GiB reserve=1.59 GiB total=31.86 GiB)
ds4: ROCm q8 fp16 cache budget exhausted; using q8 kernels (request=64.00 MiB cached=0.00 GiB free=1.10 GiB reserve=1.59 GiB total=31.86 GiB)
ds4: ROCm q8 fp16 cache budget exhausted; using q8 kernels (request=64.00 MiB cached=0.00 GiB free=1.10 GiB reserve=1.59 GiB total=31.86 GiB)
ds4: ROCm q8 fp16 cache budget exhausted; using q8 kernels (request=64.00 MiB cached=0.00 GiB free=1.10 GiB reserve=1.59 GiB total=31.86 GiB)
ds4: ROCm q8 fp16 cache budget exhausted; using q8 kernels (request=64.00 MiB cached=0.00 GiB free=1.10 GiB reserve=1.59 GiB total=31.86 GiB)
ds4: ROCm q8 fp16 cache budget exhausted; using q8 kernels (request=64.00 MiB cached=0.00 GiB free=1.10 GiB reserve=1.59 GiB total=31.86 GiB)
ds4: ROCm q8 fp16 cache budget exhausted; using q8 kernels (request=64.00 MiB cached=0.00 GiB free=1.10 GiB reserve=1.59 GiB total=31.86 GiB)
ds4: ROCm q8 fp16 cache budget exhausted; using q8 kernels (request=64.00 MiB cached=0.00 GiB free=1.10 GiB reserve=1.59 GiB total=31.86 GiB)
ds4: ROCm q8 fp16 cache budget exhausted; using q8 kernels (request=64.00 MiB cached=0.00 GiB free=1.10 GiB reserve=1.59 GiB total=31.86 GiB)
ds4: ROCm q8 fp16 cache budget exhausted; using q8 kernels (request=64.00 MiB cached=0.00 GiB free=1.10 GiB reserve=1.59 GiB total=31.86 GiB)
ds4: ROCm q8 fp16 cache budget exhausted; using q8 kernels (request=64.00 MiB cached=0.00 GiB free=1.10 GiB reserve=1.59 GiB total=31.86 GiB)
ds4: ROCm q8 fp16 cache budget exhausted; using q8 kernels (request=64.00 MiB cached=0.00 GiB free=1.10 GiB reserve=1.59 GiB total=31.86 GiB)
ds4: ROCm q8 fp16 cache budget exhausted; using q8 kernels (request=64.00 MiB cached=0.00 GiB free=1.10 GiB reserve=1.59 GiB total=31.86 GiB)
ds4: ROCm q8 fp16 cache budget exhausted; using q8 kernels (request=64.00 MiB cached=0.00 GiB free=1.10 GiB reserve=1.59 GiB total=31.86 GiB)
ds4: ROCm q8 fp16 cache budget exhausted; using q8 kernels (request=64.00 MiB cached=0.00 GiB free=1.10 GiB reserve=1.59 GiB total=31.86 GiB)
ds4: ROCm q8 fp16 cache budget exhausted; using q8 kernels (request=64.00 MiB cached=0.00 GiB free=1.10 GiB reserve=1.59 GiB total=31.86 GiB)
ds4: ROCm q8 fp16 cache budget exhausted; using q8 kernels (request=64.00 MiB cached=0.00 GiB free=1.10 GiB reserve=1.59 GiB total=31.86 GiB)
ds4: ROCm q8 fp16 cache budget exhausted; using q8 kernels (request=64.00 MiB cached=0.00 GiB free=1.10 GiB reserve=1.59 GiB total=31.86 GiB)
ds4: ROCm q8 fp16 cache budget exhausted; using q8 kernels (request=64.00 MiB cached=0.00 GiB free=1.10 GiB reserve=1.59 GiB total=31.86 GiB)
ds4: ROCm q8 fp16 cache budget exhausted; using q8 kernels (request=64.00 MiB cached=0.00 GiB free=1.10 GiB reserve=1.59 GiB total=31.86 GiB)
ds4: ROCm q8 fp16 cache budget exhausted; using q8 kernels (request=64.00 MiB cached=0.00 GiB free=1.10 GiB reserve=1.59 GiB total=31.86 GiB)
ds4: ROCm q8 fp16 cache budget exhausted; using q8 kernels (request=64.00 MiB cached=0.00 GiB free=1.10 GiB reserve=1.59 GiB total=31.86 GiB)
ds4: ROCm q8 fp16 cache budget exhausted; using q8 kernels (request=64.00 MiB cached=0.00 GiB free=1.10 GiB reserve=1.59 GiB total=31.86 GiB)
ds4: ROCm q8 fp16 cache budget exhausted; using q8 kernels (request=64.00 MiB cached=0.00 GiB free=1.10 GiB reserve=1.59 GiB total=31.86 GiB)
ds4: ROCm q8 fp16 cache budget exhausted; using q8 kernels (request=64.00 MiB cached=0.00 GiB free=1.10 GiB reserve=1.59 GiB total=31.86 GiB)
ds4: ROCm q8 fp16 cache budget exhausted; using q8 kernels (request=64.00 MiB cached=0.00 GiB free=1.10 GiB reserve=1.59 GiB total=31.86 GiB)
ds4: ROCm q8 fp16 cache budget exhausted; using q8 kernels (request=64.00 MiB cached=0.00 GiB free=1.10 GiB reserve=1.59 GiB total=31.86 GiB)
ds4: ROCm q8 fp16 cache budget exhausted; using q8 kernels (request=64.00 MiB cached=0.00 GiB free=1.10 GiB reserve=1.59 GiB total=31.86 GiB)
ds4: ROCm q8 fp16 cache budget exhausted; using q8 kernels (request=64.00 MiB cached=0.00 GiB free=1.10 GiB reserve=1.59 GiB total=31.86 GiB)
case_001 cases=2 prompt=18 target=24 avg_nll=15.628325 lcp=1 api_target_mae=15.628325 api_top_coverage=100/120 api_top1=0.042 api_topn=0.060 api_pair=0.552
ds4: ROCm q8 fp16 cache budget exhausted; using q8 kernels (request=64.00 MiB cached=0.00 GiB free=1.10 GiB reserve=1.59 GiB total=31.86 GiB)
ds4: ROCm q8 fp16 cache budget exhausted; using q8 kernels (request=64.00 MiB cached=0.00 GiB free=1.10 GiB reserve=1.59 GiB total=31.86 GiB)
ds4: ROCm q8 fp16 cache budget exhausted; using q8 kernels (request=64.00 MiB cached=0.00 GiB free=1.10 GiB reserve=1.59 GiB total=31.86 GiB)
ds4: ROCm q8 fp16 cache budget exhausted; using q8 kernels (request=64.00 MiB cached=0.00 GiB free=1.10 GiB reserve=1.59 GiB total=31.86 GiB)
ds4: ROCm q8 fp16 cache budget exhausted; using q8 kernels (request=64.00 MiB cached=0.00 GiB free=1.10 GiB reserve=1.59 GiB total=31.86 GiB)
ds4: ROCm q8 fp16 cache budget exhausted; using q8 kernels (request=64.00 MiB cached=0.00 GiB free=1.10 GiB reserve=1.59 GiB total=31.86 GiB)
ds4: ROCm q8 fp16 cache budget exhausted; using q8 kernels (request=64.00 MiB cached=0.00 GiB free=1.10 GiB reserve=1.59 GiB total=31.86 GiB)
ds4: ROCm q8 fp16 cache budget exhausted; using q8 kernels (request=64.00 MiB cached=0.00 GiB free=1.10 GiB reserve=1.59 GiB total=31.86 GiB)
ds4: ROCm q8 fp16 cache budget exhausted; using q8 kernels (request=64.00 MiB cached=0.00 GiB free=1.10 GiB reserve=1.59 GiB total=31.86 GiB)
ds4: ROCm q8 fp16 cache budget exhausted; using q8 kernels (request=64.00 MiB cached=0.00 GiB free=1.10 GiB reserve=1.59 GiB total=31.86 GiB)
ds4: ROCm q8 fp16 cache budget exhausted; using q8 kernels (request=64.00 MiB cached=0.00 GiB free=1.10 GiB reserve=1.59 GiB total=31.86 GiB)
ds4: ROCm q8 fp16 cache budget exhausted; using q8 kernels (request=64.00 MiB cached=0.00 GiB free=1.10 GiB reserve=1.59 GiB total=31.86 GiB)
ds4: ROCm q8 fp16 cache budget exhausted; using q8 kernels (request=64.00 MiB cached=0.00 GiB free=1.10 GiB reserve=1.59 GiB total=31.86 GiB)
ds4: ROCm q8 fp16 cache budget exhausted; using q8 kernels (request=64.00 MiB cached=0.00 GiB free=1.10 GiB reserve=1.59 GiB total=31.86 GiB)
ds4: ROCm q8 fp16 cache budget exhausted; using q8 kernels (request=64.00 MiB cached=0.00 GiB free=1.10 GiB reserve=1.59 GiB total=31.86 GiB)
ds4: ROCm q8 fp16 cache budget exhausted; using q8 kernels (request=64.00 MiB cached=0.00 GiB free=1.10 GiB reserve=1.59 GiB total=31.86 GiB)
ds4: ROCm q8 fp16 cache budget exhausted; using q8 kernels (request=64.00 MiB cached=0.00 GiB free=1.10 GiB reserve=1.59 GiB total=31.86 GiB)
ds4: ROCm q8 fp16 cache budget exhausted; using q8 kernels (request=64.00 MiB cached=0.00 GiB free=1.10 GiB reserve=1.59 GiB total=31.86 GiB)
ds4: ROCm q8 fp16 cache budget exhausted; using q8 kernels (request=64.00 MiB cached=0.00 GiB free=1.10 GiB reserve=1.59 GiB total=31.86 GiB)
ds4: ROCm q8 fp16 cache budget exhausted; using q8 kernels (request=64.00 MiB cached=0.00 GiB free=1.10 GiB reserve=1.59 GiB total=31.86 GiB)
ds4: ROCm q8 fp16 cache budget exhausted; using q8 kernels (request=64.00 MiB cached=0.00 GiB free=1.10 GiB reserve=1.59 GiB total=31.86 GiB)
ds4: ROCm q8 fp16 cache budget exhausted; using q8 kernels (request=64.00 MiB cached=0.00 GiB free=1.10 GiB reserve=1.59 GiB total=31.86 GiB)
ds4: ROCm q8 fp16 cache budget exhausted; using q8 kernels (request=64.00 MiB cached=0.00 GiB free=1.10 GiB reserve=1.59 GiB total=31.86 GiB)
ds4: ROCm q8 fp16 cache budget exhausted; using q8 kernels (request=64.00 MiB cached=0.00 GiB free=1.10 GiB reserve=1.59 GiB total=31.86 GiB)
ds4: ROCm q8 fp16 cache budget exhausted; using q8 kernels (request=64.00 MiB cached=0.00 GiB free=1.10 GiB reserve=1.59 GiB total=31.86 GiB)
ds4: ROCm q8 fp16 cache budget exhausted; using q8 kernels (request=64.00 MiB cached=0.00 GiB free=1.10 GiB reserve=1.59 GiB total=31.86 GiB)
ds4: ROCm q8 fp16 cache budget exhausted; using q8 kernels (request=64.00 MiB cached=0.00 GiB free=1.10 GiB reserve=1.59 GiB total=31.86 GiB)
ds4: ROCm q8 fp16 cache budget exhausted; using q8 kernels (request=64.00 MiB cached=0.00 GiB free=1.10 GiB reserve=1.59 GiB total=31.86 GiB)
ds4: ROCm q8 fp16 cache budget exhausted; using q8 kernels (request=64.00 MiB cached=0.00 GiB free=1.10 GiB reserve=1.59 GiB total=31.86 GiB)
ds4: ROCm q8 fp16 cache budget exhausted; using q8 kernels (request=64.00 MiB cached=0.00 GiB free=1.10 GiB reserve=1.59 GiB total=31.86 GiB)
ds4: ROCm q8 fp16 cache budget exhausted; using q8 kernels (request=64.00 MiB cached=0.00 GiB free=1.10 GiB reserve=1.59 GiB total=31.86 GiB)
ds4: ROCm q8 fp16 cache budget exhausted; using q8 kernels (request=64.00 MiB cached=0.00 GiB free=1.10 GiB reserve=1.59 GiB total=31.86 GiB)
ds4: ROCm q8 fp16 cache budget exhausted; using q8 kernels (request=64.00 MiB cached=0.00 GiB free=1.10 GiB reserve=1.59 GiB total=31.86 GiB)
ds4: ROCm q8 fp16 cache budget exhausted; using q8 kernels (request=64.00 MiB cached=0.00 GiB free=1.10 GiB reserve=1.59 GiB total=31.86 GiB)
ds4: ROCm q8 fp16 cache budget exhausted; using q8 kernels (request=64.00 MiB cached=0.00 GiB free=1.10 GiB reserve=1.59 GiB total=31.86 GiB)
ds4: ROCm q8 fp16 cache budget exhausted; using q8 kernels (request=64.00 MiB cached=0.00 GiB free=1.10 GiB reserve=1.59 GiB total=31.86 GiB)
ds4: ROCm q8 fp16 cache budget exhausted; using q8 kernels (request=64.00 MiB cached=0.00 GiB free=1.10 GiB reserve=1.59 GiB total=31.86 GiB)
ds4: ROCm q8 fp16 cache budget exhausted; using q8 kernels (request=64.00 MiB cached=0.00 GiB free=1.10 GiB reserve=1.59 GiB total=31.86 GiB)
ds4: ROCm q8 fp16 cache budget exhausted; using q8 kernels (request=64.00 MiB cached=0.00 GiB free=1.10 GiB reserve=1.59 GiB total=31.86 GiB)
ds4: ROCm q8 fp16 cache budget exhausted; using q8 kernels (request=64.00 MiB cached=0.00 GiB free=1.10 GiB reserve=1.59 GiB total=31.86 GiB)
ds4: ROCm q8 fp16 cache budget exhausted; using q8 kernels (request=64.00 MiB cached=0.00 GiB free=1.10 GiB reserve=1.59 GiB total=31.86 GiB)
ds4: ROCm q8 fp16 cache budget exhausted; using q8 kernels (request=64.00 MiB cached=0.00 GiB free=1.10 GiB reserve=1.59 GiB total=31.86 GiB)
ds4: ROCm q8 fp16 cache budget exhausted; using q8 kernels (request=64.00 MiB cached=0.00 GiB free=1.10 GiB reserve=1.59 GiB total=31.86 GiB)
case_002 cases=3 prompt=19 target=24 avg_nll=16.846702 lcp=0 api_target_mae=16.846702 api_top_coverage=96/120 api_top1=0.000 api_topn=0.042 api_pair=0.483
ds4: ROCm q8 fp16 cache budget exhausted; using q8 kernels (request=64.00 MiB cached=0.00 GiB free=1.10 GiB reserve=1.59 GiB total=31.86 GiB)
ds4: ROCm q8 fp16 cache budget exhausted; using q8 kernels (request=64.00 MiB cached=0.00 GiB free=1.10 GiB reserve=1.59 GiB total=31.86 GiB)
ds4: ROCm q8 fp16 cache budget exhausted; using q8 kernels (request=64.00 MiB cached=0.00 GiB free=1.10 GiB reserve=1.59 GiB total=31.86 GiB)
ds4: ROCm q8 fp16 cache budget exhausted; using q8 kernels (request=64.00 MiB cached=0.00 GiB free=1.10 GiB reserve=1.59 GiB total=31.86 GiB)
ds4: ROCm q8 fp16 cache budget exhausted; using q8 kernels (request=64.00 MiB cached=0.00 GiB free=1.10 GiB reserve=1.59 GiB total=31.86 GiB)
ds4: ROCm q8 fp16 cache budget exhausted; using q8 kernels (request=64.00 MiB cached=0.00 GiB free=1.10 GiB reserve=1.59 GiB total=31.86 GiB)
ds4: ROCm q8 fp16 cache budget exhausted; using q8 kernels (request=64.00 MiB cached=0.00 GiB free=1.10 GiB reserve=1.59 GiB total=31.86 GiB)
ds4: ROCm q8 fp16 cache budget exhausted; using q8 kernels (request=64.00 MiB cached=0.00 GiB free=1.10 GiB reserve=1.59 GiB total=31.86 GiB)
ds4: ROCm q8 fp16 cache budget exhausted; using q8 kernels (request=64.00 MiB cached=0.00 GiB free=1.10 GiB reserve=1.59 GiB total=31.86 GiB)
ds4: ROCm q8 fp16 cache budget exhausted; using q8 kernels (request=64.00 MiB cached=0.00 GiB free=1.10 GiB reserve=1.59 GiB total=31.86 GiB)
ds4: ROCm q8 fp16 cache budget exhausted; using q8 kernels (request=64.00 MiB cached=0.00 GiB free=1.10 GiB reserve=1.59 GiB total=31.86 GiB)
ds4: ROCm q8 fp16 cache budget exhausted; using q8 kernels (request=64.00 MiB cached=0.00 GiB free=1.10 GiB reserve=1.59 GiB total=31.86 GiB)
ds4: ROCm q8 fp16 cache budget exhausted; using q8 kernels (request=64.00 MiB cached=0.00 GiB free=1.10 GiB reserve=1.59 GiB total=31.86 GiB)
ds4: ROCm q8 fp16 cache budget exhausted; using q8 kernels (request=64.00 MiB cached=0.00 GiB free=1.10 GiB reserve=1.59 GiB total=31.86 GiB)
ds4: ROCm q8 fp16 cache budget exhausted; using q8 kernels (request=64.00 MiB cached=0.00 GiB free=1.10 GiB reserve=1.59 GiB total=31.86 GiB)
ds4: ROCm q8 fp16 cache budget exhausted; using q8 kernels (request=64.00 MiB cached=0.00 GiB free=1.10 GiB reserve=1.59 GiB total=31.86 GiB)
ds4: ROCm q8 fp16 cache budget exhausted; using q8 kernels (request=64.00 MiB cached=0.00 GiB free=1.10 GiB reserve=1.59 GiB total=31.86 GiB)
ds4: ROCm q8 fp16 cache budget exhausted; using q8 kernels (request=64.00 MiB cached=0.00 GiB free=1.10 GiB reserve=1.59 GiB total=31.86 GiB)
ds4: ROCm q8 fp16 cache budget exhausted; using q8 kernels (request=64.00 MiB cached=0.00 GiB free=1.10 GiB reserve=1.59 GiB total=31.86 GiB)
ds4: ROCm q8 fp16 cache budget exhausted; using q8 kernels (request=64.00 MiB cached=0.00 GiB free=1.10 GiB reserve=1.59 GiB total=31.86 GiB)
ds4: ROCm q8 fp16 cache budget exhausted; using q8 kernels (request=64.00 MiB cached=0.00 GiB free=1.10 GiB reserve=1.59 GiB total=31.86 GiB)
ds4: ROCm q8 fp16 cache budget exhausted; using q8 kernels (request=64.00 MiB cached=0.00 GiB free=1.10 GiB reserve=1.59 GiB total=31.86 GiB)
ds4: ROCm q8 fp16 cache budget exhausted; using q8 kernels (request=64.00 MiB cached=0.00 GiB free=1.10 GiB reserve=1.59 GiB total=31.86 GiB)
ds4: ROCm q8 fp16 cache budget exhausted; using q8 kernels (request=64.00 MiB cached=0.00 GiB free=1.10 GiB reserve=1.59 GiB total=31.86 GiB)
ds4: ROCm q8 fp16 cache budget exhausted; using q8 kernels (request=64.00 MiB cached=0.00 GiB free=1.10 GiB reserve=1.59 GiB total=31.86 GiB)
ds4: ROCm q8 fp16 cache budget exhausted; using q8 kernels (request=64.00 MiB cached=0.00 GiB free=1.10 GiB reserve=1.59 GiB total=31.86 GiB)
ds4: ROCm q8 fp16 cache budget exhausted; using q8 kernels (request=64.00 MiB cached=0.00 GiB free=1.10 GiB reserve=1.59 GiB total=31.86 GiB)
ds4: ROCm q8 fp16 cache budget exhausted; using q8 kernels (request=64.00 MiB cached=0.00 GiB free=1.10 GiB reserve=1.59 GiB total=31.86 GiB)
ds4: ROCm q8 fp16 cache budget exhausted; using q8 kernels (request=64.00 MiB cached=0.00 GiB free=1.10 GiB reserve=1.59 GiB total=31.86 GiB)
ds4: ROCm q8 fp16 cache budget exhausted; using q8 kernels (request=64.00 MiB cached=0.00 GiB free=1.10 GiB reserve=1.59 GiB total=31.86 GiB)
ds4: ROCm q8 fp16 cache budget exhausted; using q8 kernels (request=64.00 MiB cached=0.00 GiB free=1.10 GiB reserve=1.59 GiB total=31.86 GiB)
ds4: ROCm q8 fp16 cache budget exhausted; using q8 kernels (request=64.00 MiB cached=0.00 GiB free=1.10 GiB reserve=1.59 GiB total=31.86 GiB)
ds4: ROCm q8 fp16 cache budget exhausted; using q8 kernels (request=64.00 MiB cached=0.00 GiB free=1.10 GiB reserve=1.59 GiB total=31.86 GiB)
ds4: ROCm q8 fp16 cache budget exhausted; using q8 kernels (request=64.00 MiB cached=0.00 GiB free=1.10 GiB reserve=1.59 GiB total=31.86 GiB)
ds4: ROCm q8 fp16 cache budget exhausted; using q8 kernels (request=64.00 MiB cached=0.00 GiB free=1.10 GiB reserve=1.59 GiB total=31.86 GiB)
ds4: ROCm q8 fp16 cache budget exhausted; using q8 kernels (request=64.00 MiB cached=0.00 GiB free=1.10 GiB reserve=1.59 GiB total=31.86 GiB)
ds4: ROCm q8 fp16 cache budget exhausted; using q8 kernels (request=64.00 MiB cached=0.00 GiB free=1.10 GiB reserve=1.59 GiB total=31.86 GiB)
ds4: ROCm q8 fp16 cache budget exhausted; using q8 kernels (request=64.00 MiB cached=0.00 GiB free=1.10 GiB reserve=1.59 GiB total=31.86 GiB)
ds4: ROCm q8 fp16 cache budget exhausted; using q8 kernels (request=64.00 MiB cached=0.00 GiB free=1.10 GiB reserve=1.59 GiB total=31.86 GiB)
ds4: ROCm q8 fp16 cache budget exhausted; using q8 kernels (request=64.00 MiB cached=0.00 GiB free=1.10 GiB reserve=1.59 GiB total=31.86 GiB)
ds4: ROCm q8 fp16 cache budget exhausted; using q8 kernels (request=64.00 MiB cached=0.00 GiB free=1.10 GiB reserve=1.59 GiB total=31.86 GiB)
ds4: ROCm q8 fp16 cache budget exhausted; using q8 kernels (request=64.00 MiB cached=0.00 GiB free=1.10 GiB reserve=1.59 GiB total=31.86 GiB)
ds4: ROCm q8 fp16 cache budget exhausted; using q8 kernels (request=64.00 MiB cached=0.00 GiB free=1.10 GiB reserve=1.59 GiB total=31.86 GiB)
case_003 cases=4 prompt=19 target=24 avg_nll=17.579068 lcp=1 api_target_mae=17.579068 api_top_coverage=97/120 api_top1=0.042 api_topn=0.062 api_pair=0.377
ds4: ROCm q8 fp16 cache budget exhausted; using q8 kernels (request=64.00 MiB cached=0.00 GiB free=1.10 GiB reserve=1.59 GiB total=31.86 GiB)
ds4: ROCm q8 fp16 cache budget exhausted; using q8 kernels (request=64.00 MiB cached=0.00 GiB free=1.10 GiB reserve=1.59 GiB total=31.86 GiB)
ds4: ROCm q8 fp16 cache budget exhausted; using q8 kernels (request=64.00 MiB cached=0.00 GiB free=1.10 GiB reserve=1.59 GiB total=31.86 GiB)
ds4: ROCm q8 fp16 cache budget exhausted; using q8 kernels (request=64.00 MiB cached=0.00 GiB free=1.10 GiB reserve=1.59 GiB total=31.86 GiB)
ds4: ROCm q8 fp16 cache budget exhausted; using q8 kernels (request=64.00 MiB cached=0.00 GiB free=1.10 GiB reserve=1.59 GiB total=31.86 GiB)
ds4: ROCm q8 fp16 cache budget exhausted; using q8 kernels (request=64.00 MiB cached=0.00 GiB free=1.10 GiB reserve=1.59 GiB total=31.86 GiB)
ds4: ROCm q8 fp16 cache budget exhausted; using q8 kernels (request=64.00 MiB cached=0.00 GiB free=1.10 GiB reserve=1.59 GiB total=31.86 GiB)
ds4: ROCm q8 fp16 cache budget exhausted; using q8 kernels (request=64.00 MiB cached=0.00 GiB free=1.10 GiB reserve=1.59 GiB total=31.86 GiB)
ds4: ROCm q8 fp16 cache budget exhausted; using q8 kernels (request=64.00 MiB cached=0.00 GiB free=1.10 GiB reserve=1.59 GiB total=31.86 GiB)
ds4: ROCm q8 fp16 cache budget exhausted; using q8 kernels (request=64.00 MiB cached=0.00 GiB free=1.10 GiB reserve=1.59 GiB total=31.86 GiB)
ds4: ROCm q8 fp16 cache budget exhausted; using q8 kernels (request=64.00 MiB cached=0.00 GiB free=1.10 GiB reserve=1.59 GiB total=31.86 GiB)
ds4: ROCm q8 fp16 cache budget exhausted; using q8 kernels (request=64.00 MiB cached=0.00 GiB free=1.10 GiB reserve=1.59 GiB total=31.86 GiB)
ds4: ROCm q8 fp16 cache budget exhausted; using q8 kernels (request=64.00 MiB cached=0.00 GiB free=1.10 GiB reserve=1.59 GiB total=31.86 GiB)
ds4: ROCm q8 fp16 cache budget exhausted; using q8 kernels (request=64.00 MiB cached=0.00 GiB free=1.10 GiB reserve=1.59 GiB total=31.86 GiB)
ds4: ROCm q8 fp16 cache budget exhausted; using q8 kernels (request=64.00 MiB cached=0.00 GiB free=1.10 GiB reserve=1.59 GiB total=31.86 GiB)
ds4: ROCm q8 fp16 cache budget exhausted; using q8 kernels (request=64.00 MiB cached=0.00 GiB free=1.10 GiB reserve=1.59 GiB total=31.86 GiB)
ds4: ROCm q8 fp16 cache budget exhausted; using q8 kernels (request=64.00 MiB cached=0.00 GiB free=1.10 GiB reserve=1.59 GiB total=31.86 GiB)
ds4: ROCm q8 fp16 cache budget exhausted; using q8 kernels (request=64.00 MiB cached=0.00 GiB free=1.10 GiB reserve=1.59 GiB total=31.86 GiB)
ds4: ROCm q8 fp16 cache budget exhausted; using q8 kernels (request=64.00 MiB cached=0.00 GiB free=1.10 GiB reserve=1.59 GiB total=31.86 GiB)
ds4: ROCm q8 fp16 cache budget exhausted; using q8 kernels (request=64.00 MiB cached=0.00 GiB free=1.10 GiB reserve=1.59 GiB total=31.86 GiB)
ds4: ROCm q8 fp16 cache budget exhausted; using q8 kernels (request=64.00 MiB cached=0.00 GiB free=1.10 GiB reserve=1.59 GiB total=31.86 GiB)
ds4: ROCm q8 fp16 cache budget exhausted; using q8 kernels (request=64.00 MiB cached=0.00 GiB free=1.10 GiB reserve=1.59 GiB total=31.86 GiB)
ds4: ROCm q8 fp16 cache budget exhausted; using q8 kernels (request=64.00 MiB cached=0.00 GiB free=1.10 GiB reserve=1.59 GiB total=31.86 GiB)
ds4: ROCm q8 fp16 cache budget exhausted; using q8 kernels (request=64.00 MiB cached=0.00 GiB free=1.10 GiB reserve=1.59 GiB total=31.86 GiB)
ds4: ROCm q8 fp16 cache budget exhausted; using q8 kernels (request=64.00 MiB cached=0.00 GiB free=1.10 GiB reserve=1.59 GiB total=31.86 GiB)
ds4: ROCm q8 fp16 cache budget exhausted; using q8 kernels (request=64.00 MiB cached=0.00 GiB free=1.10 GiB reserve=1.59 GiB total=31.86 GiB)
ds4: ROCm q8 fp16 cache budget exhausted; using q8 kernels (request=64.00 MiB cached=0.00 GiB free=1.10 GiB reserve=1.59 GiB total=31.86 GiB)
ds4: ROCm q8 fp16 cache budget exhausted; using q8 kernels (request=64.00 MiB cached=0.00 GiB free=1.10 GiB reserve=1.59 GiB total=31.86 GiB)
ds4: ROCm q8 fp16 cache budget exhausted; using q8 kernels (request=64.00 MiB cached=0.00 GiB free=1.10 GiB reserve=1.59 GiB total=31.86 GiB)
ds4: ROCm q8 fp16 cache budget exhausted; using q8 kernels (request=64.00 MiB cached=0.00 GiB free=1.10 GiB reserve=1.59 GiB total=31.86 GiB)
ds4: ROCm q8 fp16 cache budget exhausted; using q8 kernels (request=64.00 MiB cached=0.00 GiB free=1.10 GiB reserve=1.59 GiB total=31.86 GiB)
ds4: ROCm q8 fp16 cache budget exhausted; using q8 kernels (request=64.00 MiB cached=0.00 GiB free=1.10 GiB reserve=1.59 GiB total=31.86 GiB)
ds4: ROCm q8 fp16 cache budget exhausted; using q8 kernels (request=64.00 MiB cached=0.00 GiB free=1.10 GiB reserve=1.59 GiB total=31.86 GiB)
ds4: ROCm q8 fp16 cache budget exhausted; using q8 kernels (request=64.00 MiB cached=0.00 GiB free=1.10 GiB reserve=1.59 GiB total=31.86 GiB)
ds4: ROCm q8 fp16 cache budget exhausted; using q8 kernels (request=64.00 MiB cached=0.00 GiB free=1.10 GiB reserve=1.59 GiB total=31.86 GiB)
ds4: ROCm q8 fp16 cache budget exhausted; using q8 kernels (request=64.00 MiB cached=0.00 GiB free=1.10 GiB reserve=1.59 GiB total=31.86 GiB)
ds4: ROCm q8 fp16 cache budget exhausted; using q8 kernels (request=64.00 MiB cached=0.00 GiB free=1.10 GiB reserve=1.59 GiB total=31.86 GiB)
ds4: ROCm q8 fp16 cache budget exhausted; using q8 kernels (request=64.00 MiB cached=0.00 GiB free=1.10 GiB reserve=1.59 GiB total=31.86 GiB)
ds4: ROCm q8 fp16 cache budget exhausted; using q8 kernels (request=64.00 MiB cached=0.00 GiB free=1.10 GiB reserve=1.59 GiB total=31.86 GiB)
ds4: ROCm q8 fp16 cache budget exhausted; using q8 kernels (request=64.00 MiB cached=0.00 GiB free=1.10 GiB reserve=1.59 GiB total=31.86 GiB)
ds4: ROCm q8 fp16 cache budget exhausted; using q8 kernels (request=64.00 MiB cached=0.00 GiB free=1.10 GiB reserve=1.59 GiB total=31.86 GiB)
ds4: ROCm q8 fp16 cache budget exhausted; using q8 kernels (request=64.00 MiB cached=0.00 GiB free=1.10 GiB reserve=1.59 GiB total=31.86 GiB)
ds4: ROCm q8 fp16 cache budget exhausted; using q8 kernels (request=64.00 MiB cached=0.00 GiB free=1.10 GiB reserve=1.59 GiB total=31.86 GiB)
case_004 cases=5 prompt=15 target=24 avg_nll=17.615803 lcp=1 api_target_mae=17.615803 api_top_coverage=97/120 api_top1=0.042 api_topn=0.031 api_pair=0.567
ds4: ROCm q8 fp16 cache budget exhausted; using q8 kernels (request=64.00 MiB cached=0.00 GiB free=1.10 GiB reserve=1.59 GiB total=31.86 GiB)
ds4: ROCm q8 fp16 cache budget exhausted; using q8 kernels (request=64.00 MiB cached=0.00 GiB free=1.10 GiB reserve=1.59 GiB total=31.86 GiB)
ds4: ROCm q8 fp16 cache budget exhausted; using q8 kernels (request=64.00 MiB cached=0.00 GiB free=1.10 GiB reserve=1.59 GiB total=31.86 GiB)
ds4: ROCm q8 fp16 cache budget exhausted; using q8 kernels (request=64.00 MiB cached=0.00 GiB free=1.10 GiB reserve=1.59 GiB total=31.86 GiB)
ds4: ROCm q8 fp16 cache budget exhausted; using q8 kernels (request=64.00 MiB cached=0.00 GiB free=1.10 GiB reserve=1.59 GiB total=31.86 GiB)
ds4: ROCm q8 fp16 cache budget exhausted; using q8 kernels (request=64.00 MiB cached=0.00 GiB free=1.10 GiB reserve=1.59 GiB total=31.86 GiB)
ds4: ROCm q8 fp16 cache budget exhausted; using q8 kernels (request=64.00 MiB cached=0.00 GiB free=1.10 GiB reserve=1.59 GiB total=31.86 GiB)
ds4: ROCm q8 fp16 cache budget exhausted; using q8 kernels (request=64.00 MiB cached=0.00 GiB free=1.10 GiB reserve=1.59 GiB total=31.86 GiB)
ds4: ROCm q8 fp16 cache budget exhausted; using q8 kernels (request=64.00 MiB cached=0.00 GiB free=1.10 GiB reserve=1.59 GiB total=31.86 GiB)
ds4: ROCm q8 fp16 cache budget exhausted; using q8 kernels (request=64.00 MiB cached=0.00 GiB free=1.10 GiB reserve=1.59 GiB total=31.86 GiB)
ds4: ROCm q8 fp16 cache budget exhausted; using q8 kernels (request=64.00 MiB cached=0.00 GiB free=1.10 GiB reserve=1.59 GiB total=31.86 GiB)
ds4: ROCm q8 fp16 cache budget exhausted; using q8 kernels (request=64.00 MiB cached=0.00 GiB free=1.10 GiB reserve=1.59 GiB total=31.86 GiB)
ds4: ROCm q8 fp16 cache budget exhausted; using q8 kernels (request=64.00 MiB cached=0.00 GiB free=1.10 GiB reserve=1.59 GiB total=31.86 GiB)
ds4: ROCm q8 fp16 cache budget exhausted; using q8 kernels (request=64.00 MiB cached=0.00 GiB free=1.10 GiB reserve=1.59 GiB total=31.86 GiB)
ds4: ROCm q8 fp16 cache budget exhausted; using q8 kernels (request=64.00 MiB cached=0.00 GiB free=1.10 GiB reserve=1.59 GiB total=31.86 GiB)
ds4: ROCm q8 fp16 cache budget exhausted; using q8 kernels (request=64.00 MiB cached=0.00 GiB free=1.10 GiB reserve=1.59 GiB total=31.86 GiB)
ds4: ROCm q8 fp16 cache budget exhausted; using q8 kernels (request=64.00 MiB cached=0.00 GiB free=1.10 GiB reserve=1.59 GiB total=31.86 GiB)
ds4: ROCm q8 fp16 cache budget exhausted; using q8 kernels (request=64.00 MiB cached=0.00 GiB free=1.10 GiB reserve=1.59 GiB total=31.86 GiB)
ds4: ROCm q8 fp16 cache budget exhausted; using q8 kernels (request=64.00 MiB cached=0.00 GiB free=1.10 GiB reserve=1.59 GiB total=31.86 GiB)
ds4: ROCm q8 fp16 cache budget exhausted; using q8 kernels (request=64.00 MiB cached=0.00 GiB free=1.10 GiB reserve=1.59 GiB total=31.86 GiB)
ds4: ROCm q8 fp16 cache budget exhausted; using q8 kernels (request=64.00 MiB cached=0.00 GiB free=1.10 GiB reserve=1.59 GiB total=31.86 GiB)
ds4: ROCm q8 fp16 cache budget exhausted; using q8 kernels (request=64.00 MiB cached=0.00 GiB free=1.10 GiB reserve=1.59 GiB total=31.86 GiB)
ds4: ROCm q8 fp16 cache budget exhausted; using q8 kernels (request=64.00 MiB cached=0.00 GiB free=1.10 GiB reserve=1.59 GiB total=31.86 GiB)
ds4: ROCm q8 fp16 cache budget exhausted; using q8 kernels (request=64.00 MiB cached=0.00 GiB free=1.10 GiB reserve=1.59 GiB total=31.86 GiB)
ds4: ROCm q8 fp16 cache budget exhausted; using q8 kernels (request=64.00 MiB cached=0.00 GiB free=1.10 GiB reserve=1.59 GiB total=31.86 GiB)
ds4: ROCm q8 fp16 cache budget exhausted; using q8 kernels (request=64.00 MiB cached=0.00 GiB free=1.10 GiB reserve=1.59 GiB total=31.86 GiB)
ds4: ROCm q8 fp16 cache budget exhausted; using q8 kernels (request=64.00 MiB cached=0.00 GiB free=1.10 GiB reserve=1.59 GiB total=31.86 GiB)
ds4: ROCm q8 fp16 cache budget exhausted; using q8 kernels (request=64.00 MiB cached=0.00 GiB free=1.10 GiB reserve=1.59 GiB total=31.86 GiB)
ds4: ROCm q8 fp16 cache budget exhausted; using q8 kernels (request=64.00 MiB cached=0.00 GiB free=1.10 GiB reserve=1.59 GiB total=31.86 GiB)
ds4: ROCm q8 fp16 cache budget exhausted; using q8 kernels (request=64.00 MiB cached=0.00 GiB free=1.10 GiB reserve=1.59 GiB total=31.86 GiB)
ds4: ROCm q8 fp16 cache budget exhausted; using q8 kernels (request=64.00 MiB cached=0.00 GiB free=1.10 GiB reserve=1.59 GiB total=31.86 GiB)
ds4: ROCm q8 fp16 cache budget exhausted; using q8 kernels (request=64.00 MiB cached=0.00 GiB free=1.10 GiB reserve=1.59 GiB total=31.86 GiB)
ds4: ROCm q8 fp16 cache budget exhausted; using q8 kernels (request=64.00 MiB cached=0.00 GiB free=1.10 GiB reserve=1.59 GiB total=31.86 GiB)
ds4: ROCm q8 fp16 cache budget exhausted; using q8 kernels (request=64.00 MiB cached=0.00 GiB free=1.10 GiB reserve=1.59 GiB total=31.86 GiB)
ds4: ROCm q8 fp16 cache budget exhausted; using q8 kernels (request=64.00 MiB cached=0.00 GiB free=1.10 GiB reserve=1.59 GiB total=31.86 GiB)
ds4: ROCm q8 fp16 cache budget exhausted; using q8 kernels (request=64.00 MiB cached=0.00 GiB free=1.10 GiB reserve=1.59 GiB total=31.86 GiB)
ds4: ROCm q8 fp16 cache budget exhausted; using q8 kernels (request=64.00 MiB cached=0.00 GiB free=1.10 GiB reserve=1.59 GiB total=31.86 GiB)
ds4: ROCm q8 fp16 cache budget exhausted; using q8 kernels (request=64.00 MiB cached=0.00 GiB free=1.10 GiB reserve=1.59 GiB total=31.86 GiB)
ds4: ROCm q8 fp16 cache budget exhausted; using q8 kernels (request=64.00 MiB cached=0.00 GiB free=1.10 GiB reserve=1.59 GiB total=31.86 GiB)
ds4: ROCm q8 fp16 cache budget exhausted; using q8 kernels (request=64.00 MiB cached=0.00 GiB free=1.10 GiB reserve=1.59 GiB total=31.86 GiB)
ds4: ROCm q8 fp16 cache budget exhausted; using q8 kernels (request=64.00 MiB cached=0.00 GiB free=1.10 GiB reserve=1.59 GiB total=31.86 GiB)
ds4: ROCm q8 fp16 cache budget exhausted; using q8 kernels (request=64.00 MiB cached=0.00 GiB free=1.10 GiB reserve=1.59 GiB total=31.86 GiB)
ds4: ROCm q8 fp16 cache budget exhausted; using q8 kernels (request=64.00 MiB cached=0.00 GiB free=1.10 GiB reserve=1.59 GiB total=31.86 GiB)
case_005 cases=6 prompt=14 target=24 avg_nll=15.927635 lcp=1 api_target_mae=15.927635 api_top_coverage=96/120 api_top1=0.042 api_topn=0.052 api_pair=0.467
ds4: ROCm q8 fp16 cache budget exhausted; using q8 kernels (request=64.00 MiB cached=0.00 GiB free=1.10 GiB reserve=1.59 GiB total=31.86 GiB)
ds4: ROCm q8 fp16 cache budget exhausted; using q8 kernels (request=64.00 MiB cached=0.00 GiB free=1.10 GiB reserve=1.59 GiB total=31.86 GiB)
ds4: ROCm q8 fp16 cache budget exhausted; using q8 kernels (request=64.00 MiB cached=0.00 GiB free=1.10 GiB reserve=1.59 GiB total=31.86 GiB)
ds4: ROCm q8 fp16 cache budget exhausted; using q8 kernels (request=64.00 MiB cached=0.00 GiB free=1.10 GiB reserve=1.59 GiB total=31.86 GiB)
ds4: ROCm q8 fp16 cache budget exhausted; using q8 kernels (request=64.00 MiB cached=0.00 GiB free=1.10 GiB reserve=1.59 GiB total=31.86 GiB)
ds4: ROCm q8 fp16 cache budget exhausted; using q8 kernels (request=64.00 MiB cached=0.00 GiB free=1.10 GiB reserve=1.59 GiB total=31.86 GiB)
ds4: ROCm q8 fp16 cache budget exhausted; using q8 kernels (request=64.00 MiB cached=0.00 GiB free=1.10 GiB reserve=1.59 GiB total=31.86 GiB)
ds4: ROCm q8 fp16 cache budget exhausted; using q8 kernels (request=64.00 MiB cached=0.00 GiB free=1.10 GiB reserve=1.59 GiB total=31.86 GiB)
ds4: ROCm q8 fp16 cache budget exhausted; using q8 kernels (request=64.00 MiB cached=0.00 GiB free=1.10 GiB reserve=1.59 GiB total=31.86 GiB)
ds4: ROCm q8 fp16 cache budget exhausted; using q8 kernels (request=64.00 MiB cached=0.00 GiB free=1.10 GiB reserve=1.59 GiB total=31.86 GiB)
ds4: ROCm q8 fp16 cache budget exhausted; using q8 kernels (request=64.00 MiB cached=0.00 GiB free=1.10 GiB reserve=1.59 GiB total=31.86 GiB)
ds4: ROCm q8 fp16 cache budget exhausted; using q8 kernels (request=64.00 MiB cached=0.00 GiB free=1.10 GiB reserve=1.59 GiB total=31.86 GiB)
ds4: ROCm q8 fp16 cache budget exhausted; using q8 kernels (request=64.00 MiB cached=0.00 GiB free=1.10 GiB reserve=1.59 GiB total=31.86 GiB)
ds4: ROCm q8 fp16 cache budget exhausted; using q8 kernels (request=64.00 MiB cached=0.00 GiB free=1.10 GiB reserve=1.59 GiB total=31.86 GiB)
ds4: ROCm q8 fp16 cache budget exhausted; using q8 kernels (request=64.00 MiB cached=0.00 GiB free=1.10 GiB reserve=1.59 GiB total=31.86 GiB)
ds4: ROCm q8 fp16 cache budget exhausted; using q8 kernels (request=64.00 MiB cached=0.00 GiB free=1.10 GiB reserve=1.59 GiB total=31.86 GiB)
ds4: ROCm q8 fp16 cache budget exhausted; using q8 kernels (request=64.00 MiB cached=0.00 GiB free=1.10 GiB reserve=1.59 GiB total=31.86 GiB)
ds4: ROCm q8 fp16 cache budget exhausted; using q8 kernels (request=64.00 MiB cached=0.00 GiB free=1.10 GiB reserve=1.59 GiB total=31.86 GiB)
ds4: ROCm q8 fp16 cache budget exhausted; using q8 kernels (request=64.00 MiB cached=0.00 GiB free=1.10 GiB reserve=1.59 GiB total=31.86 GiB)
ds4: ROCm q8 fp16 cache budget exhausted; using q8 kernels (request=64.00 MiB cached=0.00 GiB free=1.10 GiB reserve=1.59 GiB total=31.86 GiB)
ds4: ROCm q8 fp16 cache budget exhausted; using q8 kernels (request=64.00 MiB cached=0.00 GiB free=1.10 GiB reserve=1.59 GiB total=31.86 GiB)
ds4: ROCm q8 fp16 cache budget exhausted; using q8 kernels (request=64.00 MiB cached=0.00 GiB free=1.10 GiB reserve=1.59 GiB total=31.86 GiB)
ds4: ROCm q8 fp16 cache budget exhausted; using q8 kernels (request=64.00 MiB cached=0.00 GiB free=1.10 GiB reserve=1.59 GiB total=31.86 GiB)
ds4: ROCm q8 fp16 cache budget exhausted; using q8 kernels (request=64.00 MiB cached=0.00 GiB free=1.10 GiB reserve=1.59 GiB total=31.86 GiB)
ds4: ROCm q8 fp16 cache budget exhausted; using q8 kernels (request=64.00 MiB cached=0.00 GiB free=1.10 GiB reserve=1.59 GiB total=31.86 GiB)
ds4: ROCm q8 fp16 cache budget exhausted; using q8 kernels (request=64.00 MiB cached=0.00 GiB free=1.10 GiB reserve=1.59 GiB total=31.86 GiB)
ds4: ROCm q8 fp16 cache budget exhausted; using q8 kernels (request=64.00 MiB cached=0.00 GiB free=1.10 GiB reserve=1.59 GiB total=31.86 GiB)
ds4: ROCm q8 fp16 cache budget exhausted; using q8 kernels (request=64.00 MiB cached=0.00 GiB free=1.10 GiB reserve=1.59 GiB total=31.86 GiB)
ds4: ROCm q8 fp16 cache budget exhausted; using q8 kernels (request=64.00 MiB cached=0.00 GiB free=1.10 GiB reserve=1.59 GiB total=31.86 GiB)
ds4: ROCm q8 fp16 cache budget exhausted; using q8 kernels (request=64.00 MiB cached=0.00 GiB free=1.10 GiB reserve=1.59 GiB total=31.86 GiB)
ds4: ROCm q8 fp16 cache budget exhausted; using q8 kernels (request=64.00 MiB cached=0.00 GiB free=1.10 GiB reserve=1.59 GiB total=31.86 GiB)
ds4: ROCm q8 fp16 cache budget exhausted; using q8 kernels (request=64.00 MiB cached=0.00 GiB free=1.10 GiB reserve=1.59 GiB total=31.86 GiB)
ds4: ROCm q8 fp16 cache budget exhausted; using q8 kernels (request=64.00 MiB cached=0.00 GiB free=1.10 GiB reserve=1.59 GiB total=31.86 GiB)
ds4: ROCm q8 fp16 cache budget exhausted; using q8 kernels (request=64.00 MiB cached=0.00 GiB free=1.10 GiB reserve=1.59 GiB total=31.86 GiB)
ds4: ROCm q8 fp16 cache budget exhausted; using q8 kernels (request=64.00 MiB cached=0.00 GiB free=1.10 GiB reserve=1.59 GiB total=31.86 GiB)
ds4: ROCm q8 fp16 cache budget exhausted; using q8 kernels (request=64.00 MiB cached=0.00 GiB free=1.10 GiB reserve=1.59 GiB total=31.86 GiB)
ds4: ROCm q8 fp16 cache budget exhausted; using q8 kernels (request=64.00 MiB cached=0.00 GiB free=1.10 GiB reserve=1.59 GiB total=31.86 GiB)
ds4: ROCm q8 fp16 cache budget exhausted; using q8 kernels (request=64.00 MiB cached=0.00 GiB free=1.10 GiB reserve=1.59 GiB total=31.86 GiB)
ds4: ROCm q8 fp16 cache budget exhausted; using q8 kernels (request=64.00 MiB cached=0.00 GiB free=1.10 GiB reserve=1.59 GiB total=31.86 GiB)
ds4: ROCm q8 fp16 cache budget exhausted; using q8 kernels (request=64.00 MiB cached=0.00 GiB free=1.10 GiB reserve=1.59 GiB total=31.86 GiB)
ds4: ROCm q8 fp16 cache budget exhausted; using q8 kernels (request=64.00 MiB cached=0.00 GiB free=1.10 GiB reserve=1.59 GiB total=31.86 GiB)
ds4: ROCm q8 fp16 cache budget exhausted; using q8 kernels (request=64.00 MiB cached=0.00 GiB free=1.10 GiB reserve=1.59 GiB total=31.86 GiB)
ds4: ROCm q8 fp16 cache budget exhausted; using q8 kernels (request=64.00 MiB cached=0.00 GiB free=1.10 GiB reserve=1.59 GiB total=31.86 GiB)
case_006 cases=7 prompt=18 target=24 avg_nll=16.746045 lcp=1 api_target_mae=16.746045 api_top_coverage=98/120 api_top1=0.042 api_topn=0.041 api_pair=0.521
ds4: ROCm q8 fp16 cache budget exhausted; using q8 kernels (request=64.00 MiB cached=0.00 GiB free=1.10 GiB reserve=1.59 GiB total=31.86 GiB)
ds4: ROCm q8 fp16 cache budget exhausted; using q8 kernels (request=64.00 MiB cached=0.00 GiB free=1.10 GiB reserve=1.59 GiB total=31.86 GiB)
ds4: ROCm q8 fp16 cache budget exhausted; using q8 kernels (request=64.00 MiB cached=0.00 GiB free=1.10 GiB reserve=1.59 GiB total=31.86 GiB)
ds4: ROCm q8 fp16 cache budget exhausted; using q8 kernels (request=64.00 MiB cached=0.00 GiB free=1.10 GiB reserve=1.59 GiB total=31.86 GiB)
ds4: ROCm q8 fp16 cache budget exhausted; using q8 kernels (request=64.00 MiB cached=0.00 GiB free=1.10 GiB reserve=1.59 GiB total=31.86 GiB)
ds4: ROCm q8 fp16 cache budget exhausted; using q8 kernels (request=64.00 MiB cached=0.00 GiB free=1.10 GiB reserve=1.59 GiB total=31.86 GiB)
ds4: ROCm q8 fp16 cache budget exhausted; using q8 kernels (request=64.00 MiB cached=0.00 GiB free=1.10 GiB reserve=1.59 GiB total=31.86 GiB)
ds4: ROCm q8 fp16 cache budget exhausted; using q8 kernels (request=64.00 MiB cached=0.00 GiB free=1.10 GiB reserve=1.59 GiB total=31.86 GiB)
ds4: ROCm q8 fp16 cache budget exhausted; using q8 kernels (request=64.00 MiB cached=0.00 GiB free=1.10 GiB reserve=1.59 GiB total=31.86 GiB)
ds4: ROCm q8 fp16 cache budget exhausted; using q8 kernels (request=64.00 MiB cached=0.00 GiB free=1.10 GiB reserve=1.59 GiB total=31.86 GiB)
ds4: ROCm q8 fp16 cache budget exhausted; using q8 kernels (request=64.00 MiB cached=0.00 GiB free=1.10 GiB reserve=1.59 GiB total=31.86 GiB)
ds4: ROCm q8 fp16 cache budget exhausted; using q8 kernels (request=64.00 MiB cached=0.00 GiB free=1.10 GiB reserve=1.59 GiB total=31.86 GiB)
ds4: ROCm q8 fp16 cache budget exhausted; using q8 kernels (request=64.00 MiB cached=0.00 GiB free=1.10 GiB reserve=1.59 GiB total=31.86 GiB)
ds4: ROCm q8 fp16 cache budget exhausted; using q8 kernels (request=64.00 MiB cached=0.00 GiB free=1.10 GiB reserve=1.59 GiB total=31.86 GiB)
ds4: ROCm q8 fp16 cache budget exhausted; using q8 kernels (request=64.00 MiB cached=0.00 GiB free=1.10 GiB reserve=1.59 GiB total=31.86 GiB)
ds4: ROCm q8 fp16 cache budget exhausted; using q8 kernels (request=64.00 MiB cached=0.00 GiB free=1.10 GiB reserve=1.59 GiB total=31.86 GiB)
ds4: ROCm q8 fp16 cache budget exhausted; using q8 kernels (request=64.00 MiB cached=0.00 GiB free=1.10 GiB reserve=1.59 GiB total=31.86 GiB)
ds4: ROCm q8 fp16 cache budget exhausted; using q8 kernels (request=64.00 MiB cached=0.00 GiB free=1.10 GiB reserve=1.59 GiB total=31.86 GiB)
ds4: ROCm q8 fp16 cache budget exhausted; using q8 kernels (request=64.00 MiB cached=0.00 GiB free=1.10 GiB reserve=1.59 GiB total=31.86 GiB)
ds4: ROCm q8 fp16 cache budget exhausted; using q8 kernels (request=64.00 MiB cached=0.00 GiB free=1.10 GiB reserve=1.59 GiB total=31.86 GiB)
ds4: ROCm q8 fp16 cache budget exhausted; using q8 kernels (request=64.00 MiB cached=0.00 GiB free=1.10 GiB reserve=1.59 GiB total=31.86 GiB)
ds4: ROCm q8 fp16 cache budget exhausted; using q8 kernels (request=64.00 MiB cached=0.00 GiB free=1.10 GiB reserve=1.59 GiB total=31.86 GiB)
ds4: ROCm q8 fp16 cache budget exhausted; using q8 kernels (request=64.00 MiB cached=0.00 GiB free=1.10 GiB reserve=1.59 GiB total=31.86 GiB)
ds4: ROCm q8 fp16 cache budget exhausted; using q8 kernels (request=64.00 MiB cached=0.00 GiB free=1.10 GiB reserve=1.59 GiB total=31.86 GiB)
ds4: ROCm q8 fp16 cache budget exhausted; using q8 kernels (request=64.00 MiB cached=0.00 GiB free=1.10 GiB reserve=1.59 GiB total=31.86 GiB)
ds4: ROCm q8 fp16 cache budget exhausted; using q8 kernels (request=64.00 MiB cached=0.00 GiB free=1.10 GiB reserve=1.59 GiB total=31.86 GiB)
ds4: ROCm q8 fp16 cache budget exhausted; using q8 kernels (request=64.00 MiB cached=0.00 GiB free=1.10 GiB reserve=1.59 GiB total=31.86 GiB)
ds4: ROCm q8 fp16 cache budget exhausted; using q8 kernels (request=64.00 MiB cached=0.00 GiB free=1.10 GiB reserve=1.59 GiB total=31.86 GiB)
ds4: ROCm q8 fp16 cache budget exhausted; using q8 kernels (request=64.00 MiB cached=0.00 GiB free=1.10 GiB reserve=1.59 GiB total=31.86 GiB)
ds4: ROCm q8 fp16 cache budget exhausted; using q8 kernels (request=64.00 MiB cached=0.00 GiB free=1.10 GiB reserve=1.59 GiB total=31.86 GiB)
ds4: ROCm q8 fp16 cache budget exhausted; using q8 kernels (request=64.00 MiB cached=0.00 GiB free=1.10 GiB reserve=1.59 GiB total=31.86 GiB)
ds4: ROCm q8 fp16 cache budget exhausted; using q8 kernels (request=64.00 MiB cached=0.00 GiB free=1.10 GiB reserve=1.59 GiB total=31.86 GiB)
ds4: ROCm q8 fp16 cache budget exhausted; using q8 kernels (request=64.00 MiB cached=0.00 GiB free=1.10 GiB reserve=1.59 GiB total=31.86 GiB)
ds4: ROCm q8 fp16 cache budget exhausted; using q8 kernels (request=64.00 MiB cached=0.00 GiB free=1.10 GiB reserve=1.59 GiB total=31.86 GiB)
ds4: ROCm q8 fp16 cache budget exhausted; using q8 kernels (request=64.00 MiB cached=0.00 GiB free=1.10 GiB reserve=1.59 GiB total=31.86 GiB)
ds4: ROCm q8 fp16 cache budget exhausted; using q8 kernels (request=64.00 MiB cached=0.00 GiB free=1.10 GiB reserve=1.59 GiB total=31.86 GiB)
ds4: ROCm q8 fp16 cache budget exhausted; using q8 kernels (request=64.00 MiB cached=0.00 GiB free=1.10 GiB reserve=1.59 GiB total=31.86 GiB)
ds4: ROCm q8 fp16 cache budget exhausted; using q8 kernels (request=64.00 MiB cached=0.00 GiB free=1.10 GiB reserve=1.59 GiB total=31.86 GiB)
ds4: ROCm q8 fp16 cache budget exhausted; using q8 kernels (request=64.00 MiB cached=0.00 GiB free=1.10 GiB reserve=1.59 GiB total=31.86 GiB)
ds4: ROCm q8 fp16 cache budget exhausted; using q8 kernels (request=64.00 MiB cached=0.00 GiB free=1.10 GiB reserve=1.59 GiB total=31.86 GiB)
ds4: ROCm q8 fp16 cache budget exhausted; using q8 kernels (request=64.00 MiB cached=0.00 GiB free=1.10 GiB reserve=1.59 GiB total=31.86 GiB)
ds4: ROCm q8 fp16 cache budget exhausted; using q8 kernels (request=64.00 MiB cached=0.00 GiB free=1.10 GiB reserve=1.59 GiB total=31.86 GiB)
ds4: ROCm q8 fp16 cache budget exhausted; using q8 kernels (request=64.00 MiB cached=0.00 GiB free=1.10 GiB reserve=1.59 GiB total=31.86 GiB)
case_007 cases=8 prompt=14 target=24 avg_nll=15.973317 lcp=0 api_target_mae=15.973317 api_top_coverage=119/120 api_top1=0.000 api_topn=0.008 api_pair=0.493
ds4: ROCm q8 fp16 cache budget exhausted; using q8 kernels (request=64.00 MiB cached=0.00 GiB free=1.10 GiB reserve=1.59 GiB total=31.86 GiB)
ds4: ROCm q8 fp16 cache budget exhausted; using q8 kernels (request=64.00 MiB cached=0.00 GiB free=1.10 GiB reserve=1.59 GiB total=31.86 GiB)
ds4: ROCm q8 fp16 cache budget exhausted; using q8 kernels (request=64.00 MiB cached=0.00 GiB free=1.10 GiB reserve=1.59 GiB total=31.86 GiB)
ds4: ROCm q8 fp16 cache budget exhausted; using q8 kernels (request=64.00 MiB cached=0.00 GiB free=1.10 GiB reserve=1.59 GiB total=31.86 GiB)
ds4: ROCm q8 fp16 cache budget exhausted; using q8 kernels (request=64.00 MiB cached=0.00 GiB free=1.10 GiB reserve=1.59 GiB total=31.86 GiB)
ds4: ROCm q8 fp16 cache budget exhausted; using q8 kernels (request=64.00 MiB cached=0.00 GiB free=1.10 GiB reserve=1.59 GiB total=31.86 GiB)
ds4: ROCm q8 fp16 cache budget exhausted; using q8 kernels (request=64.00 MiB cached=0.00 GiB free=1.10 GiB reserve=1.59 GiB total=31.86 GiB)
ds4: ROCm q8 fp16 cache budget exhausted; using q8 kernels (request=64.00 MiB cached=0.00 GiB free=1.10 GiB reserve=1.59 GiB total=31.86 GiB)
ds4: ROCm q8 fp16 cache budget exhausted; using q8 kernels (request=64.00 MiB cached=0.00 GiB free=1.10 GiB reserve=1.59 GiB total=31.86 GiB)
ds4: ROCm q8 fp16 cache budget exhausted; using q8 kernels (request=64.00 MiB cached=0.00 GiB free=1.10 GiB reserve=1.59 GiB total=31.86 GiB)
ds4: ROCm q8 fp16 cache budget exhausted; using q8 kernels (request=64.00 MiB cached=0.00 GiB free=1.10 GiB reserve=1.59 GiB total=31.86 GiB)
ds4: ROCm q8 fp16 cache budget exhausted; using q8 kernels (request=64.00 MiB cached=0.00 GiB free=1.10 GiB reserve=1.59 GiB total=31.86 GiB)
ds4: ROCm q8 fp16 cache budget exhausted; using q8 kernels (request=64.00 MiB cached=0.00 GiB free=1.10 GiB reserve=1.59 GiB total=31.86 GiB)
ds4: ROCm q8 fp16 cache budget exhausted; using q8 kernels (request=64.00 MiB cached=0.00 GiB free=1.10 GiB reserve=1.59 GiB total=31.86 GiB)
ds4: ROCm q8 fp16 cache budget exhausted; using q8 kernels (request=64.00 MiB cached=0.00 GiB free=1.10 GiB reserve=1.59 GiB total=31.86 GiB)
ds4: ROCm q8 fp16 cache budget exhausted; using q8 kernels (request=64.00 MiB cached=0.00 GiB free=1.10 GiB reserve=1.59 GiB total=31.86 GiB)
ds4: ROCm q8 fp16 cache budget exhausted; using q8 kernels (request=64.00 MiB cached=0.00 GiB free=1.10 GiB reserve=1.59 GiB total=31.86 GiB)
ds4: ROCm q8 fp16 cache budget exhausted; using q8 kernels (request=64.00 MiB cached=0.00 GiB free=1.10 GiB reserve=1.59 GiB total=31.86 GiB)
ds4: ROCm q8 fp16 cache budget exhausted; using q8 kernels (request=64.00 MiB cached=0.00 GiB free=1.10 GiB reserve=1.59 GiB total=31.86 GiB)
ds4: ROCm q8 fp16 cache budget exhausted; using q8 kernels (request=64.00 MiB cached=0.00 GiB free=1.10 GiB reserve=1.59 GiB total=31.86 GiB)
ds4: ROCm q8 fp16 cache budget exhausted; using q8 kernels (request=64.00 MiB cached=0.00 GiB free=1.10 GiB reserve=1.59 GiB total=31.86 GiB)
ds4: ROCm q8 fp16 cache budget exhausted; using q8 kernels (request=64.00 MiB cached=0.00 GiB free=1.10 GiB reserve=1.59 GiB total=31.86 GiB)
ds4: ROCm q8 fp16 cache budget exhausted; using q8 kernels (request=64.00 MiB cached=0.00 GiB free=1.10 GiB reserve=1.59 GiB total=31.86 GiB)
ds4: ROCm q8 fp16 cache budget exhausted; using q8 kernels (request=64.00 MiB cached=0.00 GiB free=1.10 GiB reserve=1.59 GiB total=31.86 GiB)
ds4: ROCm q8 fp16 cache budget exhausted; using q8 kernels (request=64.00 MiB cached=0.00 GiB free=1.10 GiB reserve=1.59 GiB total=31.86 GiB)
ds4: ROCm q8 fp16 cache budget exhausted; using q8 kernels (request=64.00 MiB cached=0.00 GiB free=1.10 GiB reserve=1.59 GiB total=31.86 GiB)
ds4: ROCm q8 fp16 cache budget exhausted; using q8 kernels (request=64.00 MiB cached=0.00 GiB free=1.10 GiB reserve=1.59 GiB total=31.86 GiB)
ds4: ROCm q8 fp16 cache budget exhausted; using q8 kernels (request=64.00 MiB cached=0.00 GiB free=1.10 GiB reserve=1.59 GiB total=31.86 GiB)
ds4: ROCm q8 fp16 cache budget exhausted; using q8 kernels (request=64.00 MiB cached=0.00 GiB free=1.10 GiB reserve=1.59 GiB total=31.86 GiB)
ds4: ROCm q8 fp16 cache budget exhausted; using q8 kernels (request=64.00 MiB cached=0.00 GiB free=1.10 GiB reserve=1.59 GiB total=31.86 GiB)
ds4: ROCm q8 fp16 cache budget exhausted; using q8 kernels (request=64.00 MiB cached=0.00 GiB free=1.10 GiB reserve=1.59 GiB total=31.86 GiB)
ds4: ROCm q8 fp16 cache budget exhausted; using q8 kernels (request=64.00 MiB cached=0.00 GiB free=1.10 GiB reserve=1.59 GiB total=31.86 GiB)
ds4: ROCm q8 fp16 cache budget exhausted; using q8 kernels (request=64.00 MiB cached=0.00 GiB free=1.10 GiB reserve=1.59 GiB total=31.86 GiB)
ds4: ROCm q8 fp16 cache budget exhausted; using q8 kernels (request=64.00 MiB cached=0.00 GiB free=1.10 GiB reserve=1.59 GiB total=31.86 GiB)
ds4: ROCm q8 fp16 cache budget exhausted; using q8 kernels (request=64.00 MiB cached=0.00 GiB free=1.10 GiB reserve=1.59 GiB total=31.86 GiB)
ds4: ROCm q8 fp16 cache budget exhausted; using q8 kernels (request=64.00 MiB cached=0.00 GiB free=1.10 GiB reserve=1.59 GiB total=31.86 GiB)
ds4: ROCm q8 fp16 cache budget exhausted; using q8 kernels (request=64.00 MiB cached=0.00 GiB free=1.10 GiB reserve=1.59 GiB total=31.86 GiB)
ds4: ROCm q8 fp16 cache budget exhausted; using q8 kernels (request=64.00 MiB cached=0.00 GiB free=1.10 GiB reserve=1.59 GiB total=31.86 GiB)
ds4: ROCm q8 fp16 cache budget exhausted; using q8 kernels (request=64.00 MiB cached=0.00 GiB free=1.10 GiB reserve=1.59 GiB total=31.86 GiB)
ds4: ROCm q8 fp16 cache budget exhausted; using q8 kernels (request=64.00 MiB cached=0.00 GiB free=1.10 GiB reserve=1.59 GiB total=31.86 GiB)
ds4: ROCm q8 fp16 cache budget exhausted; using q8 kernels (request=64.00 MiB cached=0.00 GiB free=1.10 GiB reserve=1.59 GiB total=31.86 GiB)
ds4: ROCm q8 fp16 cache budget exhausted; using q8 kernels (request=64.00 MiB cached=0.00 GiB free=1.10 GiB reserve=1.59 GiB total=31.86 GiB)
ds4: ROCm q8 fp16 cache budget exhausted; using q8 kernels (request=64.00 MiB cached=0.00 GiB free=1.10 GiB reserve=1.59 GiB total=31.86 GiB)
case_008 cases=9 prompt=20 target=24 avg_nll=15.954911 lcp=1 api_target_mae=15.954911 api_top_coverage=97/120 api_top1=0.042 api_topn=0.103 api_pair=0.569
ds4: ROCm q8 fp16 cache budget exhausted; using q8 kernels (request=64.00 MiB cached=0.00 GiB free=1.10 GiB reserve=1.59 GiB total=31.86 GiB)
ds4: ROCm q8 fp16 cache budget exhausted; using q8 kernels (request=64.00 MiB cached=0.00 GiB free=1.10 GiB reserve=1.59 GiB total=31.86 GiB)
ds4: ROCm q8 fp16 cache budget exhausted; using q8 kernels (request=64.00 MiB cached=0.00 GiB free=1.10 GiB reserve=1.59 GiB total=31.86 GiB)
ds4: ROCm q8 fp16 cache budget exhausted; using q8 kernels (request=64.00 MiB cached=0.00 GiB free=1.10 GiB reserve=1.59 GiB total=31.86 GiB)
ds4: ROCm q8 fp16 cache budget exhausted; using q8 kernels (request=64.00 MiB cached=0.00 GiB free=1.10 GiB reserve=1.59 GiB total=31.86 GiB)
ds4: ROCm q8 fp16 cache budget exhausted; using q8 kernels (request=64.00 MiB cached=0.00 GiB free=1.10 GiB reserve=1.59 GiB total=31.86 GiB)
ds4: ROCm q8 fp16 cache budget exhausted; using q8 kernels (request=64.00 MiB cached=0.00 GiB free=1.10 GiB reserve=1.59 GiB total=31.86 GiB)
ds4: ROCm q8 fp16 cache budget exhausted; using q8 kernels (request=64.00 MiB cached=0.00 GiB free=1.10 GiB reserve=1.59 GiB total=31.86 GiB)
ds4: ROCm q8 fp16 cache budget exhausted; using q8 kernels (request=64.00 MiB cached=0.00 GiB free=1.10 GiB reserve=1.59 GiB total=31.86 GiB)
ds4: ROCm q8 fp16 cache budget exhausted; using q8 kernels (request=64.00 MiB cached=0.00 GiB free=1.10 GiB reserve=1.59 GiB total=31.86 GiB)
ds4: ROCm q8 fp16 cache budget exhausted; using q8 kernels (request=64.00 MiB cached=0.00 GiB free=1.10 GiB reserve=1.59 GiB total=31.86 GiB)
ds4: ROCm q8 fp16 cache budget exhausted; using q8 kernels (request=64.00 MiB cached=0.00 GiB free=1.10 GiB reserve=1.59 GiB total=31.86 GiB)
ds4: ROCm q8 fp16 cache budget exhausted; using q8 kernels (request=64.00 MiB cached=0.00 GiB free=1.10 GiB reserve=1.59 GiB total=31.86 GiB)
ds4: ROCm q8 fp16 cache budget exhausted; using q8 kernels (request=64.00 MiB cached=0.00 GiB free=1.10 GiB reserve=1.59 GiB total=31.86 GiB)
ds4: ROCm q8 fp16 cache budget exhausted; using q8 kernels (request=64.00 MiB cached=0.00 GiB free=1.10 GiB reserve=1.59 GiB total=31.86 GiB)
ds4: ROCm q8 fp16 cache budget exhausted; using q8 kernels (request=64.00 MiB cached=0.00 GiB free=1.10 GiB reserve=1.59 GiB total=31.86 GiB)
ds4: ROCm q8 fp16 cache budget exhausted; using q8 kernels (request=64.00 MiB cached=0.00 GiB free=1.10 GiB reserve=1.59 GiB total=31.86 GiB)
ds4: ROCm q8 fp16 cache budget exhausted; using q8 kernels (request=64.00 MiB cached=0.00 GiB free=1.10 GiB reserve=1.59 GiB total=31.86 GiB)
ds4: ROCm q8 fp16 cache budget exhausted; using q8 kernels (request=64.00 MiB cached=0.00 GiB free=1.10 GiB reserve=1.59 GiB total=31.86 GiB)
ds4: ROCm q8 fp16 cache budget exhausted; using q8 kernels (request=64.00 MiB cached=0.00 GiB free=1.10 GiB reserve=1.59 GiB total=31.86 GiB)
ds4: ROCm q8 fp16 cache budget exhausted; using q8 kernels (request=64.00 MiB cached=0.00 GiB free=1.10 GiB reserve=1.59 GiB total=31.86 GiB)
ds4: ROCm q8 fp16 cache budget exhausted; using q8 kernels (request=64.00 MiB cached=0.00 GiB free=1.10 GiB reserve=1.59 GiB total=31.86 GiB)
ds4: ROCm q8 fp16 cache budget exhausted; using q8 kernels (request=64.00 MiB cached=0.00 GiB free=1.10 GiB reserve=1.59 GiB total=31.86 GiB)
ds4: ROCm q8 fp16 cache budget exhausted; using q8 kernels (request=64.00 MiB cached=0.00 GiB free=1.10 GiB reserve=1.59 GiB total=31.86 GiB)
ds4: ROCm q8 fp16 cache budget exhausted; using q8 kernels (request=64.00 MiB cached=0.00 GiB free=1.10 GiB reserve=1.59 GiB total=31.86 GiB)
ds4: ROCm q8 fp16 cache budget exhausted; using q8 kernels (request=64.00 MiB cached=0.00 GiB free=1.10 GiB reserve=1.59 GiB total=31.86 GiB)
ds4: ROCm q8 fp16 cache budget exhausted; using q8 kernels (request=64.00 MiB cached=0.00 GiB free=1.10 GiB reserve=1.59 GiB total=31.86 GiB)
ds4: ROCm q8 fp16 cache budget exhausted; using q8 kernels (request=64.00 MiB cached=0.00 GiB free=1.10 GiB reserve=1.59 GiB total=31.86 GiB)
ds4: ROCm q8 fp16 cache budget exhausted; using q8 kernels (request=64.00 MiB cached=0.00 GiB free=1.10 GiB reserve=1.59 GiB total=31.86 GiB)
ds4: ROCm q8 fp16 cache budget exhausted; using q8 kernels (request=64.00 MiB cached=0.00 GiB free=1.10 GiB reserve=1.59 GiB total=31.86 GiB)
ds4: ROCm q8 fp16 cache budget exhausted; using q8 kernels (request=64.00 MiB cached=0.00 GiB free=1.10 GiB reserve=1.59 GiB total=31.86 GiB)
ds4: ROCm q8 fp16 cache budget exhausted; using q8 kernels (request=64.00 MiB cached=0.00 GiB free=1.10 GiB reserve=1.59 GiB total=31.86 GiB)
ds4: ROCm q8 fp16 cache budget exhausted; using q8 kernels (request=64.00 MiB cached=0.00 GiB free=1.10 GiB reserve=1.59 GiB total=31.86 GiB)
ds4: ROCm q8 fp16 cache budget exhausted; using q8 kernels (request=64.00 MiB cached=0.00 GiB free=1.10 GiB reserve=1.59 GiB total=31.86 GiB)
ds4: ROCm q8 fp16 cache budget exhausted; using q8 kernels (request=64.00 MiB cached=0.00 GiB free=1.10 GiB reserve=1.59 GiB total=31.86 GiB)
ds4: ROCm q8 fp16 cache budget exhausted; using q8 kernels (request=64.00 MiB cached=0.00 GiB free=1.10 GiB reserve=1.59 GiB total=31.86 GiB)
ds4: ROCm q8 fp16 cache budget exhausted; using q8 kernels (request=64.00 MiB cached=0.00 GiB free=1.10 GiB reserve=1.59 GiB total=31.86 GiB)
ds4: ROCm q8 fp16 cache budget exhausted; using q8 kernels (request=64.00 MiB cached=0.00 GiB free=1.10 GiB reserve=1.59 GiB total=31.86 GiB)
ds4: ROCm q8 fp16 cache budget exhausted; using q8 kernels (request=64.00 MiB cached=0.00 GiB free=1.10 GiB reserve=1.59 GiB total=31.86 GiB)
ds4: ROCm q8 fp16 cache budget exhausted; using q8 kernels (request=64.00 MiB cached=0.00 GiB free=1.10 GiB reserve=1.59 GiB total=31.86 GiB)
ds4: ROCm q8 fp16 cache budget exhausted; using q8 kernels (request=64.00 MiB cached=0.00 GiB free=1.10 GiB reserve=1.59 GiB total=31.86 GiB)
ds4: ROCm q8 fp16 cache budget exhausted; using q8 kernels (request=64.00 MiB cached=0.00 GiB free=1.10 GiB reserve=1.59 GiB total=31.86 GiB)
ds4: ROCm q8 fp16 cache budget exhausted; using q8 kernels (request=64.00 MiB cached=0.00 GiB free=1.10 GiB reserve=1.59 GiB total=31.86 GiB)
case_009 cases=10 prompt=17 target=24 avg_nll=19.717789 lcp=1 api_target_mae=19.717789 api_top_coverage=106/120 api_top1=0.042 api_topn=0.038 api_pair=0.365
ds4: ROCm q8 fp16 cache budget exhausted; using q8 kernels (request=64.00 MiB cached=0.00 GiB free=1.10 GiB reserve=1.59 GiB total=31.86 GiB)
ds4: ROCm q8 fp16 cache budget exhausted; using q8 kernels (request=64.00 MiB cached=0.00 GiB free=1.10 GiB reserve=1.59 GiB total=31.86 GiB)
ds4: ROCm q8 fp16 cache budget exhausted; using q8 kernels (request=64.00 MiB cached=0.00 GiB free=1.10 GiB reserve=1.59 GiB total=31.86 GiB)
ds4: ROCm q8 fp16 cache budget exhausted; using q8 kernels (request=64.00 MiB cached=0.00 GiB free=1.10 GiB reserve=1.59 GiB total=31.86 GiB)
ds4: ROCm q8 fp16 cache budget exhausted; using q8 kernels (request=64.00 MiB cached=0.00 GiB free=1.10 GiB reserve=1.59 GiB total=31.86 GiB)
ds4: ROCm q8 fp16 cache budget exhausted; using q8 kernels (request=64.00 MiB cached=0.00 GiB free=1.10 GiB reserve=1.59 GiB total=31.86 GiB)
ds4: ROCm q8 fp16 cache budget exhausted; using q8 kernels (request=64.00 MiB cached=0.00 GiB free=1.10 GiB reserve=1.59 GiB total=31.86 GiB)
ds4: ROCm q8 fp16 cache budget exhausted; using q8 kernels (request=64.00 MiB cached=0.00 GiB free=1.10 GiB reserve=1.59 GiB total=31.86 GiB)
ds4: ROCm q8 fp16 cache budget exhausted; using q8 kernels (request=64.00 MiB cached=0.00 GiB free=1.10 GiB reserve=1.59 GiB total=31.86 GiB)
ds4: ROCm q8 fp16 cache budget exhausted; using q8 kernels (request=64.00 MiB cached=0.00 GiB free=1.10 GiB reserve=1.59 GiB total=31.86 GiB)
ds4: ROCm q8 fp16 cache budget exhausted; using q8 kernels (request=64.00 MiB cached=0.00 GiB free=1.10 GiB reserve=1.59 GiB total=31.86 GiB)
ds4: ROCm q8 fp16 cache budget exhausted; using q8 kernels (request=64.00 MiB cached=0.00 GiB free=1.10 GiB reserve=1.59 GiB total=31.86 GiB)
ds4: ROCm q8 fp16 cache budget exhausted; using q8 kernels (request=64.00 MiB cached=0.00 GiB free=1.10 GiB reserve=1.59 GiB total=31.86 GiB)
ds4: ROCm q8 fp16 cache budget exhausted; using q8 kernels (request=64.00 MiB cached=0.00 GiB free=1.10 GiB reserve=1.59 GiB total=31.86 GiB)
ds4: ROCm q8 fp16 cache budget exhausted; using q8 kernels (request=64.00 MiB cached=0.00 GiB free=1.10 GiB reserve=1.59 GiB total=31.86 GiB)
ds4: ROCm q8 fp16 cache budget exhausted; using q8 kernels (request=64.00 MiB cached=0.00 GiB free=1.10 GiB reserve=1.59 GiB total=31.86 GiB)
ds4: ROCm q8 fp16 cache budget exhausted; using q8 kernels (request=64.00 MiB cached=0.00 GiB free=1.10 GiB reserve=1.59 GiB total=31.86 GiB)
ds4: ROCm q8 fp16 cache budget exhausted; using q8 kernels (request=64.00 MiB cached=0.00 GiB free=1.10 GiB reserve=1.59 GiB total=31.86 GiB)
ds4: ROCm q8 fp16 cache budget exhausted; using q8 kernels (request=64.00 MiB cached=0.00 GiB free=1.10 GiB reserve=1.59 GiB total=31.86 GiB)
ds4: ROCm q8 fp16 cache budget exhausted; using q8 kernels (request=64.00 MiB cached=0.00 GiB free=1.10 GiB reserve=1.59 GiB total=31.86 GiB)
ds4: ROCm q8 fp16 cache budget exhausted; using q8 kernels (request=64.00 MiB cached=0.00 GiB free=1.10 GiB reserve=1.59 GiB total=31.86 GiB)
ds4: ROCm q8 fp16 cache budget exhausted; using q8 kernels (request=64.00 MiB cached=0.00 GiB free=1.10 GiB reserve=1.59 GiB total=31.86 GiB)
ds4: ROCm q8 fp16 cache budget exhausted; using q8 kernels (request=64.00 MiB cached=0.00 GiB free=1.10 GiB reserve=1.59 GiB total=31.86 GiB)
ds4: ROCm q8 fp16 cache budget exhausted; using q8 kernels (request=64.00 MiB cached=0.00 GiB free=1.10 GiB reserve=1.59 GiB total=31.86 GiB)
ds4: ROCm q8 fp16 cache budget exhausted; using q8 kernels (request=64.00 MiB cached=0.00 GiB free=1.10 GiB reserve=1.59 GiB total=31.86 GiB)
ds4: ROCm q8 fp16 cache budget exhausted; using q8 kernels (request=64.00 MiB cached=0.00 GiB free=1.10 GiB reserve=1.59 GiB total=31.86 GiB)
ds4: ROCm q8 fp16 cache budget exhausted; using q8 kernels (request=64.00 MiB cached=0.00 GiB free=1.10 GiB reserve=1.59 GiB total=31.86 GiB)
ds4: ROCm q8 fp16 cache budget exhausted; using q8 kernels (request=64.00 MiB cached=0.00 GiB free=1.10 GiB reserve=1.59 GiB total=31.86 GiB)
ds4: ROCm q8 fp16 cache budget exhausted; using q8 kernels (request=64.00 MiB cached=0.00 GiB free=1.10 GiB reserve=1.59 GiB total=31.86 GiB)
ds4: ROCm q8 fp16 cache budget exhausted; using q8 kernels (request=64.00 MiB cached=0.00 GiB free=1.10 GiB reserve=1.59 GiB total=31.86 GiB)
ds4: ROCm q8 fp16 cache budget exhausted; using q8 kernels (request=64.00 MiB cached=0.00 GiB free=1.10 GiB reserve=1.59 GiB total=31.86 GiB)
ds4: ROCm q8 fp16 cache budget exhausted; using q8 kernels (request=64.00 MiB cached=0.00 GiB free=1.10 GiB reserve=1.59 GiB total=31.86 GiB)
ds4: ROCm q8 fp16 cache budget exhausted; using q8 kernels (request=64.00 MiB cached=0.00 GiB free=1.10 GiB reserve=1.59 GiB total=31.86 GiB)
ds4: ROCm q8 fp16 cache budget exhausted; using q8 kernels (request=64.00 MiB cached=0.00 GiB free=1.10 GiB reserve=1.59 GiB total=31.86 GiB)
ds4: ROCm q8 fp16 cache budget exhausted; using q8 kernels (request=64.00 MiB cached=0.00 GiB free=1.10 GiB reserve=1.59 GiB total=31.86 GiB)
ds4: ROCm q8 fp16 cache budget exhausted; using q8 kernels (request=64.00 MiB cached=0.00 GiB free=1.10 GiB reserve=1.59 GiB total=31.86 GiB)
ds4: ROCm q8 fp16 cache budget exhausted; using q8 kernels (request=64.00 MiB cached=0.00 GiB free=1.10 GiB reserve=1.59 GiB total=31.86 GiB)
ds4: ROCm q8 fp16 cache budget exhausted; using q8 kernels (request=64.00 MiB cached=0.00 GiB free=1.10 GiB reserve=1.59 GiB total=31.86 GiB)
ds4: ROCm q8 fp16 cache budget exhausted; using q8 kernels (request=64.00 MiB cached=0.00 GiB free=1.10 GiB reserve=1.59 GiB total=31.86 GiB)
ds4: ROCm q8 fp16 cache budget exhausted; using q8 kernels (request=64.00 MiB cached=0.00 GiB free=1.10 GiB reserve=1.59 GiB total=31.86 GiB)
ds4: ROCm q8 fp16 cache budget exhausted; using q8 kernels (request=64.00 MiB cached=0.00 GiB free=1.10 GiB reserve=1.59 GiB total=31.86 GiB)
ds4: ROCm q8 fp16 cache budget exhausted; using q8 kernels (request=64.00 MiB cached=0.00 GiB free=1.10 GiB reserve=1.59 GiB total=31.86 GiB)
ds4: ROCm q8 fp16 cache budget exhausted; using q8 kernels (request=64.00 MiB cached=0.00 GiB free=1.10 GiB reserve=1.59 GiB total=31.86 GiB)
case_010 cases=11 prompt=26 target=24 avg_nll=16.363757 lcp=0 api_target_mae=16.363757 api_top_coverage=96/120 api_top1=0.000 api_topn=0.073 api_pair=0.533
ds4: ROCm q8 fp16 cache budget exhausted; using q8 kernels (request=64.00 MiB cached=0.00 GiB free=1.10 GiB reserve=1.59 GiB total=31.86 GiB)
ds4: ROCm q8 fp16 cache budget exhausted; using q8 kernels (request=64.00 MiB cached=0.00 GiB free=1.10 GiB reserve=1.59 GiB total=31.86 GiB)
ds4: ROCm q8 fp16 cache budget exhausted; using q8 kernels (request=64.00 MiB cached=0.00 GiB free=1.10 GiB reserve=1.59 GiB total=31.86 GiB)
ds4: ROCm q8 fp16 cache budget exhausted; using q8 kernels (request=64.00 MiB cached=0.00 GiB free=1.10 GiB reserve=1.59 GiB total=31.86 GiB)
ds4: ROCm q8 fp16 cache budget exhausted; using q8 kernels (request=64.00 MiB cached=0.00 GiB free=1.10 GiB reserve=1.59 GiB total=31.86 GiB)
ds4: ROCm q8 fp16 cache budget exhausted; using q8 kernels (request=64.00 MiB cached=0.00 GiB free=1.10 GiB reserve=1.59 GiB total=31.86 GiB)
ds4: ROCm q8 fp16 cache budget exhausted; using q8 kernels (request=64.00 MiB cached=0.00 GiB free=1.10 GiB reserve=1.59 GiB total=31.86 GiB)
ds4: ROCm q8 fp16 cache budget exhausted; using q8 kernels (request=64.00 MiB cached=0.00 GiB free=1.10 GiB reserve=1.59 GiB total=31.86 GiB)
ds4: ROCm q8 fp16 cache budget exhausted; using q8 kernels (request=64.00 MiB cached=0.00 GiB free=1.10 GiB reserve=1.59 GiB total=31.86 GiB)
ds4: ROCm q8 fp16 cache budget exhausted; using q8 kernels (request=64.00 MiB cached=0.00 GiB free=1.10 GiB reserve=1.59 GiB total=31.86 GiB)
ds4: ROCm q8 fp16 cache budget exhausted; using q8 kernels (request=64.00 MiB cached=0.00 GiB free=1.10 GiB reserve=1.59 GiB total=31.86 GiB)
ds4: ROCm q8 fp16 cache budget exhausted; using q8 kernels (request=64.00 MiB cached=0.00 GiB free=1.10 GiB reserve=1.59 GiB total=31.86 GiB)
ds4: ROCm q8 fp16 cache budget exhausted; using q8 kernels (request=64.00 MiB cached=0.00 GiB free=1.10 GiB reserve=1.59 GiB total=31.86 GiB)
ds4: ROCm q8 fp16 cache budget exhausted; using q8 kernels (request=64.00 MiB cached=0.00 GiB free=1.10 GiB reserve=1.59 GiB total=31.86 GiB)
ds4: ROCm q8 fp16 cache budget exhausted; using q8 kernels (request=64.00 MiB cached=0.00 GiB free=1.10 GiB reserve=1.59 GiB total=31.86 GiB)
ds4: ROCm q8 fp16 cache budget exhausted; using q8 kernels (request=64.00 MiB cached=0.00 GiB free=1.10 GiB reserve=1.59 GiB total=31.86 GiB)
ds4: ROCm q8 fp16 cache budget exhausted; using q8 kernels (request=64.00 MiB cached=0.00 GiB free=1.10 GiB reserve=1.59 GiB total=31.86 GiB)
ds4: ROCm q8 fp16 cache budget exhausted; using q8 kernels (request=64.00 MiB cached=0.00 GiB free=1.10 GiB reserve=1.59 GiB total=31.86 GiB)
ds4: ROCm q8 fp16 cache budget exhausted; using q8 kernels (request=64.00 MiB cached=0.00 GiB free=1.10 GiB reserve=1.59 GiB total=31.86 GiB)
ds4: ROCm q8 fp16 cache budget exhausted; using q8 kernels (request=64.00 MiB cached=0.00 GiB free=1.10 GiB reserve=1.59 GiB total=31.86 GiB)
ds4: ROCm q8 fp16 cache budget exhausted; using q8 kernels (request=64.00 MiB cached=0.00 GiB free=1.10 GiB reserve=1.59 GiB total=31.86 GiB)
ds4: ROCm q8 fp16 cache budget exhausted; using q8 kernels (request=64.00 MiB cached=0.00 GiB free=1.10 GiB reserve=1.59 GiB total=31.86 GiB)
ds4: ROCm q8 fp16 cache budget exhausted; using q8 kernels (request=64.00 MiB cached=0.00 GiB free=1.10 GiB reserve=1.59 GiB total=31.86 GiB)
ds4: ROCm q8 fp16 cache budget exhausted; using q8 kernels (request=64.00 MiB cached=0.00 GiB free=1.10 GiB reserve=1.59 GiB total=31.86 GiB)
ds4: ROCm q8 fp16 cache budget exhausted; using q8 kernels (request=64.00 MiB cached=0.00 GiB free=1.10 GiB reserve=1.59 GiB total=31.86 GiB)
ds4: ROCm q8 fp16 cache budget exhausted; using q8 kernels (request=64.00 MiB cached=0.00 GiB free=1.10 GiB reserve=1.59 GiB total=31.86 GiB)
ds4: ROCm q8 fp16 cache budget exhausted; using q8 kernels (request=64.00 MiB cached=0.00 GiB free=1.10 GiB reserve=1.59 GiB total=31.86 GiB)
ds4: ROCm q8 fp16 cache budget exhausted; using q8 kernels (request=64.00 MiB cached=0.00 GiB free=1.10 GiB reserve=1.59 GiB total=31.86 GiB)
ds4: ROCm q8 fp16 cache budget exhausted; using q8 kernels (request=64.00 MiB cached=0.00 GiB free=1.10 GiB reserve=1.59 GiB total=31.86 GiB)
ds4: ROCm q8 fp16 cache budget exhausted; using q8 kernels (request=64.00 MiB cached=0.00 GiB free=1.10 GiB reserve=1.59 GiB total=31.86 GiB)
ds4: ROCm q8 fp16 cache budget exhausted; using q8 kernels (request=64.00 MiB cached=0.00 GiB free=1.10 GiB reserve=1.59 GiB total=31.86 GiB)
ds4: ROCm q8 fp16 cache budget exhausted; using q8 kernels (request=64.00 MiB cached=0.00 GiB free=1.10 GiB reserve=1.59 GiB total=31.86 GiB)
ds4: ROCm q8 fp16 cache budget exhausted; using q8 kernels (request=64.00 MiB cached=0.00 GiB free=1.10 GiB reserve=1.59 GiB total=31.86 GiB)
ds4: ROCm q8 fp16 cache budget exhausted; using q8 kernels (request=64.00 MiB cached=0.00 GiB free=1.10 GiB reserve=1.59 GiB total=31.86 GiB)
ds4: ROCm q8 fp16 cache budget exhausted; using q8 kernels (request=64.00 MiB cached=0.00 GiB free=1.10 GiB reserve=1.59 GiB total=31.86 GiB)
ds4: ROCm q8 fp16 cache budget exhausted; using q8 kernels (request=64.00 MiB cached=0.00 GiB free=1.10 GiB reserve=1.59 GiB total=31.86 GiB)
ds4: ROCm q8 fp16 cache budget exhausted; using q8 kernels (request=64.00 MiB cached=0.00 GiB free=1.10 GiB reserve=1.59 GiB total=31.86 GiB)
ds4: ROCm q8 fp16 cache budget exhausted; using q8 kernels (request=64.00 MiB cached=0.00 GiB free=1.10 GiB reserve=1.59 GiB total=31.86 GiB)
ds4: ROCm q8 fp16 cache budget exhausted; using q8 kernels (request=64.00 MiB cached=0.00 GiB free=1.10 GiB reserve=1.59 GiB total=31.86 GiB)
ds4: ROCm q8 fp16 cache budget exhausted; using q8 kernels (request=64.00 MiB cached=0.00 GiB free=1.10 GiB reserve=1.59 GiB total=31.86 GiB)
ds4: ROCm q8 fp16 cache budget exhausted; using q8 kernels (request=64.00 MiB cached=0.00 GiB free=1.10 GiB reserve=1.59 GiB total=31.86 GiB)
ds4: ROCm q8 fp16 cache budget exhausted; using q8 kernels (request=64.00 MiB cached=0.00 GiB free=1.10 GiB reserve=1.59 GiB total=31.86 GiB)
ds4: ROCm q8 fp16 cache budget exhausted; using q8 kernels (request=64.00 MiB cached=0.00 GiB free=1.10 GiB reserve=1.59 GiB total=31.86 GiB)
case_011 cases=12 prompt=21 target=24 avg_nll=14.554395 lcp=1 api_target_mae=14.554395 api_top_coverage=98/120 api_top1=0.042 api_topn=0.031 api_pair=0.775
ds4: ROCm q8 fp16 cache budget exhausted; using q8 kernels (request=64.00 MiB cached=0.00 GiB free=1.10 GiB reserve=1.59 GiB total=31.86 GiB)
ds4: ROCm q8 fp16 cache budget exhausted; using q8 kernels (request=64.00 MiB cached=0.00 GiB free=1.10 GiB reserve=1.59 GiB total=31.86 GiB)
ds4: ROCm q8 fp16 cache budget exhausted; using q8 kernels (request=64.00 MiB cached=0.00 GiB free=1.10 GiB reserve=1.59 GiB total=31.86 GiB)
ds4: ROCm q8 fp16 cache budget exhausted; using q8 kernels (request=64.00 MiB cached=0.00 GiB free=1.10 GiB reserve=1.59 GiB total=31.86 GiB)
ds4: ROCm q8 fp16 cache budget exhausted; using q8 kernels (request=64.00 MiB cached=0.00 GiB free=1.10 GiB reserve=1.59 GiB total=31.86 GiB)
ds4: ROCm q8 fp16 cache budget exhausted; using q8 kernels (request=64.00 MiB cached=0.00 GiB free=1.10 GiB reserve=1.59 GiB total=31.86 GiB)
ds4: ROCm q8 fp16 cache budget exhausted; using q8 kernels (request=64.00 MiB cached=0.00 GiB free=1.10 GiB reserve=1.59 GiB total=31.86 GiB)
ds4: ROCm q8 fp16 cache budget exhausted; using q8 kernels (request=64.00 MiB cached=0.00 GiB free=1.10 GiB reserve=1.59 GiB total=31.86 GiB)
ds4: ROCm q8 fp16 cache budget exhausted; using q8 kernels (request=64.00 MiB cached=0.00 GiB free=1.10 GiB reserve=1.59 GiB total=31.86 GiB)
ds4: ROCm q8 fp16 cache budget exhausted; using q8 kernels (request=64.00 MiB cached=0.00 GiB free=1.10 GiB reserve=1.59 GiB total=31.86 GiB)
ds4: ROCm q8 fp16 cache budget exhausted; using q8 kernels (request=64.00 MiB cached=0.00 GiB free=1.10 GiB reserve=1.59 GiB total=31.86 GiB)
ds4: ROCm q8 fp16 cache budget exhausted; using q8 kernels (request=64.00 MiB cached=0.00 GiB free=1.10 GiB reserve=1.59 GiB total=31.86 GiB)
ds4: ROCm q8 fp16 cache budget exhausted; using q8 kernels (request=64.00 MiB cached=0.00 GiB free=1.10 GiB reserve=1.59 GiB total=31.86 GiB)
ds4: ROCm q8 fp16 cache budget exhausted; using q8 kernels (request=64.00 MiB cached=0.00 GiB free=1.10 GiB reserve=1.59 GiB total=31.86 GiB)
ds4: ROCm q8 fp16 cache budget exhausted; using q8 kernels (request=64.00 MiB cached=0.00 GiB free=1.10 GiB reserve=1.59 GiB total=31.86 GiB)
ds4: ROCm q8 fp16 cache budget exhausted; using q8 kernels (request=64.00 MiB cached=0.00 GiB free=1.10 GiB reserve=1.59 GiB total=31.86 GiB)
ds4: ROCm q8 fp16 cache budget exhausted; using q8 kernels (request=64.00 MiB cached=0.00 GiB free=1.10 GiB reserve=1.59 GiB total=31.86 GiB)
ds4: ROCm q8 fp16 cache budget exhausted; using q8 kernels (request=64.00 MiB cached=0.00 GiB free=1.10 GiB reserve=1.59 GiB total=31.86 GiB)
ds4: ROCm q8 fp16 cache budget exhausted; using q8 kernels (request=64.00 MiB cached=0.00 GiB free=1.10 GiB reserve=1.59 GiB total=31.86 GiB)
ds4: ROCm q8 fp16 cache budget exhausted; using q8 kernels (request=64.00 MiB cached=0.00 GiB free=1.10 GiB reserve=1.59 GiB total=31.86 GiB)
ds4: ROCm q8 fp16 cache budget exhausted; using q8 kernels (request=64.00 MiB cached=0.00 GiB free=1.10 GiB reserve=1.59 GiB total=31.86 GiB)
ds4: ROCm q8 fp16 cache budget exhausted; using q8 kernels (request=64.00 MiB cached=0.00 GiB free=1.10 GiB reserve=1.59 GiB total=31.86 GiB)
ds4: ROCm q8 fp16 cache budget exhausted; using q8 kernels (request=64.00 MiB cached=0.00 GiB free=1.10 GiB reserve=1.59 GiB total=31.86 GiB)
ds4: ROCm q8 fp16 cache budget exhausted; using q8 kernels (request=64.00 MiB cached=0.00 GiB free=1.10 GiB reserve=1.59 GiB total=31.86 GiB)
ds4: ROCm q8 fp16 cache budget exhausted; using q8 kernels (request=64.00 MiB cached=0.00 GiB free=1.10 GiB reserve=1.59 GiB total=31.86 GiB)
ds4: ROCm q8 fp16 cache budget exhausted; using q8 kernels (request=64.00 MiB cached=0.00 GiB free=1.10 GiB reserve=1.59 GiB total=31.86 GiB)
ds4: ROCm q8 fp16 cache budget exhausted; using q8 kernels (request=64.00 MiB cached=0.00 GiB free=1.10 GiB reserve=1.59 GiB total=31.86 GiB)
ds4: ROCm q8 fp16 cache budget exhausted; using q8 kernels (request=64.00 MiB cached=0.00 GiB free=1.10 GiB reserve=1.59 GiB total=31.86 GiB)
ds4: ROCm q8 fp16 cache budget exhausted; using q8 kernels (request=64.00 MiB cached=0.00 GiB free=1.10 GiB reserve=1.59 GiB total=31.86 GiB)
ds4: ROCm q8 fp16 cache budget exhausted; using q8 kernels (request=64.00 MiB cached=0.00 GiB free=1.10 GiB reserve=1.59 GiB total=31.86 GiB)
ds4: ROCm q8 fp16 cache budget exhausted; using q8 kernels (request=64.00 MiB cached=0.00 GiB free=1.10 GiB reserve=1.59 GiB total=31.86 GiB)
ds4: ROCm q8 fp16 cache budget exhausted; using q8 kernels (request=64.00 MiB cached=0.00 GiB free=1.10 GiB reserve=1.59 GiB total=31.86 GiB)
ds4: ROCm q8 fp16 cache budget exhausted; using q8 kernels (request=64.00 MiB cached=0.00 GiB free=1.10 GiB reserve=1.59 GiB total=31.86 GiB)
ds4: ROCm q8 fp16 cache budget exhausted; using q8 kernels (request=64.00 MiB cached=0.00 GiB free=1.10 GiB reserve=1.59 GiB total=31.86 GiB)
ds4: ROCm q8 fp16 cache budget exhausted; using q8 kernels (request=64.00 MiB cached=0.00 GiB free=1.10 GiB reserve=1.59 GiB total=31.86 GiB)
ds4: ROCm q8 fp16 cache budget exhausted; using q8 kernels (request=64.00 MiB cached=0.00 GiB free=1.10 GiB reserve=1.59 GiB total=31.86 GiB)
ds4: ROCm q8 fp16 cache budget exhausted; using q8 kernels (request=64.00 MiB cached=0.00 GiB free=1.10 GiB reserve=1.59 GiB total=31.86 GiB)
ds4: ROCm q8 fp16 cache budget exhausted; using q8 kernels (request=64.00 MiB cached=0.00 GiB free=1.10 GiB reserve=1.59 GiB total=31.86 GiB)
ds4: ROCm q8 fp16 cache budget exhausted; using q8 kernels (request=64.00 MiB cached=0.00 GiB free=1.10 GiB reserve=1.59 GiB total=31.86 GiB)
ds4: ROCm q8 fp16 cache budget exhausted; using q8 kernels (request=64.00 MiB cached=0.00 GiB free=1.10 GiB reserve=1.59 GiB total=31.86 GiB)
ds4: ROCm q8 fp16 cache budget exhausted; using q8 kernels (request=64.00 MiB cached=0.00 GiB free=1.10 GiB reserve=1.59 GiB total=31.86 GiB)
ds4: ROCm q8 fp16 cache budget exhausted; using q8 kernels (request=64.00 MiB cached=0.00 GiB free=1.10 GiB reserve=1.59 GiB total=31.86 GiB)
ds4: ROCm q8 fp16 cache budget exhausted; using q8 kernels (request=64.00 MiB cached=0.00 GiB free=1.10 GiB reserve=1.59 GiB total=31.86 GiB)
case_012 cases=13 prompt=22 target=24 avg_nll=16.628983 lcp=0 api_target_mae=16.628983 api_top_coverage=100/120 api_top1=0.000 api_topn=0.080 api_pair=0.431
ds4: ROCm q8 fp16 cache budget exhausted; using q8 kernels (request=64.00 MiB cached=0.00 GiB free=1.10 GiB reserve=1.59 GiB total=31.86 GiB)
ds4: ROCm q8 fp16 cache budget exhausted; using q8 kernels (request=64.00 MiB cached=0.00 GiB free=1.10 GiB reserve=1.59 GiB total=31.86 GiB)
ds4: ROCm q8 fp16 cache budget exhausted; using q8 kernels (request=64.00 MiB cached=0.00 GiB free=1.10 GiB reserve=1.59 GiB total=31.86 GiB)
ds4: ROCm q8 fp16 cache budget exhausted; using q8 kernels (request=64.00 MiB cached=0.00 GiB free=1.10 GiB reserve=1.59 GiB total=31.86 GiB)
ds4: ROCm q8 fp16 cache budget exhausted; using q8 kernels (request=64.00 MiB cached=0.00 GiB free=1.10 GiB reserve=1.59 GiB total=31.86 GiB)
ds4: ROCm q8 fp16 cache budget exhausted; using q8 kernels (request=64.00 MiB cached=0.00 GiB free=1.10 GiB reserve=1.59 GiB total=31.86 GiB)
ds4: ROCm q8 fp16 cache budget exhausted; using q8 kernels (request=64.00 MiB cached=0.00 GiB free=1.10 GiB reserve=1.59 GiB total=31.86 GiB)
ds4: ROCm q8 fp16 cache budget exhausted; using q8 kernels (request=64.00 MiB cached=0.00 GiB free=1.10 GiB reserve=1.59 GiB total=31.86 GiB)
ds4: ROCm q8 fp16 cache budget exhausted; using q8 kernels (request=64.00 MiB cached=0.00 GiB free=1.10 GiB reserve=1.59 GiB total=31.86 GiB)
ds4: ROCm q8 fp16 cache budget exhausted; using q8 kernels (request=64.00 MiB cached=0.00 GiB free=1.10 GiB reserve=1.59 GiB total=31.86 GiB)
ds4: ROCm q8 fp16 cache budget exhausted; using q8 kernels (request=64.00 MiB cached=0.00 GiB free=1.10 GiB reserve=1.59 GiB total=31.86 GiB)
ds4: ROCm q8 fp16 cache budget exhausted; using q8 kernels (request=64.00 MiB cached=0.00 GiB free=1.10 GiB reserve=1.59 GiB total=31.86 GiB)
ds4: ROCm q8 fp16 cache budget exhausted; using q8 kernels (request=64.00 MiB cached=0.00 GiB free=1.10 GiB reserve=1.59 GiB total=31.86 GiB)
ds4: ROCm q8 fp16 cache budget exhausted; using q8 kernels (request=64.00 MiB cached=0.00 GiB free=1.10 GiB reserve=1.59 GiB total=31.86 GiB)
ds4: ROCm q8 fp16 cache budget exhausted; using q8 kernels (request=64.00 MiB cached=0.00 GiB free=1.10 GiB reserve=1.59 GiB total=31.86 GiB)
ds4: ROCm q8 fp16 cache budget exhausted; using q8 kernels (request=64.00 MiB cached=0.00 GiB free=1.10 GiB reserve=1.59 GiB total=31.86 GiB)
ds4: ROCm q8 fp16 cache budget exhausted; using q8 kernels (request=64.00 MiB cached=0.00 GiB free=1.10 GiB reserve=1.59 GiB total=31.86 GiB)
ds4: ROCm q8 fp16 cache budget exhausted; using q8 kernels (request=64.00 MiB cached=0.00 GiB free=1.10 GiB reserve=1.59 GiB total=31.86 GiB)
ds4: ROCm q8 fp16 cache budget exhausted; using q8 kernels (request=64.00 MiB cached=0.00 GiB free=1.10 GiB reserve=1.59 GiB total=31.86 GiB)
ds4: ROCm q8 fp16 cache budget exhausted; using q8 kernels (request=64.00 MiB cached=0.00 GiB free=1.10 GiB reserve=1.59 GiB total=31.86 GiB)
ds4: ROCm q8 fp16 cache budget exhausted; using q8 kernels (request=64.00 MiB cached=0.00 GiB free=1.10 GiB reserve=1.59 GiB total=31.86 GiB)
ds4: ROCm q8 fp16 cache budget exhausted; using q8 kernels (request=64.00 MiB cached=0.00 GiB free=1.10 GiB reserve=1.59 GiB total=31.86 GiB)
ds4: ROCm q8 fp16 cache budget exhausted; using q8 kernels (request=64.00 MiB cached=0.00 GiB free=1.10 GiB reserve=1.59 GiB total=31.86 GiB)
ds4: ROCm q8 fp16 cache budget exhausted; using q8 kernels (request=64.00 MiB cached=0.00 GiB free=1.10 GiB reserve=1.59 GiB total=31.86 GiB)
ds4: ROCm q8 fp16 cache budget exhausted; using q8 kernels (request=64.00 MiB cached=0.00 GiB free=1.10 GiB reserve=1.59 GiB total=31.86 GiB)
ds4: ROCm q8 fp16 cache budget exhausted; using q8 kernels (request=64.00 MiB cached=0.00 GiB free=1.10 GiB reserve=1.59 GiB total=31.86 GiB)
ds4: ROCm q8 fp16 cache budget exhausted; using q8 kernels (request=64.00 MiB cached=0.00 GiB free=1.10 GiB reserve=1.59 GiB total=31.86 GiB)
ds4: ROCm q8 fp16 cache budget exhausted; using q8 kernels (request=64.00 MiB cached=0.00 GiB free=1.10 GiB reserve=1.59 GiB total=31.86 GiB)
ds4: ROCm q8 fp16 cache budget exhausted; using q8 kernels (request=64.00 MiB cached=0.00 GiB free=1.10 GiB reserve=1.59 GiB total=31.86 GiB)
ds4: ROCm q8 fp16 cache budget exhausted; using q8 kernels (request=64.00 MiB cached=0.00 GiB free=1.10 GiB reserve=1.59 GiB total=31.86 GiB)
ds4: ROCm q8 fp16 cache budget exhausted; using q8 kernels (request=64.00 MiB cached=0.00 GiB free=1.10 GiB reserve=1.59 GiB total=31.86 GiB)
ds4: ROCm q8 fp16 cache budget exhausted; using q8 kernels (request=64.00 MiB cached=0.00 GiB free=1.10 GiB reserve=1.59 GiB total=31.86 GiB)
ds4: ROCm q8 fp16 cache budget exhausted; using q8 kernels (request=64.00 MiB cached=0.00 GiB free=1.10 GiB reserve=1.59 GiB total=31.86 GiB)
ds4: ROCm q8 fp16 cache budget exhausted; using q8 kernels (request=64.00 MiB cached=0.00 GiB free=1.10 GiB reserve=1.59 GiB total=31.86 GiB)
ds4: ROCm q8 fp16 cache budget exhausted; using q8 kernels (request=64.00 MiB cached=0.00 GiB free=1.10 GiB reserve=1.59 GiB total=31.86 GiB)
ds4: ROCm q8 fp16 cache budget exhausted; using q8 kernels (request=64.00 MiB cached=0.00 GiB free=1.10 GiB reserve=1.59 GiB total=31.86 GiB)
ds4: ROCm q8 fp16 cache budget exhausted; using q8 kernels (request=64.00 MiB cached=0.00 GiB free=1.10 GiB reserve=1.59 GiB total=31.86 GiB)
ds4: ROCm q8 fp16 cache budget exhausted; using q8 kernels (request=64.00 MiB cached=0.00 GiB free=1.10 GiB reserve=1.59 GiB total=31.86 GiB)
ds4: ROCm q8 fp16 cache budget exhausted; using q8 kernels (request=64.00 MiB cached=0.00 GiB free=1.10 GiB reserve=1.59 GiB total=31.86 GiB)
ds4: ROCm q8 fp16 cache budget exhausted; using q8 kernels (request=64.00 MiB cached=0.00 GiB free=1.10 GiB reserve=1.59 GiB total=31.86 GiB)
ds4: ROCm q8 fp16 cache budget exhausted; using q8 kernels (request=64.00 MiB cached=0.00 GiB free=1.10 GiB reserve=1.59 GiB total=31.86 GiB)
ds4: ROCm q8 fp16 cache budget exhausted; using q8 kernels (request=64.00 MiB cached=0.00 GiB free=1.10 GiB reserve=1.59 GiB total=31.86 GiB)
ds4: ROCm q8 fp16 cache budget exhausted; using q8 kernels (request=64.00 MiB cached=0.00 GiB free=1.10 GiB reserve=1.59 GiB total=31.86 GiB)
case_013 cases=14 prompt=22 target=24 avg_nll=17.163928 lcp=0 api_target_mae=17.163928 api_top_coverage=97/120 api_top1=0.000 api_topn=0.093 api_pair=0.484
ds4: ROCm q8 fp16 cache budget exhausted; using q8 kernels (request=64.00 MiB cached=0.00 GiB free=1.10 GiB reserve=1.59 GiB total=31.86 GiB)
ds4: ROCm q8 fp16 cache budget exhausted; using q8 kernels (request=64.00 MiB cached=0.00 GiB free=1.10 GiB reserve=1.59 GiB total=31.86 GiB)
ds4: ROCm q8 fp16 cache budget exhausted; using q8 kernels (request=64.00 MiB cached=0.00 GiB free=1.10 GiB reserve=1.59 GiB total=31.86 GiB)
ds4: ROCm q8 fp16 cache budget exhausted; using q8 kernels (request=64.00 MiB cached=0.00 GiB free=1.10 GiB reserve=1.59 GiB total=31.86 GiB)
ds4: ROCm q8 fp16 cache budget exhausted; using q8 kernels (request=64.00 MiB cached=0.00 GiB free=1.10 GiB reserve=1.59 GiB total=31.86 GiB)
ds4: ROCm q8 fp16 cache budget exhausted; using q8 kernels (request=64.00 MiB cached=0.00 GiB free=1.10 GiB reserve=1.59 GiB total=31.86 GiB)
ds4: ROCm q8 fp16 cache budget exhausted; using q8 kernels (request=64.00 MiB cached=0.00 GiB free=1.10 GiB reserve=1.59 GiB total=31.86 GiB)
ds4: ROCm q8 fp16 cache budget exhausted; using q8 kernels (request=64.00 MiB cached=0.00 GiB free=1.10 GiB reserve=1.59 GiB total=31.86 GiB)
ds4: ROCm q8 fp16 cache budget exhausted; using q8 kernels (request=64.00 MiB cached=0.00 GiB free=1.10 GiB reserve=1.59 GiB total=31.86 GiB)
ds4: ROCm q8 fp16 cache budget exhausted; using q8 kernels (request=64.00 MiB cached=0.00 GiB free=1.10 GiB reserve=1.59 GiB total=31.86 GiB)
ds4: ROCm q8 fp16 cache budget exhausted; using q8 kernels (request=64.00 MiB cached=0.00 GiB free=1.10 GiB reserve=1.59 GiB total=31.86 GiB)
ds4: ROCm q8 fp16 cache budget exhausted; using q8 kernels (request=64.00 MiB cached=0.00 GiB free=1.10 GiB reserve=1.59 GiB total=31.86 GiB)
ds4: ROCm q8 fp16 cache budget exhausted; using q8 kernels (request=64.00 MiB cached=0.00 GiB free=1.10 GiB reserve=1.59 GiB total=31.86 GiB)
ds4: ROCm q8 fp16 cache budget exhausted; using q8 kernels (request=64.00 MiB cached=0.00 GiB free=1.10 GiB reserve=1.59 GiB total=31.86 GiB)
ds4: ROCm q8 fp16 cache budget exhausted; using q8 kernels (request=64.00 MiB cached=0.00 GiB free=1.10 GiB reserve=1.59 GiB total=31.86 GiB)
ds4: ROCm q8 fp16 cache budget exhausted; using q8 kernels (request=64.00 MiB cached=0.00 GiB free=1.10 GiB reserve=1.59 GiB total=31.86 GiB)
ds4: ROCm q8 fp16 cache budget exhausted; using q8 kernels (request=64.00 MiB cached=0.00 GiB free=1.10 GiB reserve=1.59 GiB total=31.86 GiB)
ds4: ROCm q8 fp16 cache budget exhausted; using q8 kernels (request=64.00 MiB cached=0.00 GiB free=1.10 GiB reserve=1.59 GiB total=31.86 GiB)
ds4: ROCm q8 fp16 cache budget exhausted; using q8 kernels (request=64.00 MiB cached=0.00 GiB free=1.10 GiB reserve=1.59 GiB total=31.86 GiB)
ds4: ROCm q8 fp16 cache budget exhausted; using q8 kernels (request=64.00 MiB cached=0.00 GiB free=1.10 GiB reserve=1.59 GiB total=31.86 GiB)
ds4: ROCm q8 fp16 cache budget exhausted; using q8 kernels (request=64.00 MiB cached=0.00 GiB free=1.10 GiB reserve=1.59 GiB total=31.86 GiB)
ds4: ROCm q8 fp16 cache budget exhausted; using q8 kernels (request=64.00 MiB cached=0.00 GiB free=1.10 GiB reserve=1.59 GiB total=31.86 GiB)
ds4: ROCm q8 fp16 cache budget exhausted; using q8 kernels (request=64.00 MiB cached=0.00 GiB free=1.10 GiB reserve=1.59 GiB total=31.86 GiB)
ds4: ROCm q8 fp16 cache budget exhausted; using q8 kernels (request=64.00 MiB cached=0.00 GiB free=1.10 GiB reserve=1.59 GiB total=31.86 GiB)
ds4: ROCm q8 fp16 cache budget exhausted; using q8 kernels (request=64.00 MiB cached=0.00 GiB free=1.10 GiB reserve=1.59 GiB total=31.86 GiB)
ds4: ROCm q8 fp16 cache budget exhausted; using q8 kernels (request=64.00 MiB cached=0.00 GiB free=1.10 GiB reserve=1.59 GiB total=31.86 GiB)
ds4: ROCm q8 fp16 cache budget exhausted; using q8 kernels (request=64.00 MiB cached=0.00 GiB free=1.10 GiB reserve=1.59 GiB total=31.86 GiB)
ds4: ROCm q8 fp16 cache budget exhausted; using q8 kernels (request=64.00 MiB cached=0.00 GiB free=1.10 GiB reserve=1.59 GiB total=31.86 GiB)
ds4: ROCm q8 fp16 cache budget exhausted; using q8 kernels (request=64.00 MiB cached=0.00 GiB free=1.10 GiB reserve=1.59 GiB total=31.86 GiB)
ds4: ROCm q8 fp16 cache budget exhausted; using q8 kernels (request=64.00 MiB cached=0.00 GiB free=1.10 GiB reserve=1.59 GiB total=31.86 GiB)
ds4: ROCm q8 fp16 cache budget exhausted; using q8 kernels (request=64.00 MiB cached=0.00 GiB free=1.10 GiB reserve=1.59 GiB total=31.86 GiB)
ds4: ROCm q8 fp16 cache budget exhausted; using q8 kernels (request=64.00 MiB cached=0.00 GiB free=1.10 GiB reserve=1.59 GiB total=31.86 GiB)
ds4: ROCm q8 fp16 cache budget exhausted; using q8 kernels (request=64.00 MiB cached=0.00 GiB free=1.10 GiB reserve=1.59 GiB total=31.86 GiB)
ds4: ROCm q8 fp16 cache budget exhausted; using q8 kernels (request=64.00 MiB cached=0.00 GiB free=1.10 GiB reserve=1.59 GiB total=31.86 GiB)
ds4: ROCm q8 fp16 cache budget exhausted; using q8 kernels (request=64.00 MiB cached=0.00 GiB free=1.10 GiB reserve=1.59 GiB total=31.86 GiB)
ds4: ROCm q8 fp16 cache budget exhausted; using q8 kernels (request=64.00 MiB cached=0.00 GiB free=1.10 GiB reserve=1.59 GiB total=31.86 GiB)
ds4: ROCm q8 fp16 cache budget exhausted; using q8 kernels (request=64.00 MiB cached=0.00 GiB free=1.10 GiB reserve=1.59 GiB total=31.86 GiB)
ds4: ROCm q8 fp16 cache budget exhausted; using q8 kernels (request=64.00 MiB cached=0.00 GiB free=1.10 GiB reserve=1.59 GiB total=31.86 GiB)
ds4: ROCm q8 fp16 cache budget exhausted; using q8 kernels (request=64.00 MiB cached=0.00 GiB free=1.10 GiB reserve=1.59 GiB total=31.86 GiB)
ds4: ROCm q8 fp16 cache budget exhausted; using q8 kernels (request=64.00 MiB cached=0.00 GiB free=1.10 GiB reserve=1.59 GiB total=31.86 GiB)
ds4: ROCm q8 fp16 cache budget exhausted; using q8 kernels (request=64.00 MiB cached=0.00 GiB free=1.10 GiB reserve=1.59 GiB total=31.86 GiB)
ds4: ROCm q8 fp16 cache budget exhausted; using q8 kernels (request=64.00 MiB cached=0.00 GiB free=1.10 GiB reserve=1.59 GiB total=31.86 GiB)
ds4: ROCm q8 fp16 cache budget exhausted; using q8 kernels (request=64.00 MiB cached=0.00 GiB free=1.10 GiB reserve=1.59 GiB total=31.86 GiB)
case_014 cases=15 prompt=21 target=24 avg_nll=16.276630 lcp=0 api_target_mae=16.276630 api_top_coverage=98/120 api_top1=0.000 api_topn=0.122 api_pair=0.508
ds4: ROCm q8 fp16 cache budget exhausted; using q8 kernels (request=64.00 MiB cached=0.00 GiB free=1.10 GiB reserve=1.59 GiB total=31.86 GiB)
ds4: ROCm q8 fp16 cache budget exhausted; using q8 kernels (request=64.00 MiB cached=0.00 GiB free=1.10 GiB reserve=1.59 GiB total=31.86 GiB)
ds4: ROCm q8 fp16 cache budget exhausted; using q8 kernels (request=64.00 MiB cached=0.00 GiB free=1.10 GiB reserve=1.59 GiB total=31.86 GiB)
ds4: ROCm q8 fp16 cache budget exhausted; using q8 kernels (request=64.00 MiB cached=0.00 GiB free=1.10 GiB reserve=1.59 GiB total=31.86 GiB)
ds4: ROCm q8 fp16 cache budget exhausted; using q8 kernels (request=64.00 MiB cached=0.00 GiB free=1.10 GiB reserve=1.59 GiB total=31.86 GiB)
ds4: ROCm q8 fp16 cache budget exhausted; using q8 kernels (request=64.00 MiB cached=0.00 GiB free=1.10 GiB reserve=1.59 GiB total=31.86 GiB)
ds4: ROCm q8 fp16 cache budget exhausted; using q8 kernels (request=64.00 MiB cached=0.00 GiB free=1.10 GiB reserve=1.59 GiB total=31.86 GiB)
ds4: ROCm q8 fp16 cache budget exhausted; using q8 kernels (request=64.00 MiB cached=0.00 GiB free=1.10 GiB reserve=1.59 GiB total=31.86 GiB)
ds4: ROCm q8 fp16 cache budget exhausted; using q8 kernels (request=64.00 MiB cached=0.00 GiB free=1.10 GiB reserve=1.59 GiB total=31.86 GiB)
ds4: ROCm q8 fp16 cache budget exhausted; using q8 kernels (request=64.00 MiB cached=0.00 GiB free=1.10 GiB reserve=1.59 GiB total=31.86 GiB)
ds4: ROCm q8 fp16 cache budget exhausted; using q8 kernels (request=64.00 MiB cached=0.00 GiB free=1.10 GiB reserve=1.59 GiB total=31.86 GiB)
ds4: ROCm q8 fp16 cache budget exhausted; using q8 kernels (request=64.00 MiB cached=0.00 GiB free=1.10 GiB reserve=1.59 GiB total=31.86 GiB)
ds4: ROCm q8 fp16 cache budget exhausted; using q8 kernels (request=64.00 MiB cached=0.00 GiB free=1.10 GiB reserve=1.59 GiB total=31.86 GiB)
ds4: ROCm q8 fp16 cache budget exhausted; using q8 kernels (request=64.00 MiB cached=0.00 GiB free=1.10 GiB reserve=1.59 GiB total=31.86 GiB)
ds4: ROCm q8 fp16 cache budget exhausted; using q8 kernels (request=64.00 MiB cached=0.00 GiB free=1.10 GiB reserve=1.59 GiB total=31.86 GiB)
ds4: ROCm q8 fp16 cache budget exhausted; using q8 kernels (request=64.00 MiB cached=0.00 GiB free=1.10 GiB reserve=1.59 GiB total=31.86 GiB)
ds4: ROCm q8 fp16 cache budget exhausted; using q8 kernels (request=64.00 MiB cached=0.00 GiB free=1.10 GiB reserve=1.59 GiB total=31.86 GiB)
ds4: ROCm q8 fp16 cache budget exhausted; using q8 kernels (request=64.00 MiB cached=0.00 GiB free=1.10 GiB reserve=1.59 GiB total=31.86 GiB)
ds4: ROCm q8 fp16 cache budget exhausted; using q8 kernels (request=64.00 MiB cached=0.00 GiB free=1.10 GiB reserve=1.59 GiB total=31.86 GiB)
ds4: ROCm q8 fp16 cache budget exhausted; using q8 kernels (request=64.00 MiB cached=0.00 GiB free=1.10 GiB reserve=1.59 GiB total=31.86 GiB)
ds4: ROCm q8 fp16 cache budget exhausted; using q8 kernels (request=64.00 MiB cached=0.00 GiB free=1.10 GiB reserve=1.59 GiB total=31.86 GiB)
ds4: ROCm q8 fp16 cache budget exhausted; using q8 kernels (request=64.00 MiB cached=0.00 GiB free=1.10 GiB reserve=1.59 GiB total=31.86 GiB)
ds4: ROCm q8 fp16 cache budget exhausted; using q8 kernels (request=64.00 MiB cached=0.00 GiB free=1.10 GiB reserve=1.59 GiB total=31.86 GiB)
ds4: ROCm q8 fp16 cache budget exhausted; using q8 kernels (request=64.00 MiB cached=0.00 GiB free=1.10 GiB reserve=1.59 GiB total=31.86 GiB)
ds4: ROCm q8 fp16 cache budget exhausted; using q8 kernels (request=64.00 MiB cached=0.00 GiB free=1.10 GiB reserve=1.59 GiB total=31.86 GiB)
ds4: ROCm q8 fp16 cache budget exhausted; using q8 kernels (request=64.00 MiB cached=0.00 GiB free=1.10 GiB reserve=1.59 GiB total=31.86 GiB)
ds4: ROCm q8 fp16 cache budget exhausted; using q8 kernels (request=64.00 MiB cached=0.00 GiB free=1.10 GiB reserve=1.59 GiB total=31.86 GiB)
ds4: ROCm q8 fp16 cache budget exhausted; using q8 kernels (request=64.00 MiB cached=0.00 GiB free=1.10 GiB reserve=1.59 GiB total=31.86 GiB)
ds4: ROCm q8 fp16 cache budget exhausted; using q8 kernels (request=64.00 MiB cached=0.00 GiB free=1.10 GiB reserve=1.59 GiB total=31.86 GiB)
ds4: ROCm q8 fp16 cache budget exhausted; using q8 kernels (request=64.00 MiB cached=0.00 GiB free=1.10 GiB reserve=1.59 GiB total=31.86 GiB)
ds4: ROCm q8 fp16 cache budget exhausted; using q8 kernels (request=64.00 MiB cached=0.00 GiB free=1.10 GiB reserve=1.59 GiB total=31.86 GiB)
ds4: ROCm q8 fp16 cache budget exhausted; using q8 kernels (request=64.00 MiB cached=0.00 GiB free=1.10 GiB reserve=1.59 GiB total=31.86 GiB)
ds4: ROCm q8 fp16 cache budget exhausted; using q8 kernels (request=64.00 MiB cached=0.00 GiB free=1.10 GiB reserve=1.59 GiB total=31.86 GiB)
ds4: ROCm q8 fp16 cache budget exhausted; using q8 kernels (request=64.00 MiB cached=0.00 GiB free=1.10 GiB reserve=1.59 GiB total=31.86 GiB)
ds4: ROCm q8 fp16 cache budget exhausted; using q8 kernels (request=64.00 MiB cached=0.00 GiB free=1.10 GiB reserve=1.59 GiB total=31.86 GiB)
ds4: ROCm q8 fp16 cache budget exhausted; using q8 kernels (request=64.00 MiB cached=0.00 GiB free=1.10 GiB reserve=1.59 GiB total=31.86 GiB)
ds4: ROCm q8 fp16 cache budget exhausted; using q8 kernels (request=64.00 MiB cached=0.00 GiB free=1.10 GiB reserve=1.59 GiB total=31.86 GiB)
ds4: ROCm q8 fp16 cache budget exhausted; using q8 kernels (request=64.00 MiB cached=0.00 GiB free=1.10 GiB reserve=1.59 GiB total=31.86 GiB)
ds4: ROCm q8 fp16 cache budget exhausted; using q8 kernels (request=64.00 MiB cached=0.00 GiB free=1.10 GiB reserve=1.59 GiB total=31.86 GiB)
ds4: ROCm q8 fp16 cache budget exhausted; using q8 kernels (request=64.00 MiB cached=0.00 GiB free=1.10 GiB reserve=1.59 GiB total=31.86 GiB)
ds4: ROCm q8 fp16 cache budget exhausted; using q8 kernels (request=64.00 MiB cached=0.00 GiB free=1.10 GiB reserve=1.59 GiB total=31.86 GiB)
ds4: ROCm q8 fp16 cache budget exhausted; using q8 kernels (request=64.00 MiB cached=0.00 GiB free=1.10 GiB reserve=1.59 GiB total=31.86 GiB)
ds4: ROCm q8 fp16 cache budget exhausted; using q8 kernels (request=64.00 MiB cached=0.00 GiB free=1.10 GiB reserve=1.59 GiB total=31.86 GiB)
case_015 cases=16 prompt=22 target=24 avg_nll=17.417270 lcp=1 api_target_mae=17.417270 api_top_coverage=96/120 api_top1=0.042 api_topn=0.021 api_pair=0.580
ds4: ROCm q8 fp16 cache budget exhausted; using q8 kernels (request=64.00 MiB cached=0.00 GiB free=1.10 GiB reserve=1.59 GiB total=31.86 GiB)
ds4: ROCm q8 fp16 cache budget exhausted; using q8 kernels (request=64.00 MiB cached=0.00 GiB free=1.10 GiB reserve=1.59 GiB total=31.86 GiB)
ds4: ROCm q8 fp16 cache budget exhausted; using q8 kernels (request=64.00 MiB cached=0.00 GiB free=1.10 GiB reserve=1.59 GiB total=31.86 GiB)
ds4: ROCm q8 fp16 cache budget exhausted; using q8 kernels (request=64.00 MiB cached=0.00 GiB free=1.10 GiB reserve=1.59 GiB total=31.86 GiB)
ds4: ROCm q8 fp16 cache budget exhausted; using q8 kernels (request=64.00 MiB cached=0.00 GiB free=1.10 GiB reserve=1.59 GiB total=31.86 GiB)
ds4: ROCm q8 fp16 cache budget exhausted; using q8 kernels (request=64.00 MiB cached=0.00 GiB free=1.10 GiB reserve=1.59 GiB total=31.86 GiB)
ds4: ROCm q8 fp16 cache budget exhausted; using q8 kernels (request=64.00 MiB cached=0.00 GiB free=1.10 GiB reserve=1.59 GiB total=31.86 GiB)
ds4: ROCm q8 fp16 cache budget exhausted; using q8 kernels (request=64.00 MiB cached=0.00 GiB free=1.10 GiB reserve=1.59 GiB total=31.86 GiB)
ds4: ROCm q8 fp16 cache budget exhausted; using q8 kernels (request=64.00 MiB cached=0.00 GiB free=1.10 GiB reserve=1.59 GiB total=31.86 GiB)
ds4: ROCm q8 fp16 cache budget exhausted; using q8 kernels (request=64.00 MiB cached=0.00 GiB free=1.10 GiB reserve=1.59 GiB total=31.86 GiB)
ds4: ROCm q8 fp16 cache budget exhausted; using q8 kernels (request=64.00 MiB cached=0.00 GiB free=1.10 GiB reserve=1.59 GiB total=31.86 GiB)
ds4: ROCm q8 fp16 cache budget exhausted; using q8 kernels (request=64.00 MiB cached=0.00 GiB free=1.10 GiB reserve=1.59 GiB total=31.86 GiB)
ds4: ROCm q8 fp16 cache budget exhausted; using q8 kernels (request=64.00 MiB cached=0.00 GiB free=1.10 GiB reserve=1.59 GiB total=31.86 GiB)
ds4: ROCm q8 fp16 cache budget exhausted; using q8 kernels (request=64.00 MiB cached=0.00 GiB free=1.10 GiB reserve=1.59 GiB total=31.86 GiB)
ds4: ROCm q8 fp16 cache budget exhausted; using q8 kernels (request=64.00 MiB cached=0.00 GiB free=1.10 GiB reserve=1.59 GiB total=31.86 GiB)
ds4: ROCm q8 fp16 cache budget exhausted; using q8 kernels (request=64.00 MiB cached=0.00 GiB free=1.10 GiB reserve=1.59 GiB total=31.86 GiB)
ds4: ROCm q8 fp16 cache budget exhausted; using q8 kernels (request=64.00 MiB cached=0.00 GiB free=1.10 GiB reserve=1.59 GiB total=31.86 GiB)
ds4: ROCm q8 fp16 cache budget exhausted; using q8 kernels (request=64.00 MiB cached=0.00 GiB free=1.10 GiB reserve=1.59 GiB total=31.86 GiB)
ds4: ROCm q8 fp16 cache budget exhausted; using q8 kernels (request=64.00 MiB cached=0.00 GiB free=1.10 GiB reserve=1.59 GiB total=31.86 GiB)
ds4: ROCm q8 fp16 cache budget exhausted; using q8 kernels (request=64.00 MiB cached=0.00 GiB free=1.10 GiB reserve=1.59 GiB total=31.86 GiB)
ds4: ROCm q8 fp16 cache budget exhausted; using q8 kernels (request=64.00 MiB cached=0.00 GiB free=1.10 GiB reserve=1.59 GiB total=31.86 GiB)
ds4: ROCm q8 fp16 cache budget exhausted; using q8 kernels (request=64.00 MiB cached=0.00 GiB free=1.10 GiB reserve=1.59 GiB total=31.86 GiB)
ds4: ROCm q8 fp16 cache budget exhausted; using q8 kernels (request=64.00 MiB cached=0.00 GiB free=1.10 GiB reserve=1.59 GiB total=31.86 GiB)
ds4: ROCm q8 fp16 cache budget exhausted; using q8 kernels (request=64.00 MiB cached=0.00 GiB free=1.10 GiB reserve=1.59 GiB total=31.86 GiB)
ds4: ROCm q8 fp16 cache budget exhausted; using q8 kernels (request=64.00 MiB cached=0.00 GiB free=1.10 GiB reserve=1.59 GiB total=31.86 GiB)
ds4: ROCm q8 fp16 cache budget exhausted; using q8 kernels (request=64.00 MiB cached=0.00 GiB free=1.10 GiB reserve=1.59 GiB total=31.86 GiB)
ds4: ROCm q8 fp16 cache budget exhausted; using q8 kernels (request=64.00 MiB cached=0.00 GiB free=1.10 GiB reserve=1.59 GiB total=31.86 GiB)
ds4: ROCm q8 fp16 cache budget exhausted; using q8 kernels (request=64.00 MiB cached=0.00 GiB free=1.10 GiB reserve=1.59 GiB total=31.86 GiB)
ds4: ROCm q8 fp16 cache budget exhausted; using q8 kernels (request=64.00 MiB cached=0.00 GiB free=1.10 GiB reserve=1.59 GiB total=31.86 GiB)
ds4: ROCm q8 fp16 cache budget exhausted; using q8 kernels (request=64.00 MiB cached=0.00 GiB free=1.10 GiB reserve=1.59 GiB total=31.86 GiB)
ds4: ROCm q8 fp16 cache budget exhausted; using q8 kernels (request=64.00 MiB cached=0.00 GiB free=1.10 GiB reserve=1.59 GiB total=31.86 GiB)
ds4: ROCm q8 fp16 cache budget exhausted; using q8 kernels (request=64.00 MiB cached=0.00 GiB free=1.10 GiB reserve=1.59 GiB total=31.86 GiB)
ds4: ROCm q8 fp16 cache budget exhausted; using q8 kernels (request=64.00 MiB cached=0.00 GiB free=1.10 GiB reserve=1.59 GiB total=31.86 GiB)
ds4: ROCm q8 fp16 cache budget exhausted; using q8 kernels (request=64.00 MiB cached=0.00 GiB free=1.10 GiB reserve=1.59 GiB total=31.86 GiB)
ds4: ROCm q8 fp16 cache budget exhausted; using q8 kernels (request=64.00 MiB cached=0.00 GiB free=1.10 GiB reserve=1.59 GiB total=31.86 GiB)
ds4: ROCm q8 fp16 cache budget exhausted; using q8 kernels (request=64.00 MiB cached=0.00 GiB free=1.10 GiB reserve=1.59 GiB total=31.86 GiB)
ds4: ROCm q8 fp16 cache budget exhausted; using q8 kernels (request=64.00 MiB cached=0.00 GiB free=1.10 GiB reserve=1.59 GiB total=31.86 GiB)
ds4: ROCm q8 fp16 cache budget exhausted; using q8 kernels (request=64.00 MiB cached=0.00 GiB free=1.10 GiB reserve=1.59 GiB total=31.86 GiB)
ds4: ROCm q8 fp16 cache budget exhausted; using q8 kernels (request=64.00 MiB cached=0.00 GiB free=1.10 GiB reserve=1.59 GiB total=31.86 GiB)
ds4: ROCm q8 fp16 cache budget exhausted; using q8 kernels (request=64.00 MiB cached=0.00 GiB free=1.10 GiB reserve=1.59 GiB total=31.86 GiB)
ds4: ROCm q8 fp16 cache budget exhausted; using q8 kernels (request=64.00 MiB cached=0.00 GiB free=1.10 GiB reserve=1.59 GiB total=31.86 GiB)
ds4: ROCm q8 fp16 cache budget exhausted; using q8 kernels (request=64.00 MiB cached=0.00 GiB free=1.10 GiB reserve=1.59 GiB total=31.86 GiB)
ds4: ROCm q8 fp16 cache budget exhausted; using q8 kernels (request=64.00 MiB cached=0.00 GiB free=1.10 GiB reserve=1.59 GiB total=31.86 GiB)
case_016 cases=17 prompt=19 target=24 avg_nll=17.016772 lcp=1 api_target_mae=17.016772 api_top_coverage=97/120 api_top1=0.042 api_topn=0.113 api_pair=0.545
ds4: ROCm q8 fp16 cache budget exhausted; using q8 kernels (request=64.00 MiB cached=0.00 GiB free=1.10 GiB reserve=1.59 GiB total=31.86 GiB)
ds4: ROCm q8 fp16 cache budget exhausted; using q8 kernels (request=64.00 MiB cached=0.00 GiB free=1.10 GiB reserve=1.59 GiB total=31.86 GiB)
ds4: ROCm q8 fp16 cache budget exhausted; using q8 kernels (request=64.00 MiB cached=0.00 GiB free=1.10 GiB reserve=1.59 GiB total=31.86 GiB)
ds4: ROCm q8 fp16 cache budget exhausted; using q8 kernels (request=64.00 MiB cached=0.00 GiB free=1.10 GiB reserve=1.59 GiB total=31.86 GiB)
ds4: ROCm q8 fp16 cache budget exhausted; using q8 kernels (request=64.00 MiB cached=0.00 GiB free=1.10 GiB reserve=1.59 GiB total=31.86 GiB)
ds4: ROCm q8 fp16 cache budget exhausted; using q8 kernels (request=64.00 MiB cached=0.00 GiB free=1.10 GiB reserve=1.59 GiB total=31.86 GiB)
ds4: ROCm q8 fp16 cache budget exhausted; using q8 kernels (request=64.00 MiB cached=0.00 GiB free=1.10 GiB reserve=1.59 GiB total=31.86 GiB)
ds4: ROCm q8 fp16 cache budget exhausted; using q8 kernels (request=64.00 MiB cached=0.00 GiB free=1.10 GiB reserve=1.59 GiB total=31.86 GiB)
ds4: ROCm q8 fp16 cache budget exhausted; using q8 kernels (request=64.00 MiB cached=0.00 GiB free=1.10 GiB reserve=1.59 GiB total=31.86 GiB)
ds4: ROCm q8 fp16 cache budget exhausted; using q8 kernels (request=64.00 MiB cached=0.00 GiB free=1.10 GiB reserve=1.59 GiB total=31.86 GiB)
ds4: ROCm q8 fp16 cache budget exhausted; using q8 kernels (request=64.00 MiB cached=0.00 GiB free=1.10 GiB reserve=1.59 GiB total=31.86 GiB)
ds4: ROCm q8 fp16 cache budget exhausted; using q8 kernels (request=64.00 MiB cached=0.00 GiB free=1.10 GiB reserve=1.59 GiB total=31.86 GiB)
ds4: ROCm q8 fp16 cache budget exhausted; using q8 kernels (request=64.00 MiB cached=0.00 GiB free=1.10 GiB reserve=1.59 GiB total=31.86 GiB)
ds4: ROCm q8 fp16 cache budget exhausted; using q8 kernels (request=64.00 MiB cached=0.00 GiB free=1.10 GiB reserve=1.59 GiB total=31.86 GiB)
ds4: ROCm q8 fp16 cache budget exhausted; using q8 kernels (request=64.00 MiB cached=0.00 GiB free=1.10 GiB reserve=1.59 GiB total=31.86 GiB)
ds4: ROCm q8 fp16 cache budget exhausted; using q8 kernels (request=64.00 MiB cached=0.00 GiB free=1.10 GiB reserve=1.59 GiB total=31.86 GiB)
ds4: ROCm q8 fp16 cache budget exhausted; using q8 kernels (request=64.00 MiB cached=0.00 GiB free=1.10 GiB reserve=1.59 GiB total=31.86 GiB)
ds4: ROCm q8 fp16 cache budget exhausted; using q8 kernels (request=64.00 MiB cached=0.00 GiB free=1.10 GiB reserve=1.59 GiB total=31.86 GiB)
ds4: ROCm q8 fp16 cache budget exhausted; using q8 kernels (request=64.00 MiB cached=0.00 GiB free=1.10 GiB reserve=1.59 GiB total=31.86 GiB)
ds4: ROCm q8 fp16 cache budget exhausted; using q8 kernels (request=64.00 MiB cached=0.00 GiB free=1.10 GiB reserve=1.59 GiB total=31.86 GiB)
ds4: ROCm q8 fp16 cache budget exhausted; using q8 kernels (request=64.00 MiB cached=0.00 GiB free=1.10 GiB reserve=1.59 GiB total=31.86 GiB)
ds4: ROCm q8 fp16 cache budget exhausted; using q8 kernels (request=64.00 MiB cached=0.00 GiB free=1.10 GiB reserve=1.59 GiB total=31.86 GiB)
ds4: ROCm q8 fp16 cache budget exhausted; using q8 kernels (request=64.00 MiB cached=0.00 GiB free=1.10 GiB reserve=1.59 GiB total=31.86 GiB)
ds4: ROCm q8 fp16 cache budget exhausted; using q8 kernels (request=64.00 MiB cached=0.00 GiB free=1.10 GiB reserve=1.59 GiB total=31.86 GiB)
ds4: ROCm q8 fp16 cache budget exhausted; using q8 kernels (request=64.00 MiB cached=0.00 GiB free=1.10 GiB reserve=1.59 GiB total=31.86 GiB)
ds4: ROCm q8 fp16 cache budget exhausted; using q8 kernels (request=64.00 MiB cached=0.00 GiB free=1.10 GiB reserve=1.59 GiB total=31.86 GiB)
ds4: ROCm q8 fp16 cache budget exhausted; using q8 kernels (request=64.00 MiB cached=0.00 GiB free=1.10 GiB reserve=1.59 GiB total=31.86 GiB)
ds4: ROCm q8 fp16 cache budget exhausted; using q8 kernels (request=64.00 MiB cached=0.00 GiB free=1.10 GiB reserve=1.59 GiB total=31.86 GiB)
ds4: ROCm q8 fp16 cache budget exhausted; using q8 kernels (request=64.00 MiB cached=0.00 GiB free=1.10 GiB reserve=1.59 GiB total=31.86 GiB)
ds4: ROCm q8 fp16 cache budget exhausted; using q8 kernels (request=64.00 MiB cached=0.00 GiB free=1.10 GiB reserve=1.59 GiB total=31.86 GiB)
ds4: ROCm q8 fp16 cache budget exhausted; using q8 kernels (request=64.00 MiB cached=0.00 GiB free=1.10 GiB reserve=1.59 GiB total=31.86 GiB)
ds4: ROCm q8 fp16 cache budget exhausted; using q8 kernels (request=64.00 MiB cached=0.00 GiB free=1.10 GiB reserve=1.59 GiB total=31.86 GiB)
ds4: ROCm q8 fp16 cache budget exhausted; using q8 kernels (request=64.00 MiB cached=0.00 GiB free=1.10 GiB reserve=1.59 GiB total=31.86 GiB)
ds4: ROCm q8 fp16 cache budget exhausted; using q8 kernels (request=64.00 MiB cached=0.00 GiB free=1.10 GiB reserve=1.59 GiB total=31.86 GiB)
ds4: ROCm q8 fp16 cache budget exhausted; using q8 kernels (request=64.00 MiB cached=0.00 GiB free=1.10 GiB reserve=1.59 GiB total=31.86 GiB)
ds4: ROCm q8 fp16 cache budget exhausted; using q8 kernels (request=64.00 MiB cached=0.00 GiB free=1.10 GiB reserve=1.59 GiB total=31.86 GiB)
ds4: ROCm q8 fp16 cache budget exhausted; using q8 kernels (request=64.00 MiB cached=0.00 GiB free=1.10 GiB reserve=1.59 GiB total=31.86 GiB)
ds4: ROCm q8 fp16 cache budget exhausted; using q8 kernels (request=64.00 MiB cached=0.00 GiB free=1.10 GiB reserve=1.59 GiB total=31.86 GiB)
ds4: ROCm q8 fp16 cache budget exhausted; using q8 kernels (request=64.00 MiB cached=0.00 GiB free=1.10 GiB reserve=1.59 GiB total=31.86 GiB)
ds4: ROCm q8 fp16 cache budget exhausted; using q8 kernels (request=64.00 MiB cached=0.00 GiB free=1.10 GiB reserve=1.59 GiB total=31.86 GiB)
ds4: ROCm q8 fp16 cache budget exhausted; using q8 kernels (request=64.00 MiB cached=0.00 GiB free=1.10 GiB reserve=1.59 GiB total=31.86 GiB)
ds4: ROCm q8 fp16 cache budget exhausted; using q8 kernels (request=64.00 MiB cached=0.00 GiB free=1.10 GiB reserve=1.59 GiB total=31.86 GiB)
ds4: ROCm q8 fp16 cache budget exhausted; using q8 kernels (request=64.00 MiB cached=0.00 GiB free=1.10 GiB reserve=1.59 GiB total=31.86 GiB)
case_017 cases=18 prompt=26 target=24 avg_nll=15.648277 lcp=0 api_target_mae=15.648277 api_top_coverage=96/120 api_top1=0.000 api_topn=0.083 api_pair=0.474
ds4: ROCm q8 fp16 cache budget exhausted; using q8 kernels (request=64.00 MiB cached=0.00 GiB free=1.10 GiB reserve=1.59 GiB total=31.86 GiB)
ds4: ROCm q8 fp16 cache budget exhausted; using q8 kernels (request=64.00 MiB cached=0.00 GiB free=1.10 GiB reserve=1.59 GiB total=31.86 GiB)
ds4: ROCm q8 fp16 cache budget exhausted; using q8 kernels (request=64.00 MiB cached=0.00 GiB free=1.10 GiB reserve=1.59 GiB total=31.86 GiB)
ds4: ROCm q8 fp16 cache budget exhausted; using q8 kernels (request=64.00 MiB cached=0.00 GiB free=1.10 GiB reserve=1.59 GiB total=31.86 GiB)
ds4: ROCm q8 fp16 cache budget exhausted; using q8 kernels (request=64.00 MiB cached=0.00 GiB free=1.10 GiB reserve=1.59 GiB total=31.86 GiB)
ds4: ROCm q8 fp16 cache budget exhausted; using q8 kernels (request=64.00 MiB cached=0.00 GiB free=1.10 GiB reserve=1.59 GiB total=31.86 GiB)
ds4: ROCm q8 fp16 cache budget exhausted; using q8 kernels (request=64.00 MiB cached=0.00 GiB free=1.10 GiB reserve=1.59 GiB total=31.86 GiB)
ds4: ROCm q8 fp16 cache budget exhausted; using q8 kernels (request=64.00 MiB cached=0.00 GiB free=1.10 GiB reserve=1.59 GiB total=31.86 GiB)
ds4: ROCm q8 fp16 cache budget exhausted; using q8 kernels (request=64.00 MiB cached=0.00 GiB free=1.10 GiB reserve=1.59 GiB total=31.86 GiB)
ds4: ROCm q8 fp16 cache budget exhausted; using q8 kernels (request=64.00 MiB cached=0.00 GiB free=1.10 GiB reserve=1.59 GiB total=31.86 GiB)
ds4: ROCm q8 fp16 cache budget exhausted; using q8 kernels (request=64.00 MiB cached=0.00 GiB free=1.10 GiB reserve=1.59 GiB total=31.86 GiB)
ds4: ROCm q8 fp16 cache budget exhausted; using q8 kernels (request=64.00 MiB cached=0.00 GiB free=1.10 GiB reserve=1.59 GiB total=31.86 GiB)
ds4: ROCm q8 fp16 cache budget exhausted; using q8 kernels (request=64.00 MiB cached=0.00 GiB free=1.10 GiB reserve=1.59 GiB total=31.86 GiB)
ds4: ROCm q8 fp16 cache budget exhausted; using q8 kernels (request=64.00 MiB cached=0.00 GiB free=1.10 GiB reserve=1.59 GiB total=31.86 GiB)
ds4: ROCm q8 fp16 cache budget exhausted; using q8 kernels (request=64.00 MiB cached=0.00 GiB free=1.10 GiB reserve=1.59 GiB total=31.86 GiB)
ds4: ROCm q8 fp16 cache budget exhausted; using q8 kernels (request=64.00 MiB cached=0.00 GiB free=1.10 GiB reserve=1.59 GiB total=31.86 GiB)
ds4: ROCm q8 fp16 cache budget exhausted; using q8 kernels (request=64.00 MiB cached=0.00 GiB free=1.10 GiB reserve=1.59 GiB total=31.86 GiB)
ds4: ROCm q8 fp16 cache budget exhausted; using q8 kernels (request=64.00 MiB cached=0.00 GiB free=1.10 GiB reserve=1.59 GiB total=31.86 GiB)
ds4: ROCm q8 fp16 cache budget exhausted; using q8 kernels (request=64.00 MiB cached=0.00 GiB free=1.10 GiB reserve=1.59 GiB total=31.86 GiB)
ds4: ROCm q8 fp16 cache budget exhausted; using q8 kernels (request=64.00 MiB cached=0.00 GiB free=1.10 GiB reserve=1.59 GiB total=31.86 GiB)
ds4: ROCm q8 fp16 cache budget exhausted; using q8 kernels (request=64.00 MiB cached=0.00 GiB free=1.10 GiB reserve=1.59 GiB total=31.86 GiB)
ds4: ROCm q8 fp16 cache budget exhausted; using q8 kernels (request=64.00 MiB cached=0.00 GiB free=1.10 GiB reserve=1.59 GiB total=31.86 GiB)
ds4: ROCm q8 fp16 cache budget exhausted; using q8 kernels (request=64.00 MiB cached=0.00 GiB free=1.10 GiB reserve=1.59 GiB total=31.86 GiB)
ds4: ROCm q8 fp16 cache budget exhausted; using q8 kernels (request=64.00 MiB cached=0.00 GiB free=1.10 GiB reserve=1.59 GiB total=31.86 GiB)
ds4: ROCm q8 fp16 cache budget exhausted; using q8 kernels (request=64.00 MiB cached=0.00 GiB free=1.10 GiB reserve=1.59 GiB total=31.86 GiB)
ds4: ROCm q8 fp16 cache budget exhausted; using q8 kernels (request=64.00 MiB cached=0.00 GiB free=1.10 GiB reserve=1.59 GiB total=31.86 GiB)
ds4: ROCm q8 fp16 cache budget exhausted; using q8 kernels (request=64.00 MiB cached=0.00 GiB free=1.10 GiB reserve=1.59 GiB total=31.86 GiB)
ds4: ROCm q8 fp16 cache budget exhausted; using q8 kernels (request=64.00 MiB cached=0.00 GiB free=1.10 GiB reserve=1.59 GiB total=31.86 GiB)
ds4: ROCm q8 fp16 cache budget exhausted; using q8 kernels (request=64.00 MiB cached=0.00 GiB free=1.10 GiB reserve=1.59 GiB total=31.86 GiB)
ds4: ROCm q8 fp16 cache budget exhausted; using q8 kernels (request=64.00 MiB cached=0.00 GiB free=1.10 GiB reserve=1.59 GiB total=31.86 GiB)
ds4: ROCm q8 fp16 cache budget exhausted; using q8 kernels (request=64.00 MiB cached=0.00 GiB free=1.10 GiB reserve=1.59 GiB total=31.86 GiB)
ds4: ROCm q8 fp16 cache budget exhausted; using q8 kernels (request=64.00 MiB cached=0.00 GiB free=1.10 GiB reserve=1.59 GiB total=31.86 GiB)
ds4: ROCm q8 fp16 cache budget exhausted; using q8 kernels (request=64.00 MiB cached=0.00 GiB free=1.10 GiB reserve=1.59 GiB total=31.86 GiB)
ds4: ROCm q8 fp16 cache budget exhausted; using q8 kernels (request=64.00 MiB cached=0.00 GiB free=1.10 GiB reserve=1.59 GiB total=31.86 GiB)
ds4: ROCm q8 fp16 cache budget exhausted; using q8 kernels (request=64.00 MiB cached=0.00 GiB free=1.10 GiB reserve=1.59 GiB total=31.86 GiB)
ds4: ROCm q8 fp16 cache budget exhausted; using q8 kernels (request=64.00 MiB cached=0.00 GiB free=1.10 GiB reserve=1.59 GiB total=31.86 GiB)
ds4: ROCm q8 fp16 cache budget exhausted; using q8 kernels (request=64.00 MiB cached=0.00 GiB free=1.10 GiB reserve=1.59 GiB total=31.86 GiB)
ds4: ROCm q8 fp16 cache budget exhausted; using q8 kernels (request=64.00 MiB cached=0.00 GiB free=1.10 GiB reserve=1.59 GiB total=31.86 GiB)
ds4: ROCm q8 fp16 cache budget exhausted; using q8 kernels (request=64.00 MiB cached=0.00 GiB free=1.10 GiB reserve=1.59 GiB total=31.86 GiB)
ds4: ROCm q8 fp16 cache budget exhausted; using q8 kernels (request=64.00 MiB cached=0.00 GiB free=1.10 GiB reserve=1.59 GiB total=31.86 GiB)
ds4: ROCm q8 fp16 cache budget exhausted; using q8 kernels (request=64.00 MiB cached=0.00 GiB free=1.10 GiB reserve=1.59 GiB total=31.86 GiB)
ds4: ROCm q8 fp16 cache budget exhausted; using q8 kernels (request=64.00 MiB cached=0.00 GiB free=1.10 GiB reserve=1.59 GiB total=31.86 GiB)
ds4: ROCm q8 fp16 cache budget exhausted; using q8 kernels (request=64.00 MiB cached=0.00 GiB free=1.10 GiB reserve=1.59 GiB total=31.86 GiB)
case_018 cases=19 prompt=25 target=24 avg_nll=18.733448 lcp=1 api_target_mae=18.733448 api_top_coverage=115/120 api_top1=0.042 api_topn=0.043 api_pair=0.292
ds4: ROCm q8 fp16 cache budget exhausted; using q8 kernels (request=64.00 MiB cached=0.00 GiB free=1.10 GiB reserve=1.59 GiB total=31.86 GiB)
ds4: ROCm q8 fp16 cache budget exhausted; using q8 kernels (request=64.00 MiB cached=0.00 GiB free=1.10 GiB reserve=1.59 GiB total=31.86 GiB)
ds4: ROCm q8 fp16 cache budget exhausted; using q8 kernels (request=64.00 MiB cached=0.00 GiB free=1.10 GiB reserve=1.59 GiB total=31.86 GiB)
ds4: ROCm q8 fp16 cache budget exhausted; using q8 kernels (request=64.00 MiB cached=0.00 GiB free=1.10 GiB reserve=1.59 GiB total=31.86 GiB)
ds4: ROCm q8 fp16 cache budget exhausted; using q8 kernels (request=64.00 MiB cached=0.00 GiB free=1.10 GiB reserve=1.59 GiB total=31.86 GiB)
ds4: ROCm q8 fp16 cache budget exhausted; using q8 kernels (request=64.00 MiB cached=0.00 GiB free=1.10 GiB reserve=1.59 GiB total=31.86 GiB)
ds4: ROCm q8 fp16 cache budget exhausted; using q8 kernels (request=64.00 MiB cached=0.00 GiB free=1.10 GiB reserve=1.59 GiB total=31.86 GiB)
ds4: ROCm q8 fp16 cache budget exhausted; using q8 kernels (request=64.00 MiB cached=0.00 GiB free=1.10 GiB reserve=1.59 GiB total=31.86 GiB)
ds4: ROCm q8 fp16 cache budget exhausted; using q8 kernels (request=64.00 MiB cached=0.00 GiB free=1.10 GiB reserve=1.59 GiB total=31.86 GiB)
ds4: ROCm q8 fp16 cache budget exhausted; using q8 kernels (request=64.00 MiB cached=0.00 GiB free=1.10 GiB reserve=1.59 GiB total=31.86 GiB)
ds4: ROCm q8 fp16 cache budget exhausted; using q8 kernels (request=64.00 MiB cached=0.00 GiB free=1.10 GiB reserve=1.59 GiB total=31.86 GiB)
ds4: ROCm q8 fp16 cache budget exhausted; using q8 kernels (request=64.00 MiB cached=0.00 GiB free=1.10 GiB reserve=1.59 GiB total=31.86 GiB)
ds4: ROCm q8 fp16 cache budget exhausted; using q8 kernels (request=64.00 MiB cached=0.00 GiB free=1.10 GiB reserve=1.59 GiB total=31.86 GiB)
ds4: ROCm q8 fp16 cache budget exhausted; using q8 kernels (request=64.00 MiB cached=0.00 GiB free=1.10 GiB reserve=1.59 GiB total=31.86 GiB)
ds4: ROCm q8 fp16 cache budget exhausted; using q8 kernels (request=64.00 MiB cached=0.00 GiB free=1.10 GiB reserve=1.59 GiB total=31.86 GiB)
ds4: ROCm q8 fp16 cache budget exhausted; using q8 kernels (request=64.00 MiB cached=0.00 GiB free=1.10 GiB reserve=1.59 GiB total=31.86 GiB)
ds4: ROCm q8 fp16 cache budget exhausted; using q8 kernels (request=64.00 MiB cached=0.00 GiB free=1.10 GiB reserve=1.59 GiB total=31.86 GiB)
ds4: ROCm q8 fp16 cache budget exhausted; using q8 kernels (request=64.00 MiB cached=0.00 GiB free=1.10 GiB reserve=1.59 GiB total=31.86 GiB)
ds4: ROCm q8 fp16 cache budget exhausted; using q8 kernels (request=64.00 MiB cached=0.00 GiB free=1.10 GiB reserve=1.59 GiB total=31.86 GiB)
ds4: ROCm q8 fp16 cache budget exhausted; using q8 kernels (request=64.00 MiB cached=0.00 GiB free=1.10 GiB reserve=1.59 GiB total=31.86 GiB)
ds4: ROCm q8 fp16 cache budget exhausted; using q8 kernels (request=64.00 MiB cached=0.00 GiB free=1.10 GiB reserve=1.59 GiB total=31.86 GiB)
ds4: ROCm q8 fp16 cache budget exhausted; using q8 kernels (request=64.00 MiB cached=0.00 GiB free=1.10 GiB reserve=1.59 GiB total=31.86 GiB)
ds4: ROCm q8 fp16 cache budget exhausted; using q8 kernels (request=64.00 MiB cached=0.00 GiB free=1.10 GiB reserve=1.59 GiB total=31.86 GiB)
ds4: ROCm q8 fp16 cache budget exhausted; using q8 kernels (request=64.00 MiB cached=0.00 GiB free=1.10 GiB reserve=1.59 GiB total=31.86 GiB)
ds4: ROCm q8 fp16 cache budget exhausted; using q8 kernels (request=64.00 MiB cached=0.00 GiB free=1.10 GiB reserve=1.59 GiB total=31.86 GiB)
ds4: ROCm q8 fp16 cache budget exhausted; using q8 kernels (request=64.00 MiB cached=0.00 GiB free=1.10 GiB reserve=1.59 GiB total=31.86 GiB)
ds4: ROCm q8 fp16 cache budget exhausted; using q8 kernels (request=64.00 MiB cached=0.00 GiB free=1.10 GiB reserve=1.59 GiB total=31.86 GiB)
ds4: ROCm q8 fp16 cache budget exhausted; using q8 kernels (request=64.00 MiB cached=0.00 GiB free=1.10 GiB reserve=1.59 GiB total=31.86 GiB)
ds4: ROCm q8 fp16 cache budget exhausted; using q8 kernels (request=64.00 MiB cached=0.00 GiB free=1.10 GiB reserve=1.59 GiB total=31.86 GiB)
ds4: ROCm q8 fp16 cache budget exhausted; using q8 kernels (request=64.00 MiB cached=0.00 GiB free=1.10 GiB reserve=1.59 GiB total=31.86 GiB)
ds4: ROCm q8 fp16 cache budget exhausted; using q8 kernels (request=64.00 MiB cached=0.00 GiB free=1.10 GiB reserve=1.59 GiB total=31.86 GiB)
ds4: ROCm q8 fp16 cache budget exhausted; using q8 kernels (request=64.00 MiB cached=0.00 GiB free=1.10 GiB reserve=1.59 GiB total=31.86 GiB)
ds4: ROCm q8 fp16 cache budget exhausted; using q8 kernels (request=64.00 MiB cached=0.00 GiB free=1.10 GiB reserve=1.59 GiB total=31.86 GiB)
ds4: ROCm q8 fp16 cache budget exhausted; using q8 kernels (request=64.00 MiB cached=0.00 GiB free=1.10 GiB reserve=1.59 GiB total=31.86 GiB)
ds4: ROCm q8 fp16 cache budget exhausted; using q8 kernels (request=64.00 MiB cached=0.00 GiB free=1.10 GiB reserve=1.59 GiB total=31.86 GiB)
ds4: ROCm q8 fp16 cache budget exhausted; using q8 kernels (request=64.00 MiB cached=0.00 GiB free=1.10 GiB reserve=1.59 GiB total=31.86 GiB)
ds4: ROCm q8 fp16 cache budget exhausted; using q8 kernels (request=64.00 MiB cached=0.00 GiB free=1.10 GiB reserve=1.59 GiB total=31.86 GiB)
ds4: ROCm q8 fp16 cache budget exhausted; using q8 kernels (request=64.00 MiB cached=0.00 GiB free=1.10 GiB reserve=1.59 GiB total=31.86 GiB)
ds4: ROCm q8 fp16 cache budget exhausted; using q8 kernels (request=64.00 MiB cached=0.00 GiB free=1.10 GiB reserve=1.59 GiB total=31.86 GiB)
ds4: ROCm q8 fp16 cache budget exhausted; using q8 kernels (request=64.00 MiB cached=0.00 GiB free=1.10 GiB reserve=1.59 GiB total=31.86 GiB)
ds4: ROCm q8 fp16 cache budget exhausted; using q8 kernels (request=64.00 MiB cached=0.00 GiB free=1.10 GiB reserve=1.59 GiB total=31.86 GiB)
ds4: ROCm q8 fp16 cache budget exhausted; using q8 kernels (request=64.00 MiB cached=0.00 GiB free=1.10 GiB reserve=1.59 GiB total=31.86 GiB)
ds4: ROCm q8 fp16 cache budget exhausted; using q8 kernels (request=64.00 MiB cached=0.00 GiB free=1.10 GiB reserve=1.59 GiB total=31.86 GiB)
case_019 cases=20 prompt=19 target=24 avg_nll=16.832575 lcp=1 api_target_mae=16.832575 api_top_coverage=98/120 api_top1=0.042 api_topn=0.041 api_pair=0.631
ds4: ROCm q8 fp16 cache budget exhausted; using q8 kernels (request=64.00 MiB cached=0.00 GiB free=1.10 GiB reserve=1.59 GiB total=31.86 GiB)
ds4: ROCm q8 fp16 cache budget exhausted; using q8 kernels (request=64.00 MiB cached=0.00 GiB free=1.10 GiB reserve=1.59 GiB total=31.86 GiB)
ds4: ROCm q8 fp16 cache budget exhausted; using q8 kernels (request=64.00 MiB cached=0.00 GiB free=1.10 GiB reserve=1.59 GiB total=31.86 GiB)
ds4: ROCm q8 fp16 cache budget exhausted; using q8 kernels (request=64.00 MiB cached=0.00 GiB free=1.10 GiB reserve=1.59 GiB total=31.86 GiB)
ds4: ROCm q8 fp16 cache budget exhausted; using q8 kernels (request=64.00 MiB cached=0.00 GiB free=1.10 GiB reserve=1.59 GiB total=31.86 GiB)
ds4: ROCm q8 fp16 cache budget exhausted; using q8 kernels (request=64.00 MiB cached=0.00 GiB free=1.10 GiB reserve=1.59 GiB total=31.86 GiB)
ds4: ROCm q8 fp16 cache budget exhausted; using q8 kernels (request=64.00 MiB cached=0.00 GiB free=1.10 GiB reserve=1.59 GiB total=31.86 GiB)
ds4: ROCm q8 fp16 cache budget exhausted; using q8 kernels (request=64.00 MiB cached=0.00 GiB free=1.10 GiB reserve=1.59 GiB total=31.86 GiB)
ds4: ROCm q8 fp16 cache budget exhausted; using q8 kernels (request=64.00 MiB cached=0.00 GiB free=1.10 GiB reserve=1.59 GiB total=31.86 GiB)
ds4: ROCm q8 fp16 cache budget exhausted; using q8 kernels (request=64.00 MiB cached=0.00 GiB free=1.10 GiB reserve=1.59 GiB total=31.86 GiB)
ds4: ROCm q8 fp16 cache budget exhausted; using q8 kernels (request=64.00 MiB cached=0.00 GiB free=1.10 GiB reserve=1.59 GiB total=31.86 GiB)
ds4: ROCm q8 fp16 cache budget exhausted; using q8 kernels (request=64.00 MiB cached=0.00 GiB free=1.10 GiB reserve=1.59 GiB total=31.86 GiB)
ds4: ROCm q8 fp16 cache budget exhausted; using q8 kernels (request=64.00 MiB cached=0.00 GiB free=1.10 GiB reserve=1.59 GiB total=31.86 GiB)
ds4: ROCm q8 fp16 cache budget exhausted; using q8 kernels (request=64.00 MiB cached=0.00 GiB free=1.10 GiB reserve=1.59 GiB total=31.86 GiB)
ds4: ROCm q8 fp16 cache budget exhausted; using q8 kernels (request=64.00 MiB cached=0.00 GiB free=1.10 GiB reserve=1.59 GiB total=31.86 GiB)
ds4: ROCm q8 fp16 cache budget exhausted; using q8 kernels (request=64.00 MiB cached=0.00 GiB free=1.10 GiB reserve=1.59 GiB total=31.86 GiB)
ds4: ROCm q8 fp16 cache budget exhausted; using q8 kernels (request=64.00 MiB cached=0.00 GiB free=1.10 GiB reserve=1.59 GiB total=31.86 GiB)
ds4: ROCm q8 fp16 cache budget exhausted; using q8 kernels (request=64.00 MiB cached=0.00 GiB free=1.10 GiB reserve=1.59 GiB total=31.86 GiB)
ds4: ROCm q8 fp16 cache budget exhausted; using q8 kernels (request=64.00 MiB cached=0.00 GiB free=1.10 GiB reserve=1.59 GiB total=31.86 GiB)
ds4: ROCm q8 fp16 cache budget exhausted; using q8 kernels (request=64.00 MiB cached=0.00 GiB free=1.10 GiB reserve=1.59 GiB total=31.86 GiB)
ds4: ROCm q8 fp16 cache budget exhausted; using q8 kernels (request=64.00 MiB cached=0.00 GiB free=1.10 GiB reserve=1.59 GiB total=31.86 GiB)
ds4: ROCm q8 fp16 cache budget exhausted; using q8 kernels (request=64.00 MiB cached=0.00 GiB free=1.10 GiB reserve=1.59 GiB total=31.86 GiB)
ds4: ROCm q8 fp16 cache budget exhausted; using q8 kernels (request=64.00 MiB cached=0.00 GiB free=1.10 GiB reserve=1.59 GiB total=31.86 GiB)
ds4: ROCm q8 fp16 cache budget exhausted; using q8 kernels (request=64.00 MiB cached=0.00 GiB free=1.10 GiB reserve=1.59 GiB total=31.86 GiB)
ds4: ROCm q8 fp16 cache budget exhausted; using q8 kernels (request=64.00 MiB cached=0.00 GiB free=1.10 GiB reserve=1.59 GiB total=31.86 GiB)
ds4: ROCm q8 fp16 cache budget exhausted; using q8 kernels (request=64.00 MiB cached=0.00 GiB free=1.10 GiB reserve=1.59 GiB total=31.86 GiB)
ds4: ROCm q8 fp16 cache budget exhausted; using q8 kernels (request=64.00 MiB cached=0.00 GiB free=1.10 GiB reserve=1.59 GiB total=31.86 GiB)
ds4: ROCm q8 fp16 cache budget exhausted; using q8 kernels (request=64.00 MiB cached=0.00 GiB free=1.10 GiB reserve=1.59 GiB total=31.86 GiB)
ds4: ROCm q8 fp16 cache budget exhausted; using q8 kernels (request=64.00 MiB cached=0.00 GiB free=1.10 GiB reserve=1.59 GiB total=31.86 GiB)
ds4: ROCm q8 fp16 cache budget exhausted; using q8 kernels (request=64.00 MiB cached=0.00 GiB free=1.10 GiB reserve=1.59 GiB total=31.86 GiB)
ds4: ROCm q8 fp16 cache budget exhausted; using q8 kernels (request=64.00 MiB cached=0.00 GiB free=1.10 GiB reserve=1.59 GiB total=31.86 GiB)
ds4: ROCm q8 fp16 cache budget exhausted; using q8 kernels (request=64.00 MiB cached=0.00 GiB free=1.10 GiB reserve=1.59 GiB total=31.86 GiB)
ds4: ROCm q8 fp16 cache budget exhausted; using q8 kernels (request=64.00 MiB cached=0.00 GiB free=1.10 GiB reserve=1.59 GiB total=31.86 GiB)
ds4: ROCm q8 fp16 cache budget exhausted; using q8 kernels (request=64.00 MiB cached=0.00 GiB free=1.10 GiB reserve=1.59 GiB total=31.86 GiB)
ds4: ROCm q8 fp16 cache budget exhausted; using q8 kernels (request=64.00 MiB cached=0.00 GiB free=1.10 GiB reserve=1.59 GiB total=31.86 GiB)
ds4: ROCm q8 fp16 cache budget exhausted; using q8 kernels (request=64.00 MiB cached=0.00 GiB free=1.10 GiB reserve=1.59 GiB total=31.86 GiB)
ds4: ROCm q8 fp16 cache budget exhausted; using q8 kernels (request=64.00 MiB cached=0.00 GiB free=1.10 GiB reserve=1.59 GiB total=31.86 GiB)
ds4: ROCm q8 fp16 cache budget exhausted; using q8 kernels (request=64.00 MiB cached=0.00 GiB free=1.10 GiB reserve=1.59 GiB total=31.86 GiB)
ds4: ROCm q8 fp16 cache budget exhausted; using q8 kernels (request=64.00 MiB cached=0.00 GiB free=1.10 GiB reserve=1.59 GiB total=31.86 GiB)
ds4: ROCm q8 fp16 cache budget exhausted; using q8 kernels (request=64.00 MiB cached=0.00 GiB free=1.10 GiB reserve=1.59 GiB total=31.86 GiB)
ds4: ROCm q8 fp16 cache budget exhausted; using q8 kernels (request=64.00 MiB cached=0.00 GiB free=1.10 GiB reserve=1.59 GiB total=31.86 GiB)
ds4: ROCm q8 fp16 cache budget exhausted; using q8 kernels (request=64.00 MiB cached=0.00 GiB free=1.10 GiB reserve=1.59 GiB total=31.86 GiB)
ds4: ROCm q8 fp16 cache budget exhausted; using q8 kernels (request=64.00 MiB cached=0.00 GiB free=1.10 GiB reserve=1.59 GiB total=31.86 GiB)
case_020 cases=21 prompt=18 target=24 avg_nll=17.025840 lcp=0 api_target_mae=17.025840 api_top_coverage=96/120 api_top1=0.000 api_topn=0.073 api_pair=0.540
ds4: ROCm q8 fp16 cache budget exhausted; using q8 kernels (request=64.00 MiB cached=0.00 GiB free=1.10 GiB reserve=1.59 GiB total=31.86 GiB)
ds4: ROCm q8 fp16 cache budget exhausted; using q8 kernels (request=64.00 MiB cached=0.00 GiB free=1.10 GiB reserve=1.59 GiB total=31.86 GiB)
ds4: ROCm q8 fp16 cache budget exhausted; using q8 kernels (request=64.00 MiB cached=0.00 GiB free=1.10 GiB reserve=1.59 GiB total=31.86 GiB)
ds4: ROCm q8 fp16 cache budget exhausted; using q8 kernels (request=64.00 MiB cached=0.00 GiB free=1.10 GiB reserve=1.59 GiB total=31.86 GiB)
ds4: ROCm q8 fp16 cache budget exhausted; using q8 kernels (request=64.00 MiB cached=0.00 GiB free=1.10 GiB reserve=1.59 GiB total=31.86 GiB)
ds4: ROCm q8 fp16 cache budget exhausted; using q8 kernels (request=64.00 MiB cached=0.00 GiB free=1.10 GiB reserve=1.59 GiB total=31.86 GiB)
ds4: ROCm q8 fp16 cache budget exhausted; using q8 kernels (request=64.00 MiB cached=0.00 GiB free=1.10 GiB reserve=1.59 GiB total=31.86 GiB)
ds4: ROCm q8 fp16 cache budget exhausted; using q8 kernels (request=64.00 MiB cached=0.00 GiB free=1.10 GiB reserve=1.59 GiB total=31.86 GiB)
ds4: ROCm q8 fp16 cache budget exhausted; using q8 kernels (request=64.00 MiB cached=0.00 GiB free=1.10 GiB reserve=1.59 GiB total=31.86 GiB)
ds4: ROCm q8 fp16 cache budget exhausted; using q8 kernels (request=64.00 MiB cached=0.00 GiB free=1.10 GiB reserve=1.59 GiB total=31.86 GiB)
ds4: ROCm q8 fp16 cache budget exhausted; using q8 kernels (request=64.00 MiB cached=0.00 GiB free=1.10 GiB reserve=1.59 GiB total=31.86 GiB)
ds4: ROCm q8 fp16 cache budget exhausted; using q8 kernels (request=64.00 MiB cached=0.00 GiB free=1.10 GiB reserve=1.59 GiB total=31.86 GiB)
ds4: ROCm q8 fp16 cache budget exhausted; using q8 kernels (request=64.00 MiB cached=0.00 GiB free=1.10 GiB reserve=1.59 GiB total=31.86 GiB)
ds4: ROCm q8 fp16 cache budget exhausted; using q8 kernels (request=64.00 MiB cached=0.00 GiB free=1.10 GiB reserve=1.59 GiB total=31.86 GiB)
ds4: ROCm q8 fp16 cache budget exhausted; using q8 kernels (request=64.00 MiB cached=0.00 GiB free=1.10 GiB reserve=1.59 GiB total=31.86 GiB)
ds4: ROCm q8 fp16 cache budget exhausted; using q8 kernels (request=64.00 MiB cached=0.00 GiB free=1.10 GiB reserve=1.59 GiB total=31.86 GiB)
ds4: ROCm q8 fp16 cache budget exhausted; using q8 kernels (request=64.00 MiB cached=0.00 GiB free=1.10 GiB reserve=1.59 GiB total=31.86 GiB)
ds4: ROCm q8 fp16 cache budget exhausted; using q8 kernels (request=64.00 MiB cached=0.00 GiB free=1.10 GiB reserve=1.59 GiB total=31.86 GiB)
ds4: ROCm q8 fp16 cache budget exhausted; using q8 kernels (request=64.00 MiB cached=0.00 GiB free=1.10 GiB reserve=1.59 GiB total=31.86 GiB)
ds4: ROCm q8 fp16 cache budget exhausted; using q8 kernels (request=64.00 MiB cached=0.00 GiB free=1.10 GiB reserve=1.59 GiB total=31.86 GiB)
ds4: ROCm q8 fp16 cache budget exhausted; using q8 kernels (request=64.00 MiB cached=0.00 GiB free=1.10 GiB reserve=1.59 GiB total=31.86 GiB)
ds4: ROCm q8 fp16 cache budget exhausted; using q8 kernels (request=64.00 MiB cached=0.00 GiB free=1.10 GiB reserve=1.59 GiB total=31.86 GiB)
ds4: ROCm q8 fp16 cache budget exhausted; using q8 kernels (request=64.00 MiB cached=0.00 GiB free=1.10 GiB reserve=1.59 GiB total=31.86 GiB)
ds4: ROCm q8 fp16 cache budget exhausted; using q8 kernels (request=64.00 MiB cached=0.00 GiB free=1.10 GiB reserve=1.59 GiB total=31.86 GiB)
ds4: ROCm q8 fp16 cache budget exhausted; using q8 kernels (request=64.00 MiB cached=0.00 GiB free=1.10 GiB reserve=1.59 GiB total=31.86 GiB)
ds4: ROCm q8 fp16 cache budget exhausted; using q8 kernels (request=64.00 MiB cached=0.00 GiB free=1.10 GiB reserve=1.59 GiB total=31.86 GiB)
ds4: ROCm q8 fp16 cache budget exhausted; using q8 kernels (request=64.00 MiB cached=0.00 GiB free=1.10 GiB reserve=1.59 GiB total=31.86 GiB)
ds4: ROCm q8 fp16 cache budget exhausted; using q8 kernels (request=64.00 MiB cached=0.00 GiB free=1.10 GiB reserve=1.59 GiB total=31.86 GiB)
ds4: ROCm q8 fp16 cache budget exhausted; using q8 kernels (request=64.00 MiB cached=0.00 GiB free=1.10 GiB reserve=1.59 GiB total=31.86 GiB)
ds4: ROCm q8 fp16 cache budget exhausted; using q8 kernels (request=64.00 MiB cached=0.00 GiB free=1.10 GiB reserve=1.59 GiB total=31.86 GiB)
ds4: ROCm q8 fp16 cache budget exhausted; using q8 kernels (request=64.00 MiB cached=0.00 GiB free=1.10 GiB reserve=1.59 GiB total=31.86 GiB)
ds4: ROCm q8 fp16 cache budget exhausted; using q8 kernels (request=64.00 MiB cached=0.00 GiB free=1.10 GiB reserve=1.59 GiB total=31.86 GiB)
ds4: ROCm q8 fp16 cache budget exhausted; using q8 kernels (request=64.00 MiB cached=0.00 GiB free=1.10 GiB reserve=1.59 GiB total=31.86 GiB)
ds4: ROCm q8 fp16 cache budget exhausted; using q8 kernels (request=64.00 MiB cached=0.00 GiB free=1.10 GiB reserve=1.59 GiB total=31.86 GiB)
ds4: ROCm q8 fp16 cache budget exhausted; using q8 kernels (request=64.00 MiB cached=0.00 GiB free=1.10 GiB reserve=1.59 GiB total=31.86 GiB)
ds4: ROCm q8 fp16 cache budget exhausted; using q8 kernels (request=64.00 MiB cached=0.00 GiB free=1.10 GiB reserve=1.59 GiB total=31.86 GiB)
ds4: ROCm q8 fp16 cache budget exhausted; using q8 kernels (request=64.00 MiB cached=0.00 GiB free=1.10 GiB reserve=1.59 GiB total=31.86 GiB)
ds4: ROCm q8 fp16 cache budget exhausted; using q8 kernels (request=64.00 MiB cached=0.00 GiB free=1.10 GiB reserve=1.59 GiB total=31.86 GiB)
ds4: ROCm q8 fp16 cache budget exhausted; using q8 kernels (request=64.00 MiB cached=0.00 GiB free=1.10 GiB reserve=1.59 GiB total=31.86 GiB)
ds4: ROCm q8 fp16 cache budget exhausted; using q8 kernels (request=64.00 MiB cached=0.00 GiB free=1.10 GiB reserve=1.59 GiB total=31.86 GiB)
ds4: ROCm q8 fp16 cache budget exhausted; using q8 kernels (request=64.00 MiB cached=0.00 GiB free=1.10 GiB reserve=1.59 GiB total=31.86 GiB)
ds4: ROCm q8 fp16 cache budget exhausted; using q8 kernels (request=64.00 MiB cached=0.00 GiB free=1.10 GiB reserve=1.59 GiB total=31.86 GiB)
ds4: ROCm q8 fp16 cache budget exhausted; using q8 kernels (request=64.00 MiB cached=0.00 GiB free=1.10 GiB reserve=1.59 GiB total=31.86 GiB)
case_021 cases=22 prompt=18 target=24 avg_nll=16.782894 lcp=1 api_target_mae=16.782894 api_top_coverage=96/120 api_top1=0.042 api_topn=0.115 api_pair=0.526
ds4: ROCm q8 fp16 cache budget exhausted; using q8 kernels (request=64.00 MiB cached=0.00 GiB free=1.10 GiB reserve=1.59 GiB total=31.86 GiB)
ds4: ROCm q8 fp16 cache budget exhausted; using q8 kernels (request=64.00 MiB cached=0.00 GiB free=1.10 GiB reserve=1.59 GiB total=31.86 GiB)
ds4: ROCm q8 fp16 cache budget exhausted; using q8 kernels (request=64.00 MiB cached=0.00 GiB free=1.10 GiB reserve=1.59 GiB total=31.86 GiB)
ds4: ROCm q8 fp16 cache budget exhausted; using q8 kernels (request=64.00 MiB cached=0.00 GiB free=1.10 GiB reserve=1.59 GiB total=31.86 GiB)
ds4: ROCm q8 fp16 cache budget exhausted; using q8 kernels (request=64.00 MiB cached=0.00 GiB free=1.10 GiB reserve=1.59 GiB total=31.86 GiB)
ds4: ROCm q8 fp16 cache budget exhausted; using q8 kernels (request=64.00 MiB cached=0.00 GiB free=1.10 GiB reserve=1.59 GiB total=31.86 GiB)
ds4: ROCm q8 fp16 cache budget exhausted; using q8 kernels (request=64.00 MiB cached=0.00 GiB free=1.10 GiB reserve=1.59 GiB total=31.86 GiB)
ds4: ROCm q8 fp16 cache budget exhausted; using q8 kernels (request=64.00 MiB cached=0.00 GiB free=1.10 GiB reserve=1.59 GiB total=31.86 GiB)
ds4: ROCm q8 fp16 cache budget exhausted; using q8 kernels (request=64.00 MiB cached=0.00 GiB free=1.10 GiB reserve=1.59 GiB total=31.86 GiB)
ds4: ROCm q8 fp16 cache budget exhausted; using q8 kernels (request=64.00 MiB cached=0.00 GiB free=1.10 GiB reserve=1.59 GiB total=31.86 GiB)
ds4: ROCm q8 fp16 cache budget exhausted; using q8 kernels (request=64.00 MiB cached=0.00 GiB free=1.10 GiB reserve=1.59 GiB total=31.86 GiB)
ds4: ROCm q8 fp16 cache budget exhausted; using q8 kernels (request=64.00 MiB cached=0.00 GiB free=1.10 GiB reserve=1.59 GiB total=31.86 GiB)
ds4: ROCm q8 fp16 cache budget exhausted; using q8 kernels (request=64.00 MiB cached=0.00 GiB free=1.10 GiB reserve=1.59 GiB total=31.86 GiB)
ds4: ROCm q8 fp16 cache budget exhausted; using q8 kernels (request=64.00 MiB cached=0.00 GiB free=1.10 GiB reserve=1.59 GiB total=31.86 GiB)
ds4: ROCm q8 fp16 cache budget exhausted; using q8 kernels (request=64.00 MiB cached=0.00 GiB free=1.10 GiB reserve=1.59 GiB total=31.86 GiB)
ds4: ROCm q8 fp16 cache budget exhausted; using q8 kernels (request=64.00 MiB cached=0.00 GiB free=1.10 GiB reserve=1.59 GiB total=31.86 GiB)
ds4: ROCm q8 fp16 cache budget exhausted; using q8 kernels (request=64.00 MiB cached=0.00 GiB free=1.10 GiB reserve=1.59 GiB total=31.86 GiB)
ds4: ROCm q8 fp16 cache budget exhausted; using q8 kernels (request=64.00 MiB cached=0.00 GiB free=1.10 GiB reserve=1.59 GiB total=31.86 GiB)
ds4: ROCm q8 fp16 cache budget exhausted; using q8 kernels (request=64.00 MiB cached=0.00 GiB free=1.10 GiB reserve=1.59 GiB total=31.86 GiB)
ds4: ROCm q8 fp16 cache budget exhausted; using q8 kernels (request=64.00 MiB cached=0.00 GiB free=1.10 GiB reserve=1.59 GiB total=31.86 GiB)
ds4: ROCm q8 fp16 cache budget exhausted; using q8 kernels (request=64.00 MiB cached=0.00 GiB free=1.10 GiB reserve=1.59 GiB total=31.86 GiB)
ds4: ROCm q8 fp16 cache budget exhausted; using q8 kernels (request=64.00 MiB cached=0.00 GiB free=1.10 GiB reserve=1.59 GiB total=31.86 GiB)
ds4: ROCm q8 fp16 cache budget exhausted; using q8 kernels (request=64.00 MiB cached=0.00 GiB free=1.10 GiB reserve=1.59 GiB total=31.86 GiB)
ds4: ROCm q8 fp16 cache budget exhausted; using q8 kernels (request=64.00 MiB cached=0.00 GiB free=1.10 GiB reserve=1.59 GiB total=31.86 GiB)
ds4: ROCm q8 fp16 cache budget exhausted; using q8 kernels (request=64.00 MiB cached=0.00 GiB free=1.10 GiB reserve=1.59 GiB total=31.86 GiB)
ds4: ROCm q8 fp16 cache budget exhausted; using q8 kernels (request=64.00 MiB cached=0.00 GiB free=1.10 GiB reserve=1.59 GiB total=31.86 GiB)
ds4: ROCm q8 fp16 cache budget exhausted; using q8 kernels (request=64.00 MiB cached=0.00 GiB free=1.10 GiB reserve=1.59 GiB total=31.86 GiB)
ds4: ROCm q8 fp16 cache budget exhausted; using q8 kernels (request=64.00 MiB cached=0.00 GiB free=1.10 GiB reserve=1.59 GiB total=31.86 GiB)
ds4: ROCm q8 fp16 cache budget exhausted; using q8 kernels (request=64.00 MiB cached=0.00 GiB free=1.10 GiB reserve=1.59 GiB total=31.86 GiB)
ds4: ROCm q8 fp16 cache budget exhausted; using q8 kernels (request=64.00 MiB cached=0.00 GiB free=1.10 GiB reserve=1.59 GiB total=31.86 GiB)
ds4: ROCm q8 fp16 cache budget exhausted; using q8 kernels (request=64.00 MiB cached=0.00 GiB free=1.10 GiB reserve=1.59 GiB total=31.86 GiB)
ds4: ROCm q8 fp16 cache budget exhausted; using q8 kernels (request=64.00 MiB cached=0.00 GiB free=1.10 GiB reserve=1.59 GiB total=31.86 GiB)
ds4: ROCm q8 fp16 cache budget exhausted; using q8 kernels (request=64.00 MiB cached=0.00 GiB free=1.10 GiB reserve=1.59 GiB total=31.86 GiB)
ds4: ROCm q8 fp16 cache budget exhausted; using q8 kernels (request=64.00 MiB cached=0.00 GiB free=1.10 GiB reserve=1.59 GiB total=31.86 GiB)
ds4: ROCm q8 fp16 cache budget exhausted; using q8 kernels (request=64.00 MiB cached=0.00 GiB free=1.10 GiB reserve=1.59 GiB total=31.86 GiB)
ds4: ROCm q8 fp16 cache budget exhausted; using q8 kernels (request=64.00 MiB cached=0.00 GiB free=1.10 GiB reserve=1.59 GiB total=31.86 GiB)
ds4: ROCm q8 fp16 cache budget exhausted; using q8 kernels (request=64.00 MiB cached=0.00 GiB free=1.10 GiB reserve=1.59 GiB total=31.86 GiB)
ds4: ROCm q8 fp16 cache budget exhausted; using q8 kernels (request=64.00 MiB cached=0.00 GiB free=1.10 GiB reserve=1.59 GiB total=31.86 GiB)
ds4: ROCm q8 fp16 cache budget exhausted; using q8 kernels (request=64.00 MiB cached=0.00 GiB free=1.10 GiB reserve=1.59 GiB total=31.86 GiB)
ds4: ROCm q8 fp16 cache budget exhausted; using q8 kernels (request=64.00 MiB cached=0.00 GiB free=1.10 GiB reserve=1.59 GiB total=31.86 GiB)
ds4: ROCm q8 fp16 cache budget exhausted; using q8 kernels (request=64.00 MiB cached=0.00 GiB free=1.10 GiB reserve=1.59 GiB total=31.86 GiB)
ds4: ROCm q8 fp16 cache budget exhausted; using q8 kernels (request=64.00 MiB cached=0.00 GiB free=1.10 GiB reserve=1.59 GiB total=31.86 GiB)
ds4: ROCm q8 fp16 cache budget exhausted; using q8 kernels (request=64.00 MiB cached=0.00 GiB free=1.10 GiB reserve=1.59 GiB total=31.86 GiB)
case_022 cases=23 prompt=16 target=24 avg_nll=16.768914 lcp=1 api_target_mae=16.768914 api_top_coverage=100/120 api_top1=0.042 api_topn=0.050 api_pair=0.597
ds4: ROCm q8 fp16 cache budget exhausted; using q8 kernels (request=64.00 MiB cached=0.00 GiB free=1.10 GiB reserve=1.59 GiB total=31.86 GiB)
ds4: ROCm q8 fp16 cache budget exhausted; using q8 kernels (request=64.00 MiB cached=0.00 GiB free=1.10 GiB reserve=1.59 GiB total=31.86 GiB)
ds4: ROCm q8 fp16 cache budget exhausted; using q8 kernels (request=64.00 MiB cached=0.00 GiB free=1.10 GiB reserve=1.59 GiB total=31.86 GiB)
ds4: ROCm q8 fp16 cache budget exhausted; using q8 kernels (request=64.00 MiB cached=0.00 GiB free=1.10 GiB reserve=1.59 GiB total=31.86 GiB)
ds4: ROCm q8 fp16 cache budget exhausted; using q8 kernels (request=64.00 MiB cached=0.00 GiB free=1.10 GiB reserve=1.59 GiB total=31.86 GiB)
ds4: ROCm q8 fp16 cache budget exhausted; using q8 kernels (request=64.00 MiB cached=0.00 GiB free=1.10 GiB reserve=1.59 GiB total=31.86 GiB)
ds4: ROCm q8 fp16 cache budget exhausted; using q8 kernels (request=64.00 MiB cached=0.00 GiB free=1.10 GiB reserve=1.59 GiB total=31.86 GiB)
ds4: ROCm q8 fp16 cache budget exhausted; using q8 kernels (request=64.00 MiB cached=0.00 GiB free=1.10 GiB reserve=1.59 GiB total=31.86 GiB)
ds4: ROCm q8 fp16 cache budget exhausted; using q8 kernels (request=64.00 MiB cached=0.00 GiB free=1.10 GiB reserve=1.59 GiB total=31.86 GiB)
ds4: ROCm q8 fp16 cache budget exhausted; using q8 kernels (request=64.00 MiB cached=0.00 GiB free=1.10 GiB reserve=1.59 GiB total=31.86 GiB)
ds4: ROCm q8 fp16 cache budget exhausted; using q8 kernels (request=64.00 MiB cached=0.00 GiB free=1.10 GiB reserve=1.59 GiB total=31.86 GiB)
ds4: ROCm q8 fp16 cache budget exhausted; using q8 kernels (request=64.00 MiB cached=0.00 GiB free=1.10 GiB reserve=1.59 GiB total=31.86 GiB)
ds4: ROCm q8 fp16 cache budget exhausted; using q8 kernels (request=64.00 MiB cached=0.00 GiB free=1.10 GiB reserve=1.59 GiB total=31.86 GiB)
ds4: ROCm q8 fp16 cache budget exhausted; using q8 kernels (request=64.00 MiB cached=0.00 GiB free=1.10 GiB reserve=1.59 GiB total=31.86 GiB)
ds4: ROCm q8 fp16 cache budget exhausted; using q8 kernels (request=64.00 MiB cached=0.00 GiB free=1.10 GiB reserve=1.59 GiB total=31.86 GiB)
ds4: ROCm q8 fp16 cache budget exhausted; using q8 kernels (request=64.00 MiB cached=0.00 GiB free=1.10 GiB reserve=1.59 GiB total=31.86 GiB)
ds4: ROCm q8 fp16 cache budget exhausted; using q8 kernels (request=64.00 MiB cached=0.00 GiB free=1.10 GiB reserve=1.59 GiB total=31.86 GiB)
ds4: ROCm q8 fp16 cache budget exhausted; using q8 kernels (request=64.00 MiB cached=0.00 GiB free=1.10 GiB reserve=1.59 GiB total=31.86 GiB)
ds4: ROCm q8 fp16 cache budget exhausted; using q8 kernels (request=64.00 MiB cached=0.00 GiB free=1.10 GiB reserve=1.59 GiB total=31.86 GiB)
ds4: ROCm q8 fp16 cache budget exhausted; using q8 kernels (request=64.00 MiB cached=0.00 GiB free=1.10 GiB reserve=1.59 GiB total=31.86 GiB)
ds4: ROCm q8 fp16 cache budget exhausted; using q8 kernels (request=64.00 MiB cached=0.00 GiB free=1.10 GiB reserve=1.59 GiB total=31.86 GiB)
ds4: ROCm q8 fp16 cache budget exhausted; using q8 kernels (request=64.00 MiB cached=0.00 GiB free=1.10 GiB reserve=1.59 GiB total=31.86 GiB)
ds4: ROCm q8 fp16 cache budget exhausted; using q8 kernels (request=64.00 MiB cached=0.00 GiB free=1.10 GiB reserve=1.59 GiB total=31.86 GiB)
ds4: ROCm q8 fp16 cache budget exhausted; using q8 kernels (request=64.00 MiB cached=0.00 GiB free=1.10 GiB reserve=1.59 GiB total=31.86 GiB)
ds4: ROCm q8 fp16 cache budget exhausted; using q8 kernels (request=64.00 MiB cached=0.00 GiB free=1.10 GiB reserve=1.59 GiB total=31.86 GiB)
ds4: ROCm q8 fp16 cache budget exhausted; using q8 kernels (request=64.00 MiB cached=0.00 GiB free=1.10 GiB reserve=1.59 GiB total=31.86 GiB)
ds4: ROCm q8 fp16 cache budget exhausted; using q8 kernels (request=64.00 MiB cached=0.00 GiB free=1.10 GiB reserve=1.59 GiB total=31.86 GiB)
ds4: ROCm q8 fp16 cache budget exhausted; using q8 kernels (request=64.00 MiB cached=0.00 GiB free=1.10 GiB reserve=1.59 GiB total=31.86 GiB)
ds4: ROCm q8 fp16 cache budget exhausted; using q8 kernels (request=64.00 MiB cached=0.00 GiB free=1.10 GiB reserve=1.59 GiB total=31.86 GiB)
ds4: ROCm q8 fp16 cache budget exhausted; using q8 kernels (request=64.00 MiB cached=0.00 GiB free=1.10 GiB reserve=1.59 GiB total=31.86 GiB)
ds4: ROCm q8 fp16 cache budget exhausted; using q8 kernels (request=64.00 MiB cached=0.00 GiB free=1.10 GiB reserve=1.59 GiB total=31.86 GiB)
ds4: ROCm q8 fp16 cache budget exhausted; using q8 kernels (request=64.00 MiB cached=0.00 GiB free=1.10 GiB reserve=1.59 GiB total=31.86 GiB)
ds4: ROCm q8 fp16 cache budget exhausted; using q8 kernels (request=64.00 MiB cached=0.00 GiB free=1.10 GiB reserve=1.59 GiB total=31.86 GiB)
ds4: ROCm q8 fp16 cache budget exhausted; using q8 kernels (request=64.00 MiB cached=0.00 GiB free=1.10 GiB reserve=1.59 GiB total=31.86 GiB)
ds4: ROCm q8 fp16 cache budget exhausted; using q8 kernels (request=64.00 MiB cached=0.00 GiB free=1.10 GiB reserve=1.59 GiB total=31.86 GiB)
ds4: ROCm q8 fp16 cache budget exhausted; using q8 kernels (request=64.00 MiB cached=0.00 GiB free=1.10 GiB reserve=1.59 GiB total=31.86 GiB)
ds4: ROCm q8 fp16 cache budget exhausted; using q8 kernels (request=64.00 MiB cached=0.00 GiB free=1.10 GiB reserve=1.59 GiB total=31.86 GiB)
ds4: ROCm q8 fp16 cache budget exhausted; using q8 kernels (request=64.00 MiB cached=0.00 GiB free=1.10 GiB reserve=1.59 GiB total=31.86 GiB)
ds4: ROCm q8 fp16 cache budget exhausted; using q8 kernels (request=64.00 MiB cached=0.00 GiB free=1.10 GiB reserve=1.59 GiB total=31.86 GiB)
ds4: ROCm q8 fp16 cache budget exhausted; using q8 kernels (request=64.00 MiB cached=0.00 GiB free=1.10 GiB reserve=1.59 GiB total=31.86 GiB)
ds4: ROCm q8 fp16 cache budget exhausted; using q8 kernels (request=64.00 MiB cached=0.00 GiB free=1.10 GiB reserve=1.59 GiB total=31.86 GiB)
ds4: ROCm q8 fp16 cache budget exhausted; using q8 kernels (request=64.00 MiB cached=0.00 GiB free=1.10 GiB reserve=1.59 GiB total=31.86 GiB)
ds4: ROCm q8 fp16 cache budget exhausted; using q8 kernels (request=64.00 MiB cached=0.00 GiB free=1.10 GiB reserve=1.59 GiB total=31.86 GiB)
case_023 cases=24 prompt=14 target=24 avg_nll=15.253633 lcp=0 api_target_mae=15.253633 api_top_coverage=114/120 api_top1=0.000 api_topn=0.053 api_pair=0.571
ds4: ROCm q8 fp16 cache budget exhausted; using q8 kernels (request=64.00 MiB cached=0.00 GiB free=1.10 GiB reserve=1.59 GiB total=31.86 GiB)
ds4: ROCm q8 fp16 cache budget exhausted; using q8 kernels (request=64.00 MiB cached=0.00 GiB free=1.10 GiB reserve=1.59 GiB total=31.86 GiB)
ds4: ROCm q8 fp16 cache budget exhausted; using q8 kernels (request=64.00 MiB cached=0.00 GiB free=1.10 GiB reserve=1.59 GiB total=31.86 GiB)
ds4: ROCm q8 fp16 cache budget exhausted; using q8 kernels (request=64.00 MiB cached=0.00 GiB free=1.10 GiB reserve=1.59 GiB total=31.86 GiB)
ds4: ROCm q8 fp16 cache budget exhausted; using q8 kernels (request=64.00 MiB cached=0.00 GiB free=1.10 GiB reserve=1.59 GiB total=31.86 GiB)
ds4: ROCm q8 fp16 cache budget exhausted; using q8 kernels (request=64.00 MiB cached=0.00 GiB free=1.10 GiB reserve=1.59 GiB total=31.86 GiB)
ds4: ROCm q8 fp16 cache budget exhausted; using q8 kernels (request=64.00 MiB cached=0.00 GiB free=1.10 GiB reserve=1.59 GiB total=31.86 GiB)
ds4: ROCm q8 fp16 cache budget exhausted; using q8 kernels (request=64.00 MiB cached=0.00 GiB free=1.10 GiB reserve=1.59 GiB total=31.86 GiB)
ds4: ROCm q8 fp16 cache budget exhausted; using q8 kernels (request=64.00 MiB cached=0.00 GiB free=1.10 GiB reserve=1.59 GiB total=31.86 GiB)
ds4: ROCm q8 fp16 cache budget exhausted; using q8 kernels (request=64.00 MiB cached=0.00 GiB free=1.10 GiB reserve=1.59 GiB total=31.86 GiB)
ds4: ROCm q8 fp16 cache budget exhausted; using q8 kernels (request=64.00 MiB cached=0.00 GiB free=1.10 GiB reserve=1.59 GiB total=31.86 GiB)
ds4: ROCm q8 fp16 cache budget exhausted; using q8 kernels (request=64.00 MiB cached=0.00 GiB free=1.10 GiB reserve=1.59 GiB total=31.86 GiB)
ds4: ROCm q8 fp16 cache budget exhausted; using q8 kernels (request=64.00 MiB cached=0.00 GiB free=1.10 GiB reserve=1.59 GiB total=31.86 GiB)
ds4: ROCm q8 fp16 cache budget exhausted; using q8 kernels (request=64.00 MiB cached=0.00 GiB free=1.10 GiB reserve=1.59 GiB total=31.86 GiB)
ds4: ROCm q8 fp16 cache budget exhausted; using q8 kernels (request=64.00 MiB cached=0.00 GiB free=1.10 GiB reserve=1.59 GiB total=31.86 GiB)
ds4: ROCm q8 fp16 cache budget exhausted; using q8 kernels (request=64.00 MiB cached=0.00 GiB free=1.10 GiB reserve=1.59 GiB total=31.86 GiB)
ds4: ROCm q8 fp16 cache budget exhausted; using q8 kernels (request=64.00 MiB cached=0.00 GiB free=1.10 GiB reserve=1.59 GiB total=31.86 GiB)
ds4: ROCm q8 fp16 cache budget exhausted; using q8 kernels (request=64.00 MiB cached=0.00 GiB free=1.10 GiB reserve=1.59 GiB total=31.86 GiB)
ds4: ROCm q8 fp16 cache budget exhausted; using q8 kernels (request=64.00 MiB cached=0.00 GiB free=1.10 GiB reserve=1.59 GiB total=31.86 GiB)
ds4: ROCm q8 fp16 cache budget exhausted; using q8 kernels (request=64.00 MiB cached=0.00 GiB free=1.10 GiB reserve=1.59 GiB total=31.86 GiB)
ds4: ROCm q8 fp16 cache budget exhausted; using q8 kernels (request=64.00 MiB cached=0.00 GiB free=1.10 GiB reserve=1.59 GiB total=31.86 GiB)
ds4: ROCm q8 fp16 cache budget exhausted; using q8 kernels (request=64.00 MiB cached=0.00 GiB free=1.10 GiB reserve=1.59 GiB total=31.86 GiB)
ds4: ROCm q8 fp16 cache budget exhausted; using q8 kernels (request=64.00 MiB cached=0.00 GiB free=1.10 GiB reserve=1.59 GiB total=31.86 GiB)
ds4: ROCm q8 fp16 cache budget exhausted; using q8 kernels (request=64.00 MiB cached=0.00 GiB free=1.10 GiB reserve=1.59 GiB total=31.86 GiB)
ds4: ROCm q8 fp16 cache budget exhausted; using q8 kernels (request=64.00 MiB cached=0.00 GiB free=1.10 GiB reserve=1.59 GiB total=31.86 GiB)
ds4: ROCm q8 fp16 cache budget exhausted; using q8 kernels (request=64.00 MiB cached=0.00 GiB free=1.10 GiB reserve=1.59 GiB total=31.86 GiB)
ds4: ROCm q8 fp16 cache budget exhausted; using q8 kernels (request=64.00 MiB cached=0.00 GiB free=1.10 GiB reserve=1.59 GiB total=31.86 GiB)
ds4: ROCm q8 fp16 cache budget exhausted; using q8 kernels (request=64.00 MiB cached=0.00 GiB free=1.10 GiB reserve=1.59 GiB total=31.86 GiB)
ds4: ROCm q8 fp16 cache budget exhausted; using q8 kernels (request=64.00 MiB cached=0.00 GiB free=1.10 GiB reserve=1.59 GiB total=31.86 GiB)
ds4: ROCm q8 fp16 cache budget exhausted; using q8 kernels (request=64.00 MiB cached=0.00 GiB free=1.10 GiB reserve=1.59 GiB total=31.86 GiB)
ds4: ROCm q8 fp16 cache budget exhausted; using q8 kernels (request=64.00 MiB cached=0.00 GiB free=1.10 GiB reserve=1.59 GiB total=31.86 GiB)
ds4: ROCm q8 fp16 cache budget exhausted; using q8 kernels (request=64.00 MiB cached=0.00 GiB free=1.10 GiB reserve=1.59 GiB total=31.86 GiB)
ds4: ROCm q8 fp16 cache budget exhausted; using q8 kernels (request=64.00 MiB cached=0.00 GiB free=1.10 GiB reserve=1.59 GiB total=31.86 GiB)
ds4: ROCm q8 fp16 cache budget exhausted; using q8 kernels (request=64.00 MiB cached=0.00 GiB free=1.10 GiB reserve=1.59 GiB total=31.86 GiB)
ds4: ROCm q8 fp16 cache budget exhausted; using q8 kernels (request=64.00 MiB cached=0.00 GiB free=1.10 GiB reserve=1.59 GiB total=31.86 GiB)
ds4: ROCm q8 fp16 cache budget exhausted; using q8 kernels (request=64.00 MiB cached=0.00 GiB free=1.10 GiB reserve=1.59 GiB total=31.86 GiB)
ds4: ROCm q8 fp16 cache budget exhausted; using q8 kernels (request=64.00 MiB cached=0.00 GiB free=1.10 GiB reserve=1.59 GiB total=31.86 GiB)
ds4: ROCm q8 fp16 cache budget exhausted; using q8 kernels (request=64.00 MiB cached=0.00 GiB free=1.10 GiB reserve=1.59 GiB total=31.86 GiB)
ds4: ROCm q8 fp16 cache budget exhausted; using q8 kernels (request=64.00 MiB cached=0.00 GiB free=1.10 GiB reserve=1.59 GiB total=31.86 GiB)
ds4: ROCm q8 fp16 cache budget exhausted; using q8 kernels (request=64.00 MiB cached=0.00 GiB free=1.10 GiB reserve=1.59 GiB total=31.86 GiB)
ds4: ROCm q8 fp16 cache budget exhausted; using q8 kernels (request=64.00 MiB cached=0.00 GiB free=1.10 GiB reserve=1.59 GiB total=31.86 GiB)
ds4: ROCm q8 fp16 cache budget exhausted; using q8 kernels (request=64.00 MiB cached=0.00 GiB free=1.10 GiB reserve=1.59 GiB total=31.86 GiB)
ds4: ROCm q8 fp16 cache budget exhausted; using q8 kernels (request=64.00 MiB cached=0.00 GiB free=1.10 GiB reserve=1.59 GiB total=31.86 GiB)
case_024 cases=25 prompt=15 target=24 avg_nll=17.345540 lcp=1 api_target_mae=17.345540 api_top_coverage=102/120 api_top1=0.042 api_topn=0.059 api_pair=0.431
ds4: ROCm q8 fp16 cache budget exhausted; using q8 kernels (request=64.00 MiB cached=0.00 GiB free=1.10 GiB reserve=1.59 GiB total=31.86 GiB)
ds4: ROCm q8 fp16 cache budget exhausted; using q8 kernels (request=64.00 MiB cached=0.00 GiB free=1.10 GiB reserve=1.59 GiB total=31.86 GiB)
ds4: ROCm q8 fp16 cache budget exhausted; using q8 kernels (request=64.00 MiB cached=0.00 GiB free=1.10 GiB reserve=1.59 GiB total=31.86 GiB)
ds4: ROCm q8 fp16 cache budget exhausted; using q8 kernels (request=64.00 MiB cached=0.00 GiB free=1.10 GiB reserve=1.59 GiB total=31.86 GiB)
ds4: ROCm q8 fp16 cache budget exhausted; using q8 kernels (request=64.00 MiB cached=0.00 GiB free=1.10 GiB reserve=1.59 GiB total=31.86 GiB)
ds4: ROCm q8 fp16 cache budget exhausted; using q8 kernels (request=64.00 MiB cached=0.00 GiB free=1.10 GiB reserve=1.59 GiB total=31.86 GiB)
ds4: ROCm q8 fp16 cache budget exhausted; using q8 kernels (request=64.00 MiB cached=0.00 GiB free=1.10 GiB reserve=1.59 GiB total=31.86 GiB)
ds4: ROCm q8 fp16 cache budget exhausted; using q8 kernels (request=64.00 MiB cached=0.00 GiB free=1.10 GiB reserve=1.59 GiB total=31.86 GiB)
ds4: ROCm q8 fp16 cache budget exhausted; using q8 kernels (request=64.00 MiB cached=0.00 GiB free=1.10 GiB reserve=1.59 GiB total=31.86 GiB)
ds4: ROCm q8 fp16 cache budget exhausted; using q8 kernels (request=64.00 MiB cached=0.00 GiB free=1.10 GiB reserve=1.59 GiB total=31.86 GiB)
ds4: ROCm q8 fp16 cache budget exhausted; using q8 kernels (request=64.00 MiB cached=0.00 GiB free=1.10 GiB reserve=1.59 GiB total=31.86 GiB)
ds4: ROCm q8 fp16 cache budget exhausted; using q8 kernels (request=64.00 MiB cached=0.00 GiB free=1.10 GiB reserve=1.59 GiB total=31.86 GiB)
ds4: ROCm q8 fp16 cache budget exhausted; using q8 kernels (request=64.00 MiB cached=0.00 GiB free=1.10 GiB reserve=1.59 GiB total=31.86 GiB)
ds4: ROCm q8 fp16 cache budget exhausted; using q8 kernels (request=64.00 MiB cached=0.00 GiB free=1.10 GiB reserve=1.59 GiB total=31.86 GiB)
ds4: ROCm q8 fp16 cache budget exhausted; using q8 kernels (request=64.00 MiB cached=0.00 GiB free=1.10 GiB reserve=1.59 GiB total=31.86 GiB)
ds4: ROCm q8 fp16 cache budget exhausted; using q8 kernels (request=64.00 MiB cached=0.00 GiB free=1.10 GiB reserve=1.59 GiB total=31.86 GiB)
ds4: ROCm q8 fp16 cache budget exhausted; using q8 kernels (request=64.00 MiB cached=0.00 GiB free=1.10 GiB reserve=1.59 GiB total=31.86 GiB)
ds4: ROCm q8 fp16 cache budget exhausted; using q8 kernels (request=64.00 MiB cached=0.00 GiB free=1.10 GiB reserve=1.59 GiB total=31.86 GiB)
ds4: ROCm q8 fp16 cache budget exhausted; using q8 kernels (request=64.00 MiB cached=0.00 GiB free=1.10 GiB reserve=1.59 GiB total=31.86 GiB)
ds4: ROCm q8 fp16 cache budget exhausted; using q8 kernels (request=64.00 MiB cached=0.00 GiB free=1.10 GiB reserve=1.59 GiB total=31.86 GiB)
ds4: ROCm q8 fp16 cache budget exhausted; using q8 kernels (request=64.00 MiB cached=0.00 GiB free=1.10 GiB reserve=1.59 GiB total=31.86 GiB)
ds4: ROCm q8 fp16 cache budget exhausted; using q8 kernels (request=64.00 MiB cached=0.00 GiB free=1.10 GiB reserve=1.59 GiB total=31.86 GiB)
ds4: ROCm q8 fp16 cache budget exhausted; using q8 kernels (request=64.00 MiB cached=0.00 GiB free=1.10 GiB reserve=1.59 GiB total=31.86 GiB)
ds4: ROCm q8 fp16 cache budget exhausted; using q8 kernels (request=64.00 MiB cached=0.00 GiB free=1.10 GiB reserve=1.59 GiB total=31.86 GiB)
ds4: ROCm q8 fp16 cache budget exhausted; using q8 kernels (request=64.00 MiB cached=0.00 GiB free=1.10 GiB reserve=1.59 GiB total=31.86 GiB)
ds4: ROCm q8 fp16 cache budget exhausted; using q8 kernels (request=64.00 MiB cached=0.00 GiB free=1.10 GiB reserve=1.59 GiB total=31.86 GiB)
ds4: ROCm q8 fp16 cache budget exhausted; using q8 kernels (request=64.00 MiB cached=0.00 GiB free=1.10 GiB reserve=1.59 GiB total=31.86 GiB)
ds4: ROCm q8 fp16 cache budget exhausted; using q8 kernels (request=64.00 MiB cached=0.00 GiB free=1.10 GiB reserve=1.59 GiB total=31.86 GiB)
ds4: ROCm q8 fp16 cache budget exhausted; using q8 kernels (request=64.00 MiB cached=0.00 GiB free=1.10 GiB reserve=1.59 GiB total=31.86 GiB)
ds4: ROCm q8 fp16 cache budget exhausted; using q8 kernels (request=64.00 MiB cached=0.00 GiB free=1.10 GiB reserve=1.59 GiB total=31.86 GiB)
ds4: ROCm q8 fp16 cache budget exhausted; using q8 kernels (request=64.00 MiB cached=0.00 GiB free=1.10 GiB reserve=1.59 GiB total=31.86 GiB)
ds4: ROCm q8 fp16 cache budget exhausted; using q8 kernels (request=64.00 MiB cached=0.00 GiB free=1.10 GiB reserve=1.59 GiB total=31.86 GiB)
ds4: ROCm q8 fp16 cache budget exhausted; using q8 kernels (request=64.00 MiB cached=0.00 GiB free=1.10 GiB reserve=1.59 GiB total=31.86 GiB)
ds4: ROCm q8 fp16 cache budget exhausted; using q8 kernels (request=64.00 MiB cached=0.00 GiB free=1.10 GiB reserve=1.59 GiB total=31.86 GiB)
ds4: ROCm q8 fp16 cache budget exhausted; using q8 kernels (request=64.00 MiB cached=0.00 GiB free=1.10 GiB reserve=1.59 GiB total=31.86 GiB)
ds4: ROCm q8 fp16 cache budget exhausted; using q8 kernels (request=64.00 MiB cached=0.00 GiB free=1.10 GiB reserve=1.59 GiB total=31.86 GiB)
ds4: ROCm q8 fp16 cache budget exhausted; using q8 kernels (request=64.00 MiB cached=0.00 GiB free=1.10 GiB reserve=1.59 GiB total=31.86 GiB)
ds4: ROCm q8 fp16 cache budget exhausted; using q8 kernels (request=64.00 MiB cached=0.00 GiB free=1.10 GiB reserve=1.59 GiB total=31.86 GiB)
ds4: ROCm q8 fp16 cache budget exhausted; using q8 kernels (request=64.00 MiB cached=0.00 GiB free=1.10 GiB reserve=1.59 GiB total=31.86 GiB)
ds4: ROCm q8 fp16 cache budget exhausted; using q8 kernels (request=64.00 MiB cached=0.00 GiB free=1.10 GiB reserve=1.59 GiB total=31.86 GiB)
ds4: ROCm q8 fp16 cache budget exhausted; using q8 kernels (request=64.00 MiB cached=0.00 GiB free=1.10 GiB reserve=1.59 GiB total=31.86 GiB)
ds4: ROCm q8 fp16 cache budget exhausted; using q8 kernels (request=64.00 MiB cached=0.00 GiB free=1.10 GiB reserve=1.59 GiB total=31.86 GiB)
ds4: ROCm q8 fp16 cache budget exhausted; using q8 kernels (request=64.00 MiB cached=0.00 GiB free=1.10 GiB reserve=1.59 GiB total=31.86 GiB)
case_025 cases=26 prompt=20 target=24 avg_nll=16.191174 lcp=1 api_target_mae=16.191174 api_top_coverage=97/120 api_top1=0.042 api_topn=0.113 api_pair=0.621
ds4: ROCm q8 fp16 cache budget exhausted; using q8 kernels (request=64.00 MiB cached=0.00 GiB free=1.10 GiB reserve=1.59 GiB total=31.86 GiB)
ds4: ROCm q8 fp16 cache budget exhausted; using q8 kernels (request=64.00 MiB cached=0.00 GiB free=1.10 GiB reserve=1.59 GiB total=31.86 GiB)
ds4: ROCm q8 fp16 cache budget exhausted; using q8 kernels (request=64.00 MiB cached=0.00 GiB free=1.10 GiB reserve=1.59 GiB total=31.86 GiB)
ds4: ROCm q8 fp16 cache budget exhausted; using q8 kernels (request=64.00 MiB cached=0.00 GiB free=1.10 GiB reserve=1.59 GiB total=31.86 GiB)
ds4: ROCm q8 fp16 cache budget exhausted; using q8 kernels (request=64.00 MiB cached=0.00 GiB free=1.10 GiB reserve=1.59 GiB total=31.86 GiB)
ds4: ROCm q8 fp16 cache budget exhausted; using q8 kernels (request=64.00 MiB cached=0.00 GiB free=1.10 GiB reserve=1.59 GiB total=31.86 GiB)
ds4: ROCm q8 fp16 cache budget exhausted; using q8 kernels (request=64.00 MiB cached=0.00 GiB free=1.10 GiB reserve=1.59 GiB total=31.86 GiB)
ds4: ROCm q8 fp16 cache budget exhausted; using q8 kernels (request=64.00 MiB cached=0.00 GiB free=1.10 GiB reserve=1.59 GiB total=31.86 GiB)
ds4: ROCm q8 fp16 cache budget exhausted; using q8 kernels (request=64.00 MiB cached=0.00 GiB free=1.10 GiB reserve=1.59 GiB total=31.86 GiB)
ds4: ROCm q8 fp16 cache budget exhausted; using q8 kernels (request=64.00 MiB cached=0.00 GiB free=1.10 GiB reserve=1.59 GiB total=31.86 GiB)
ds4: ROCm q8 fp16 cache budget exhausted; using q8 kernels (request=64.00 MiB cached=0.00 GiB free=1.10 GiB reserve=1.59 GiB total=31.86 GiB)
ds4: ROCm q8 fp16 cache budget exhausted; using q8 kernels (request=64.00 MiB cached=0.00 GiB free=1.10 GiB reserve=1.59 GiB total=31.86 GiB)
ds4: ROCm q8 fp16 cache budget exhausted; using q8 kernels (request=64.00 MiB cached=0.00 GiB free=1.10 GiB reserve=1.59 GiB total=31.86 GiB)
ds4: ROCm q8 fp16 cache budget exhausted; using q8 kernels (request=64.00 MiB cached=0.00 GiB free=1.10 GiB reserve=1.59 GiB total=31.86 GiB)
ds4: ROCm q8 fp16 cache budget exhausted; using q8 kernels (request=64.00 MiB cached=0.00 GiB free=1.10 GiB reserve=1.59 GiB total=31.86 GiB)
ds4: ROCm q8 fp16 cache budget exhausted; using q8 kernels (request=64.00 MiB cached=0.00 GiB free=1.10 GiB reserve=1.59 GiB total=31.86 GiB)
ds4: ROCm q8 fp16 cache budget exhausted; using q8 kernels (request=64.00 MiB cached=0.00 GiB free=1.10 GiB reserve=1.59 GiB total=31.86 GiB)
ds4: ROCm q8 fp16 cache budget exhausted; using q8 kernels (request=64.00 MiB cached=0.00 GiB free=1.10 GiB reserve=1.59 GiB total=31.86 GiB)
ds4: ROCm q8 fp16 cache budget exhausted; using q8 kernels (request=64.00 MiB cached=0.00 GiB free=1.10 GiB reserve=1.59 GiB total=31.86 GiB)
ds4: ROCm q8 fp16 cache budget exhausted; using q8 kernels (request=64.00 MiB cached=0.00 GiB free=1.10 GiB reserve=1.59 GiB total=31.86 GiB)
ds4: ROCm q8 fp16 cache budget exhausted; using q8 kernels (request=64.00 MiB cached=0.00 GiB free=1.10 GiB reserve=1.59 GiB total=31.86 GiB)
ds4: ROCm q8 fp16 cache budget exhausted; using q8 kernels (request=64.00 MiB cached=0.00 GiB free=1.10 GiB reserve=1.59 GiB total=31.86 GiB)
ds4: ROCm q8 fp16 cache budget exhausted; using q8 kernels (request=64.00 MiB cached=0.00 GiB free=1.10 GiB reserve=1.59 GiB total=31.86 GiB)
ds4: ROCm q8 fp16 cache budget exhausted; using q8 kernels (request=64.00 MiB cached=0.00 GiB free=1.10 GiB reserve=1.59 GiB total=31.86 GiB)
ds4: ROCm q8 fp16 cache budget exhausted; using q8 kernels (request=64.00 MiB cached=0.00 GiB free=1.10 GiB reserve=1.59 GiB total=31.86 GiB)
ds4: ROCm q8 fp16 cache budget exhausted; using q8 kernels (request=64.00 MiB cached=0.00 GiB free=1.10 GiB reserve=1.59 GiB total=31.86 GiB)
ds4: ROCm q8 fp16 cache budget exhausted; using q8 kernels (request=64.00 MiB cached=0.00 GiB free=1.10 GiB reserve=1.59 GiB total=31.86 GiB)
ds4: ROCm q8 fp16 cache budget exhausted; using q8 kernels (request=64.00 MiB cached=0.00 GiB free=1.10 GiB reserve=1.59 GiB total=31.86 GiB)
ds4: ROCm q8 fp16 cache budget exhausted; using q8 kernels (request=64.00 MiB cached=0.00 GiB free=1.10 GiB reserve=1.59 GiB total=31.86 GiB)
ds4: ROCm q8 fp16 cache budget exhausted; using q8 kernels (request=64.00 MiB cached=0.00 GiB free=1.10 GiB reserve=1.59 GiB total=31.86 GiB)
ds4: ROCm q8 fp16 cache budget exhausted; using q8 kernels (request=64.00 MiB cached=0.00 GiB free=1.10 GiB reserve=1.59 GiB total=31.86 GiB)
ds4: ROCm q8 fp16 cache budget exhausted; using q8 kernels (request=64.00 MiB cached=0.00 GiB free=1.10 GiB reserve=1.59 GiB total=31.86 GiB)
ds4: ROCm q8 fp16 cache budget exhausted; using q8 kernels (request=64.00 MiB cached=0.00 GiB free=1.10 GiB reserve=1.59 GiB total=31.86 GiB)
ds4: ROCm q8 fp16 cache budget exhausted; using q8 kernels (request=64.00 MiB cached=0.00 GiB free=1.10 GiB reserve=1.59 GiB total=31.86 GiB)
ds4: ROCm q8 fp16 cache budget exhausted; using q8 kernels (request=64.00 MiB cached=0.00 GiB free=1.10 GiB reserve=1.59 GiB total=31.86 GiB)
ds4: ROCm q8 fp16 cache budget exhausted; using q8 kernels (request=64.00 MiB cached=0.00 GiB free=1.10 GiB reserve=1.59 GiB total=31.86 GiB)
ds4: ROCm q8 fp16 cache budget exhausted; using q8 kernels (request=64.00 MiB cached=0.00 GiB free=1.10 GiB reserve=1.59 GiB total=31.86 GiB)
ds4: ROCm q8 fp16 cache budget exhausted; using q8 kernels (request=64.00 MiB cached=0.00 GiB free=1.10 GiB reserve=1.59 GiB total=31.86 GiB)
ds4: ROCm q8 fp16 cache budget exhausted; using q8 kernels (request=64.00 MiB cached=0.00 GiB free=1.10 GiB reserve=1.59 GiB total=31.86 GiB)
ds4: ROCm q8 fp16 cache budget exhausted; using q8 kernels (request=64.00 MiB cached=0.00 GiB free=1.10 GiB reserve=1.59 GiB total=31.86 GiB)
ds4: ROCm q8 fp16 cache budget exhausted; using q8 kernels (request=64.00 MiB cached=0.00 GiB free=1.10 GiB reserve=1.59 GiB total=31.86 GiB)
ds4: ROCm q8 fp16 cache budget exhausted; using q8 kernels (request=64.00 MiB cached=0.00 GiB free=1.10 GiB reserve=1.59 GiB total=31.86 GiB)
ds4: ROCm q8 fp16 cache budget exhausted; using q8 kernels (request=64.00 MiB cached=0.00 GiB free=1.10 GiB reserve=1.59 GiB total=31.86 GiB)
case_026 cases=27 prompt=17 target=24 avg_nll=14.438287 lcp=1 api_target_mae=14.438287 api_top_coverage=98/120 api_top1=0.042 api_topn=0.031 api_pair=0.603
ds4: ROCm q8 fp16 cache budget exhausted; using q8 kernels (request=64.00 MiB cached=0.00 GiB free=1.10 GiB reserve=1.59 GiB total=31.86 GiB)
ds4: ROCm q8 fp16 cache budget exhausted; using q8 kernels (request=64.00 MiB cached=0.00 GiB free=1.10 GiB reserve=1.59 GiB total=31.86 GiB)
ds4: ROCm q8 fp16 cache budget exhausted; using q8 kernels (request=64.00 MiB cached=0.00 GiB free=1.10 GiB reserve=1.59 GiB total=31.86 GiB)
ds4: ROCm q8 fp16 cache budget exhausted; using q8 kernels (request=64.00 MiB cached=0.00 GiB free=1.10 GiB reserve=1.59 GiB total=31.86 GiB)
ds4: ROCm q8 fp16 cache budget exhausted; using q8 kernels (request=64.00 MiB cached=0.00 GiB free=1.10 GiB reserve=1.59 GiB total=31.86 GiB)
ds4: ROCm q8 fp16 cache budget exhausted; using q8 kernels (request=64.00 MiB cached=0.00 GiB free=1.10 GiB reserve=1.59 GiB total=31.86 GiB)
ds4: ROCm q8 fp16 cache budget exhausted; using q8 kernels (request=64.00 MiB cached=0.00 GiB free=1.10 GiB reserve=1.59 GiB total=31.86 GiB)
ds4: ROCm q8 fp16 cache budget exhausted; using q8 kernels (request=64.00 MiB cached=0.00 GiB free=1.10 GiB reserve=1.59 GiB total=31.86 GiB)
ds4: ROCm q8 fp16 cache budget exhausted; using q8 kernels (request=64.00 MiB cached=0.00 GiB free=1.10 GiB reserve=1.59 GiB total=31.86 GiB)
ds4: ROCm q8 fp16 cache budget exhausted; using q8 kernels (request=64.00 MiB cached=0.00 GiB free=1.10 GiB reserve=1.59 GiB total=31.86 GiB)
ds4: ROCm q8 fp16 cache budget exhausted; using q8 kernels (request=64.00 MiB cached=0.00 GiB free=1.10 GiB reserve=1.59 GiB total=31.86 GiB)
ds4: ROCm q8 fp16 cache budget exhausted; using q8 kernels (request=64.00 MiB cached=0.00 GiB free=1.10 GiB reserve=1.59 GiB total=31.86 GiB)
ds4: ROCm q8 fp16 cache budget exhausted; using q8 kernels (request=64.00 MiB cached=0.00 GiB free=1.10 GiB reserve=1.59 GiB total=31.86 GiB)
ds4: ROCm q8 fp16 cache budget exhausted; using q8 kernels (request=64.00 MiB cached=0.00 GiB free=1.10 GiB reserve=1.59 GiB total=31.86 GiB)
ds4: ROCm q8 fp16 cache budget exhausted; using q8 kernels (request=64.00 MiB cached=0.00 GiB free=1.10 GiB reserve=1.59 GiB total=31.86 GiB)
ds4: ROCm q8 fp16 cache budget exhausted; using q8 kernels (request=64.00 MiB cached=0.00 GiB free=1.10 GiB reserve=1.59 GiB total=31.86 GiB)
ds4: ROCm q8 fp16 cache budget exhausted; using q8 kernels (request=64.00 MiB cached=0.00 GiB free=1.10 GiB reserve=1.59 GiB total=31.86 GiB)
ds4: ROCm q8 fp16 cache budget exhausted; using q8 kernels (request=64.00 MiB cached=0.00 GiB free=1.10 GiB reserve=1.59 GiB total=31.86 GiB)
ds4: ROCm q8 fp16 cache budget exhausted; using q8 kernels (request=64.00 MiB cached=0.00 GiB free=1.10 GiB reserve=1.59 GiB total=31.86 GiB)
ds4: ROCm q8 fp16 cache budget exhausted; using q8 kernels (request=64.00 MiB cached=0.00 GiB free=1.10 GiB reserve=1.59 GiB total=31.86 GiB)
ds4: ROCm q8 fp16 cache budget exhausted; using q8 kernels (request=64.00 MiB cached=0.00 GiB free=1.10 GiB reserve=1.59 GiB total=31.86 GiB)
ds4: ROCm q8 fp16 cache budget exhausted; using q8 kernels (request=64.00 MiB cached=0.00 GiB free=1.10 GiB reserve=1.59 GiB total=31.86 GiB)
ds4: ROCm q8 fp16 cache budget exhausted; using q8 kernels (request=64.00 MiB cached=0.00 GiB free=1.10 GiB reserve=1.59 GiB total=31.86 GiB)
ds4: ROCm q8 fp16 cache budget exhausted; using q8 kernels (request=64.00 MiB cached=0.00 GiB free=1.10 GiB reserve=1.59 GiB total=31.86 GiB)
ds4: ROCm q8 fp16 cache budget exhausted; using q8 kernels (request=64.00 MiB cached=0.00 GiB free=1.10 GiB reserve=1.59 GiB total=31.86 GiB)
ds4: ROCm q8 fp16 cache budget exhausted; using q8 kernels (request=64.00 MiB cached=0.00 GiB free=1.10 GiB reserve=1.59 GiB total=31.86 GiB)
ds4: ROCm q8 fp16 cache budget exhausted; using q8 kernels (request=64.00 MiB cached=0.00 GiB free=1.10 GiB reserve=1.59 GiB total=31.86 GiB)
ds4: ROCm q8 fp16 cache budget exhausted; using q8 kernels (request=64.00 MiB cached=0.00 GiB free=1.10 GiB reserve=1.59 GiB total=31.86 GiB)
ds4: ROCm q8 fp16 cache budget exhausted; using q8 kernels (request=64.00 MiB cached=0.00 GiB free=1.10 GiB reserve=1.59 GiB total=31.86 GiB)
ds4: ROCm q8 fp16 cache budget exhausted; using q8 kernels (request=64.00 MiB cached=0.00 GiB free=1.10 GiB reserve=1.59 GiB total=31.86 GiB)
ds4: ROCm q8 fp16 cache budget exhausted; using q8 kernels (request=64.00 MiB cached=0.00 GiB free=1.10 GiB reserve=1.59 GiB total=31.86 GiB)
ds4: ROCm q8 fp16 cache budget exhausted; using q8 kernels (request=64.00 MiB cached=0.00 GiB free=1.10 GiB reserve=1.59 GiB total=31.86 GiB)
ds4: ROCm q8 fp16 cache budget exhausted; using q8 kernels (request=64.00 MiB cached=0.00 GiB free=1.10 GiB reserve=1.59 GiB total=31.86 GiB)
ds4: ROCm q8 fp16 cache budget exhausted; using q8 kernels (request=64.00 MiB cached=0.00 GiB free=1.10 GiB reserve=1.59 GiB total=31.86 GiB)
ds4: ROCm q8 fp16 cache budget exhausted; using q8 kernels (request=64.00 MiB cached=0.00 GiB free=1.10 GiB reserve=1.59 GiB total=31.86 GiB)
ds4: ROCm q8 fp16 cache budget exhausted; using q8 kernels (request=64.00 MiB cached=0.00 GiB free=1.10 GiB reserve=1.59 GiB total=31.86 GiB)
ds4: ROCm q8 fp16 cache budget exhausted; using q8 kernels (request=64.00 MiB cached=0.00 GiB free=1.10 GiB reserve=1.59 GiB total=31.86 GiB)
ds4: ROCm q8 fp16 cache budget exhausted; using q8 kernels (request=64.00 MiB cached=0.00 GiB free=1.10 GiB reserve=1.59 GiB total=31.86 GiB)
ds4: ROCm q8 fp16 cache budget exhausted; using q8 kernels (request=64.00 MiB cached=0.00 GiB free=1.10 GiB reserve=1.59 GiB total=31.86 GiB)
ds4: ROCm q8 fp16 cache budget exhausted; using q8 kernels (request=64.00 MiB cached=0.00 GiB free=1.10 GiB reserve=1.59 GiB total=31.86 GiB)
ds4: ROCm q8 fp16 cache budget exhausted; using q8 kernels (request=64.00 MiB cached=0.00 GiB free=1.10 GiB reserve=1.59 GiB total=31.86 GiB)
ds4: ROCm q8 fp16 cache budget exhausted; using q8 kernels (request=64.00 MiB cached=0.00 GiB free=1.10 GiB reserve=1.59 GiB total=31.86 GiB)
ds4: ROCm q8 fp16 cache budget exhausted; using q8 kernels (request=64.00 MiB cached=0.00 GiB free=1.10 GiB reserve=1.59 GiB total=31.86 GiB)
case_027 cases=28 prompt=14 target=24 avg_nll=15.054213 lcp=1 api_target_mae=15.054213 api_top_coverage=97/120 api_top1=0.042 api_topn=0.103 api_pair=0.615
ds4: ROCm q8 fp16 cache budget exhausted; using q8 kernels (request=64.00 MiB cached=0.00 GiB free=1.10 GiB reserve=1.59 GiB total=31.86 GiB)
ds4: ROCm q8 fp16 cache budget exhausted; using q8 kernels (request=64.00 MiB cached=0.00 GiB free=1.10 GiB reserve=1.59 GiB total=31.86 GiB)
ds4: ROCm q8 fp16 cache budget exhausted; using q8 kernels (request=64.00 MiB cached=0.00 GiB free=1.10 GiB reserve=1.59 GiB total=31.86 GiB)
ds4: ROCm q8 fp16 cache budget exhausted; using q8 kernels (request=64.00 MiB cached=0.00 GiB free=1.10 GiB reserve=1.59 GiB total=31.86 GiB)
ds4: ROCm q8 fp16 cache budget exhausted; using q8 kernels (request=64.00 MiB cached=0.00 GiB free=1.10 GiB reserve=1.59 GiB total=31.86 GiB)
ds4: ROCm q8 fp16 cache budget exhausted; using q8 kernels (request=64.00 MiB cached=0.00 GiB free=1.10 GiB reserve=1.59 GiB total=31.86 GiB)
ds4: ROCm q8 fp16 cache budget exhausted; using q8 kernels (request=64.00 MiB cached=0.00 GiB free=1.10 GiB reserve=1.59 GiB total=31.86 GiB)
ds4: ROCm q8 fp16 cache budget exhausted; using q8 kernels (request=64.00 MiB cached=0.00 GiB free=1.10 GiB reserve=1.59 GiB total=31.86 GiB)
ds4: ROCm q8 fp16 cache budget exhausted; using q8 kernels (request=64.00 MiB cached=0.00 GiB free=1.10 GiB reserve=1.59 GiB total=31.86 GiB)
ds4: ROCm q8 fp16 cache budget exhausted; using q8 kernels (request=64.00 MiB cached=0.00 GiB free=1.10 GiB reserve=1.59 GiB total=31.86 GiB)
ds4: ROCm q8 fp16 cache budget exhausted; using q8 kernels (request=64.00 MiB cached=0.00 GiB free=1.10 GiB reserve=1.59 GiB total=31.86 GiB)
ds4: ROCm q8 fp16 cache budget exhausted; using q8 kernels (request=64.00 MiB cached=0.00 GiB free=1.10 GiB reserve=1.59 GiB total=31.86 GiB)
ds4: ROCm q8 fp16 cache budget exhausted; using q8 kernels (request=64.00 MiB cached=0.00 GiB free=1.10 GiB reserve=1.59 GiB total=31.86 GiB)
ds4: ROCm q8 fp16 cache budget exhausted; using q8 kernels (request=64.00 MiB cached=0.00 GiB free=1.10 GiB reserve=1.59 GiB total=31.86 GiB)
ds4: ROCm q8 fp16 cache budget exhausted; using q8 kernels (request=64.00 MiB cached=0.00 GiB free=1.10 GiB reserve=1.59 GiB total=31.86 GiB)
ds4: ROCm q8 fp16 cache budget exhausted; using q8 kernels (request=64.00 MiB cached=0.00 GiB free=1.10 GiB reserve=1.59 GiB total=31.86 GiB)
ds4: ROCm q8 fp16 cache budget exhausted; using q8 kernels (request=64.00 MiB cached=0.00 GiB free=1.10 GiB reserve=1.59 GiB total=31.86 GiB)
ds4: ROCm q8 fp16 cache budget exhausted; using q8 kernels (request=64.00 MiB cached=0.00 GiB free=1.10 GiB reserve=1.59 GiB total=31.86 GiB)
ds4: ROCm q8 fp16 cache budget exhausted; using q8 kernels (request=64.00 MiB cached=0.00 GiB free=1.10 GiB reserve=1.59 GiB total=31.86 GiB)
ds4: ROCm q8 fp16 cache budget exhausted; using q8 kernels (request=64.00 MiB cached=0.00 GiB free=1.10 GiB reserve=1.59 GiB total=31.86 GiB)
ds4: ROCm q8 fp16 cache budget exhausted; using q8 kernels (request=64.00 MiB cached=0.00 GiB free=1.10 GiB reserve=1.59 GiB total=31.86 GiB)
ds4: ROCm q8 fp16 cache budget exhausted; using q8 kernels (request=64.00 MiB cached=0.00 GiB free=1.10 GiB reserve=1.59 GiB total=31.86 GiB)
ds4: ROCm q8 fp16 cache budget exhausted; using q8 kernels (request=64.00 MiB cached=0.00 GiB free=1.10 GiB reserve=1.59 GiB total=31.86 GiB)
ds4: ROCm q8 fp16 cache budget exhausted; using q8 kernels (request=64.00 MiB cached=0.00 GiB free=1.10 GiB reserve=1.59 GiB total=31.86 GiB)
ds4: ROCm q8 fp16 cache budget exhausted; using q8 kernels (request=64.00 MiB cached=0.00 GiB free=1.10 GiB reserve=1.59 GiB total=31.86 GiB)
ds4: ROCm q8 fp16 cache budget exhausted; using q8 kernels (request=64.00 MiB cached=0.00 GiB free=1.10 GiB reserve=1.59 GiB total=31.86 GiB)
ds4: ROCm q8 fp16 cache budget exhausted; using q8 kernels (request=64.00 MiB cached=0.00 GiB free=1.10 GiB reserve=1.59 GiB total=31.86 GiB)
ds4: ROCm q8 fp16 cache budget exhausted; using q8 kernels (request=64.00 MiB cached=0.00 GiB free=1.10 GiB reserve=1.59 GiB total=31.86 GiB)
ds4: ROCm q8 fp16 cache budget exhausted; using q8 kernels (request=64.00 MiB cached=0.00 GiB free=1.10 GiB reserve=1.59 GiB total=31.86 GiB)
ds4: ROCm q8 fp16 cache budget exhausted; using q8 kernels (request=64.00 MiB cached=0.00 GiB free=1.10 GiB reserve=1.59 GiB total=31.86 GiB)
ds4: ROCm q8 fp16 cache budget exhausted; using q8 kernels (request=64.00 MiB cached=0.00 GiB free=1.10 GiB reserve=1.59 GiB total=31.86 GiB)
ds4: ROCm q8 fp16 cache budget exhausted; using q8 kernels (request=64.00 MiB cached=0.00 GiB free=1.10 GiB reserve=1.59 GiB total=31.86 GiB)
ds4: ROCm q8 fp16 cache budget exhausted; using q8 kernels (request=64.00 MiB cached=0.00 GiB free=1.10 GiB reserve=1.59 GiB total=31.86 GiB)
ds4: ROCm q8 fp16 cache budget exhausted; using q8 kernels (request=64.00 MiB cached=0.00 GiB free=1.10 GiB reserve=1.59 GiB total=31.86 GiB)
ds4: ROCm q8 fp16 cache budget exhausted; using q8 kernels (request=64.00 MiB cached=0.00 GiB free=1.10 GiB reserve=1.59 GiB total=31.86 GiB)
ds4: ROCm q8 fp16 cache budget exhausted; using q8 kernels (request=64.00 MiB cached=0.00 GiB free=1.10 GiB reserve=1.59 GiB total=31.86 GiB)
ds4: ROCm q8 fp16 cache budget exhausted; using q8 kernels (request=64.00 MiB cached=0.00 GiB free=1.10 GiB reserve=1.59 GiB total=31.86 GiB)
ds4: ROCm q8 fp16 cache budget exhausted; using q8 kernels (request=64.00 MiB cached=0.00 GiB free=1.10 GiB reserve=1.59 GiB total=31.86 GiB)
ds4: ROCm q8 fp16 cache budget exhausted; using q8 kernels (request=64.00 MiB cached=0.00 GiB free=1.10 GiB reserve=1.59 GiB total=31.86 GiB)
ds4: ROCm q8 fp16 cache budget exhausted; using q8 kernels (request=64.00 MiB cached=0.00 GiB free=1.10 GiB reserve=1.59 GiB total=31.86 GiB)
ds4: ROCm q8 fp16 cache budget exhausted; using q8 kernels (request=64.00 MiB cached=0.00 GiB free=1.10 GiB reserve=1.59 GiB total=31.86 GiB)
ds4: ROCm q8 fp16 cache budget exhausted; using q8 kernels (request=64.00 MiB cached=0.00 GiB free=1.10 GiB reserve=1.59 GiB total=31.86 GiB)
ds4: ROCm q8 fp16 cache budget exhausted; using q8 kernels (request=64.00 MiB cached=0.00 GiB free=1.10 GiB reserve=1.59 GiB total=31.86 GiB)
case_028 cases=29 prompt=16 target=24 avg_nll=15.848060 lcp=1 api_target_mae=15.848060 api_top_coverage=97/120 api_top1=0.042 api_topn=0.113 api_pair=0.569
ds4: ROCm q8 fp16 cache budget exhausted; using q8 kernels (request=64.00 MiB cached=0.00 GiB free=1.10 GiB reserve=1.59 GiB total=31.86 GiB)
ds4: ROCm q8 fp16 cache budget exhausted; using q8 kernels (request=64.00 MiB cached=0.00 GiB free=1.10 GiB reserve=1.59 GiB total=31.86 GiB)
ds4: ROCm q8 fp16 cache budget exhausted; using q8 kernels (request=64.00 MiB cached=0.00 GiB free=1.10 GiB reserve=1.59 GiB total=31.86 GiB)
ds4: ROCm q8 fp16 cache budget exhausted; using q8 kernels (request=64.00 MiB cached=0.00 GiB free=1.10 GiB reserve=1.59 GiB total=31.86 GiB)
ds4: ROCm q8 fp16 cache budget exhausted; using q8 kernels (request=64.00 MiB cached=0.00 GiB free=1.10 GiB reserve=1.59 GiB total=31.86 GiB)
ds4: ROCm q8 fp16 cache budget exhausted; using q8 kernels (request=64.00 MiB cached=0.00 GiB free=1.10 GiB reserve=1.59 GiB total=31.86 GiB)
ds4: ROCm q8 fp16 cache budget exhausted; using q8 kernels (request=64.00 MiB cached=0.00 GiB free=1.10 GiB reserve=1.59 GiB total=31.86 GiB)
ds4: ROCm q8 fp16 cache budget exhausted; using q8 kernels (request=64.00 MiB cached=0.00 GiB free=1.10 GiB reserve=1.59 GiB total=31.86 GiB)
ds4: ROCm q8 fp16 cache budget exhausted; using q8 kernels (request=64.00 MiB cached=0.00 GiB free=1.10 GiB reserve=1.59 GiB total=31.86 GiB)
ds4: ROCm q8 fp16 cache budget exhausted; using q8 kernels (request=64.00 MiB cached=0.00 GiB free=1.10 GiB reserve=1.59 GiB total=31.86 GiB)
ds4: ROCm q8 fp16 cache budget exhausted; using q8 kernels (request=64.00 MiB cached=0.00 GiB free=1.10 GiB reserve=1.59 GiB total=31.86 GiB)
ds4: ROCm q8 fp16 cache budget exhausted; using q8 kernels (request=64.00 MiB cached=0.00 GiB free=1.10 GiB reserve=1.59 GiB total=31.86 GiB)
ds4: ROCm q8 fp16 cache budget exhausted; using q8 kernels (request=64.00 MiB cached=0.00 GiB free=1.10 GiB reserve=1.59 GiB total=31.86 GiB)
ds4: ROCm q8 fp16 cache budget exhausted; using q8 kernels (request=64.00 MiB cached=0.00 GiB free=1.10 GiB reserve=1.59 GiB total=31.86 GiB)
ds4: ROCm q8 fp16 cache budget exhausted; using q8 kernels (request=64.00 MiB cached=0.00 GiB free=1.10 GiB reserve=1.59 GiB total=31.86 GiB)
ds4: ROCm q8 fp16 cache budget exhausted; using q8 kernels (request=64.00 MiB cached=0.00 GiB free=1.10 GiB reserve=1.59 GiB total=31.86 GiB)
ds4: ROCm q8 fp16 cache budget exhausted; using q8 kernels (request=64.00 MiB cached=0.00 GiB free=1.10 GiB reserve=1.59 GiB total=31.86 GiB)
ds4: ROCm q8 fp16 cache budget exhausted; using q8 kernels (request=64.00 MiB cached=0.00 GiB free=1.10 GiB reserve=1.59 GiB total=31.86 GiB)
ds4: ROCm q8 fp16 cache budget exhausted; using q8 kernels (request=64.00 MiB cached=0.00 GiB free=1.10 GiB reserve=1.59 GiB total=31.86 GiB)
ds4: ROCm q8 fp16 cache budget exhausted; using q8 kernels (request=64.00 MiB cached=0.00 GiB free=1.10 GiB reserve=1.59 GiB total=31.86 GiB)
ds4: ROCm q8 fp16 cache budget exhausted; using q8 kernels (request=64.00 MiB cached=0.00 GiB free=1.10 GiB reserve=1.59 GiB total=31.86 GiB)
ds4: ROCm q8 fp16 cache budget exhausted; using q8 kernels (request=64.00 MiB cached=0.00 GiB free=1.10 GiB reserve=1.59 GiB total=31.86 GiB)
ds4: ROCm q8 fp16 cache budget exhausted; using q8 kernels (request=64.00 MiB cached=0.00 GiB free=1.10 GiB reserve=1.59 GiB total=31.86 GiB)
ds4: ROCm q8 fp16 cache budget exhausted; using q8 kernels (request=64.00 MiB cached=0.00 GiB free=1.10 GiB reserve=1.59 GiB total=31.86 GiB)
ds4: ROCm q8 fp16 cache budget exhausted; using q8 kernels (request=64.00 MiB cached=0.00 GiB free=1.10 GiB reserve=1.59 GiB total=31.86 GiB)
ds4: ROCm q8 fp16 cache budget exhausted; using q8 kernels (request=64.00 MiB cached=0.00 GiB free=1.10 GiB reserve=1.59 GiB total=31.86 GiB)
ds4: ROCm q8 fp16 cache budget exhausted; using q8 kernels (request=64.00 MiB cached=0.00 GiB free=1.10 GiB reserve=1.59 GiB total=31.86 GiB)
ds4: ROCm q8 fp16 cache budget exhausted; using q8 kernels (request=64.00 MiB cached=0.00 GiB free=1.10 GiB reserve=1.59 GiB total=31.86 GiB)
ds4: ROCm q8 fp16 cache budget exhausted; using q8 kernels (request=64.00 MiB cached=0.00 GiB free=1.10 GiB reserve=1.59 GiB total=31.86 GiB)
ds4: ROCm q8 fp16 cache budget exhausted; using q8 kernels (request=64.00 MiB cached=0.00 GiB free=1.10 GiB reserve=1.59 GiB total=31.86 GiB)
ds4: ROCm q8 fp16 cache budget exhausted; using q8 kernels (request=64.00 MiB cached=0.00 GiB free=1.10 GiB reserve=1.59 GiB total=31.86 GiB)
ds4: ROCm q8 fp16 cache budget exhausted; using q8 kernels (request=64.00 MiB cached=0.00 GiB free=1.10 GiB reserve=1.59 GiB total=31.86 GiB)
ds4: ROCm q8 fp16 cache budget exhausted; using q8 kernels (request=64.00 MiB cached=0.00 GiB free=1.10 GiB reserve=1.59 GiB total=31.86 GiB)
ds4: ROCm q8 fp16 cache budget exhausted; using q8 kernels (request=64.00 MiB cached=0.00 GiB free=1.10 GiB reserve=1.59 GiB total=31.86 GiB)
ds4: ROCm q8 fp16 cache budget exhausted; using q8 kernels (request=64.00 MiB cached=0.00 GiB free=1.10 GiB reserve=1.59 GiB total=31.86 GiB)
ds4: ROCm q8 fp16 cache budget exhausted; using q8 kernels (request=64.00 MiB cached=0.00 GiB free=1.10 GiB reserve=1.59 GiB total=31.86 GiB)
ds4: ROCm q8 fp16 cache budget exhausted; using q8 kernels (request=64.00 MiB cached=0.00 GiB free=1.10 GiB reserve=1.59 GiB total=31.86 GiB)
ds4: ROCm q8 fp16 cache budget exhausted; using q8 kernels (request=64.00 MiB cached=0.00 GiB free=1.10 GiB reserve=1.59 GiB total=31.86 GiB)
ds4: ROCm q8 fp16 cache budget exhausted; using q8 kernels (request=64.00 MiB cached=0.00 GiB free=1.10 GiB reserve=1.59 GiB total=31.86 GiB)
ds4: ROCm q8 fp16 cache budget exhausted; using q8 kernels (request=64.00 MiB cached=0.00 GiB free=1.10 GiB reserve=1.59 GiB total=31.86 GiB)
ds4: ROCm q8 fp16 cache budget exhausted; using q8 kernels (request=64.00 MiB cached=0.00 GiB free=1.10 GiB reserve=1.59 GiB total=31.86 GiB)
ds4: ROCm q8 fp16 cache budget exhausted; using q8 kernels (request=64.00 MiB cached=0.00 GiB free=1.10 GiB reserve=1.59 GiB total=31.86 GiB)
ds4: ROCm q8 fp16 cache budget exhausted; using q8 kernels (request=64.00 MiB cached=0.00 GiB free=1.10 GiB reserve=1.59 GiB total=31.86 GiB)
case_029 cases=30 prompt=18 target=24 avg_nll=15.574679 lcp=0 api_target_mae=15.574679 api_top_coverage=119/120 api_top1=0.000 api_topn=0.017 api_pair=0.582
ds4: ROCm q8 fp16 cache budget exhausted; using q8 kernels (request=64.00 MiB cached=0.00 GiB free=1.10 GiB reserve=1.59 GiB total=31.86 GiB)
ds4: ROCm q8 fp16 cache budget exhausted; using q8 kernels (request=64.00 MiB cached=0.00 GiB free=1.10 GiB reserve=1.59 GiB total=31.86 GiB)
ds4: ROCm q8 fp16 cache budget exhausted; using q8 kernels (request=64.00 MiB cached=0.00 GiB free=1.10 GiB reserve=1.59 GiB total=31.86 GiB)
ds4: ROCm q8 fp16 cache budget exhausted; using q8 kernels (request=64.00 MiB cached=0.00 GiB free=1.10 GiB reserve=1.59 GiB total=31.86 GiB)
ds4: ROCm q8 fp16 cache budget exhausted; using q8 kernels (request=64.00 MiB cached=0.00 GiB free=1.10 GiB reserve=1.59 GiB total=31.86 GiB)
ds4: ROCm q8 fp16 cache budget exhausted; using q8 kernels (request=64.00 MiB cached=0.00 GiB free=1.10 GiB reserve=1.59 GiB total=31.86 GiB)
ds4: ROCm q8 fp16 cache budget exhausted; using q8 kernels (request=64.00 MiB cached=0.00 GiB free=1.10 GiB reserve=1.59 GiB total=31.86 GiB)
ds4: ROCm q8 fp16 cache budget exhausted; using q8 kernels (request=64.00 MiB cached=0.00 GiB free=1.10 GiB reserve=1.59 GiB total=31.86 GiB)
ds4: ROCm q8 fp16 cache budget exhausted; using q8 kernels (request=64.00 MiB cached=0.00 GiB free=1.10 GiB reserve=1.59 GiB total=31.86 GiB)
ds4: ROCm q8 fp16 cache budget exhausted; using q8 kernels (request=64.00 MiB cached=0.00 GiB free=1.10 GiB reserve=1.59 GiB total=31.86 GiB)
ds4: ROCm q8 fp16 cache budget exhausted; using q8 kernels (request=64.00 MiB cached=0.00 GiB free=1.10 GiB reserve=1.59 GiB total=31.86 GiB)
ds4: ROCm q8 fp16 cache budget exhausted; using q8 kernels (request=64.00 MiB cached=0.00 GiB free=1.10 GiB reserve=1.59 GiB total=31.86 GiB)
ds4: ROCm q8 fp16 cache budget exhausted; using q8 kernels (request=64.00 MiB cached=0.00 GiB free=1.10 GiB reserve=1.59 GiB total=31.86 GiB)
ds4: ROCm q8 fp16 cache budget exhausted; using q8 kernels (request=64.00 MiB cached=0.00 GiB free=1.10 GiB reserve=1.59 GiB total=31.86 GiB)
ds4: ROCm q8 fp16 cache budget exhausted; using q8 kernels (request=64.00 MiB cached=0.00 GiB free=1.10 GiB reserve=1.59 GiB total=31.86 GiB)
ds4: ROCm q8 fp16 cache budget exhausted; using q8 kernels (request=64.00 MiB cached=0.00 GiB free=1.10 GiB reserve=1.59 GiB total=31.86 GiB)
ds4: ROCm q8 fp16 cache budget exhausted; using q8 kernels (request=64.00 MiB cached=0.00 GiB free=1.10 GiB reserve=1.59 GiB total=31.86 GiB)
ds4: ROCm q8 fp16 cache budget exhausted; using q8 kernels (request=64.00 MiB cached=0.00 GiB free=1.10 GiB reserve=1.59 GiB total=31.86 GiB)
ds4: ROCm q8 fp16 cache budget exhausted; using q8 kernels (request=64.00 MiB cached=0.00 GiB free=1.10 GiB reserve=1.59 GiB total=31.86 GiB)
ds4: ROCm q8 fp16 cache budget exhausted; using q8 kernels (request=64.00 MiB cached=0.00 GiB free=1.10 GiB reserve=1.59 GiB total=31.86 GiB)
ds4: ROCm q8 fp16 cache budget exhausted; using q8 kernels (request=64.00 MiB cached=0.00 GiB free=1.10 GiB reserve=1.59 GiB total=31.86 GiB)
ds4: ROCm q8 fp16 cache budget exhausted; using q8 kernels (request=64.00 MiB cached=0.00 GiB free=1.10 GiB reserve=1.59 GiB total=31.86 GiB)
ds4: ROCm q8 fp16 cache budget exhausted; using q8 kernels (request=64.00 MiB cached=0.00 GiB free=1.10 GiB reserve=1.59 GiB total=31.86 GiB)
ds4: ROCm q8 fp16 cache budget exhausted; using q8 kernels (request=64.00 MiB cached=0.00 GiB free=1.10 GiB reserve=1.59 GiB total=31.86 GiB)
ds4: ROCm q8 fp16 cache budget exhausted; using q8 kernels (request=64.00 MiB cached=0.00 GiB free=1.10 GiB reserve=1.59 GiB total=31.86 GiB)
ds4: ROCm q8 fp16 cache budget exhausted; using q8 kernels (request=64.00 MiB cached=0.00 GiB free=1.10 GiB reserve=1.59 GiB total=31.86 GiB)
ds4: ROCm q8 fp16 cache budget exhausted; using q8 kernels (request=64.00 MiB cached=0.00 GiB free=1.10 GiB reserve=1.59 GiB total=31.86 GiB)
ds4: ROCm q8 fp16 cache budget exhausted; using q8 kernels (request=64.00 MiB cached=0.00 GiB free=1.10 GiB reserve=1.59 GiB total=31.86 GiB)
ds4: ROCm q8 fp16 cache budget exhausted; using q8 kernels (request=64.00 MiB cached=0.00 GiB free=1.10 GiB reserve=1.59 GiB total=31.86 GiB)
ds4: ROCm q8 fp16 cache budget exhausted; using q8 kernels (request=64.00 MiB cached=0.00 GiB free=1.10 GiB reserve=1.59 GiB total=31.86 GiB)
ds4: ROCm q8 fp16 cache budget exhausted; using q8 kernels (request=64.00 MiB cached=0.00 GiB free=1.10 GiB reserve=1.59 GiB total=31.86 GiB)
ds4: ROCm q8 fp16 cache budget exhausted; using q8 kernels (request=64.00 MiB cached=0.00 GiB free=1.10 GiB reserve=1.59 GiB total=31.86 GiB)
ds4: ROCm q8 fp16 cache budget exhausted; using q8 kernels (request=64.00 MiB cached=0.00 GiB free=1.10 GiB reserve=1.59 GiB total=31.86 GiB)
ds4: ROCm q8 fp16 cache budget exhausted; using q8 kernels (request=64.00 MiB cached=0.00 GiB free=1.10 GiB reserve=1.59 GiB total=31.86 GiB)
ds4: ROCm q8 fp16 cache budget exhausted; using q8 kernels (request=64.00 MiB cached=0.00 GiB free=1.10 GiB reserve=1.59 GiB total=31.86 GiB)
ds4: ROCm q8 fp16 cache budget exhausted; using q8 kernels (request=64.00 MiB cached=0.00 GiB free=1.10 GiB reserve=1.59 GiB total=31.86 GiB)
ds4: ROCm q8 fp16 cache budget exhausted; using q8 kernels (request=64.00 MiB cached=0.00 GiB free=1.10 GiB reserve=1.59 GiB total=31.86 GiB)
ds4: ROCm q8 fp16 cache budget exhausted; using q8 kernels (request=64.00 MiB cached=0.00 GiB free=1.10 GiB reserve=1.59 GiB total=31.86 GiB)
ds4: ROCm q8 fp16 cache budget exhausted; using q8 kernels (request=64.00 MiB cached=0.00 GiB free=1.10 GiB reserve=1.59 GiB total=31.86 GiB)
ds4: ROCm q8 fp16 cache budget exhausted; using q8 kernels (request=64.00 MiB cached=0.00 GiB free=1.10 GiB reserve=1.59 GiB total=31.86 GiB)
ds4: ROCm q8 fp16 cache budget exhausted; using q8 kernels (request=64.00 MiB cached=0.00 GiB free=1.10 GiB reserve=1.59 GiB total=31.86 GiB)
ds4: ROCm q8 fp16 cache budget exhausted; using q8 kernels (request=64.00 MiB cached=0.00 GiB free=1.10 GiB reserve=1.59 GiB total=31.86 GiB)
ds4: ROCm q8 fp16 cache budget exhausted; using q8 kernels (request=64.00 MiB cached=0.00 GiB free=1.10 GiB reserve=1.59 GiB total=31.86 GiB)
case_030 cases=31 prompt=23 target=24 avg_nll=17.994765 lcp=0 api_target_mae=17.994765 api_top_coverage=97/120 api_top1=0.000 api_topn=0.113 api_pair=0.475
ds4: ROCm q8 fp16 cache budget exhausted; using q8 kernels (request=64.00 MiB cached=0.00 GiB free=1.10 GiB reserve=1.59 GiB total=31.86 GiB)
ds4: ROCm q8 fp16 cache budget exhausted; using q8 kernels (request=64.00 MiB cached=0.00 GiB free=1.10 GiB reserve=1.59 GiB total=31.86 GiB)
ds4: ROCm q8 fp16 cache budget exhausted; using q8 kernels (request=64.00 MiB cached=0.00 GiB free=1.10 GiB reserve=1.59 GiB total=31.86 GiB)
ds4: ROCm q8 fp16 cache budget exhausted; using q8 kernels (request=64.00 MiB cached=0.00 GiB free=1.10 GiB reserve=1.59 GiB total=31.86 GiB)
ds4: ROCm q8 fp16 cache budget exhausted; using q8 kernels (request=64.00 MiB cached=0.00 GiB free=1.10 GiB reserve=1.59 GiB total=31.86 GiB)
ds4: ROCm q8 fp16 cache budget exhausted; using q8 kernels (request=64.00 MiB cached=0.00 GiB free=1.10 GiB reserve=1.59 GiB total=31.86 GiB)
ds4: ROCm q8 fp16 cache budget exhausted; using q8 kernels (request=64.00 MiB cached=0.00 GiB free=1.10 GiB reserve=1.59 GiB total=31.86 GiB)
ds4: ROCm q8 fp16 cache budget exhausted; using q8 kernels (request=64.00 MiB cached=0.00 GiB free=1.10 GiB reserve=1.59 GiB total=31.86 GiB)
ds4: ROCm q8 fp16 cache budget exhausted; using q8 kernels (request=64.00 MiB cached=0.00 GiB free=1.10 GiB reserve=1.59 GiB total=31.86 GiB)
ds4: ROCm q8 fp16 cache budget exhausted; using q8 kernels (request=64.00 MiB cached=0.00 GiB free=1.10 GiB reserve=1.59 GiB total=31.86 GiB)
ds4: ROCm q8 fp16 cache budget exhausted; using q8 kernels (request=64.00 MiB cached=0.00 GiB free=1.10 GiB reserve=1.59 GiB total=31.86 GiB)
ds4: ROCm q8 fp16 cache budget exhausted; using q8 kernels (request=64.00 MiB cached=0.00 GiB free=1.10 GiB reserve=1.59 GiB total=31.86 GiB)
ds4: ROCm q8 fp16 cache budget exhausted; using q8 kernels (request=64.00 MiB cached=0.00 GiB free=1.10 GiB reserve=1.59 GiB total=31.86 GiB)
ds4: ROCm q8 fp16 cache budget exhausted; using q8 kernels (request=64.00 MiB cached=0.00 GiB free=1.10 GiB reserve=1.59 GiB total=31.86 GiB)
ds4: ROCm q8 fp16 cache budget exhausted; using q8 kernels (request=64.00 MiB cached=0.00 GiB free=1.10 GiB reserve=1.59 GiB total=31.86 GiB)
ds4: ROCm q8 fp16 cache budget exhausted; using q8 kernels (request=64.00 MiB cached=0.00 GiB free=1.10 GiB reserve=1.59 GiB total=31.86 GiB)
ds4: ROCm q8 fp16 cache budget exhausted; using q8 kernels (request=64.00 MiB cached=0.00 GiB free=1.10 GiB reserve=1.59 GiB total=31.86 GiB)
ds4: ROCm q8 fp16 cache budget exhausted; using q8 kernels (request=64.00 MiB cached=0.00 GiB free=1.10 GiB reserve=1.59 GiB total=31.86 GiB)
ds4: ROCm q8 fp16 cache budget exhausted; using q8 kernels (request=64.00 MiB cached=0.00 GiB free=1.10 GiB reserve=1.59 GiB total=31.86 GiB)
ds4: ROCm q8 fp16 cache budget exhausted; using q8 kernels (request=64.00 MiB cached=0.00 GiB free=1.10 GiB reserve=1.59 GiB total=31.86 GiB)
ds4: ROCm q8 fp16 cache budget exhausted; using q8 kernels (request=64.00 MiB cached=0.00 GiB free=1.10 GiB reserve=1.59 GiB total=31.86 GiB)
ds4: ROCm q8 fp16 cache budget exhausted; using q8 kernels (request=64.00 MiB cached=0.00 GiB free=1.10 GiB reserve=1.59 GiB total=31.86 GiB)
ds4: ROCm q8 fp16 cache budget exhausted; using q8 kernels (request=64.00 MiB cached=0.00 GiB free=1.10 GiB reserve=1.59 GiB total=31.86 GiB)
ds4: ROCm q8 fp16 cache budget exhausted; using q8 kernels (request=64.00 MiB cached=0.00 GiB free=1.10 GiB reserve=1.59 GiB total=31.86 GiB)
ds4: ROCm q8 fp16 cache budget exhausted; using q8 kernels (request=64.00 MiB cached=0.00 GiB free=1.10 GiB reserve=1.59 GiB total=31.86 GiB)
ds4: ROCm q8 fp16 cache budget exhausted; using q8 kernels (request=64.00 MiB cached=0.00 GiB free=1.10 GiB reserve=1.59 GiB total=31.86 GiB)
ds4: ROCm q8 fp16 cache budget exhausted; using q8 kernels (request=64.00 MiB cached=0.00 GiB free=1.10 GiB reserve=1.59 GiB total=31.86 GiB)
ds4: ROCm q8 fp16 cache budget exhausted; using q8 kernels (request=64.00 MiB cached=0.00 GiB free=1.10 GiB reserve=1.59 GiB total=31.86 GiB)
ds4: ROCm q8 fp16 cache budget exhausted; using q8 kernels (request=64.00 MiB cached=0.00 GiB free=1.10 GiB reserve=1.59 GiB total=31.86 GiB)
ds4: ROCm q8 fp16 cache budget exhausted; using q8 kernels (request=64.00 MiB cached=0.00 GiB free=1.10 GiB reserve=1.59 GiB total=31.86 GiB)
ds4: ROCm q8 fp16 cache budget exhausted; using q8 kernels (request=64.00 MiB cached=0.00 GiB free=1.10 GiB reserve=1.59 GiB total=31.86 GiB)
ds4: ROCm q8 fp16 cache budget exhausted; using q8 kernels (request=64.00 MiB cached=0.00 GiB free=1.10 GiB reserve=1.59 GiB total=31.86 GiB)
ds4: ROCm q8 fp16 cache budget exhausted; using q8 kernels (request=64.00 MiB cached=0.00 GiB free=1.10 GiB reserve=1.59 GiB total=31.86 GiB)
ds4: ROCm q8 fp16 cache budget exhausted; using q8 kernels (request=64.00 MiB cached=0.00 GiB free=1.10 GiB reserve=1.59 GiB total=31.86 GiB)
ds4: ROCm q8 fp16 cache budget exhausted; using q8 kernels (request=64.00 MiB cached=0.00 GiB free=1.10 GiB reserve=1.59 GiB total=31.86 GiB)
ds4: ROCm q8 fp16 cache budget exhausted; using q8 kernels (request=64.00 MiB cached=0.00 GiB free=1.10 GiB reserve=1.59 GiB total=31.86 GiB)
ds4: ROCm q8 fp16 cache budget exhausted; using q8 kernels (request=64.00 MiB cached=0.00 GiB free=1.10 GiB reserve=1.59 GiB total=31.86 GiB)
ds4: ROCm q8 fp16 cache budget exhausted; using q8 kernels (request=64.00 MiB cached=0.00 GiB free=1.10 GiB reserve=1.59 GiB total=31.86 GiB)
ds4: ROCm q8 fp16 cache budget exhausted; using q8 kernels (request=64.00 MiB cached=0.00 GiB free=1.10 GiB reserve=1.59 GiB total=31.86 GiB)
ds4: ROCm q8 fp16 cache budget exhausted; using q8 kernels (request=64.00 MiB cached=0.00 GiB free=1.10 GiB reserve=1.59 GiB total=31.86 GiB)
ds4: ROCm q8 fp16 cache budget exhausted; using q8 kernels (request=64.00 MiB cached=0.00 GiB free=1.10 GiB reserve=1.59 GiB total=31.86 GiB)
ds4: ROCm q8 fp16 cache budget exhausted; using q8 kernels (request=64.00 MiB cached=0.00 GiB free=1.10 GiB reserve=1.59 GiB total=31.86 GiB)
ds4: ROCm q8 fp16 cache budget exhausted; using q8 kernels (request=64.00 MiB cached=0.00 GiB free=1.10 GiB reserve=1.59 GiB total=31.86 GiB)
case_031 cases=32 prompt=22 target=24 avg_nll=16.162182 lcp=1 api_target_mae=16.162182 api_top_coverage=97/120 api_top1=0.042 api_topn=0.113 api_pair=0.672
ds4: ROCm q8 fp16 cache budget exhausted; using q8 kernels (request=64.00 MiB cached=0.00 GiB free=1.10 GiB reserve=1.59 GiB total=31.86 GiB)
ds4: ROCm q8 fp16 cache budget exhausted; using q8 kernels (request=64.00 MiB cached=0.00 GiB free=1.10 GiB reserve=1.59 GiB total=31.86 GiB)
ds4: ROCm q8 fp16 cache budget exhausted; using q8 kernels (request=64.00 MiB cached=0.00 GiB free=1.10 GiB reserve=1.59 GiB total=31.86 GiB)
ds4: ROCm q8 fp16 cache budget exhausted; using q8 kernels (request=64.00 MiB cached=0.00 GiB free=1.10 GiB reserve=1.59 GiB total=31.86 GiB)
ds4: ROCm q8 fp16 cache budget exhausted; using q8 kernels (request=64.00 MiB cached=0.00 GiB free=1.10 GiB reserve=1.59 GiB total=31.86 GiB)
ds4: ROCm q8 fp16 cache budget exhausted; using q8 kernels (request=64.00 MiB cached=0.00 GiB free=1.10 GiB reserve=1.59 GiB total=31.86 GiB)
ds4: ROCm q8 fp16 cache budget exhausted; using q8 kernels (request=64.00 MiB cached=0.00 GiB free=1.10 GiB reserve=1.59 GiB total=31.86 GiB)
ds4: ROCm q8 fp16 cache budget exhausted; using q8 kernels (request=64.00 MiB cached=0.00 GiB free=1.10 GiB reserve=1.59 GiB total=31.86 GiB)
ds4: ROCm q8 fp16 cache budget exhausted; using q8 kernels (request=64.00 MiB cached=0.00 GiB free=1.10 GiB reserve=1.59 GiB total=31.86 GiB)
ds4: ROCm q8 fp16 cache budget exhausted; using q8 kernels (request=64.00 MiB cached=0.00 GiB free=1.10 GiB reserve=1.59 GiB total=31.86 GiB)
ds4: ROCm q8 fp16 cache budget exhausted; using q8 kernels (request=64.00 MiB cached=0.00 GiB free=1.10 GiB reserve=1.59 GiB total=31.86 GiB)
ds4: ROCm q8 fp16 cache budget exhausted; using q8 kernels (request=64.00 MiB cached=0.00 GiB free=1.10 GiB reserve=1.59 GiB total=31.86 GiB)
ds4: ROCm q8 fp16 cache budget exhausted; using q8 kernels (request=64.00 MiB cached=0.00 GiB free=1.10 GiB reserve=1.59 GiB total=31.86 GiB)
ds4: ROCm q8 fp16 cache budget exhausted; using q8 kernels (request=64.00 MiB cached=0.00 GiB free=1.10 GiB reserve=1.59 GiB total=31.86 GiB)
ds4: ROCm q8 fp16 cache budget exhausted; using q8 kernels (request=64.00 MiB cached=0.00 GiB free=1.10 GiB reserve=1.59 GiB total=31.86 GiB)
ds4: ROCm q8 fp16 cache budget exhausted; using q8 kernels (request=64.00 MiB cached=0.00 GiB free=1.10 GiB reserve=1.59 GiB total=31.86 GiB)
ds4: ROCm q8 fp16 cache budget exhausted; using q8 kernels (request=64.00 MiB cached=0.00 GiB free=1.10 GiB reserve=1.59 GiB total=31.86 GiB)
ds4: ROCm q8 fp16 cache budget exhausted; using q8 kernels (request=64.00 MiB cached=0.00 GiB free=1.10 GiB reserve=1.59 GiB total=31.86 GiB)
ds4: ROCm q8 fp16 cache budget exhausted; using q8 kernels (request=64.00 MiB cached=0.00 GiB free=1.10 GiB reserve=1.59 GiB total=31.86 GiB)
ds4: ROCm q8 fp16 cache budget exhausted; using q8 kernels (request=64.00 MiB cached=0.00 GiB free=1.10 GiB reserve=1.59 GiB total=31.86 GiB)
ds4: ROCm q8 fp16 cache budget exhausted; using q8 kernels (request=64.00 MiB cached=0.00 GiB free=1.10 GiB reserve=1.59 GiB total=31.86 GiB)
ds4: ROCm q8 fp16 cache budget exhausted; using q8 kernels (request=64.00 MiB cached=0.00 GiB free=1.10 GiB reserve=1.59 GiB total=31.86 GiB)
ds4: ROCm q8 fp16 cache budget exhausted; using q8 kernels (request=64.00 MiB cached=0.00 GiB free=1.10 GiB reserve=1.59 GiB total=31.86 GiB)
ds4: ROCm q8 fp16 cache budget exhausted; using q8 kernels (request=64.00 MiB cached=0.00 GiB free=1.10 GiB reserve=1.59 GiB total=31.86 GiB)
ds4: ROCm q8 fp16 cache budget exhausted; using q8 kernels (request=64.00 MiB cached=0.00 GiB free=1.10 GiB reserve=1.59 GiB total=31.86 GiB)
ds4: ROCm q8 fp16 cache budget exhausted; using q8 kernels (request=64.00 MiB cached=0.00 GiB free=1.10 GiB reserve=1.59 GiB total=31.86 GiB)
ds4: ROCm q8 fp16 cache budget exhausted; using q8 kernels (request=64.00 MiB cached=0.00 GiB free=1.10 GiB reserve=1.59 GiB total=31.86 GiB)
ds4: ROCm q8 fp16 cache budget exhausted; using q8 kernels (request=64.00 MiB cached=0.00 GiB free=1.10 GiB reserve=1.59 GiB total=31.86 GiB)
ds4: ROCm q8 fp16 cache budget exhausted; using q8 kernels (request=64.00 MiB cached=0.00 GiB free=1.10 GiB reserve=1.59 GiB total=31.86 GiB)
ds4: ROCm q8 fp16 cache budget exhausted; using q8 kernels (request=64.00 MiB cached=0.00 GiB free=1.10 GiB reserve=1.59 GiB total=31.86 GiB)
ds4: ROCm q8 fp16 cache budget exhausted; using q8 kernels (request=64.00 MiB cached=0.00 GiB free=1.10 GiB reserve=1.59 GiB total=31.86 GiB)
ds4: ROCm q8 fp16 cache budget exhausted; using q8 kernels (request=64.00 MiB cached=0.00 GiB free=1.10 GiB reserve=1.59 GiB total=31.86 GiB)
ds4: ROCm q8 fp16 cache budget exhausted; using q8 kernels (request=64.00 MiB cached=0.00 GiB free=1.10 GiB reserve=1.59 GiB total=31.86 GiB)
ds4: ROCm q8 fp16 cache budget exhausted; using q8 kernels (request=64.00 MiB cached=0.00 GiB free=1.10 GiB reserve=1.59 GiB total=31.86 GiB)
ds4: ROCm q8 fp16 cache budget exhausted; using q8 kernels (request=64.00 MiB cached=0.00 GiB free=1.10 GiB reserve=1.59 GiB total=31.86 GiB)
ds4: ROCm q8 fp16 cache budget exhausted; using q8 kernels (request=64.00 MiB cached=0.00 GiB free=1.10 GiB reserve=1.59 GiB total=31.86 GiB)
ds4: ROCm q8 fp16 cache budget exhausted; using q8 kernels (request=64.00 MiB cached=0.00 GiB free=1.10 GiB reserve=1.59 GiB total=31.86 GiB)
ds4: ROCm q8 fp16 cache budget exhausted; using q8 kernels (request=64.00 MiB cached=0.00 GiB free=1.10 GiB reserve=1.59 GiB total=31.86 GiB)
ds4: ROCm q8 fp16 cache budget exhausted; using q8 kernels (request=64.00 MiB cached=0.00 GiB free=1.10 GiB reserve=1.59 GiB total=31.86 GiB)
ds4: ROCm q8 fp16 cache budget exhausted; using q8 kernels (request=64.00 MiB cached=0.00 GiB free=1.10 GiB reserve=1.59 GiB total=31.86 GiB)
ds4: ROCm q8 fp16 cache budget exhausted; using q8 kernels (request=64.00 MiB cached=0.00 GiB free=1.10 GiB reserve=1.59 GiB total=31.86 GiB)
ds4: ROCm q8 fp16 cache budget exhausted; using q8 kernels (request=64.00 MiB cached=0.00 GiB free=1.10 GiB reserve=1.59 GiB total=31.86 GiB)
ds4: ROCm q8 fp16 cache budget exhausted; using q8 kernels (request=64.00 MiB cached=0.00 GiB free=1.10 GiB reserve=1.59 GiB total=31.86 GiB)
case_032 cases=33 prompt=18 target=24 avg_nll=16.579328 lcp=0 api_target_mae=16.579328 api_top_coverage=97/120 api_top1=0.000 api_topn=0.041 api_pair=0.540
ds4: ROCm q8 fp16 cache budget exhausted; using q8 kernels (request=64.00 MiB cached=0.00 GiB free=1.10 GiB reserve=1.59 GiB total=31.86 GiB)
ds4: ROCm q8 fp16 cache budget exhausted; using q8 kernels (request=64.00 MiB cached=0.00 GiB free=1.10 GiB reserve=1.59 GiB total=31.86 GiB)
ds4: ROCm q8 fp16 cache budget exhausted; using q8 kernels (request=64.00 MiB cached=0.00 GiB free=1.10 GiB reserve=1.59 GiB total=31.86 GiB)
ds4: ROCm q8 fp16 cache budget exhausted; using q8 kernels (request=64.00 MiB cached=0.00 GiB free=1.10 GiB reserve=1.59 GiB total=31.86 GiB)
ds4: ROCm q8 fp16 cache budget exhausted; using q8 kernels (request=64.00 MiB cached=0.00 GiB free=1.10 GiB reserve=1.59 GiB total=31.86 GiB)
ds4: ROCm q8 fp16 cache budget exhausted; using q8 kernels (request=64.00 MiB cached=0.00 GiB free=1.10 GiB reserve=1.59 GiB total=31.86 GiB)
ds4: ROCm q8 fp16 cache budget exhausted; using q8 kernels (request=64.00 MiB cached=0.00 GiB free=1.10 GiB reserve=1.59 GiB total=31.86 GiB)
ds4: ROCm q8 fp16 cache budget exhausted; using q8 kernels (request=64.00 MiB cached=0.00 GiB free=1.10 GiB reserve=1.59 GiB total=31.86 GiB)
ds4: ROCm q8 fp16 cache budget exhausted; using q8 kernels (request=64.00 MiB cached=0.00 GiB free=1.10 GiB reserve=1.59 GiB total=31.86 GiB)
ds4: ROCm q8 fp16 cache budget exhausted; using q8 kernels (request=64.00 MiB cached=0.00 GiB free=1.10 GiB reserve=1.59 GiB total=31.86 GiB)
ds4: ROCm q8 fp16 cache budget exhausted; using q8 kernels (request=64.00 MiB cached=0.00 GiB free=1.10 GiB reserve=1.59 GiB total=31.86 GiB)
ds4: ROCm q8 fp16 cache budget exhausted; using q8 kernels (request=64.00 MiB cached=0.00 GiB free=1.10 GiB reserve=1.59 GiB total=31.86 GiB)
ds4: ROCm q8 fp16 cache budget exhausted; using q8 kernels (request=64.00 MiB cached=0.00 GiB free=1.10 GiB reserve=1.59 GiB total=31.86 GiB)
ds4: ROCm q8 fp16 cache budget exhausted; using q8 kernels (request=64.00 MiB cached=0.00 GiB free=1.10 GiB reserve=1.59 GiB total=31.86 GiB)
ds4: ROCm q8 fp16 cache budget exhausted; using q8 kernels (request=64.00 MiB cached=0.00 GiB free=1.10 GiB reserve=1.59 GiB total=31.86 GiB)
ds4: ROCm q8 fp16 cache budget exhausted; using q8 kernels (request=64.00 MiB cached=0.00 GiB free=1.10 GiB reserve=1.59 GiB total=31.86 GiB)
ds4: ROCm q8 fp16 cache budget exhausted; using q8 kernels (request=64.00 MiB cached=0.00 GiB free=1.10 GiB reserve=1.59 GiB total=31.86 GiB)
ds4: ROCm q8 fp16 cache budget exhausted; using q8 kernels (request=64.00 MiB cached=0.00 GiB free=1.10 GiB reserve=1.59 GiB total=31.86 GiB)
ds4: ROCm q8 fp16 cache budget exhausted; using q8 kernels (request=64.00 MiB cached=0.00 GiB free=1.10 GiB reserve=1.59 GiB total=31.86 GiB)
ds4: ROCm q8 fp16 cache budget exhausted; using q8 kernels (request=64.00 MiB cached=0.00 GiB free=1.10 GiB reserve=1.59 GiB total=31.86 GiB)
ds4: ROCm q8 fp16 cache budget exhausted; using q8 kernels (request=64.00 MiB cached=0.00 GiB free=1.10 GiB reserve=1.59 GiB total=31.86 GiB)
ds4: ROCm q8 fp16 cache budget exhausted; using q8 kernels (request=64.00 MiB cached=0.00 GiB free=1.10 GiB reserve=1.59 GiB total=31.86 GiB)
ds4: ROCm q8 fp16 cache budget exhausted; using q8 kernels (request=64.00 MiB cached=0.00 GiB free=1.10 GiB reserve=1.59 GiB total=31.86 GiB)
ds4: ROCm q8 fp16 cache budget exhausted; using q8 kernels (request=64.00 MiB cached=0.00 GiB free=1.10 GiB reserve=1.59 GiB total=31.86 GiB)
ds4: ROCm q8 fp16 cache budget exhausted; using q8 kernels (request=64.00 MiB cached=0.00 GiB free=1.10 GiB reserve=1.59 GiB total=31.86 GiB)
ds4: ROCm q8 fp16 cache budget exhausted; using q8 kernels (request=64.00 MiB cached=0.00 GiB free=1.10 GiB reserve=1.59 GiB total=31.86 GiB)
ds4: ROCm q8 fp16 cache budget exhausted; using q8 kernels (request=64.00 MiB cached=0.00 GiB free=1.10 GiB reserve=1.59 GiB total=31.86 GiB)
ds4: ROCm q8 fp16 cache budget exhausted; using q8 kernels (request=64.00 MiB cached=0.00 GiB free=1.10 GiB reserve=1.59 GiB total=31.86 GiB)
ds4: ROCm q8 fp16 cache budget exhausted; using q8 kernels (request=64.00 MiB cached=0.00 GiB free=1.10 GiB reserve=1.59 GiB total=31.86 GiB)
ds4: ROCm q8 fp16 cache budget exhausted; using q8 kernels (request=64.00 MiB cached=0.00 GiB free=1.10 GiB reserve=1.59 GiB total=31.86 GiB)
ds4: ROCm q8 fp16 cache budget exhausted; using q8 kernels (request=64.00 MiB cached=0.00 GiB free=1.10 GiB reserve=1.59 GiB total=31.86 GiB)
ds4: ROCm q8 fp16 cache budget exhausted; using q8 kernels (request=64.00 MiB cached=0.00 GiB free=1.10 GiB reserve=1.59 GiB total=31.86 GiB)
ds4: ROCm q8 fp16 cache budget exhausted; using q8 kernels (request=64.00 MiB cached=0.00 GiB free=1.10 GiB reserve=1.59 GiB total=31.86 GiB)
ds4: ROCm q8 fp16 cache budget exhausted; using q8 kernels (request=64.00 MiB cached=0.00 GiB free=1.10 GiB reserve=1.59 GiB total=31.86 GiB)
ds4: ROCm q8 fp16 cache budget exhausted; using q8 kernels (request=64.00 MiB cached=0.00 GiB free=1.10 GiB reserve=1.59 GiB total=31.86 GiB)
ds4: ROCm q8 fp16 cache budget exhausted; using q8 kernels (request=64.00 MiB cached=0.00 GiB free=1.10 GiB reserve=1.59 GiB total=31.86 GiB)
ds4: ROCm q8 fp16 cache budget exhausted; using q8 kernels (request=64.00 MiB cached=0.00 GiB free=1.10 GiB reserve=1.59 GiB total=31.86 GiB)
ds4: ROCm q8 fp16 cache budget exhausted; using q8 kernels (request=64.00 MiB cached=0.00 GiB free=1.10 GiB reserve=1.59 GiB total=31.86 GiB)
ds4: ROCm q8 fp16 cache budget exhausted; using q8 kernels (request=64.00 MiB cached=0.00 GiB free=1.10 GiB reserve=1.59 GiB total=31.86 GiB)
ds4: ROCm q8 fp16 cache budget exhausted; using q8 kernels (request=64.00 MiB cached=0.00 GiB free=1.10 GiB reserve=1.59 GiB total=31.86 GiB)
ds4: ROCm q8 fp16 cache budget exhausted; using q8 kernels (request=64.00 MiB cached=0.00 GiB free=1.10 GiB reserve=1.59 GiB total=31.86 GiB)
ds4: ROCm q8 fp16 cache budget exhausted; using q8 kernels (request=64.00 MiB cached=0.00 GiB free=1.10 GiB reserve=1.59 GiB total=31.86 GiB)
ds4: ROCm q8 fp16 cache budget exhausted; using q8 kernels (request=64.00 MiB cached=0.00 GiB free=1.10 GiB reserve=1.59 GiB total=31.86 GiB)
case_033 cases=34 prompt=15 target=24 avg_nll=16.130070 lcp=0 api_target_mae=16.130070 api_top_coverage=97/120 api_top1=0.000 api_topn=0.093 api_pair=0.414
ds4: ROCm q8 fp16 cache budget exhausted; using q8 kernels (request=64.00 MiB cached=0.00 GiB free=1.10 GiB reserve=1.59 GiB total=31.86 GiB)
ds4: ROCm q8 fp16 cache budget exhausted; using q8 kernels (request=64.00 MiB cached=0.00 GiB free=1.10 GiB reserve=1.59 GiB total=31.86 GiB)
ds4: ROCm q8 fp16 cache budget exhausted; using q8 kernels (request=64.00 MiB cached=0.00 GiB free=1.10 GiB reserve=1.59 GiB total=31.86 GiB)
ds4: ROCm q8 fp16 cache budget exhausted; using q8 kernels (request=64.00 MiB cached=0.00 GiB free=1.10 GiB reserve=1.59 GiB total=31.86 GiB)
ds4: ROCm q8 fp16 cache budget exhausted; using q8 kernels (request=64.00 MiB cached=0.00 GiB free=1.10 GiB reserve=1.59 GiB total=31.86 GiB)
ds4: ROCm q8 fp16 cache budget exhausted; using q8 kernels (request=64.00 MiB cached=0.00 GiB free=1.10 GiB reserve=1.59 GiB total=31.86 GiB)
ds4: ROCm q8 fp16 cache budget exhausted; using q8 kernels (request=64.00 MiB cached=0.00 GiB free=1.10 GiB reserve=1.59 GiB total=31.86 GiB)
ds4: ROCm q8 fp16 cache budget exhausted; using q8 kernels (request=64.00 MiB cached=0.00 GiB free=1.10 GiB reserve=1.59 GiB total=31.86 GiB)
ds4: ROCm q8 fp16 cache budget exhausted; using q8 kernels (request=64.00 MiB cached=0.00 GiB free=1.10 GiB reserve=1.59 GiB total=31.86 GiB)
ds4: ROCm q8 fp16 cache budget exhausted; using q8 kernels (request=64.00 MiB cached=0.00 GiB free=1.10 GiB reserve=1.59 GiB total=31.86 GiB)
ds4: ROCm q8 fp16 cache budget exhausted; using q8 kernels (request=64.00 MiB cached=0.00 GiB free=1.10 GiB reserve=1.59 GiB total=31.86 GiB)
ds4: ROCm q8 fp16 cache budget exhausted; using q8 kernels (request=64.00 MiB cached=0.00 GiB free=1.10 GiB reserve=1.59 GiB total=31.86 GiB)
ds4: ROCm q8 fp16 cache budget exhausted; using q8 kernels (request=64.00 MiB cached=0.00 GiB free=1.10 GiB reserve=1.59 GiB total=31.86 GiB)
ds4: ROCm q8 fp16 cache budget exhausted; using q8 kernels (request=64.00 MiB cached=0.00 GiB free=1.10 GiB reserve=1.59 GiB total=31.86 GiB)
ds4: ROCm q8 fp16 cache budget exhausted; using q8 kernels (request=64.00 MiB cached=0.00 GiB free=1.10 GiB reserve=1.59 GiB total=31.86 GiB)
ds4: ROCm q8 fp16 cache budget exhausted; using q8 kernels (request=64.00 MiB cached=0.00 GiB free=1.10 GiB reserve=1.59 GiB total=31.86 GiB)
ds4: ROCm q8 fp16 cache budget exhausted; using q8 kernels (request=64.00 MiB cached=0.00 GiB free=1.10 GiB reserve=1.59 GiB total=31.86 GiB)
ds4: ROCm q8 fp16 cache budget exhausted; using q8 kernels (request=64.00 MiB cached=0.00 GiB free=1.10 GiB reserve=1.59 GiB total=31.86 GiB)
ds4: ROCm q8 fp16 cache budget exhausted; using q8 kernels (request=64.00 MiB cached=0.00 GiB free=1.10 GiB reserve=1.59 GiB total=31.86 GiB)
ds4: ROCm q8 fp16 cache budget exhausted; using q8 kernels (request=64.00 MiB cached=0.00 GiB free=1.10 GiB reserve=1.59 GiB total=31.86 GiB)
ds4: ROCm q8 fp16 cache budget exhausted; using q8 kernels (request=64.00 MiB cached=0.00 GiB free=1.10 GiB reserve=1.59 GiB total=31.86 GiB)
ds4: ROCm q8 fp16 cache budget exhausted; using q8 kernels (request=64.00 MiB cached=0.00 GiB free=1.10 GiB reserve=1.59 GiB total=31.86 GiB)
ds4: ROCm q8 fp16 cache budget exhausted; using q8 kernels (request=64.00 MiB cached=0.00 GiB free=1.10 GiB reserve=1.59 GiB total=31.86 GiB)
ds4: ROCm q8 fp16 cache budget exhausted; using q8 kernels (request=64.00 MiB cached=0.00 GiB free=1.10 GiB reserve=1.59 GiB total=31.86 GiB)
ds4: ROCm q8 fp16 cache budget exhausted; using q8 kernels (request=64.00 MiB cached=0.00 GiB free=1.10 GiB reserve=1.59 GiB total=31.86 GiB)
ds4: ROCm q8 fp16 cache budget exhausted; using q8 kernels (request=64.00 MiB cached=0.00 GiB free=1.10 GiB reserve=1.59 GiB total=31.86 GiB)
ds4: ROCm q8 fp16 cache budget exhausted; using q8 kernels (request=64.00 MiB cached=0.00 GiB free=1.10 GiB reserve=1.59 GiB total=31.86 GiB)
ds4: ROCm q8 fp16 cache budget exhausted; using q8 kernels (request=64.00 MiB cached=0.00 GiB free=1.10 GiB reserve=1.59 GiB total=31.86 GiB)
ds4: ROCm q8 fp16 cache budget exhausted; using q8 kernels (request=64.00 MiB cached=0.00 GiB free=1.10 GiB reserve=1.59 GiB total=31.86 GiB)
ds4: ROCm q8 fp16 cache budget exhausted; using q8 kernels (request=64.00 MiB cached=0.00 GiB free=1.10 GiB reserve=1.59 GiB total=31.86 GiB)
ds4: ROCm q8 fp16 cache budget exhausted; using q8 kernels (request=64.00 MiB cached=0.00 GiB free=1.10 GiB reserve=1.59 GiB total=31.86 GiB)
ds4: ROCm q8 fp16 cache budget exhausted; using q8 kernels (request=64.00 MiB cached=0.00 GiB free=1.10 GiB reserve=1.59 GiB total=31.86 GiB)
ds4: ROCm q8 fp16 cache budget exhausted; using q8 kernels (request=64.00 MiB cached=0.00 GiB free=1.10 GiB reserve=1.59 GiB total=31.86 GiB)
ds4: ROCm q8 fp16 cache budget exhausted; using q8 kernels (request=64.00 MiB cached=0.00 GiB free=1.10 GiB reserve=1.59 GiB total=31.86 GiB)
ds4: ROCm q8 fp16 cache budget exhausted; using q8 kernels (request=64.00 MiB cached=0.00 GiB free=1.10 GiB reserve=1.59 GiB total=31.86 GiB)
ds4: ROCm q8 fp16 cache budget exhausted; using q8 kernels (request=64.00 MiB cached=0.00 GiB free=1.10 GiB reserve=1.59 GiB total=31.86 GiB)
ds4: ROCm q8 fp16 cache budget exhausted; using q8 kernels (request=64.00 MiB cached=0.00 GiB free=1.10 GiB reserve=1.59 GiB total=31.86 GiB)
ds4: ROCm q8 fp16 cache budget exhausted; using q8 kernels (request=64.00 MiB cached=0.00 GiB free=1.10 GiB reserve=1.59 GiB total=31.86 GiB)
ds4: ROCm q8 fp16 cache budget exhausted; using q8 kernels (request=64.00 MiB cached=0.00 GiB free=1.10 GiB reserve=1.59 GiB total=31.86 GiB)
ds4: ROCm q8 fp16 cache budget exhausted; using q8 kernels (request=64.00 MiB cached=0.00 GiB free=1.10 GiB reserve=1.59 GiB total=31.86 GiB)
ds4: ROCm q8 fp16 cache budget exhausted; using q8 kernels (request=64.00 MiB cached=0.00 GiB free=1.10 GiB reserve=1.59 GiB total=31.86 GiB)
ds4: ROCm q8 fp16 cache budget exhausted; using q8 kernels (request=64.00 MiB cached=0.00 GiB free=1.10 GiB reserve=1.59 GiB total=31.86 GiB)
ds4: ROCm q8 fp16 cache budget exhausted; using q8 kernels (request=64.00 MiB cached=0.00 GiB free=1.10 GiB reserve=1.59 GiB total=31.86 GiB)
case_034 cases=35 prompt=22 target=24 avg_nll=16.555261 lcp=1 api_target_mae=16.555261 api_top_coverage=97/120 api_top1=0.042 api_topn=0.082 api_pair=0.541
ds4: ROCm q8 fp16 cache budget exhausted; using q8 kernels (request=64.00 MiB cached=0.00 GiB free=1.10 GiB reserve=1.59 GiB total=31.86 GiB)
ds4: ROCm q8 fp16 cache budget exhausted; using q8 kernels (request=64.00 MiB cached=0.00 GiB free=1.10 GiB reserve=1.59 GiB total=31.86 GiB)
ds4: ROCm q8 fp16 cache budget exhausted; using q8 kernels (request=64.00 MiB cached=0.00 GiB free=1.10 GiB reserve=1.59 GiB total=31.86 GiB)
ds4: ROCm q8 fp16 cache budget exhausted; using q8 kernels (request=64.00 MiB cached=0.00 GiB free=1.10 GiB reserve=1.59 GiB total=31.86 GiB)
ds4: ROCm q8 fp16 cache budget exhausted; using q8 kernels (request=64.00 MiB cached=0.00 GiB free=1.10 GiB reserve=1.59 GiB total=31.86 GiB)
ds4: ROCm q8 fp16 cache budget exhausted; using q8 kernels (request=64.00 MiB cached=0.00 GiB free=1.10 GiB reserve=1.59 GiB total=31.86 GiB)
ds4: ROCm q8 fp16 cache budget exhausted; using q8 kernels (request=64.00 MiB cached=0.00 GiB free=1.10 GiB reserve=1.59 GiB total=31.86 GiB)
ds4: ROCm q8 fp16 cache budget exhausted; using q8 kernels (request=64.00 MiB cached=0.00 GiB free=1.10 GiB reserve=1.59 GiB total=31.86 GiB)
ds4: ROCm q8 fp16 cache budget exhausted; using q8 kernels (request=64.00 MiB cached=0.00 GiB free=1.10 GiB reserve=1.59 GiB total=31.86 GiB)
ds4: ROCm q8 fp16 cache budget exhausted; using q8 kernels (request=64.00 MiB cached=0.00 GiB free=1.10 GiB reserve=1.59 GiB total=31.86 GiB)
ds4: ROCm q8 fp16 cache budget exhausted; using q8 kernels (request=64.00 MiB cached=0.00 GiB free=1.10 GiB reserve=1.59 GiB total=31.86 GiB)
ds4: ROCm q8 fp16 cache budget exhausted; using q8 kernels (request=64.00 MiB cached=0.00 GiB free=1.10 GiB reserve=1.59 GiB total=31.86 GiB)
ds4: ROCm q8 fp16 cache budget exhausted; using q8 kernels (request=64.00 MiB cached=0.00 GiB free=1.10 GiB reserve=1.59 GiB total=31.86 GiB)
ds4: ROCm q8 fp16 cache budget exhausted; using q8 kernels (request=64.00 MiB cached=0.00 GiB free=1.10 GiB reserve=1.59 GiB total=31.86 GiB)
ds4: ROCm q8 fp16 cache budget exhausted; using q8 kernels (request=64.00 MiB cached=0.00 GiB free=1.10 GiB reserve=1.59 GiB total=31.86 GiB)
ds4: ROCm q8 fp16 cache budget exhausted; using q8 kernels (request=64.00 MiB cached=0.00 GiB free=1.10 GiB reserve=1.59 GiB total=31.86 GiB)
ds4: ROCm q8 fp16 cache budget exhausted; using q8 kernels (request=64.00 MiB cached=0.00 GiB free=1.10 GiB reserve=1.59 GiB total=31.86 GiB)
ds4: ROCm q8 fp16 cache budget exhausted; using q8 kernels (request=64.00 MiB cached=0.00 GiB free=1.10 GiB reserve=1.59 GiB total=31.86 GiB)
ds4: ROCm q8 fp16 cache budget exhausted; using q8 kernels (request=64.00 MiB cached=0.00 GiB free=1.10 GiB reserve=1.59 GiB total=31.86 GiB)
ds4: ROCm q8 fp16 cache budget exhausted; using q8 kernels (request=64.00 MiB cached=0.00 GiB free=1.10 GiB reserve=1.59 GiB total=31.86 GiB)
ds4: ROCm q8 fp16 cache budget exhausted; using q8 kernels (request=64.00 MiB cached=0.00 GiB free=1.10 GiB reserve=1.59 GiB total=31.86 GiB)
ds4: ROCm q8 fp16 cache budget exhausted; using q8 kernels (request=64.00 MiB cached=0.00 GiB free=1.10 GiB reserve=1.59 GiB total=31.86 GiB)
ds4: ROCm q8 fp16 cache budget exhausted; using q8 kernels (request=64.00 MiB cached=0.00 GiB free=1.10 GiB reserve=1.59 GiB total=31.86 GiB)
ds4: ROCm q8 fp16 cache budget exhausted; using q8 kernels (request=64.00 MiB cached=0.00 GiB free=1.10 GiB reserve=1.59 GiB total=31.86 GiB)
ds4: ROCm q8 fp16 cache budget exhausted; using q8 kernels (request=64.00 MiB cached=0.00 GiB free=1.10 GiB reserve=1.59 GiB total=31.86 GiB)
ds4: ROCm q8 fp16 cache budget exhausted; using q8 kernels (request=64.00 MiB cached=0.00 GiB free=1.10 GiB reserve=1.59 GiB total=31.86 GiB)
ds4: ROCm q8 fp16 cache budget exhausted; using q8 kernels (request=64.00 MiB cached=0.00 GiB free=1.10 GiB reserve=1.59 GiB total=31.86 GiB)
ds4: ROCm q8 fp16 cache budget exhausted; using q8 kernels (request=64.00 MiB cached=0.00 GiB free=1.10 GiB reserve=1.59 GiB total=31.86 GiB)
ds4: ROCm q8 fp16 cache budget exhausted; using q8 kernels (request=64.00 MiB cached=0.00 GiB free=1.10 GiB reserve=1.59 GiB total=31.86 GiB)
ds4: ROCm q8 fp16 cache budget exhausted; using q8 kernels (request=64.00 MiB cached=0.00 GiB free=1.10 GiB reserve=1.59 GiB total=31.86 GiB)
ds4: ROCm q8 fp16 cache budget exhausted; using q8 kernels (request=64.00 MiB cached=0.00 GiB free=1.10 GiB reserve=1.59 GiB total=31.86 GiB)
ds4: ROCm q8 fp16 cache budget exhausted; using q8 kernels (request=64.00 MiB cached=0.00 GiB free=1.10 GiB reserve=1.59 GiB total=31.86 GiB)
ds4: ROCm q8 fp16 cache budget exhausted; using q8 kernels (request=64.00 MiB cached=0.00 GiB free=1.10 GiB reserve=1.59 GiB total=31.86 GiB)
ds4: ROCm q8 fp16 cache budget exhausted; using q8 kernels (request=64.00 MiB cached=0.00 GiB free=1.10 GiB reserve=1.59 GiB total=31.86 GiB)
ds4: ROCm q8 fp16 cache budget exhausted; using q8 kernels (request=64.00 MiB cached=0.00 GiB free=1.10 GiB reserve=1.59 GiB total=31.86 GiB)
ds4: ROCm q8 fp16 cache budget exhausted; using q8 kernels (request=64.00 MiB cached=0.00 GiB free=1.10 GiB reserve=1.59 GiB total=31.86 GiB)
ds4: ROCm q8 fp16 cache budget exhausted; using q8 kernels (request=64.00 MiB cached=0.00 GiB free=1.10 GiB reserve=1.59 GiB total=31.86 GiB)
ds4: ROCm q8 fp16 cache budget exhausted; using q8 kernels (request=64.00 MiB cached=0.00 GiB free=1.10 GiB reserve=1.59 GiB total=31.86 GiB)
ds4: ROCm q8 fp16 cache budget exhausted; using q8 kernels (request=64.00 MiB cached=0.00 GiB free=1.10 GiB reserve=1.59 GiB total=31.86 GiB)
ds4: ROCm q8 fp16 cache budget exhausted; using q8 kernels (request=64.00 MiB cached=0.00 GiB free=1.10 GiB reserve=1.59 GiB total=31.86 GiB)
ds4: ROCm q8 fp16 cache budget exhausted; using q8 kernels (request=64.00 MiB cached=0.00 GiB free=1.10 GiB reserve=1.59 GiB total=31.86 GiB)
ds4: ROCm q8 fp16 cache budget exhausted; using q8 kernels (request=64.00 MiB cached=0.00 GiB free=1.10 GiB reserve=1.59 GiB total=31.86 GiB)
ds4: ROCm q8 fp16 cache budget exhausted; using q8 kernels (request=64.00 MiB cached=0.00 GiB free=1.10 GiB reserve=1.59 GiB total=31.86 GiB)
case_035 cases=36 prompt=23 target=24 avg_nll=15.852021 lcp=1 api_target_mae=15.852021 api_top_coverage=96/120 api_top1=0.042 api_topn=0.094 api_pair=0.614
ds4: ROCm q8 fp16 cache budget exhausted; using q8 kernels (request=64.00 MiB cached=0.00 GiB free=1.10 GiB reserve=1.59 GiB total=31.86 GiB)
ds4: ROCm q8 fp16 cache budget exhausted; using q8 kernels (request=64.00 MiB cached=0.00 GiB free=1.10 GiB reserve=1.59 GiB total=31.86 GiB)
ds4: ROCm q8 fp16 cache budget exhausted; using q8 kernels (request=64.00 MiB cached=0.00 GiB free=1.10 GiB reserve=1.59 GiB total=31.86 GiB)
ds4: ROCm q8 fp16 cache budget exhausted; using q8 kernels (request=64.00 MiB cached=0.00 GiB free=1.10 GiB reserve=1.59 GiB total=31.86 GiB)
ds4: ROCm q8 fp16 cache budget exhausted; using q8 kernels (request=64.00 MiB cached=0.00 GiB free=1.10 GiB reserve=1.59 GiB total=31.86 GiB)
ds4: ROCm q8 fp16 cache budget exhausted; using q8 kernels (request=64.00 MiB cached=0.00 GiB free=1.10 GiB reserve=1.59 GiB total=31.86 GiB)
ds4: ROCm q8 fp16 cache budget exhausted; using q8 kernels (request=64.00 MiB cached=0.00 GiB free=1.10 GiB reserve=1.59 GiB total=31.86 GiB)
ds4: ROCm q8 fp16 cache budget exhausted; using q8 kernels (request=64.00 MiB cached=0.00 GiB free=1.10 GiB reserve=1.59 GiB total=31.86 GiB)
ds4: ROCm q8 fp16 cache budget exhausted; using q8 kernels (request=64.00 MiB cached=0.00 GiB free=1.10 GiB reserve=1.59 GiB total=31.86 GiB)
ds4: ROCm q8 fp16 cache budget exhausted; using q8 kernels (request=64.00 MiB cached=0.00 GiB free=1.10 GiB reserve=1.59 GiB total=31.86 GiB)
ds4: ROCm q8 fp16 cache budget exhausted; using q8 kernels (request=64.00 MiB cached=0.00 GiB free=1.10 GiB reserve=1.59 GiB total=31.86 GiB)
ds4: ROCm q8 fp16 cache budget exhausted; using q8 kernels (request=64.00 MiB cached=0.00 GiB free=1.10 GiB reserve=1.59 GiB total=31.86 GiB)
ds4: ROCm q8 fp16 cache budget exhausted; using q8 kernels (request=64.00 MiB cached=0.00 GiB free=1.10 GiB reserve=1.59 GiB total=31.86 GiB)
ds4: ROCm q8 fp16 cache budget exhausted; using q8 kernels (request=64.00 MiB cached=0.00 GiB free=1.10 GiB reserve=1.59 GiB total=31.86 GiB)
ds4: ROCm q8 fp16 cache budget exhausted; using q8 kernels (request=64.00 MiB cached=0.00 GiB free=1.10 GiB reserve=1.59 GiB total=31.86 GiB)
ds4: ROCm q8 fp16 cache budget exhausted; using q8 kernels (request=64.00 MiB cached=0.00 GiB free=1.10 GiB reserve=1.59 GiB total=31.86 GiB)
ds4: ROCm q8 fp16 cache budget exhausted; using q8 kernels (request=64.00 MiB cached=0.00 GiB free=1.10 GiB reserve=1.59 GiB total=31.86 GiB)
ds4: ROCm q8 fp16 cache budget exhausted; using q8 kernels (request=64.00 MiB cached=0.00 GiB free=1.10 GiB reserve=1.59 GiB total=31.86 GiB)
ds4: ROCm q8 fp16 cache budget exhausted; using q8 kernels (request=64.00 MiB cached=0.00 GiB free=1.10 GiB reserve=1.59 GiB total=31.86 GiB)
ds4: ROCm q8 fp16 cache budget exhausted; using q8 kernels (request=64.00 MiB cached=0.00 GiB free=1.10 GiB reserve=1.59 GiB total=31.86 GiB)
ds4: ROCm q8 fp16 cache budget exhausted; using q8 kernels (request=64.00 MiB cached=0.00 GiB free=1.10 GiB reserve=1.59 GiB total=31.86 GiB)
ds4: ROCm q8 fp16 cache budget exhausted; using q8 kernels (request=64.00 MiB cached=0.00 GiB free=1.10 GiB reserve=1.59 GiB total=31.86 GiB)
ds4: ROCm q8 fp16 cache budget exhausted; using q8 kernels (request=64.00 MiB cached=0.00 GiB free=1.10 GiB reserve=1.59 GiB total=31.86 GiB)
ds4: ROCm q8 fp16 cache budget exhausted; using q8 kernels (request=64.00 MiB cached=0.00 GiB free=1.10 GiB reserve=1.59 GiB total=31.86 GiB)
ds4: ROCm q8 fp16 cache budget exhausted; using q8 kernels (request=64.00 MiB cached=0.00 GiB free=1.10 GiB reserve=1.59 GiB total=31.86 GiB)
ds4: ROCm q8 fp16 cache budget exhausted; using q8 kernels (request=64.00 MiB cached=0.00 GiB free=1.10 GiB reserve=1.59 GiB total=31.86 GiB)
ds4: ROCm q8 fp16 cache budget exhausted; using q8 kernels (request=64.00 MiB cached=0.00 GiB free=1.10 GiB reserve=1.59 GiB total=31.86 GiB)
ds4: ROCm q8 fp16 cache budget exhausted; using q8 kernels (request=64.00 MiB cached=0.00 GiB free=1.10 GiB reserve=1.59 GiB total=31.86 GiB)
ds4: ROCm q8 fp16 cache budget exhausted; using q8 kernels (request=64.00 MiB cached=0.00 GiB free=1.10 GiB reserve=1.59 GiB total=31.86 GiB)
ds4: ROCm q8 fp16 cache budget exhausted; using q8 kernels (request=64.00 MiB cached=0.00 GiB free=1.10 GiB reserve=1.59 GiB total=31.86 GiB)
ds4: ROCm q8 fp16 cache budget exhausted; using q8 kernels (request=64.00 MiB cached=0.00 GiB free=1.10 GiB reserve=1.59 GiB total=31.86 GiB)
ds4: ROCm q8 fp16 cache budget exhausted; using q8 kernels (request=64.00 MiB cached=0.00 GiB free=1.10 GiB reserve=1.59 GiB total=31.86 GiB)
ds4: ROCm q8 fp16 cache budget exhausted; using q8 kernels (request=64.00 MiB cached=0.00 GiB free=1.10 GiB reserve=1.59 GiB total=31.86 GiB)
ds4: ROCm q8 fp16 cache budget exhausted; using q8 kernels (request=64.00 MiB cached=0.00 GiB free=1.10 GiB reserve=1.59 GiB total=31.86 GiB)
ds4: ROCm q8 fp16 cache budget exhausted; using q8 kernels (request=64.00 MiB cached=0.00 GiB free=1.10 GiB reserve=1.59 GiB total=31.86 GiB)
ds4: ROCm q8 fp16 cache budget exhausted; using q8 kernels (request=64.00 MiB cached=0.00 GiB free=1.10 GiB reserve=1.59 GiB total=31.86 GiB)
ds4: ROCm q8 fp16 cache budget exhausted; using q8 kernels (request=64.00 MiB cached=0.00 GiB free=1.10 GiB reserve=1.59 GiB total=31.86 GiB)
ds4: ROCm q8 fp16 cache budget exhausted; using q8 kernels (request=64.00 MiB cached=0.00 GiB free=1.10 GiB reserve=1.59 GiB total=31.86 GiB)
ds4: ROCm q8 fp16 cache budget exhausted; using q8 kernels (request=64.00 MiB cached=0.00 GiB free=1.10 GiB reserve=1.59 GiB total=31.86 GiB)
ds4: ROCm q8 fp16 cache budget exhausted; using q8 kernels (request=64.00 MiB cached=0.00 GiB free=1.10 GiB reserve=1.59 GiB total=31.86 GiB)
ds4: ROCm q8 fp16 cache budget exhausted; using q8 kernels (request=64.00 MiB cached=0.00 GiB free=1.10 GiB reserve=1.59 GiB total=31.86 GiB)
ds4: ROCm q8 fp16 cache budget exhausted; using q8 kernels (request=64.00 MiB cached=0.00 GiB free=1.10 GiB reserve=1.59 GiB total=31.86 GiB)
ds4: ROCm q8 fp16 cache budget exhausted; using q8 kernels (request=64.00 MiB cached=0.00 GiB free=1.10 GiB reserve=1.59 GiB total=31.86 GiB)
case_036 cases=37 prompt=21 target=24 avg_nll=16.607767 lcp=1 api_target_mae=16.607767 api_top_coverage=96/120 api_top1=0.042 api_topn=0.042 api_pair=0.571
ds4: ROCm q8 fp16 cache budget exhausted; using q8 kernels (request=64.00 MiB cached=0.00 GiB free=1.10 GiB reserve=1.59 GiB total=31.86 GiB)
ds4: ROCm q8 fp16 cache budget exhausted; using q8 kernels (request=64.00 MiB cached=0.00 GiB free=1.10 GiB reserve=1.59 GiB total=31.86 GiB)
ds4: ROCm q8 fp16 cache budget exhausted; using q8 kernels (request=64.00 MiB cached=0.00 GiB free=1.10 GiB reserve=1.59 GiB total=31.86 GiB)
ds4: ROCm q8 fp16 cache budget exhausted; using q8 kernels (request=64.00 MiB cached=0.00 GiB free=1.10 GiB reserve=1.59 GiB total=31.86 GiB)
ds4: ROCm q8 fp16 cache budget exhausted; using q8 kernels (request=64.00 MiB cached=0.00 GiB free=1.10 GiB reserve=1.59 GiB total=31.86 GiB)
ds4: ROCm q8 fp16 cache budget exhausted; using q8 kernels (request=64.00 MiB cached=0.00 GiB free=1.10 GiB reserve=1.59 GiB total=31.86 GiB)
ds4: ROCm q8 fp16 cache budget exhausted; using q8 kernels (request=64.00 MiB cached=0.00 GiB free=1.10 GiB reserve=1.59 GiB total=31.86 GiB)
ds4: ROCm q8 fp16 cache budget exhausted; using q8 kernels (request=64.00 MiB cached=0.00 GiB free=1.10 GiB reserve=1.59 GiB total=31.86 GiB)
ds4: ROCm q8 fp16 cache budget exhausted; using q8 kernels (request=64.00 MiB cached=0.00 GiB free=1.10 GiB reserve=1.59 GiB total=31.86 GiB)
ds4: ROCm q8 fp16 cache budget exhausted; using q8 kernels (request=64.00 MiB cached=0.00 GiB free=1.10 GiB reserve=1.59 GiB total=31.86 GiB)
ds4: ROCm q8 fp16 cache budget exhausted; using q8 kernels (request=64.00 MiB cached=0.00 GiB free=1.10 GiB reserve=1.59 GiB total=31.86 GiB)
ds4: ROCm q8 fp16 cache budget exhausted; using q8 kernels (request=64.00 MiB cached=0.00 GiB free=1.10 GiB reserve=1.59 GiB total=31.86 GiB)
ds4: ROCm q8 fp16 cache budget exhausted; using q8 kernels (request=64.00 MiB cached=0.00 GiB free=1.10 GiB reserve=1.59 GiB total=31.86 GiB)
ds4: ROCm q8 fp16 cache budget exhausted; using q8 kernels (request=64.00 MiB cached=0.00 GiB free=1.10 GiB reserve=1.59 GiB total=31.86 GiB)
ds4: ROCm q8 fp16 cache budget exhausted; using q8 kernels (request=64.00 MiB cached=0.00 GiB free=1.10 GiB reserve=1.59 GiB total=31.86 GiB)
ds4: ROCm q8 fp16 cache budget exhausted; using q8 kernels (request=64.00 MiB cached=0.00 GiB free=1.10 GiB reserve=1.59 GiB total=31.86 GiB)
ds4: ROCm q8 fp16 cache budget exhausted; using q8 kernels (request=64.00 MiB cached=0.00 GiB free=1.10 GiB reserve=1.59 GiB total=31.86 GiB)
ds4: ROCm q8 fp16 cache budget exhausted; using q8 kernels (request=64.00 MiB cached=0.00 GiB free=1.10 GiB reserve=1.59 GiB total=31.86 GiB)
ds4: ROCm q8 fp16 cache budget exhausted; using q8 kernels (request=64.00 MiB cached=0.00 GiB free=1.10 GiB reserve=1.59 GiB total=31.86 GiB)
ds4: ROCm q8 fp16 cache budget exhausted; using q8 kernels (request=64.00 MiB cached=0.00 GiB free=1.10 GiB reserve=1.59 GiB total=31.86 GiB)
ds4: ROCm q8 fp16 cache budget exhausted; using q8 kernels (request=64.00 MiB cached=0.00 GiB free=1.10 GiB reserve=1.59 GiB total=31.86 GiB)
ds4: ROCm q8 fp16 cache budget exhausted; using q8 kernels (request=64.00 MiB cached=0.00 GiB free=1.10 GiB reserve=1.59 GiB total=31.86 GiB)
ds4: ROCm q8 fp16 cache budget exhausted; using q8 kernels (request=64.00 MiB cached=0.00 GiB free=1.10 GiB reserve=1.59 GiB total=31.86 GiB)
ds4: ROCm q8 fp16 cache budget exhausted; using q8 kernels (request=64.00 MiB cached=0.00 GiB free=1.10 GiB reserve=1.59 GiB total=31.86 GiB)
ds4: ROCm q8 fp16 cache budget exhausted; using q8 kernels (request=64.00 MiB cached=0.00 GiB free=1.10 GiB reserve=1.59 GiB total=31.86 GiB)
ds4: ROCm q8 fp16 cache budget exhausted; using q8 kernels (request=64.00 MiB cached=0.00 GiB free=1.10 GiB reserve=1.59 GiB total=31.86 GiB)
ds4: ROCm q8 fp16 cache budget exhausted; using q8 kernels (request=64.00 MiB cached=0.00 GiB free=1.10 GiB reserve=1.59 GiB total=31.86 GiB)
ds4: ROCm q8 fp16 cache budget exhausted; using q8 kernels (request=64.00 MiB cached=0.00 GiB free=1.10 GiB reserve=1.59 GiB total=31.86 GiB)
ds4: ROCm q8 fp16 cache budget exhausted; using q8 kernels (request=64.00 MiB cached=0.00 GiB free=1.10 GiB reserve=1.59 GiB total=31.86 GiB)
ds4: ROCm q8 fp16 cache budget exhausted; using q8 kernels (request=64.00 MiB cached=0.00 GiB free=1.10 GiB reserve=1.59 GiB total=31.86 GiB)
ds4: ROCm q8 fp16 cache budget exhausted; using q8 kernels (request=64.00 MiB cached=0.00 GiB free=1.10 GiB reserve=1.59 GiB total=31.86 GiB)
ds4: ROCm q8 fp16 cache budget exhausted; using q8 kernels (request=64.00 MiB cached=0.00 GiB free=1.10 GiB reserve=1.59 GiB total=31.86 GiB)
ds4: ROCm q8 fp16 cache budget exhausted; using q8 kernels (request=64.00 MiB cached=0.00 GiB free=1.10 GiB reserve=1.59 GiB total=31.86 GiB)
ds4: ROCm q8 fp16 cache budget exhausted; using q8 kernels (request=64.00 MiB cached=0.00 GiB free=1.10 GiB reserve=1.59 GiB total=31.86 GiB)
ds4: ROCm q8 fp16 cache budget exhausted; using q8 kernels (request=64.00 MiB cached=0.00 GiB free=1.10 GiB reserve=1.59 GiB total=31.86 GiB)
ds4: ROCm q8 fp16 cache budget exhausted; using q8 kernels (request=64.00 MiB cached=0.00 GiB free=1.10 GiB reserve=1.59 GiB total=31.86 GiB)
ds4: ROCm q8 fp16 cache budget exhausted; using q8 kernels (request=64.00 MiB cached=0.00 GiB free=1.10 GiB reserve=1.59 GiB total=31.86 GiB)
ds4: ROCm q8 fp16 cache budget exhausted; using q8 kernels (request=64.00 MiB cached=0.00 GiB free=1.10 GiB reserve=1.59 GiB total=31.86 GiB)
ds4: ROCm q8 fp16 cache budget exhausted; using q8 kernels (request=64.00 MiB cached=0.00 GiB free=1.10 GiB reserve=1.59 GiB total=31.86 GiB)
ds4: ROCm q8 fp16 cache budget exhausted; using q8 kernels (request=64.00 MiB cached=0.00 GiB free=1.10 GiB reserve=1.59 GiB total=31.86 GiB)
ds4: ROCm q8 fp16 cache budget exhausted; using q8 kernels (request=64.00 MiB cached=0.00 GiB free=1.10 GiB reserve=1.59 GiB total=31.86 GiB)
ds4: ROCm q8 fp16 cache budget exhausted; using q8 kernels (request=64.00 MiB cached=0.00 GiB free=1.10 GiB reserve=1.59 GiB total=31.86 GiB)
ds4: ROCm q8 fp16 cache budget exhausted; using q8 kernels (request=64.00 MiB cached=0.00 GiB free=1.10 GiB reserve=1.59 GiB total=31.86 GiB)
case_037 cases=38 prompt=18 target=24 avg_nll=16.465063 lcp=0 api_target_mae=16.465063 api_top_coverage=97/120 api_top1=0.000 api_topn=0.113 api_pair=0.517
ds4: ROCm q8 fp16 cache budget exhausted; using q8 kernels (request=64.00 MiB cached=0.00 GiB free=1.10 GiB reserve=1.59 GiB total=31.86 GiB)
ds4: ROCm q8 fp16 cache budget exhausted; using q8 kernels (request=64.00 MiB cached=0.00 GiB free=1.10 GiB reserve=1.59 GiB total=31.86 GiB)
ds4: ROCm q8 fp16 cache budget exhausted; using q8 kernels (request=64.00 MiB cached=0.00 GiB free=1.10 GiB reserve=1.59 GiB total=31.86 GiB)
ds4: ROCm q8 fp16 cache budget exhausted; using q8 kernels (request=64.00 MiB cached=0.00 GiB free=1.10 GiB reserve=1.59 GiB total=31.86 GiB)
ds4: ROCm q8 fp16 cache budget exhausted; using q8 kernels (request=64.00 MiB cached=0.00 GiB free=1.10 GiB reserve=1.59 GiB total=31.86 GiB)
ds4: ROCm q8 fp16 cache budget exhausted; using q8 kernels (request=64.00 MiB cached=0.00 GiB free=1.10 GiB reserve=1.59 GiB total=31.86 GiB)
ds4: ROCm q8 fp16 cache budget exhausted; using q8 kernels (request=64.00 MiB cached=0.00 GiB free=1.10 GiB reserve=1.59 GiB total=31.86 GiB)
ds4: ROCm q8 fp16 cache budget exhausted; using q8 kernels (request=64.00 MiB cached=0.00 GiB free=1.10 GiB reserve=1.59 GiB total=31.86 GiB)
ds4: ROCm q8 fp16 cache budget exhausted; using q8 kernels (request=64.00 MiB cached=0.00 GiB free=1.10 GiB reserve=1.59 GiB total=31.86 GiB)
ds4: ROCm q8 fp16 cache budget exhausted; using q8 kernels (request=64.00 MiB cached=0.00 GiB free=1.10 GiB reserve=1.59 GiB total=31.86 GiB)
ds4: ROCm q8 fp16 cache budget exhausted; using q8 kernels (request=64.00 MiB cached=0.00 GiB free=1.10 GiB reserve=1.59 GiB total=31.86 GiB)
ds4: ROCm q8 fp16 cache budget exhausted; using q8 kernels (request=64.00 MiB cached=0.00 GiB free=1.10 GiB reserve=1.59 GiB total=31.86 GiB)
ds4: ROCm q8 fp16 cache budget exhausted; using q8 kernels (request=64.00 MiB cached=0.00 GiB free=1.10 GiB reserve=1.59 GiB total=31.86 GiB)
ds4: ROCm q8 fp16 cache budget exhausted; using q8 kernels (request=64.00 MiB cached=0.00 GiB free=1.10 GiB reserve=1.59 GiB total=31.86 GiB)
ds4: ROCm q8 fp16 cache budget exhausted; using q8 kernels (request=64.00 MiB cached=0.00 GiB free=1.10 GiB reserve=1.59 GiB total=31.86 GiB)
ds4: ROCm q8 fp16 cache budget exhausted; using q8 kernels (request=64.00 MiB cached=0.00 GiB free=1.10 GiB reserve=1.59 GiB total=31.86 GiB)
ds4: ROCm q8 fp16 cache budget exhausted; using q8 kernels (request=64.00 MiB cached=0.00 GiB free=1.10 GiB reserve=1.59 GiB total=31.86 GiB)
ds4: ROCm q8 fp16 cache budget exhausted; using q8 kernels (request=64.00 MiB cached=0.00 GiB free=1.10 GiB reserve=1.59 GiB total=31.86 GiB)
ds4: ROCm q8 fp16 cache budget exhausted; using q8 kernels (request=64.00 MiB cached=0.00 GiB free=1.10 GiB reserve=1.59 GiB total=31.86 GiB)
ds4: ROCm q8 fp16 cache budget exhausted; using q8 kernels (request=64.00 MiB cached=0.00 GiB free=1.10 GiB reserve=1.59 GiB total=31.86 GiB)
ds4: ROCm q8 fp16 cache budget exhausted; using q8 kernels (request=64.00 MiB cached=0.00 GiB free=1.10 GiB reserve=1.59 GiB total=31.86 GiB)
ds4: ROCm q8 fp16 cache budget exhausted; using q8 kernels (request=64.00 MiB cached=0.00 GiB free=1.10 GiB reserve=1.59 GiB total=31.86 GiB)
ds4: ROCm q8 fp16 cache budget exhausted; using q8 kernels (request=64.00 MiB cached=0.00 GiB free=1.10 GiB reserve=1.59 GiB total=31.86 GiB)
ds4: ROCm q8 fp16 cache budget exhausted; using q8 kernels (request=64.00 MiB cached=0.00 GiB free=1.10 GiB reserve=1.59 GiB total=31.86 GiB)
ds4: ROCm q8 fp16 cache budget exhausted; using q8 kernels (request=64.00 MiB cached=0.00 GiB free=1.10 GiB reserve=1.59 GiB total=31.86 GiB)
ds4: ROCm q8 fp16 cache budget exhausted; using q8 kernels (request=64.00 MiB cached=0.00 GiB free=1.10 GiB reserve=1.59 GiB total=31.86 GiB)
ds4: ROCm q8 fp16 cache budget exhausted; using q8 kernels (request=64.00 MiB cached=0.00 GiB free=1.10 GiB reserve=1.59 GiB total=31.86 GiB)
ds4: ROCm q8 fp16 cache budget exhausted; using q8 kernels (request=64.00 MiB cached=0.00 GiB free=1.10 GiB reserve=1.59 GiB total=31.86 GiB)
ds4: ROCm q8 fp16 cache budget exhausted; using q8 kernels (request=64.00 MiB cached=0.00 GiB free=1.10 GiB reserve=1.59 GiB total=31.86 GiB)
ds4: ROCm q8 fp16 cache budget exhausted; using q8 kernels (request=64.00 MiB cached=0.00 GiB free=1.10 GiB reserve=1.59 GiB total=31.86 GiB)
ds4: ROCm q8 fp16 cache budget exhausted; using q8 kernels (request=64.00 MiB cached=0.00 GiB free=1.10 GiB reserve=1.59 GiB total=31.86 GiB)
ds4: ROCm q8 fp16 cache budget exhausted; using q8 kernels (request=64.00 MiB cached=0.00 GiB free=1.10 GiB reserve=1.59 GiB total=31.86 GiB)
ds4: ROCm q8 fp16 cache budget exhausted; using q8 kernels (request=64.00 MiB cached=0.00 GiB free=1.10 GiB reserve=1.59 GiB total=31.86 GiB)
ds4: ROCm q8 fp16 cache budget exhausted; using q8 kernels (request=64.00 MiB cached=0.00 GiB free=1.10 GiB reserve=1.59 GiB total=31.86 GiB)
ds4: ROCm q8 fp16 cache budget exhausted; using q8 kernels (request=64.00 MiB cached=0.00 GiB free=1.10 GiB reserve=1.59 GiB total=31.86 GiB)
ds4: ROCm q8 fp16 cache budget exhausted; using q8 kernels (request=64.00 MiB cached=0.00 GiB free=1.10 GiB reserve=1.59 GiB total=31.86 GiB)
ds4: ROCm q8 fp16 cache budget exhausted; using q8 kernels (request=64.00 MiB cached=0.00 GiB free=1.10 GiB reserve=1.59 GiB total=31.86 GiB)
ds4: ROCm q8 fp16 cache budget exhausted; using q8 kernels (request=64.00 MiB cached=0.00 GiB free=1.10 GiB reserve=1.59 GiB total=31.86 GiB)
ds4: ROCm q8 fp16 cache budget exhausted; using q8 kernels (request=64.00 MiB cached=0.00 GiB free=1.10 GiB reserve=1.59 GiB total=31.86 GiB)
ds4: ROCm q8 fp16 cache budget exhausted; using q8 kernels (request=64.00 MiB cached=0.00 GiB free=1.10 GiB reserve=1.59 GiB total=31.86 GiB)
ds4: ROCm q8 fp16 cache budget exhausted; using q8 kernels (request=64.00 MiB cached=0.00 GiB free=1.10 GiB reserve=1.59 GiB total=31.86 GiB)
ds4: ROCm q8 fp16 cache budget exhausted; using q8 kernels (request=64.00 MiB cached=0.00 GiB free=1.10 GiB reserve=1.59 GiB total=31.86 GiB)
ds4: ROCm q8 fp16 cache budget exhausted; using q8 kernels (request=64.00 MiB cached=0.00 GiB free=1.10 GiB reserve=1.59 GiB total=31.86 GiB)
case_038 cases=39 prompt=26 target=24 avg_nll=18.349964 lcp=0 api_target_mae=18.349964 api_top_coverage=97/120 api_top1=0.000 api_topn=0.031 api_pair=0.400
ds4: ROCm q8 fp16 cache budget exhausted; using q8 kernels (request=64.00 MiB cached=0.00 GiB free=1.10 GiB reserve=1.59 GiB total=31.86 GiB)
ds4: ROCm q8 fp16 cache budget exhausted; using q8 kernels (request=64.00 MiB cached=0.00 GiB free=1.10 GiB reserve=1.59 GiB total=31.86 GiB)
ds4: ROCm q8 fp16 cache budget exhausted; using q8 kernels (request=64.00 MiB cached=0.00 GiB free=1.10 GiB reserve=1.59 GiB total=31.86 GiB)
ds4: ROCm q8 fp16 cache budget exhausted; using q8 kernels (request=64.00 MiB cached=0.00 GiB free=1.10 GiB reserve=1.59 GiB total=31.86 GiB)
ds4: ROCm q8 fp16 cache budget exhausted; using q8 kernels (request=64.00 MiB cached=0.00 GiB free=1.10 GiB reserve=1.59 GiB total=31.86 GiB)
ds4: ROCm q8 fp16 cache budget exhausted; using q8 kernels (request=64.00 MiB cached=0.00 GiB free=1.10 GiB reserve=1.59 GiB total=31.86 GiB)
ds4: ROCm q8 fp16 cache budget exhausted; using q8 kernels (request=64.00 MiB cached=0.00 GiB free=1.10 GiB reserve=1.59 GiB total=31.86 GiB)
ds4: ROCm q8 fp16 cache budget exhausted; using q8 kernels (request=64.00 MiB cached=0.00 GiB free=1.10 GiB reserve=1.59 GiB total=31.86 GiB)
ds4: ROCm q8 fp16 cache budget exhausted; using q8 kernels (request=64.00 MiB cached=0.00 GiB free=1.10 GiB reserve=1.59 GiB total=31.86 GiB)
ds4: ROCm q8 fp16 cache budget exhausted; using q8 kernels (request=64.00 MiB cached=0.00 GiB free=1.10 GiB reserve=1.59 GiB total=31.86 GiB)
ds4: ROCm q8 fp16 cache budget exhausted; using q8 kernels (request=64.00 MiB cached=0.00 GiB free=1.10 GiB reserve=1.59 GiB total=31.86 GiB)
ds4: ROCm q8 fp16 cache budget exhausted; using q8 kernels (request=64.00 MiB cached=0.00 GiB free=1.10 GiB reserve=1.59 GiB total=31.86 GiB)
ds4: ROCm q8 fp16 cache budget exhausted; using q8 kernels (request=64.00 MiB cached=0.00 GiB free=1.10 GiB reserve=1.59 GiB total=31.86 GiB)
ds4: ROCm q8 fp16 cache budget exhausted; using q8 kernels (request=64.00 MiB cached=0.00 GiB free=1.10 GiB reserve=1.59 GiB total=31.86 GiB)
ds4: ROCm q8 fp16 cache budget exhausted; using q8 kernels (request=64.00 MiB cached=0.00 GiB free=1.10 GiB reserve=1.59 GiB total=31.86 GiB)
ds4: ROCm q8 fp16 cache budget exhausted; using q8 kernels (request=64.00 MiB cached=0.00 GiB free=1.10 GiB reserve=1.59 GiB total=31.86 GiB)
ds4: ROCm q8 fp16 cache budget exhausted; using q8 kernels (request=64.00 MiB cached=0.00 GiB free=1.10 GiB reserve=1.59 GiB total=31.86 GiB)
ds4: ROCm q8 fp16 cache budget exhausted; using q8 kernels (request=64.00 MiB cached=0.00 GiB free=1.10 GiB reserve=1.59 GiB total=31.86 GiB)
ds4: ROCm q8 fp16 cache budget exhausted; using q8 kernels (request=64.00 MiB cached=0.00 GiB free=1.10 GiB reserve=1.59 GiB total=31.86 GiB)
ds4: ROCm q8 fp16 cache budget exhausted; using q8 kernels (request=64.00 MiB cached=0.00 GiB free=1.10 GiB reserve=1.59 GiB total=31.86 GiB)
ds4: ROCm q8 fp16 cache budget exhausted; using q8 kernels (request=64.00 MiB cached=0.00 GiB free=1.10 GiB reserve=1.59 GiB total=31.86 GiB)
ds4: ROCm q8 fp16 cache budget exhausted; using q8 kernels (request=64.00 MiB cached=0.00 GiB free=1.10 GiB reserve=1.59 GiB total=31.86 GiB)
ds4: ROCm q8 fp16 cache budget exhausted; using q8 kernels (request=64.00 MiB cached=0.00 GiB free=1.10 GiB reserve=1.59 GiB total=31.86 GiB)
ds4: ROCm q8 fp16 cache budget exhausted; using q8 kernels (request=64.00 MiB cached=0.00 GiB free=1.10 GiB reserve=1.59 GiB total=31.86 GiB)
ds4: ROCm q8 fp16 cache budget exhausted; using q8 kernels (request=64.00 MiB cached=0.00 GiB free=1.10 GiB reserve=1.59 GiB total=31.86 GiB)
ds4: ROCm q8 fp16 cache budget exhausted; using q8 kernels (request=64.00 MiB cached=0.00 GiB free=1.10 GiB reserve=1.59 GiB total=31.86 GiB)
ds4: ROCm q8 fp16 cache budget exhausted; using q8 kernels (request=64.00 MiB cached=0.00 GiB free=1.10 GiB reserve=1.59 GiB total=31.86 GiB)
ds4: ROCm q8 fp16 cache budget exhausted; using q8 kernels (request=64.00 MiB cached=0.00 GiB free=1.10 GiB reserve=1.59 GiB total=31.86 GiB)
ds4: ROCm q8 fp16 cache budget exhausted; using q8 kernels (request=64.00 MiB cached=0.00 GiB free=1.10 GiB reserve=1.59 GiB total=31.86 GiB)
ds4: ROCm q8 fp16 cache budget exhausted; using q8 kernels (request=64.00 MiB cached=0.00 GiB free=1.10 GiB reserve=1.59 GiB total=31.86 GiB)
ds4: ROCm q8 fp16 cache budget exhausted; using q8 kernels (request=64.00 MiB cached=0.00 GiB free=1.10 GiB reserve=1.59 GiB total=31.86 GiB)
ds4: ROCm q8 fp16 cache budget exhausted; using q8 kernels (request=64.00 MiB cached=0.00 GiB free=1.10 GiB reserve=1.59 GiB total=31.86 GiB)
ds4: ROCm q8 fp16 cache budget exhausted; using q8 kernels (request=64.00 MiB cached=0.00 GiB free=1.10 GiB reserve=1.59 GiB total=31.86 GiB)
ds4: ROCm q8 fp16 cache budget exhausted; using q8 kernels (request=64.00 MiB cached=0.00 GiB free=1.10 GiB reserve=1.59 GiB total=31.86 GiB)
ds4: ROCm q8 fp16 cache budget exhausted; using q8 kernels (request=64.00 MiB cached=0.00 GiB free=1.10 GiB reserve=1.59 GiB total=31.86 GiB)
ds4: ROCm q8 fp16 cache budget exhausted; using q8 kernels (request=64.00 MiB cached=0.00 GiB free=1.10 GiB reserve=1.59 GiB total=31.86 GiB)
ds4: ROCm q8 fp16 cache budget exhausted; using q8 kernels (request=64.00 MiB cached=0.00 GiB free=1.10 GiB reserve=1.59 GiB total=31.86 GiB)
ds4: ROCm q8 fp16 cache budget exhausted; using q8 kernels (request=64.00 MiB cached=0.00 GiB free=1.10 GiB reserve=1.59 GiB total=31.86 GiB)
ds4: ROCm q8 fp16 cache budget exhausted; using q8 kernels (request=64.00 MiB cached=0.00 GiB free=1.10 GiB reserve=1.59 GiB total=31.86 GiB)
ds4: ROCm q8 fp16 cache budget exhausted; using q8 kernels (request=64.00 MiB cached=0.00 GiB free=1.10 GiB reserve=1.59 GiB total=31.86 GiB)
ds4: ROCm q8 fp16 cache budget exhausted; using q8 kernels (request=64.00 MiB cached=0.00 GiB free=1.10 GiB reserve=1.59 GiB total=31.86 GiB)
ds4: ROCm q8 fp16 cache budget exhausted; using q8 kernels (request=64.00 MiB cached=0.00 GiB free=1.10 GiB reserve=1.59 GiB total=31.86 GiB)
ds4: ROCm q8 fp16 cache budget exhausted; using q8 kernels (request=64.00 MiB cached=0.00 GiB free=1.10 GiB reserve=1.59 GiB total=31.86 GiB)
case_039 cases=40 prompt=23 target=24 avg_nll=16.982676 lcp=0 api_target_mae=16.982676 api_top_coverage=99/120 api_top1=0.000 api_topn=0.071 api_pair=0.500
ds4: ROCm q8 fp16 cache budget exhausted; using q8 kernels (request=64.00 MiB cached=0.00 GiB free=1.10 GiB reserve=1.59 GiB total=31.86 GiB)
ds4: ROCm q8 fp16 cache budget exhausted; using q8 kernels (request=64.00 MiB cached=0.00 GiB free=1.10 GiB reserve=1.59 GiB total=31.86 GiB)
ds4: ROCm q8 fp16 cache budget exhausted; using q8 kernels (request=64.00 MiB cached=0.00 GiB free=1.10 GiB reserve=1.59 GiB total=31.86 GiB)
ds4: ROCm q8 fp16 cache budget exhausted; using q8 kernels (request=64.00 MiB cached=0.00 GiB free=1.10 GiB reserve=1.59 GiB total=31.86 GiB)
ds4: ROCm q8 fp16 cache budget exhausted; using q8 kernels (request=64.00 MiB cached=0.00 GiB free=1.10 GiB reserve=1.59 GiB total=31.86 GiB)
ds4: ROCm q8 fp16 cache budget exhausted; using q8 kernels (request=64.00 MiB cached=0.00 GiB free=1.10 GiB reserve=1.59 GiB total=31.86 GiB)
ds4: ROCm q8 fp16 cache budget exhausted; using q8 kernels (request=64.00 MiB cached=0.00 GiB free=1.10 GiB reserve=1.59 GiB total=31.86 GiB)
ds4: ROCm q8 fp16 cache budget exhausted; using q8 kernels (request=64.00 MiB cached=0.00 GiB free=1.10 GiB reserve=1.59 GiB total=31.86 GiB)
ds4: ROCm q8 fp16 cache budget exhausted; using q8 kernels (request=64.00 MiB cached=0.00 GiB free=1.10 GiB reserve=1.59 GiB total=31.86 GiB)
ds4: ROCm q8 fp16 cache budget exhausted; using q8 kernels (request=64.00 MiB cached=0.00 GiB free=1.10 GiB reserve=1.59 GiB total=31.86 GiB)
ds4: ROCm q8 fp16 cache budget exhausted; using q8 kernels (request=64.00 MiB cached=0.00 GiB free=1.10 GiB reserve=1.59 GiB total=31.86 GiB)
ds4: ROCm q8 fp16 cache budget exhausted; using q8 kernels (request=64.00 MiB cached=0.00 GiB free=1.10 GiB reserve=1.59 GiB total=31.86 GiB)
ds4: ROCm q8 fp16 cache budget exhausted; using q8 kernels (request=64.00 MiB cached=0.00 GiB free=1.10 GiB reserve=1.59 GiB total=31.86 GiB)
ds4: ROCm q8 fp16 cache budget exhausted; using q8 kernels (request=64.00 MiB cached=0.00 GiB free=1.10 GiB reserve=1.59 GiB total=31.86 GiB)
ds4: ROCm q8 fp16 cache budget exhausted; using q8 kernels (request=64.00 MiB cached=0.00 GiB free=1.10 GiB reserve=1.59 GiB total=31.86 GiB)
ds4: ROCm q8 fp16 cache budget exhausted; using q8 kernels (request=64.00 MiB cached=0.00 GiB free=1.10 GiB reserve=1.59 GiB total=31.86 GiB)
ds4: ROCm q8 fp16 cache budget exhausted; using q8 kernels (request=64.00 MiB cached=0.00 GiB free=1.10 GiB reserve=1.59 GiB total=31.86 GiB)
ds4: ROCm q8 fp16 cache budget exhausted; using q8 kernels (request=64.00 MiB cached=0.00 GiB free=1.10 GiB reserve=1.59 GiB total=31.86 GiB)
ds4: ROCm q8 fp16 cache budget exhausted; using q8 kernels (request=64.00 MiB cached=0.00 GiB free=1.10 GiB reserve=1.59 GiB total=31.86 GiB)
ds4: ROCm q8 fp16 cache budget exhausted; using q8 kernels (request=64.00 MiB cached=0.00 GiB free=1.10 GiB reserve=1.59 GiB total=31.86 GiB)
ds4: ROCm q8 fp16 cache budget exhausted; using q8 kernels (request=64.00 MiB cached=0.00 GiB free=1.10 GiB reserve=1.59 GiB total=31.86 GiB)
ds4: ROCm q8 fp16 cache budget exhausted; using q8 kernels (request=64.00 MiB cached=0.00 GiB free=1.10 GiB reserve=1.59 GiB total=31.86 GiB)
ds4: ROCm q8 fp16 cache budget exhausted; using q8 kernels (request=64.00 MiB cached=0.00 GiB free=1.10 GiB reserve=1.59 GiB total=31.86 GiB)
ds4: ROCm q8 fp16 cache budget exhausted; using q8 kernels (request=64.00 MiB cached=0.00 GiB free=1.10 GiB reserve=1.59 GiB total=31.86 GiB)
ds4: ROCm q8 fp16 cache budget exhausted; using q8 kernels (request=64.00 MiB cached=0.00 GiB free=1.10 GiB reserve=1.59 GiB total=31.86 GiB)
ds4: ROCm q8 fp16 cache budget exhausted; using q8 kernels (request=64.00 MiB cached=0.00 GiB free=1.10 GiB reserve=1.59 GiB total=31.86 GiB)
ds4: ROCm q8 fp16 cache budget exhausted; using q8 kernels (request=64.00 MiB cached=0.00 GiB free=1.10 GiB reserve=1.59 GiB total=31.86 GiB)
ds4: ROCm q8 fp16 cache budget exhausted; using q8 kernels (request=64.00 MiB cached=0.00 GiB free=1.10 GiB reserve=1.59 GiB total=31.86 GiB)
ds4: ROCm q8 fp16 cache budget exhausted; using q8 kernels (request=64.00 MiB cached=0.00 GiB free=1.10 GiB reserve=1.59 GiB total=31.86 GiB)
ds4: ROCm q8 fp16 cache budget exhausted; using q8 kernels (request=64.00 MiB cached=0.00 GiB free=1.10 GiB reserve=1.59 GiB total=31.86 GiB)
ds4: ROCm q8 fp16 cache budget exhausted; using q8 kernels (request=64.00 MiB cached=0.00 GiB free=1.10 GiB reserve=1.59 GiB total=31.86 GiB)
ds4: ROCm q8 fp16 cache budget exhausted; using q8 kernels (request=64.00 MiB cached=0.00 GiB free=1.10 GiB reserve=1.59 GiB total=31.86 GiB)
ds4: ROCm q8 fp16 cache budget exhausted; using q8 kernels (request=64.00 MiB cached=0.00 GiB free=1.10 GiB reserve=1.59 GiB total=31.86 GiB)
ds4: ROCm q8 fp16 cache budget exhausted; using q8 kernels (request=64.00 MiB cached=0.00 GiB free=1.10 GiB reserve=1.59 GiB total=31.86 GiB)
ds4: ROCm q8 fp16 cache budget exhausted; using q8 kernels (request=64.00 MiB cached=0.00 GiB free=1.10 GiB reserve=1.59 GiB total=31.86 GiB)
ds4: ROCm q8 fp16 cache budget exhausted; using q8 kernels (request=64.00 MiB cached=0.00 GiB free=1.10 GiB reserve=1.59 GiB total=31.86 GiB)
ds4: ROCm q8 fp16 cache budget exhausted; using q8 kernels (request=64.00 MiB cached=0.00 GiB free=1.10 GiB reserve=1.59 GiB total=31.86 GiB)
ds4: ROCm q8 fp16 cache budget exhausted; using q8 kernels (request=64.00 MiB cached=0.00 GiB free=1.10 GiB reserve=1.59 GiB total=31.86 GiB)
ds4: ROCm q8 fp16 cache budget exhausted; using q8 kernels (request=64.00 MiB cached=0.00 GiB free=1.10 GiB reserve=1.59 GiB total=31.86 GiB)
ds4: ROCm q8 fp16 cache budget exhausted; using q8 kernels (request=64.00 MiB cached=0.00 GiB free=1.10 GiB reserve=1.59 GiB total=31.86 GiB)
ds4: ROCm q8 fp16 cache budget exhausted; using q8 kernels (request=64.00 MiB cached=0.00 GiB free=1.10 GiB reserve=1.59 GiB total=31.86 GiB)
ds4: ROCm q8 fp16 cache budget exhausted; using q8 kernels (request=64.00 MiB cached=0.00 GiB free=1.10 GiB reserve=1.59 GiB total=31.86 GiB)
ds4: ROCm q8 fp16 cache budget exhausted; using q8 kernels (request=64.00 MiB cached=0.00 GiB free=1.10 GiB reserve=1.59 GiB total=31.86 GiB)
case_040 cases=41 prompt=21 target=24 avg_nll=16.717320 lcp=1 api_target_mae=16.717320 api_top_coverage=99/120 api_top1=0.042 api_topn=0.071 api_pair=0.470
ds4: ROCm q8 fp16 cache budget exhausted; using q8 kernels (request=64.00 MiB cached=0.00 GiB free=1.10 GiB reserve=1.59 GiB total=31.86 GiB)
ds4: ROCm q8 fp16 cache budget exhausted; using q8 kernels (request=64.00 MiB cached=0.00 GiB free=1.10 GiB reserve=1.59 GiB total=31.86 GiB)
ds4: ROCm q8 fp16 cache budget exhausted; using q8 kernels (request=64.00 MiB cached=0.00 GiB free=1.10 GiB reserve=1.59 GiB total=31.86 GiB)
ds4: ROCm q8 fp16 cache budget exhausted; using q8 kernels (request=64.00 MiB cached=0.00 GiB free=1.10 GiB reserve=1.59 GiB total=31.86 GiB)
ds4: ROCm q8 fp16 cache budget exhausted; using q8 kernels (request=64.00 MiB cached=0.00 GiB free=1.10 GiB reserve=1.59 GiB total=31.86 GiB)
ds4: ROCm q8 fp16 cache budget exhausted; using q8 kernels (request=64.00 MiB cached=0.00 GiB free=1.10 GiB reserve=1.59 GiB total=31.86 GiB)
ds4: ROCm q8 fp16 cache budget exhausted; using q8 kernels (request=64.00 MiB cached=0.00 GiB free=1.10 GiB reserve=1.59 GiB total=31.86 GiB)
ds4: ROCm q8 fp16 cache budget exhausted; using q8 kernels (request=64.00 MiB cached=0.00 GiB free=1.10 GiB reserve=1.59 GiB total=31.86 GiB)
ds4: ROCm q8 fp16 cache budget exhausted; using q8 kernels (request=64.00 MiB cached=0.00 GiB free=1.10 GiB reserve=1.59 GiB total=31.86 GiB)
ds4: ROCm q8 fp16 cache budget exhausted; using q8 kernels (request=64.00 MiB cached=0.00 GiB free=1.10 GiB reserve=1.59 GiB total=31.86 GiB)
ds4: ROCm q8 fp16 cache budget exhausted; using q8 kernels (request=64.00 MiB cached=0.00 GiB free=1.10 GiB reserve=1.59 GiB total=31.86 GiB)
ds4: ROCm q8 fp16 cache budget exhausted; using q8 kernels (request=64.00 MiB cached=0.00 GiB free=1.10 GiB reserve=1.59 GiB total=31.86 GiB)
ds4: ROCm q8 fp16 cache budget exhausted; using q8 kernels (request=64.00 MiB cached=0.00 GiB free=1.10 GiB reserve=1.59 GiB total=31.86 GiB)
ds4: ROCm q8 fp16 cache budget exhausted; using q8 kernels (request=64.00 MiB cached=0.00 GiB free=1.10 GiB reserve=1.59 GiB total=31.86 GiB)
ds4: ROCm q8 fp16 cache budget exhausted; using q8 kernels (request=64.00 MiB cached=0.00 GiB free=1.10 GiB reserve=1.59 GiB total=31.86 GiB)
ds4: ROCm q8 fp16 cache budget exhausted; using q8 kernels (request=64.00 MiB cached=0.00 GiB free=1.10 GiB reserve=1.59 GiB total=31.86 GiB)
ds4: ROCm q8 fp16 cache budget exhausted; using q8 kernels (request=64.00 MiB cached=0.00 GiB free=1.10 GiB reserve=1.59 GiB total=31.86 GiB)
ds4: ROCm q8 fp16 cache budget exhausted; using q8 kernels (request=64.00 MiB cached=0.00 GiB free=1.10 GiB reserve=1.59 GiB total=31.86 GiB)
ds4: ROCm q8 fp16 cache budget exhausted; using q8 kernels (request=64.00 MiB cached=0.00 GiB free=1.10 GiB reserve=1.59 GiB total=31.86 GiB)
ds4: ROCm q8 fp16 cache budget exhausted; using q8 kernels (request=64.00 MiB cached=0.00 GiB free=1.10 GiB reserve=1.59 GiB total=31.86 GiB)
ds4: ROCm q8 fp16 cache budget exhausted; using q8 kernels (request=64.00 MiB cached=0.00 GiB free=1.10 GiB reserve=1.59 GiB total=31.86 GiB)
ds4: ROCm q8 fp16 cache budget exhausted; using q8 kernels (request=64.00 MiB cached=0.00 GiB free=1.10 GiB reserve=1.59 GiB total=31.86 GiB)
ds4: ROCm q8 fp16 cache budget exhausted; using q8 kernels (request=64.00 MiB cached=0.00 GiB free=1.10 GiB reserve=1.59 GiB total=31.86 GiB)
ds4: ROCm q8 fp16 cache budget exhausted; using q8 kernels (request=64.00 MiB cached=0.00 GiB free=1.10 GiB reserve=1.59 GiB total=31.86 GiB)
ds4: ROCm q8 fp16 cache budget exhausted; using q8 kernels (request=64.00 MiB cached=0.00 GiB free=1.10 GiB reserve=1.59 GiB total=31.86 GiB)
ds4: ROCm q8 fp16 cache budget exhausted; using q8 kernels (request=64.00 MiB cached=0.00 GiB free=1.10 GiB reserve=1.59 GiB total=31.86 GiB)
ds4: ROCm q8 fp16 cache budget exhausted; using q8 kernels (request=64.00 MiB cached=0.00 GiB free=1.10 GiB reserve=1.59 GiB total=31.86 GiB)
ds4: ROCm q8 fp16 cache budget exhausted; using q8 kernels (request=64.00 MiB cached=0.00 GiB free=1.10 GiB reserve=1.59 GiB total=31.86 GiB)
ds4: ROCm q8 fp16 cache budget exhausted; using q8 kernels (request=64.00 MiB cached=0.00 GiB free=1.10 GiB reserve=1.59 GiB total=31.86 GiB)
ds4: ROCm q8 fp16 cache budget exhausted; using q8 kernels (request=64.00 MiB cached=0.00 GiB free=1.10 GiB reserve=1.59 GiB total=31.86 GiB)
ds4: ROCm q8 fp16 cache budget exhausted; using q8 kernels (request=64.00 MiB cached=0.00 GiB free=1.10 GiB reserve=1.59 GiB total=31.86 GiB)
ds4: ROCm q8 fp16 cache budget exhausted; using q8 kernels (request=64.00 MiB cached=0.00 GiB free=1.10 GiB reserve=1.59 GiB total=31.86 GiB)
ds4: ROCm q8 fp16 cache budget exhausted; using q8 kernels (request=64.00 MiB cached=0.00 GiB free=1.10 GiB reserve=1.59 GiB total=31.86 GiB)
ds4: ROCm q8 fp16 cache budget exhausted; using q8 kernels (request=64.00 MiB cached=0.00 GiB free=1.10 GiB reserve=1.59 GiB total=31.86 GiB)
ds4: ROCm q8 fp16 cache budget exhausted; using q8 kernels (request=64.00 MiB cached=0.00 GiB free=1.10 GiB reserve=1.59 GiB total=31.86 GiB)
ds4: ROCm q8 fp16 cache budget exhausted; using q8 kernels (request=64.00 MiB cached=0.00 GiB free=1.10 GiB reserve=1.59 GiB total=31.86 GiB)
ds4: ROCm q8 fp16 cache budget exhausted; using q8 kernels (request=64.00 MiB cached=0.00 GiB free=1.10 GiB reserve=1.59 GiB total=31.86 GiB)
ds4: ROCm q8 fp16 cache budget exhausted; using q8 kernels (request=64.00 MiB cached=0.00 GiB free=1.10 GiB reserve=1.59 GiB total=31.86 GiB)
ds4: ROCm q8 fp16 cache budget exhausted; using q8 kernels (request=64.00 MiB cached=0.00 GiB free=1.10 GiB reserve=1.59 GiB total=31.86 GiB)
ds4: ROCm q8 fp16 cache budget exhausted; using q8 kernels (request=64.00 MiB cached=0.00 GiB free=1.10 GiB reserve=1.59 GiB total=31.86 GiB)
ds4: ROCm q8 fp16 cache budget exhausted; using q8 kernels (request=64.00 MiB cached=0.00 GiB free=1.10 GiB reserve=1.59 GiB total=31.86 GiB)
ds4: ROCm q8 fp16 cache budget exhausted; using q8 kernels (request=64.00 MiB cached=0.00 GiB free=1.10 GiB reserve=1.59 GiB total=31.86 GiB)
ds4: ROCm q8 fp16 cache budget exhausted; using q8 kernels (request=64.00 MiB cached=0.00 GiB free=1.10 GiB reserve=1.59 GiB total=31.86 GiB)
case_041 cases=42 prompt=15 target=24 avg_nll=16.511725 lcp=1 api_target_mae=16.511725 api_top_coverage=101/120 api_top1=0.042 api_topn=0.030 api_pair=0.537
ds4: ROCm q8 fp16 cache budget exhausted; using q8 kernels (request=64.00 MiB cached=0.00 GiB free=1.10 GiB reserve=1.59 GiB total=31.86 GiB)
ds4: ROCm q8 fp16 cache budget exhausted; using q8 kernels (request=64.00 MiB cached=0.00 GiB free=1.10 GiB reserve=1.59 GiB total=31.86 GiB)
ds4: ROCm q8 fp16 cache budget exhausted; using q8 kernels (request=64.00 MiB cached=0.00 GiB free=1.10 GiB reserve=1.59 GiB total=31.86 GiB)
ds4: ROCm q8 fp16 cache budget exhausted; using q8 kernels (request=64.00 MiB cached=0.00 GiB free=1.10 GiB reserve=1.59 GiB total=31.86 GiB)
ds4: ROCm q8 fp16 cache budget exhausted; using q8 kernels (request=64.00 MiB cached=0.00 GiB free=1.10 GiB reserve=1.59 GiB total=31.86 GiB)
ds4: ROCm q8 fp16 cache budget exhausted; using q8 kernels (request=64.00 MiB cached=0.00 GiB free=1.10 GiB reserve=1.59 GiB total=31.86 GiB)
ds4: ROCm q8 fp16 cache budget exhausted; using q8 kernels (request=64.00 MiB cached=0.00 GiB free=1.10 GiB reserve=1.59 GiB total=31.86 GiB)
ds4: ROCm q8 fp16 cache budget exhausted; using q8 kernels (request=64.00 MiB cached=0.00 GiB free=1.10 GiB reserve=1.59 GiB total=31.86 GiB)
ds4: ROCm q8 fp16 cache budget exhausted; using q8 kernels (request=64.00 MiB cached=0.00 GiB free=1.10 GiB reserve=1.59 GiB total=31.86 GiB)
ds4: ROCm q8 fp16 cache budget exhausted; using q8 kernels (request=64.00 MiB cached=0.00 GiB free=1.10 GiB reserve=1.59 GiB total=31.86 GiB)
ds4: ROCm q8 fp16 cache budget exhausted; using q8 kernels (request=64.00 MiB cached=0.00 GiB free=1.10 GiB reserve=1.59 GiB total=31.86 GiB)
ds4: ROCm q8 fp16 cache budget exhausted; using q8 kernels (request=64.00 MiB cached=0.00 GiB free=1.10 GiB reserve=1.59 GiB total=31.86 GiB)
ds4: ROCm q8 fp16 cache budget exhausted; using q8 kernels (request=64.00 MiB cached=0.00 GiB free=1.10 GiB reserve=1.59 GiB total=31.86 GiB)
ds4: ROCm q8 fp16 cache budget exhausted; using q8 kernels (request=64.00 MiB cached=0.00 GiB free=1.10 GiB reserve=1.59 GiB total=31.86 GiB)
ds4: ROCm q8 fp16 cache budget exhausted; using q8 kernels (request=64.00 MiB cached=0.00 GiB free=1.10 GiB reserve=1.59 GiB total=31.86 GiB)
ds4: ROCm q8 fp16 cache budget exhausted; using q8 kernels (request=64.00 MiB cached=0.00 GiB free=1.10 GiB reserve=1.59 GiB total=31.86 GiB)
ds4: ROCm q8 fp16 cache budget exhausted; using q8 kernels (request=64.00 MiB cached=0.00 GiB free=1.10 GiB reserve=1.59 GiB total=31.86 GiB)
ds4: ROCm q8 fp16 cache budget exhausted; using q8 kernels (request=64.00 MiB cached=0.00 GiB free=1.10 GiB reserve=1.59 GiB total=31.86 GiB)
ds4: ROCm q8 fp16 cache budget exhausted; using q8 kernels (request=64.00 MiB cached=0.00 GiB free=1.10 GiB reserve=1.59 GiB total=31.86 GiB)
ds4: ROCm q8 fp16 cache budget exhausted; using q8 kernels (request=64.00 MiB cached=0.00 GiB free=1.10 GiB reserve=1.59 GiB total=31.86 GiB)
ds4: ROCm q8 fp16 cache budget exhausted; using q8 kernels (request=64.00 MiB cached=0.00 GiB free=1.10 GiB reserve=1.59 GiB total=31.86 GiB)
ds4: ROCm q8 fp16 cache budget exhausted; using q8 kernels (request=64.00 MiB cached=0.00 GiB free=1.10 GiB reserve=1.59 GiB total=31.86 GiB)
ds4: ROCm q8 fp16 cache budget exhausted; using q8 kernels (request=64.00 MiB cached=0.00 GiB free=1.10 GiB reserve=1.59 GiB total=31.86 GiB)
ds4: ROCm q8 fp16 cache budget exhausted; using q8 kernels (request=64.00 MiB cached=0.00 GiB free=1.10 GiB reserve=1.59 GiB total=31.86 GiB)
ds4: ROCm q8 fp16 cache budget exhausted; using q8 kernels (request=64.00 MiB cached=0.00 GiB free=1.10 GiB reserve=1.59 GiB total=31.86 GiB)
ds4: ROCm q8 fp16 cache budget exhausted; using q8 kernels (request=64.00 MiB cached=0.00 GiB free=1.10 GiB reserve=1.59 GiB total=31.86 GiB)
ds4: ROCm q8 fp16 cache budget exhausted; using q8 kernels (request=64.00 MiB cached=0.00 GiB free=1.10 GiB reserve=1.59 GiB total=31.86 GiB)
ds4: ROCm q8 fp16 cache budget exhausted; using q8 kernels (request=64.00 MiB cached=0.00 GiB free=1.10 GiB reserve=1.59 GiB total=31.86 GiB)
ds4: ROCm q8 fp16 cache budget exhausted; using q8 kernels (request=64.00 MiB cached=0.00 GiB free=1.10 GiB reserve=1.59 GiB total=31.86 GiB)
ds4: ROCm q8 fp16 cache budget exhausted; using q8 kernels (request=64.00 MiB cached=0.00 GiB free=1.10 GiB reserve=1.59 GiB total=31.86 GiB)
ds4: ROCm q8 fp16 cache budget exhausted; using q8 kernels (request=64.00 MiB cached=0.00 GiB free=1.10 GiB reserve=1.59 GiB total=31.86 GiB)
ds4: ROCm q8 fp16 cache budget exhausted; using q8 kernels (request=64.00 MiB cached=0.00 GiB free=1.10 GiB reserve=1.59 GiB total=31.86 GiB)
ds4: ROCm q8 fp16 cache budget exhausted; using q8 kernels (request=64.00 MiB cached=0.00 GiB free=1.10 GiB reserve=1.59 GiB total=31.86 GiB)
ds4: ROCm q8 fp16 cache budget exhausted; using q8 kernels (request=64.00 MiB cached=0.00 GiB free=1.10 GiB reserve=1.59 GiB total=31.86 GiB)
ds4: ROCm q8 fp16 cache budget exhausted; using q8 kernels (request=64.00 MiB cached=0.00 GiB free=1.10 GiB reserve=1.59 GiB total=31.86 GiB)
ds4: ROCm q8 fp16 cache budget exhausted; using q8 kernels (request=64.00 MiB cached=0.00 GiB free=1.10 GiB reserve=1.59 GiB total=31.86 GiB)
ds4: ROCm q8 fp16 cache budget exhausted; using q8 kernels (request=64.00 MiB cached=0.00 GiB free=1.10 GiB reserve=1.59 GiB total=31.86 GiB)
ds4: ROCm q8 fp16 cache budget exhausted; using q8 kernels (request=64.00 MiB cached=0.00 GiB free=1.10 GiB reserve=1.59 GiB total=31.86 GiB)
ds4: ROCm q8 fp16 cache budget exhausted; using q8 kernels (request=64.00 MiB cached=0.00 GiB free=1.10 GiB reserve=1.59 GiB total=31.86 GiB)
ds4: ROCm q8 fp16 cache budget exhausted; using q8 kernels (request=64.00 MiB cached=0.00 GiB free=1.10 GiB reserve=1.59 GiB total=31.86 GiB)
ds4: ROCm q8 fp16 cache budget exhausted; using q8 kernels (request=64.00 MiB cached=0.00 GiB free=1.10 GiB reserve=1.59 GiB total=31.86 GiB)
ds4: ROCm q8 fp16 cache budget exhausted; using q8 kernels (request=64.00 MiB cached=0.00 GiB free=1.10 GiB reserve=1.59 GiB total=31.86 GiB)
ds4: ROCm q8 fp16 cache budget exhausted; using q8 kernels (request=64.00 MiB cached=0.00 GiB free=1.10 GiB reserve=1.59 GiB total=31.86 GiB)
case_042 cases=43 prompt=14 target=24 avg_nll=15.845600 lcp=1 api_target_mae=15.845600 api_top_coverage=100/120 api_top1=0.042 api_topn=0.090 api_pair=0.625
ds4: ROCm q8 fp16 cache budget exhausted; using q8 kernels (request=64.00 MiB cached=0.00 GiB free=1.10 GiB reserve=1.59 GiB total=31.86 GiB)
ds4: ROCm q8 fp16 cache budget exhausted; using q8 kernels (request=64.00 MiB cached=0.00 GiB free=1.10 GiB reserve=1.59 GiB total=31.86 GiB)
ds4: ROCm q8 fp16 cache budget exhausted; using q8 kernels (request=64.00 MiB cached=0.00 GiB free=1.10 GiB reserve=1.59 GiB total=31.86 GiB)
ds4: ROCm q8 fp16 cache budget exhausted; using q8 kernels (request=64.00 MiB cached=0.00 GiB free=1.10 GiB reserve=1.59 GiB total=31.86 GiB)
ds4: ROCm q8 fp16 cache budget exhausted; using q8 kernels (request=64.00 MiB cached=0.00 GiB free=1.10 GiB reserve=1.59 GiB total=31.86 GiB)
ds4: ROCm q8 fp16 cache budget exhausted; using q8 kernels (request=64.00 MiB cached=0.00 GiB free=1.10 GiB reserve=1.59 GiB total=31.86 GiB)
ds4: ROCm q8 fp16 cache budget exhausted; using q8 kernels (request=64.00 MiB cached=0.00 GiB free=1.10 GiB reserve=1.59 GiB total=31.86 GiB)
ds4: ROCm q8 fp16 cache budget exhausted; using q8 kernels (request=64.00 MiB cached=0.00 GiB free=1.10 GiB reserve=1.59 GiB total=31.86 GiB)
ds4: ROCm q8 fp16 cache budget exhausted; using q8 kernels (request=64.00 MiB cached=0.00 GiB free=1.10 GiB reserve=1.59 GiB total=31.86 GiB)
ds4: ROCm q8 fp16 cache budget exhausted; using q8 kernels (request=64.00 MiB cached=0.00 GiB free=1.10 GiB reserve=1.59 GiB total=31.86 GiB)
ds4: ROCm q8 fp16 cache budget exhausted; using q8 kernels (request=64.00 MiB cached=0.00 GiB free=1.10 GiB reserve=1.59 GiB total=31.86 GiB)
ds4: ROCm q8 fp16 cache budget exhausted; using q8 kernels (request=64.00 MiB cached=0.00 GiB free=1.10 GiB reserve=1.59 GiB total=31.86 GiB)
ds4: ROCm q8 fp16 cache budget exhausted; using q8 kernels (request=64.00 MiB cached=0.00 GiB free=1.10 GiB reserve=1.59 GiB total=31.86 GiB)
ds4: ROCm q8 fp16 cache budget exhausted; using q8 kernels (request=64.00 MiB cached=0.00 GiB free=1.10 GiB reserve=1.59 GiB total=31.86 GiB)
ds4: ROCm q8 fp16 cache budget exhausted; using q8 kernels (request=64.00 MiB cached=0.00 GiB free=1.10 GiB reserve=1.59 GiB total=31.86 GiB)
ds4: ROCm q8 fp16 cache budget exhausted; using q8 kernels (request=64.00 MiB cached=0.00 GiB free=1.10 GiB reserve=1.59 GiB total=31.86 GiB)
ds4: ROCm q8 fp16 cache budget exhausted; using q8 kernels (request=64.00 MiB cached=0.00 GiB free=1.10 GiB reserve=1.59 GiB total=31.86 GiB)
ds4: ROCm q8 fp16 cache budget exhausted; using q8 kernels (request=64.00 MiB cached=0.00 GiB free=1.10 GiB reserve=1.59 GiB total=31.86 GiB)
ds4: ROCm q8 fp16 cache budget exhausted; using q8 kernels (request=64.00 MiB cached=0.00 GiB free=1.10 GiB reserve=1.59 GiB total=31.86 GiB)
ds4: ROCm q8 fp16 cache budget exhausted; using q8 kernels (request=64.00 MiB cached=0.00 GiB free=1.10 GiB reserve=1.59 GiB total=31.86 GiB)
ds4: ROCm q8 fp16 cache budget exhausted; using q8 kernels (request=64.00 MiB cached=0.00 GiB free=1.10 GiB reserve=1.59 GiB total=31.86 GiB)
ds4: ROCm q8 fp16 cache budget exhausted; using q8 kernels (request=64.00 MiB cached=0.00 GiB free=1.10 GiB reserve=1.59 GiB total=31.86 GiB)
ds4: ROCm q8 fp16 cache budget exhausted; using q8 kernels (request=64.00 MiB cached=0.00 GiB free=1.10 GiB reserve=1.59 GiB total=31.86 GiB)
ds4: ROCm q8 fp16 cache budget exhausted; using q8 kernels (request=64.00 MiB cached=0.00 GiB free=1.10 GiB reserve=1.59 GiB total=31.86 GiB)
ds4: ROCm q8 fp16 cache budget exhausted; using q8 kernels (request=64.00 MiB cached=0.00 GiB free=1.10 GiB reserve=1.59 GiB total=31.86 GiB)
ds4: ROCm q8 fp16 cache budget exhausted; using q8 kernels (request=64.00 MiB cached=0.00 GiB free=1.10 GiB reserve=1.59 GiB total=31.86 GiB)
ds4: ROCm q8 fp16 cache budget exhausted; using q8 kernels (request=64.00 MiB cached=0.00 GiB free=1.10 GiB reserve=1.59 GiB total=31.86 GiB)
ds4: ROCm q8 fp16 cache budget exhausted; using q8 kernels (request=64.00 MiB cached=0.00 GiB free=1.10 GiB reserve=1.59 GiB total=31.86 GiB)
ds4: ROCm q8 fp16 cache budget exhausted; using q8 kernels (request=64.00 MiB cached=0.00 GiB free=1.10 GiB reserve=1.59 GiB total=31.86 GiB)
ds4: ROCm q8 fp16 cache budget exhausted; using q8 kernels (request=64.00 MiB cached=0.00 GiB free=1.10 GiB reserve=1.59 GiB total=31.86 GiB)
ds4: ROCm q8 fp16 cache budget exhausted; using q8 kernels (request=64.00 MiB cached=0.00 GiB free=1.10 GiB reserve=1.59 GiB total=31.86 GiB)
ds4: ROCm q8 fp16 cache budget exhausted; using q8 kernels (request=64.00 MiB cached=0.00 GiB free=1.10 GiB reserve=1.59 GiB total=31.86 GiB)
ds4: ROCm q8 fp16 cache budget exhausted; using q8 kernels (request=64.00 MiB cached=0.00 GiB free=1.10 GiB reserve=1.59 GiB total=31.86 GiB)
ds4: ROCm q8 fp16 cache budget exhausted; using q8 kernels (request=64.00 MiB cached=0.00 GiB free=1.10 GiB reserve=1.59 GiB total=31.86 GiB)
ds4: ROCm q8 fp16 cache budget exhausted; using q8 kernels (request=64.00 MiB cached=0.00 GiB free=1.10 GiB reserve=1.59 GiB total=31.86 GiB)
ds4: ROCm q8 fp16 cache budget exhausted; using q8 kernels (request=64.00 MiB cached=0.00 GiB free=1.10 GiB reserve=1.59 GiB total=31.86 GiB)
ds4: ROCm q8 fp16 cache budget exhausted; using q8 kernels (request=64.00 MiB cached=0.00 GiB free=1.10 GiB reserve=1.59 GiB total=31.86 GiB)
ds4: ROCm q8 fp16 cache budget exhausted; using q8 kernels (request=64.00 MiB cached=0.00 GiB free=1.10 GiB reserve=1.59 GiB total=31.86 GiB)
ds4: ROCm q8 fp16 cache budget exhausted; using q8 kernels (request=64.00 MiB cached=0.00 GiB free=1.10 GiB reserve=1.59 GiB total=31.86 GiB)
ds4: ROCm q8 fp16 cache budget exhausted; using q8 kernels (request=64.00 MiB cached=0.00 GiB free=1.10 GiB reserve=1.59 GiB total=31.86 GiB)
ds4: ROCm q8 fp16 cache budget exhausted; using q8 kernels (request=64.00 MiB cached=0.00 GiB free=1.10 GiB reserve=1.59 GiB total=31.86 GiB)
ds4: ROCm q8 fp16 cache budget exhausted; using q8 kernels (request=64.00 MiB cached=0.00 GiB free=1.10 GiB reserve=1.59 GiB total=31.86 GiB)
ds4: ROCm q8 fp16 cache budget exhausted; using q8 kernels (request=64.00 MiB cached=0.00 GiB free=1.10 GiB reserve=1.59 GiB total=31.86 GiB)
case_043 cases=44 prompt=18 target=24 avg_nll=14.116910 lcp=1 api_target_mae=14.116910 api_top_coverage=100/120 api_top1=0.042 api_topn=0.070 api_pair=0.667
ds4: ROCm q8 fp16 cache budget exhausted; using q8 kernels (request=64.00 MiB cached=0.00 GiB free=1.10 GiB reserve=1.59 GiB total=31.86 GiB)
ds4: ROCm q8 fp16 cache budget exhausted; using q8 kernels (request=64.00 MiB cached=0.00 GiB free=1.10 GiB reserve=1.59 GiB total=31.86 GiB)
ds4: ROCm q8 fp16 cache budget exhausted; using q8 kernels (request=64.00 MiB cached=0.00 GiB free=1.10 GiB reserve=1.59 GiB total=31.86 GiB)
ds4: ROCm q8 fp16 cache budget exhausted; using q8 kernels (request=64.00 MiB cached=0.00 GiB free=1.10 GiB reserve=1.59 GiB total=31.86 GiB)
ds4: ROCm q8 fp16 cache budget exhausted; using q8 kernels (request=64.00 MiB cached=0.00 GiB free=1.10 GiB reserve=1.59 GiB total=31.86 GiB)
ds4: ROCm q8 fp16 cache budget exhausted; using q8 kernels (request=64.00 MiB cached=0.00 GiB free=1.10 GiB reserve=1.59 GiB total=31.86 GiB)
ds4: ROCm q8 fp16 cache budget exhausted; using q8 kernels (request=64.00 MiB cached=0.00 GiB free=1.10 GiB reserve=1.59 GiB total=31.86 GiB)
ds4: ROCm q8 fp16 cache budget exhausted; using q8 kernels (request=64.00 MiB cached=0.00 GiB free=1.10 GiB reserve=1.59 GiB total=31.86 GiB)
ds4: ROCm q8 fp16 cache budget exhausted; using q8 kernels (request=64.00 MiB cached=0.00 GiB free=1.10 GiB reserve=1.59 GiB total=31.86 GiB)
ds4: ROCm q8 fp16 cache budget exhausted; using q8 kernels (request=64.00 MiB cached=0.00 GiB free=1.10 GiB reserve=1.59 GiB total=31.86 GiB)
ds4: ROCm q8 fp16 cache budget exhausted; using q8 kernels (request=64.00 MiB cached=0.00 GiB free=1.10 GiB reserve=1.59 GiB total=31.86 GiB)
ds4: ROCm q8 fp16 cache budget exhausted; using q8 kernels (request=64.00 MiB cached=0.00 GiB free=1.10 GiB reserve=1.59 GiB total=31.86 GiB)
ds4: ROCm q8 fp16 cache budget exhausted; using q8 kernels (request=64.00 MiB cached=0.00 GiB free=1.10 GiB reserve=1.59 GiB total=31.86 GiB)
ds4: ROCm q8 fp16 cache budget exhausted; using q8 kernels (request=64.00 MiB cached=0.00 GiB free=1.10 GiB reserve=1.59 GiB total=31.86 GiB)
ds4: ROCm q8 fp16 cache budget exhausted; using q8 kernels (request=64.00 MiB cached=0.00 GiB free=1.10 GiB reserve=1.59 GiB total=31.86 GiB)
ds4: ROCm q8 fp16 cache budget exhausted; using q8 kernels (request=64.00 MiB cached=0.00 GiB free=1.10 GiB reserve=1.59 GiB total=31.86 GiB)
ds4: ROCm q8 fp16 cache budget exhausted; using q8 kernels (request=64.00 MiB cached=0.00 GiB free=1.10 GiB reserve=1.59 GiB total=31.86 GiB)
ds4: ROCm q8 fp16 cache budget exhausted; using q8 kernels (request=64.00 MiB cached=0.00 GiB free=1.10 GiB reserve=1.59 GiB total=31.86 GiB)
ds4: ROCm q8 fp16 cache budget exhausted; using q8 kernels (request=64.00 MiB cached=0.00 GiB free=1.10 GiB reserve=1.59 GiB total=31.86 GiB)
ds4: ROCm q8 fp16 cache budget exhausted; using q8 kernels (request=64.00 MiB cached=0.00 GiB free=1.10 GiB reserve=1.59 GiB total=31.86 GiB)
ds4: ROCm q8 fp16 cache budget exhausted; using q8 kernels (request=64.00 MiB cached=0.00 GiB free=1.10 GiB reserve=1.59 GiB total=31.86 GiB)
ds4: ROCm q8 fp16 cache budget exhausted; using q8 kernels (request=64.00 MiB cached=0.00 GiB free=1.10 GiB reserve=1.59 GiB total=31.86 GiB)
ds4: ROCm q8 fp16 cache budget exhausted; using q8 kernels (request=64.00 MiB cached=0.00 GiB free=1.10 GiB reserve=1.59 GiB total=31.86 GiB)
ds4: ROCm q8 fp16 cache budget exhausted; using q8 kernels (request=64.00 MiB cached=0.00 GiB free=1.10 GiB reserve=1.59 GiB total=31.86 GiB)
ds4: ROCm q8 fp16 cache budget exhausted; using q8 kernels (request=64.00 MiB cached=0.00 GiB free=1.10 GiB reserve=1.59 GiB total=31.86 GiB)
ds4: ROCm q8 fp16 cache budget exhausted; using q8 kernels (request=64.00 MiB cached=0.00 GiB free=1.10 GiB reserve=1.59 GiB total=31.86 GiB)
ds4: ROCm q8 fp16 cache budget exhausted; using q8 kernels (request=64.00 MiB cached=0.00 GiB free=1.10 GiB reserve=1.59 GiB total=31.86 GiB)
ds4: ROCm q8 fp16 cache budget exhausted; using q8 kernels (request=64.00 MiB cached=0.00 GiB free=1.10 GiB reserve=1.59 GiB total=31.86 GiB)
ds4: ROCm q8 fp16 cache budget exhausted; using q8 kernels (request=64.00 MiB cached=0.00 GiB free=1.10 GiB reserve=1.59 GiB total=31.86 GiB)
ds4: ROCm q8 fp16 cache budget exhausted; using q8 kernels (request=64.00 MiB cached=0.00 GiB free=1.10 GiB reserve=1.59 GiB total=31.86 GiB)
ds4: ROCm q8 fp16 cache budget exhausted; using q8 kernels (request=64.00 MiB cached=0.00 GiB free=1.10 GiB reserve=1.59 GiB total=31.86 GiB)
ds4: ROCm q8 fp16 cache budget exhausted; using q8 kernels (request=64.00 MiB cached=0.00 GiB free=1.10 GiB reserve=1.59 GiB total=31.86 GiB)
ds4: ROCm q8 fp16 cache budget exhausted; using q8 kernels (request=64.00 MiB cached=0.00 GiB free=1.10 GiB reserve=1.59 GiB total=31.86 GiB)
ds4: ROCm q8 fp16 cache budget exhausted; using q8 kernels (request=64.00 MiB cached=0.00 GiB free=1.10 GiB reserve=1.59 GiB total=31.86 GiB)
ds4: ROCm q8 fp16 cache budget exhausted; using q8 kernels (request=64.00 MiB cached=0.00 GiB free=1.10 GiB reserve=1.59 GiB total=31.86 GiB)
ds4: ROCm q8 fp16 cache budget exhausted; using q8 kernels (request=64.00 MiB cached=0.00 GiB free=1.10 GiB reserve=1.59 GiB total=31.86 GiB)
ds4: ROCm q8 fp16 cache budget exhausted; using q8 kernels (request=64.00 MiB cached=0.00 GiB free=1.10 GiB reserve=1.59 GiB total=31.86 GiB)
ds4: ROCm q8 fp16 cache budget exhausted; using q8 kernels (request=64.00 MiB cached=0.00 GiB free=1.10 GiB reserve=1.59 GiB total=31.86 GiB)
ds4: ROCm q8 fp16 cache budget exhausted; using q8 kernels (request=64.00 MiB cached=0.00 GiB free=1.10 GiB reserve=1.59 GiB total=31.86 GiB)
ds4: ROCm q8 fp16 cache budget exhausted; using q8 kernels (request=64.00 MiB cached=0.00 GiB free=1.10 GiB reserve=1.59 GiB total=31.86 GiB)
ds4: ROCm q8 fp16 cache budget exhausted; using q8 kernels (request=64.00 MiB cached=0.00 GiB free=1.10 GiB reserve=1.59 GiB total=31.86 GiB)
ds4: ROCm q8 fp16 cache budget exhausted; using q8 kernels (request=64.00 MiB cached=0.00 GiB free=1.10 GiB reserve=1.59 GiB total=31.86 GiB)
ds4: ROCm q8 fp16 cache budget exhausted; using q8 kernels (request=64.00 MiB cached=0.00 GiB free=1.10 GiB reserve=1.59 GiB total=31.86 GiB)
case_044 cases=45 prompt=20 target=24 avg_nll=16.012839 lcp=0 api_target_mae=16.012839 api_top_coverage=98/120 api_top1=0.000 api_topn=0.102 api_pair=0.613
ds4: ROCm q8 fp16 cache budget exhausted; using q8 kernels (request=64.00 MiB cached=0.00 GiB free=1.10 GiB reserve=1.59 GiB total=31.86 GiB)
ds4: ROCm q8 fp16 cache budget exhausted; using q8 kernels (request=64.00 MiB cached=0.00 GiB free=1.10 GiB reserve=1.59 GiB total=31.86 GiB)
ds4: ROCm q8 fp16 cache budget exhausted; using q8 kernels (request=64.00 MiB cached=0.00 GiB free=1.10 GiB reserve=1.59 GiB total=31.86 GiB)
ds4: ROCm q8 fp16 cache budget exhausted; using q8 kernels (request=64.00 MiB cached=0.00 GiB free=1.10 GiB reserve=1.59 GiB total=31.86 GiB)
ds4: ROCm q8 fp16 cache budget exhausted; using q8 kernels (request=64.00 MiB cached=0.00 GiB free=1.10 GiB reserve=1.59 GiB total=31.86 GiB)
ds4: ROCm q8 fp16 cache budget exhausted; using q8 kernels (request=64.00 MiB cached=0.00 GiB free=1.10 GiB reserve=1.59 GiB total=31.86 GiB)
ds4: ROCm q8 fp16 cache budget exhausted; using q8 kernels (request=64.00 MiB cached=0.00 GiB free=1.10 GiB reserve=1.59 GiB total=31.86 GiB)
ds4: ROCm q8 fp16 cache budget exhausted; using q8 kernels (request=64.00 MiB cached=0.00 GiB free=1.10 GiB reserve=1.59 GiB total=31.86 GiB)
ds4: ROCm q8 fp16 cache budget exhausted; using q8 kernels (request=64.00 MiB cached=0.00 GiB free=1.10 GiB reserve=1.59 GiB total=31.86 GiB)
ds4: ROCm q8 fp16 cache budget exhausted; using q8 kernels (request=64.00 MiB cached=0.00 GiB free=1.10 GiB reserve=1.59 GiB total=31.86 GiB)
ds4: ROCm q8 fp16 cache budget exhausted; using q8 kernels (request=64.00 MiB cached=0.00 GiB free=1.10 GiB reserve=1.59 GiB total=31.86 GiB)
ds4: ROCm q8 fp16 cache budget exhausted; using q8 kernels (request=64.00 MiB cached=0.00 GiB free=1.10 GiB reserve=1.59 GiB total=31.86 GiB)
ds4: ROCm q8 fp16 cache budget exhausted; using q8 kernels (request=64.00 MiB cached=0.00 GiB free=1.10 GiB reserve=1.59 GiB total=31.86 GiB)
ds4: ROCm q8 fp16 cache budget exhausted; using q8 kernels (request=64.00 MiB cached=0.00 GiB free=1.10 GiB reserve=1.59 GiB total=31.86 GiB)
ds4: ROCm q8 fp16 cache budget exhausted; using q8 kernels (request=64.00 MiB cached=0.00 GiB free=1.10 GiB reserve=1.59 GiB total=31.86 GiB)
ds4: ROCm q8 fp16 cache budget exhausted; using q8 kernels (request=64.00 MiB cached=0.00 GiB free=1.10 GiB reserve=1.59 GiB total=31.86 GiB)
ds4: ROCm q8 fp16 cache budget exhausted; using q8 kernels (request=64.00 MiB cached=0.00 GiB free=1.10 GiB reserve=1.59 GiB total=31.86 GiB)
ds4: ROCm q8 fp16 cache budget exhausted; using q8 kernels (request=64.00 MiB cached=0.00 GiB free=1.10 GiB reserve=1.59 GiB total=31.86 GiB)
ds4: ROCm q8 fp16 cache budget exhausted; using q8 kernels (request=64.00 MiB cached=0.00 GiB free=1.10 GiB reserve=1.59 GiB total=31.86 GiB)
ds4: ROCm q8 fp16 cache budget exhausted; using q8 kernels (request=64.00 MiB cached=0.00 GiB free=1.10 GiB reserve=1.59 GiB total=31.86 GiB)
ds4: ROCm q8 fp16 cache budget exhausted; using q8 kernels (request=64.00 MiB cached=0.00 GiB free=1.10 GiB reserve=1.59 GiB total=31.86 GiB)
ds4: ROCm q8 fp16 cache budget exhausted; using q8 kernels (request=64.00 MiB cached=0.00 GiB free=1.10 GiB reserve=1.59 GiB total=31.86 GiB)
ds4: ROCm q8 fp16 cache budget exhausted; using q8 kernels (request=64.00 MiB cached=0.00 GiB free=1.10 GiB reserve=1.59 GiB total=31.86 GiB)
ds4: ROCm q8 fp16 cache budget exhausted; using q8 kernels (request=64.00 MiB cached=0.00 GiB free=1.10 GiB reserve=1.59 GiB total=31.86 GiB)
ds4: ROCm q8 fp16 cache budget exhausted; using q8 kernels (request=64.00 MiB cached=0.00 GiB free=1.10 GiB reserve=1.59 GiB total=31.86 GiB)
ds4: ROCm q8 fp16 cache budget exhausted; using q8 kernels (request=64.00 MiB cached=0.00 GiB free=1.10 GiB reserve=1.59 GiB total=31.86 GiB)
ds4: ROCm q8 fp16 cache budget exhausted; using q8 kernels (request=64.00 MiB cached=0.00 GiB free=1.10 GiB reserve=1.59 GiB total=31.86 GiB)
ds4: ROCm q8 fp16 cache budget exhausted; using q8 kernels (request=64.00 MiB cached=0.00 GiB free=1.10 GiB reserve=1.59 GiB total=31.86 GiB)
ds4: ROCm q8 fp16 cache budget exhausted; using q8 kernels (request=64.00 MiB cached=0.00 GiB free=1.10 GiB reserve=1.59 GiB total=31.86 GiB)
ds4: ROCm q8 fp16 cache budget exhausted; using q8 kernels (request=64.00 MiB cached=0.00 GiB free=1.10 GiB reserve=1.59 GiB total=31.86 GiB)
ds4: ROCm q8 fp16 cache budget exhausted; using q8 kernels (request=64.00 MiB cached=0.00 GiB free=1.10 GiB reserve=1.59 GiB total=31.86 GiB)
ds4: ROCm q8 fp16 cache budget exhausted; using q8 kernels (request=64.00 MiB cached=0.00 GiB free=1.10 GiB reserve=1.59 GiB total=31.86 GiB)
ds4: ROCm q8 fp16 cache budget exhausted; using q8 kernels (request=64.00 MiB cached=0.00 GiB free=1.10 GiB reserve=1.59 GiB total=31.86 GiB)
ds4: ROCm q8 fp16 cache budget exhausted; using q8 kernels (request=64.00 MiB cached=0.00 GiB free=1.10 GiB reserve=1.59 GiB total=31.86 GiB)
ds4: ROCm q8 fp16 cache budget exhausted; using q8 kernels (request=64.00 MiB cached=0.00 GiB free=1.10 GiB reserve=1.59 GiB total=31.86 GiB)
ds4: ROCm q8 fp16 cache budget exhausted; using q8 kernels (request=64.00 MiB cached=0.00 GiB free=1.10 GiB reserve=1.59 GiB total=31.86 GiB)
ds4: ROCm q8 fp16 cache budget exhausted; using q8 kernels (request=64.00 MiB cached=0.00 GiB free=1.10 GiB reserve=1.59 GiB total=31.86 GiB)
ds4: ROCm q8 fp16 cache budget exhausted; using q8 kernels (request=64.00 MiB cached=0.00 GiB free=1.10 GiB reserve=1.59 GiB total=31.86 GiB)
ds4: ROCm q8 fp16 cache budget exhausted; using q8 kernels (request=64.00 MiB cached=0.00 GiB free=1.10 GiB reserve=1.59 GiB total=31.86 GiB)
ds4: ROCm q8 fp16 cache budget exhausted; using q8 kernels (request=64.00 MiB cached=0.00 GiB free=1.10 GiB reserve=1.59 GiB total=31.86 GiB)
ds4: ROCm q8 fp16 cache budget exhausted; using q8 kernels (request=64.00 MiB cached=0.00 GiB free=1.10 GiB reserve=1.59 GiB total=31.86 GiB)
ds4: ROCm q8 fp16 cache budget exhausted; using q8 kernels (request=64.00 MiB cached=0.00 GiB free=1.10 GiB reserve=1.59 GiB total=31.86 GiB)
ds4: ROCm q8 fp16 cache budget exhausted; using q8 kernels (request=64.00 MiB cached=0.00 GiB free=1.10 GiB reserve=1.59 GiB total=31.86 GiB)
case_045 cases=46 prompt=18 target=24 avg_nll=15.998672 lcp=1 api_target_mae=15.998672 api_top_coverage=100/120 api_top1=0.042 api_topn=0.040 api_pair=0.541
ds4: ROCm q8 fp16 cache budget exhausted; using q8 kernels (request=64.00 MiB cached=0.00 GiB free=1.10 GiB reserve=1.59 GiB total=31.86 GiB)
ds4: ROCm q8 fp16 cache budget exhausted; using q8 kernels (request=64.00 MiB cached=0.00 GiB free=1.10 GiB reserve=1.59 GiB total=31.86 GiB)
ds4: ROCm q8 fp16 cache budget exhausted; using q8 kernels (request=64.00 MiB cached=0.00 GiB free=1.10 GiB reserve=1.59 GiB total=31.86 GiB)
ds4: ROCm q8 fp16 cache budget exhausted; using q8 kernels (request=64.00 MiB cached=0.00 GiB free=1.10 GiB reserve=1.59 GiB total=31.86 GiB)
ds4: ROCm q8 fp16 cache budget exhausted; using q8 kernels (request=64.00 MiB cached=0.00 GiB free=1.10 GiB reserve=1.59 GiB total=31.86 GiB)
ds4: ROCm q8 fp16 cache budget exhausted; using q8 kernels (request=64.00 MiB cached=0.00 GiB free=1.10 GiB reserve=1.59 GiB total=31.86 GiB)
ds4: ROCm q8 fp16 cache budget exhausted; using q8 kernels (request=64.00 MiB cached=0.00 GiB free=1.10 GiB reserve=1.59 GiB total=31.86 GiB)
ds4: ROCm q8 fp16 cache budget exhausted; using q8 kernels (request=64.00 MiB cached=0.00 GiB free=1.10 GiB reserve=1.59 GiB total=31.86 GiB)
ds4: ROCm q8 fp16 cache budget exhausted; using q8 kernels (request=64.00 MiB cached=0.00 GiB free=1.10 GiB reserve=1.59 GiB total=31.86 GiB)
ds4: ROCm q8 fp16 cache budget exhausted; using q8 kernels (request=64.00 MiB cached=0.00 GiB free=1.10 GiB reserve=1.59 GiB total=31.86 GiB)
ds4: ROCm q8 fp16 cache budget exhausted; using q8 kernels (request=64.00 MiB cached=0.00 GiB free=1.10 GiB reserve=1.59 GiB total=31.86 GiB)
ds4: ROCm q8 fp16 cache budget exhausted; using q8 kernels (request=64.00 MiB cached=0.00 GiB free=1.10 GiB reserve=1.59 GiB total=31.86 GiB)
ds4: ROCm q8 fp16 cache budget exhausted; using q8 kernels (request=64.00 MiB cached=0.00 GiB free=1.10 GiB reserve=1.59 GiB total=31.86 GiB)
ds4: ROCm q8 fp16 cache budget exhausted; using q8 kernels (request=64.00 MiB cached=0.00 GiB free=1.10 GiB reserve=1.59 GiB total=31.86 GiB)
ds4: ROCm q8 fp16 cache budget exhausted; using q8 kernels (request=64.00 MiB cached=0.00 GiB free=1.10 GiB reserve=1.59 GiB total=31.86 GiB)
ds4: ROCm q8 fp16 cache budget exhausted; using q8 kernels (request=64.00 MiB cached=0.00 GiB free=1.10 GiB reserve=1.59 GiB total=31.86 GiB)
ds4: ROCm q8 fp16 cache budget exhausted; using q8 kernels (request=64.00 MiB cached=0.00 GiB free=1.10 GiB reserve=1.59 GiB total=31.86 GiB)
ds4: ROCm q8 fp16 cache budget exhausted; using q8 kernels (request=64.00 MiB cached=0.00 GiB free=1.10 GiB reserve=1.59 GiB total=31.86 GiB)
ds4: ROCm q8 fp16 cache budget exhausted; using q8 kernels (request=64.00 MiB cached=0.00 GiB free=1.10 GiB reserve=1.59 GiB total=31.86 GiB)
ds4: ROCm q8 fp16 cache budget exhausted; using q8 kernels (request=64.00 MiB cached=0.00 GiB free=1.10 GiB reserve=1.59 GiB total=31.86 GiB)
ds4: ROCm q8 fp16 cache budget exhausted; using q8 kernels (request=64.00 MiB cached=0.00 GiB free=1.10 GiB reserve=1.59 GiB total=31.86 GiB)
ds4: ROCm q8 fp16 cache budget exhausted; using q8 kernels (request=64.00 MiB cached=0.00 GiB free=1.10 GiB reserve=1.59 GiB total=31.86 GiB)
ds4: ROCm q8 fp16 cache budget exhausted; using q8 kernels (request=64.00 MiB cached=0.00 GiB free=1.10 GiB reserve=1.59 GiB total=31.86 GiB)
ds4: ROCm q8 fp16 cache budget exhausted; using q8 kernels (request=64.00 MiB cached=0.00 GiB free=1.10 GiB reserve=1.59 GiB total=31.86 GiB)
ds4: ROCm q8 fp16 cache budget exhausted; using q8 kernels (request=64.00 MiB cached=0.00 GiB free=1.10 GiB reserve=1.59 GiB total=31.86 GiB)
ds4: ROCm q8 fp16 cache budget exhausted; using q8 kernels (request=64.00 MiB cached=0.00 GiB free=1.10 GiB reserve=1.59 GiB total=31.86 GiB)
ds4: ROCm q8 fp16 cache budget exhausted; using q8 kernels (request=64.00 MiB cached=0.00 GiB free=1.10 GiB reserve=1.59 GiB total=31.86 GiB)
ds4: ROCm q8 fp16 cache budget exhausted; using q8 kernels (request=64.00 MiB cached=0.00 GiB free=1.10 GiB reserve=1.59 GiB total=31.86 GiB)
ds4: ROCm q8 fp16 cache budget exhausted; using q8 kernels (request=64.00 MiB cached=0.00 GiB free=1.10 GiB reserve=1.59 GiB total=31.86 GiB)
ds4: ROCm q8 fp16 cache budget exhausted; using q8 kernels (request=64.00 MiB cached=0.00 GiB free=1.10 GiB reserve=1.59 GiB total=31.86 GiB)
ds4: ROCm q8 fp16 cache budget exhausted; using q8 kernels (request=64.00 MiB cached=0.00 GiB free=1.10 GiB reserve=1.59 GiB total=31.86 GiB)
ds4: ROCm q8 fp16 cache budget exhausted; using q8 kernels (request=64.00 MiB cached=0.00 GiB free=1.10 GiB reserve=1.59 GiB total=31.86 GiB)
ds4: ROCm q8 fp16 cache budget exhausted; using q8 kernels (request=64.00 MiB cached=0.00 GiB free=1.10 GiB reserve=1.59 GiB total=31.86 GiB)
ds4: ROCm q8 fp16 cache budget exhausted; using q8 kernels (request=64.00 MiB cached=0.00 GiB free=1.10 GiB reserve=1.59 GiB total=31.86 GiB)
ds4: ROCm q8 fp16 cache budget exhausted; using q8 kernels (request=64.00 MiB cached=0.00 GiB free=1.10 GiB reserve=1.59 GiB total=31.86 GiB)
ds4: ROCm q8 fp16 cache budget exhausted; using q8 kernels (request=64.00 MiB cached=0.00 GiB free=1.10 GiB reserve=1.59 GiB total=31.86 GiB)
ds4: ROCm q8 fp16 cache budget exhausted; using q8 kernels (request=64.00 MiB cached=0.00 GiB free=1.10 GiB reserve=1.59 GiB total=31.86 GiB)
ds4: ROCm q8 fp16 cache budget exhausted; using q8 kernels (request=64.00 MiB cached=0.00 GiB free=1.10 GiB reserve=1.59 GiB total=31.86 GiB)
ds4: ROCm q8 fp16 cache budget exhausted; using q8 kernels (request=64.00 MiB cached=0.00 GiB free=1.10 GiB reserve=1.59 GiB total=31.86 GiB)
ds4: ROCm q8 fp16 cache budget exhausted; using q8 kernels (request=64.00 MiB cached=0.00 GiB free=1.10 GiB reserve=1.59 GiB total=31.86 GiB)
ds4: ROCm q8 fp16 cache budget exhausted; using q8 kernels (request=64.00 MiB cached=0.00 GiB free=1.10 GiB reserve=1.59 GiB total=31.86 GiB)
ds4: ROCm q8 fp16 cache budget exhausted; using q8 kernels (request=64.00 MiB cached=0.00 GiB free=1.10 GiB reserve=1.59 GiB total=31.86 GiB)
ds4: ROCm q8 fp16 cache budget exhausted; using q8 kernels (request=64.00 MiB cached=0.00 GiB free=1.10 GiB reserve=1.59 GiB total=31.86 GiB)
case_046 cases=47 prompt=19 target=24 avg_nll=17.106527 lcp=0 api_target_mae=17.106527 api_top_coverage=99/120 api_top1=0.000 api_topn=0.091 api_pair=0.455
ds4: ROCm q8 fp16 cache budget exhausted; using q8 kernels (request=64.00 MiB cached=0.00 GiB free=1.10 GiB reserve=1.59 GiB total=31.86 GiB)
ds4: ROCm q8 fp16 cache budget exhausted; using q8 kernels (request=64.00 MiB cached=0.00 GiB free=1.10 GiB reserve=1.59 GiB total=31.86 GiB)
ds4: ROCm q8 fp16 cache budget exhausted; using q8 kernels (request=64.00 MiB cached=0.00 GiB free=1.10 GiB reserve=1.59 GiB total=31.86 GiB)
ds4: ROCm q8 fp16 cache budget exhausted; using q8 kernels (request=64.00 MiB cached=0.00 GiB free=1.10 GiB reserve=1.59 GiB total=31.86 GiB)
ds4: ROCm q8 fp16 cache budget exhausted; using q8 kernels (request=64.00 MiB cached=0.00 GiB free=1.10 GiB reserve=1.59 GiB total=31.86 GiB)
ds4: ROCm q8 fp16 cache budget exhausted; using q8 kernels (request=64.00 MiB cached=0.00 GiB free=1.10 GiB reserve=1.59 GiB total=31.86 GiB)
ds4: ROCm q8 fp16 cache budget exhausted; using q8 kernels (request=64.00 MiB cached=0.00 GiB free=1.10 GiB reserve=1.59 GiB total=31.86 GiB)
ds4: ROCm q8 fp16 cache budget exhausted; using q8 kernels (request=64.00 MiB cached=0.00 GiB free=1.10 GiB reserve=1.59 GiB total=31.86 GiB)
ds4: ROCm q8 fp16 cache budget exhausted; using q8 kernels (request=64.00 MiB cached=0.00 GiB free=1.10 GiB reserve=1.59 GiB total=31.86 GiB)
ds4: ROCm q8 fp16 cache budget exhausted; using q8 kernels (request=64.00 MiB cached=0.00 GiB free=1.10 GiB reserve=1.59 GiB total=31.86 GiB)
ds4: ROCm q8 fp16 cache budget exhausted; using q8 kernels (request=64.00 MiB cached=0.00 GiB free=1.10 GiB reserve=1.59 GiB total=31.86 GiB)
ds4: ROCm q8 fp16 cache budget exhausted; using q8 kernels (request=64.00 MiB cached=0.00 GiB free=1.10 GiB reserve=1.59 GiB total=31.86 GiB)
ds4: ROCm q8 fp16 cache budget exhausted; using q8 kernels (request=64.00 MiB cached=0.00 GiB free=1.10 GiB reserve=1.59 GiB total=31.86 GiB)
ds4: ROCm q8 fp16 cache budget exhausted; using q8 kernels (request=64.00 MiB cached=0.00 GiB free=1.10 GiB reserve=1.59 GiB total=31.86 GiB)
ds4: ROCm q8 fp16 cache budget exhausted; using q8 kernels (request=64.00 MiB cached=0.00 GiB free=1.10 GiB reserve=1.59 GiB total=31.86 GiB)
ds4: ROCm q8 fp16 cache budget exhausted; using q8 kernels (request=64.00 MiB cached=0.00 GiB free=1.10 GiB reserve=1.59 GiB total=31.86 GiB)
ds4: ROCm q8 fp16 cache budget exhausted; using q8 kernels (request=64.00 MiB cached=0.00 GiB free=1.10 GiB reserve=1.59 GiB total=31.86 GiB)
ds4: ROCm q8 fp16 cache budget exhausted; using q8 kernels (request=64.00 MiB cached=0.00 GiB free=1.10 GiB reserve=1.59 GiB total=31.86 GiB)
ds4: ROCm q8 fp16 cache budget exhausted; using q8 kernels (request=64.00 MiB cached=0.00 GiB free=1.10 GiB reserve=1.59 GiB total=31.86 GiB)
ds4: ROCm q8 fp16 cache budget exhausted; using q8 kernels (request=64.00 MiB cached=0.00 GiB free=1.10 GiB reserve=1.59 GiB total=31.86 GiB)
ds4: ROCm q8 fp16 cache budget exhausted; using q8 kernels (request=64.00 MiB cached=0.00 GiB free=1.10 GiB reserve=1.59 GiB total=31.86 GiB)
ds4: ROCm q8 fp16 cache budget exhausted; using q8 kernels (request=64.00 MiB cached=0.00 GiB free=1.10 GiB reserve=1.59 GiB total=31.86 GiB)
ds4: ROCm q8 fp16 cache budget exhausted; using q8 kernels (request=64.00 MiB cached=0.00 GiB free=1.10 GiB reserve=1.59 GiB total=31.86 GiB)
ds4: ROCm q8 fp16 cache budget exhausted; using q8 kernels (request=64.00 MiB cached=0.00 GiB free=1.10 GiB reserve=1.59 GiB total=31.86 GiB)
ds4: ROCm q8 fp16 cache budget exhausted; using q8 kernels (request=64.00 MiB cached=0.00 GiB free=1.10 GiB reserve=1.59 GiB total=31.86 GiB)
ds4: ROCm q8 fp16 cache budget exhausted; using q8 kernels (request=64.00 MiB cached=0.00 GiB free=1.10 GiB reserve=1.59 GiB total=31.86 GiB)
ds4: ROCm q8 fp16 cache budget exhausted; using q8 kernels (request=64.00 MiB cached=0.00 GiB free=1.10 GiB reserve=1.59 GiB total=31.86 GiB)
ds4: ROCm q8 fp16 cache budget exhausted; using q8 kernels (request=64.00 MiB cached=0.00 GiB free=1.10 GiB reserve=1.59 GiB total=31.86 GiB)
ds4: ROCm q8 fp16 cache budget exhausted; using q8 kernels (request=64.00 MiB cached=0.00 GiB free=1.10 GiB reserve=1.59 GiB total=31.86 GiB)
ds4: ROCm q8 fp16 cache budget exhausted; using q8 kernels (request=64.00 MiB cached=0.00 GiB free=1.10 GiB reserve=1.59 GiB total=31.86 GiB)
ds4: ROCm q8 fp16 cache budget exhausted; using q8 kernels (request=64.00 MiB cached=0.00 GiB free=1.10 GiB reserve=1.59 GiB total=31.86 GiB)
ds4: ROCm q8 fp16 cache budget exhausted; using q8 kernels (request=64.00 MiB cached=0.00 GiB free=1.10 GiB reserve=1.59 GiB total=31.86 GiB)
ds4: ROCm q8 fp16 cache budget exhausted; using q8 kernels (request=64.00 MiB cached=0.00 GiB free=1.10 GiB reserve=1.59 GiB total=31.86 GiB)
ds4: ROCm q8 fp16 cache budget exhausted; using q8 kernels (request=64.00 MiB cached=0.00 GiB free=1.10 GiB reserve=1.59 GiB total=31.86 GiB)
ds4: ROCm q8 fp16 cache budget exhausted; using q8 kernels (request=64.00 MiB cached=0.00 GiB free=1.10 GiB reserve=1.59 GiB total=31.86 GiB)
ds4: ROCm q8 fp16 cache budget exhausted; using q8 kernels (request=64.00 MiB cached=0.00 GiB free=1.10 GiB reserve=1.59 GiB total=31.86 GiB)
ds4: ROCm q8 fp16 cache budget exhausted; using q8 kernels (request=64.00 MiB cached=0.00 GiB free=1.10 GiB reserve=1.59 GiB total=31.86 GiB)
ds4: ROCm q8 fp16 cache budget exhausted; using q8 kernels (request=64.00 MiB cached=0.00 GiB free=1.10 GiB reserve=1.59 GiB total=31.86 GiB)
ds4: ROCm q8 fp16 cache budget exhausted; using q8 kernels (request=64.00 MiB cached=0.00 GiB free=1.10 GiB reserve=1.59 GiB total=31.86 GiB)
ds4: ROCm q8 fp16 cache budget exhausted; using q8 kernels (request=64.00 MiB cached=0.00 GiB free=1.10 GiB reserve=1.59 GiB total=31.86 GiB)
ds4: ROCm q8 fp16 cache budget exhausted; using q8 kernels (request=64.00 MiB cached=0.00 GiB free=1.10 GiB reserve=1.59 GiB total=31.86 GiB)
ds4: ROCm q8 fp16 cache budget exhausted; using q8 kernels (request=64.00 MiB cached=0.00 GiB free=1.10 GiB reserve=1.59 GiB total=31.86 GiB)
ds4: ROCm q8 fp16 cache budget exhausted; using q8 kernels (request=64.00 MiB cached=0.00 GiB free=1.10 GiB reserve=1.59 GiB total=31.86 GiB)
case_047 cases=48 prompt=16 target=24 avg_nll=14.244519 lcp=0 api_target_mae=14.244519 api_top_coverage=100/120 api_top1=0.042 api_topn=0.050 api_pair=0.643
ds4: ROCm q8 fp16 cache budget exhausted; using q8 kernels (request=64.00 MiB cached=0.00 GiB free=1.10 GiB reserve=1.59 GiB total=31.86 GiB)
ds4: ROCm q8 fp16 cache budget exhausted; using q8 kernels (request=64.00 MiB cached=0.00 GiB free=1.10 GiB reserve=1.59 GiB total=31.86 GiB)
ds4: ROCm q8 fp16 cache budget exhausted; using q8 kernels (request=64.00 MiB cached=0.00 GiB free=1.10 GiB reserve=1.59 GiB total=31.86 GiB)
ds4: ROCm q8 fp16 cache budget exhausted; using q8 kernels (request=64.00 MiB cached=0.00 GiB free=1.10 GiB reserve=1.59 GiB total=31.86 GiB)
ds4: ROCm q8 fp16 cache budget exhausted; using q8 kernels (request=64.00 MiB cached=0.00 GiB free=1.10 GiB reserve=1.59 GiB total=31.86 GiB)
ds4: ROCm q8 fp16 cache budget exhausted; using q8 kernels (request=64.00 MiB cached=0.00 GiB free=1.10 GiB reserve=1.59 GiB total=31.86 GiB)
ds4: ROCm q8 fp16 cache budget exhausted; using q8 kernels (request=64.00 MiB cached=0.00 GiB free=1.10 GiB reserve=1.59 GiB total=31.86 GiB)
ds4: ROCm q8 fp16 cache budget exhausted; using q8 kernels (request=64.00 MiB cached=0.00 GiB free=1.10 GiB reserve=1.59 GiB total=31.86 GiB)
ds4: ROCm q8 fp16 cache budget exhausted; using q8 kernels (request=64.00 MiB cached=0.00 GiB free=1.10 GiB reserve=1.59 GiB total=31.86 GiB)
ds4: ROCm q8 fp16 cache budget exhausted; using q8 kernels (request=64.00 MiB cached=0.00 GiB free=1.10 GiB reserve=1.59 GiB total=31.86 GiB)
ds4: ROCm q8 fp16 cache budget exhausted; using q8 kernels (request=64.00 MiB cached=0.00 GiB free=1.10 GiB reserve=1.59 GiB total=31.86 GiB)
ds4: ROCm q8 fp16 cache budget exhausted; using q8 kernels (request=64.00 MiB cached=0.00 GiB free=1.10 GiB reserve=1.59 GiB total=31.86 GiB)
ds4: ROCm q8 fp16 cache budget exhausted; using q8 kernels (request=64.00 MiB cached=0.00 GiB free=1.10 GiB reserve=1.59 GiB total=31.86 GiB)
ds4: ROCm q8 fp16 cache budget exhausted; using q8 kernels (request=64.00 MiB cached=0.00 GiB free=1.10 GiB reserve=1.59 GiB total=31.86 GiB)
ds4: ROCm q8 fp16 cache budget exhausted; using q8 kernels (request=64.00 MiB cached=0.00 GiB free=1.10 GiB reserve=1.59 GiB total=31.86 GiB)
ds4: ROCm q8 fp16 cache budget exhausted; using q8 kernels (request=64.00 MiB cached=0.00 GiB free=1.10 GiB reserve=1.59 GiB total=31.86 GiB)
ds4: ROCm q8 fp16 cache budget exhausted; using q8 kernels (request=64.00 MiB cached=0.00 GiB free=1.10 GiB reserve=1.59 GiB total=31.86 GiB)
ds4: ROCm q8 fp16 cache budget exhausted; using q8 kernels (request=64.00 MiB cached=0.00 GiB free=1.10 GiB reserve=1.59 GiB total=31.86 GiB)
ds4: ROCm q8 fp16 cache budget exhausted; using q8 kernels (request=64.00 MiB cached=0.00 GiB free=1.10 GiB reserve=1.59 GiB total=31.86 GiB)
ds4: ROCm q8 fp16 cache budget exhausted; using q8 kernels (request=64.00 MiB cached=0.00 GiB free=1.10 GiB reserve=1.59 GiB total=31.86 GiB)
ds4: ROCm q8 fp16 cache budget exhausted; using q8 kernels (request=64.00 MiB cached=0.00 GiB free=1.10 GiB reserve=1.59 GiB total=31.86 GiB)
ds4: ROCm q8 fp16 cache budget exhausted; using q8 kernels (request=64.00 MiB cached=0.00 GiB free=1.10 GiB reserve=1.59 GiB total=31.86 GiB)
ds4: ROCm q8 fp16 cache budget exhausted; using q8 kernels (request=64.00 MiB cached=0.00 GiB free=1.10 GiB reserve=1.59 GiB total=31.86 GiB)
ds4: ROCm q8 fp16 cache budget exhausted; using q8 kernels (request=64.00 MiB cached=0.00 GiB free=1.10 GiB reserve=1.59 GiB total=31.86 GiB)
ds4: ROCm q8 fp16 cache budget exhausted; using q8 kernels (request=64.00 MiB cached=0.00 GiB free=1.10 GiB reserve=1.59 GiB total=31.86 GiB)
ds4: ROCm q8 fp16 cache budget exhausted; using q8 kernels (request=64.00 MiB cached=0.00 GiB free=1.10 GiB reserve=1.59 GiB total=31.86 GiB)
ds4: ROCm q8 fp16 cache budget exhausted; using q8 kernels (request=64.00 MiB cached=0.00 GiB free=1.10 GiB reserve=1.59 GiB total=31.86 GiB)
ds4: ROCm q8 fp16 cache budget exhausted; using q8 kernels (request=64.00 MiB cached=0.00 GiB free=1.10 GiB reserve=1.59 GiB total=31.86 GiB)
ds4: ROCm q8 fp16 cache budget exhausted; using q8 kernels (request=64.00 MiB cached=0.00 GiB free=1.10 GiB reserve=1.59 GiB total=31.86 GiB)
ds4: ROCm q8 fp16 cache budget exhausted; using q8 kernels (request=64.00 MiB cached=0.00 GiB free=1.10 GiB reserve=1.59 GiB total=31.86 GiB)
ds4: ROCm q8 fp16 cache budget exhausted; using q8 kernels (request=64.00 MiB cached=0.00 GiB free=1.10 GiB reserve=1.59 GiB total=31.86 GiB)
ds4: ROCm q8 fp16 cache budget exhausted; using q8 kernels (request=64.00 MiB cached=0.00 GiB free=1.10 GiB reserve=1.59 GiB total=31.86 GiB)
ds4: ROCm q8 fp16 cache budget exhausted; using q8 kernels (request=64.00 MiB cached=0.00 GiB free=1.10 GiB reserve=1.59 GiB total=31.86 GiB)
ds4: ROCm q8 fp16 cache budget exhausted; using q8 kernels (request=64.00 MiB cached=0.00 GiB free=1.10 GiB reserve=1.59 GiB total=31.86 GiB)
ds4: ROCm q8 fp16 cache budget exhausted; using q8 kernels (request=64.00 MiB cached=0.00 GiB free=1.10 GiB reserve=1.59 GiB total=31.86 GiB)
ds4: ROCm q8 fp16 cache budget exhausted; using q8 kernels (request=64.00 MiB cached=0.00 GiB free=1.10 GiB reserve=1.59 GiB total=31.86 GiB)
ds4: ROCm q8 fp16 cache budget exhausted; using q8 kernels (request=64.00 MiB cached=0.00 GiB free=1.10 GiB reserve=1.59 GiB total=31.86 GiB)
ds4: ROCm q8 fp16 cache budget exhausted; using q8 kernels (request=64.00 MiB cached=0.00 GiB free=1.10 GiB reserve=1.59 GiB total=31.86 GiB)
ds4: ROCm q8 fp16 cache budget exhausted; using q8 kernels (request=64.00 MiB cached=0.00 GiB free=1.10 GiB reserve=1.59 GiB total=31.86 GiB)
ds4: ROCm q8 fp16 cache budget exhausted; using q8 kernels (request=64.00 MiB cached=0.00 GiB free=1.10 GiB reserve=1.59 GiB total=31.86 GiB)
ds4: ROCm q8 fp16 cache budget exhausted; using q8 kernels (request=64.00 MiB cached=0.00 GiB free=1.10 GiB reserve=1.59 GiB total=31.86 GiB)
ds4: ROCm q8 fp16 cache budget exhausted; using q8 kernels (request=64.00 MiB cached=0.00 GiB free=1.10 GiB reserve=1.59 GiB total=31.86 GiB)
ds4: ROCm q8 fp16 cache budget exhausted; using q8 kernels (request=64.00 MiB cached=0.00 GiB free=1.10 GiB reserve=1.59 GiB total=31.86 GiB)
case_048 cases=49 prompt=18 target=24 avg_nll=15.907630 lcp=1 api_target_mae=15.907630 api_top_coverage=96/120 api_top1=0.042 api_topn=0.021 api_pair=0.576
ds4: ROCm q8 fp16 cache budget exhausted; using q8 kernels (request=64.00 MiB cached=0.00 GiB free=1.10 GiB reserve=1.59 GiB total=31.86 GiB)
ds4: ROCm q8 fp16 cache budget exhausted; using q8 kernels (request=64.00 MiB cached=0.00 GiB free=1.10 GiB reserve=1.59 GiB total=31.86 GiB)
ds4: ROCm q8 fp16 cache budget exhausted; using q8 kernels (request=64.00 MiB cached=0.00 GiB free=1.10 GiB reserve=1.59 GiB total=31.86 GiB)
ds4: ROCm q8 fp16 cache budget exhausted; using q8 kernels (request=64.00 MiB cached=0.00 GiB free=1.10 GiB reserve=1.59 GiB total=31.86 GiB)
ds4: ROCm q8 fp16 cache budget exhausted; using q8 kernels (request=64.00 MiB cached=0.00 GiB free=1.10 GiB reserve=1.59 GiB total=31.86 GiB)
ds4: ROCm q8 fp16 cache budget exhausted; using q8 kernels (request=64.00 MiB cached=0.00 GiB free=1.10 GiB reserve=1.59 GiB total=31.86 GiB)
ds4: ROCm q8 fp16 cache budget exhausted; using q8 kernels (request=64.00 MiB cached=0.00 GiB free=1.10 GiB reserve=1.59 GiB total=31.86 GiB)
ds4: ROCm q8 fp16 cache budget exhausted; using q8 kernels (request=64.00 MiB cached=0.00 GiB free=1.10 GiB reserve=1.59 GiB total=31.86 GiB)
ds4: ROCm q8 fp16 cache budget exhausted; using q8 kernels (request=64.00 MiB cached=0.00 GiB free=1.10 GiB reserve=1.59 GiB total=31.86 GiB)
ds4: ROCm q8 fp16 cache budget exhausted; using q8 kernels (request=64.00 MiB cached=0.00 GiB free=1.10 GiB reserve=1.59 GiB total=31.86 GiB)
ds4: ROCm q8 fp16 cache budget exhausted; using q8 kernels (request=64.00 MiB cached=0.00 GiB free=1.10 GiB reserve=1.59 GiB total=31.86 GiB)
ds4: ROCm q8 fp16 cache budget exhausted; using q8 kernels (request=64.00 MiB cached=0.00 GiB free=1.10 GiB reserve=1.59 GiB total=31.86 GiB)
ds4: ROCm q8 fp16 cache budget exhausted; using q8 kernels (request=64.00 MiB cached=0.00 GiB free=1.10 GiB reserve=1.59 GiB total=31.86 GiB)
ds4: ROCm q8 fp16 cache budget exhausted; using q8 kernels (request=64.00 MiB cached=0.00 GiB free=1.10 GiB reserve=1.59 GiB total=31.86 GiB)
ds4: ROCm q8 fp16 cache budget exhausted; using q8 kernels (request=64.00 MiB cached=0.00 GiB free=1.10 GiB reserve=1.59 GiB total=31.86 GiB)
ds4: ROCm q8 fp16 cache budget exhausted; using q8 kernels (request=64.00 MiB cached=0.00 GiB free=1.10 GiB reserve=1.59 GiB total=31.86 GiB)
ds4: ROCm q8 fp16 cache budget exhausted; using q8 kernels (request=64.00 MiB cached=0.00 GiB free=1.10 GiB reserve=1.59 GiB total=31.86 GiB)
ds4: ROCm q8 fp16 cache budget exhausted; using q8 kernels (request=64.00 MiB cached=0.00 GiB free=1.10 GiB reserve=1.59 GiB total=31.86 GiB)
ds4: ROCm q8 fp16 cache budget exhausted; using q8 kernels (request=64.00 MiB cached=0.00 GiB free=1.10 GiB reserve=1.59 GiB total=31.86 GiB)
ds4: ROCm q8 fp16 cache budget exhausted; using q8 kernels (request=64.00 MiB cached=0.00 GiB free=1.10 GiB reserve=1.59 GiB total=31.86 GiB)
ds4: ROCm q8 fp16 cache budget exhausted; using q8 kernels (request=64.00 MiB cached=0.00 GiB free=1.10 GiB reserve=1.59 GiB total=31.86 GiB)
ds4: ROCm q8 fp16 cache budget exhausted; using q8 kernels (request=64.00 MiB cached=0.00 GiB free=1.10 GiB reserve=1.59 GiB total=31.86 GiB)
ds4: ROCm q8 fp16 cache budget exhausted; using q8 kernels (request=64.00 MiB cached=0.00 GiB free=1.10 GiB reserve=1.59 GiB total=31.86 GiB)
ds4: ROCm q8 fp16 cache budget exhausted; using q8 kernels (request=64.00 MiB cached=0.00 GiB free=1.10 GiB reserve=1.59 GiB total=31.86 GiB)
ds4: ROCm q8 fp16 cache budget exhausted; using q8 kernels (request=64.00 MiB cached=0.00 GiB free=1.10 GiB reserve=1.59 GiB total=31.86 GiB)
ds4: ROCm q8 fp16 cache budget exhausted; using q8 kernels (request=64.00 MiB cached=0.00 GiB free=1.10 GiB reserve=1.59 GiB total=31.86 GiB)
ds4: ROCm q8 fp16 cache budget exhausted; using q8 kernels (request=64.00 MiB cached=0.00 GiB free=1.10 GiB reserve=1.59 GiB total=31.86 GiB)
ds4: ROCm q8 fp16 cache budget exhausted; using q8 kernels (request=64.00 MiB cached=0.00 GiB free=1.10 GiB reserve=1.59 GiB total=31.86 GiB)
ds4: ROCm q8 fp16 cache budget exhausted; using q8 kernels (request=64.00 MiB cached=0.00 GiB free=1.10 GiB reserve=1.59 GiB total=31.86 GiB)
ds4: ROCm q8 fp16 cache budget exhausted; using q8 kernels (request=64.00 MiB cached=0.00 GiB free=1.10 GiB reserve=1.59 GiB total=31.86 GiB)
ds4: ROCm q8 fp16 cache budget exhausted; using q8 kernels (request=64.00 MiB cached=0.00 GiB free=1.10 GiB reserve=1.59 GiB total=31.86 GiB)
ds4: ROCm q8 fp16 cache budget exhausted; using q8 kernels (request=64.00 MiB cached=0.00 GiB free=1.10 GiB reserve=1.59 GiB total=31.86 GiB)
ds4: ROCm q8 fp16 cache budget exhausted; using q8 kernels (request=64.00 MiB cached=0.00 GiB free=1.10 GiB reserve=1.59 GiB total=31.86 GiB)
ds4: ROCm q8 fp16 cache budget exhausted; using q8 kernels (request=64.00 MiB cached=0.00 GiB free=1.10 GiB reserve=1.59 GiB total=31.86 GiB)
ds4: ROCm q8 fp16 cache budget exhausted; using q8 kernels (request=64.00 MiB cached=0.00 GiB free=1.10 GiB reserve=1.59 GiB total=31.86 GiB)
ds4: ROCm q8 fp16 cache budget exhausted; using q8 kernels (request=64.00 MiB cached=0.00 GiB free=1.10 GiB reserve=1.59 GiB total=31.86 GiB)
ds4: ROCm q8 fp16 cache budget exhausted; using q8 kernels (request=64.00 MiB cached=0.00 GiB free=1.10 GiB reserve=1.59 GiB total=31.86 GiB)
ds4: ROCm q8 fp16 cache budget exhausted; using q8 kernels (request=64.00 MiB cached=0.00 GiB free=1.10 GiB reserve=1.59 GiB total=31.86 GiB)
ds4: ROCm q8 fp16 cache budget exhausted; using q8 kernels (request=64.00 MiB cached=0.00 GiB free=1.10 GiB reserve=1.59 GiB total=31.86 GiB)
ds4: ROCm q8 fp16 cache budget exhausted; using q8 kernels (request=64.00 MiB cached=0.00 GiB free=1.10 GiB reserve=1.59 GiB total=31.86 GiB)
ds4: ROCm q8 fp16 cache budget exhausted; using q8 kernels (request=64.00 MiB cached=0.00 GiB free=1.10 GiB reserve=1.59 GiB total=31.86 GiB)
ds4: ROCm q8 fp16 cache budget exhausted; using q8 kernels (request=64.00 MiB cached=0.00 GiB free=1.10 GiB reserve=1.59 GiB total=31.86 GiB)
ds4: ROCm q8 fp16 cache budget exhausted; using q8 kernels (request=64.00 MiB cached=0.00 GiB free=1.10 GiB reserve=1.59 GiB total=31.86 GiB)
case_049 cases=50 prompt=18 target=24 avg_nll=17.007408 lcp=1 api_target_mae=17.007408 api_top_coverage=96/120 api_top1=0.042 api_topn=0.083 api_pair=0.450
ds4: ROCm q8 fp16 cache budget exhausted; using q8 kernels (request=64.00 MiB cached=0.00 GiB free=1.10 GiB reserve=1.59 GiB total=31.86 GiB)
ds4: ROCm q8 fp16 cache budget exhausted; using q8 kernels (request=64.00 MiB cached=0.00 GiB free=1.10 GiB reserve=1.59 GiB total=31.86 GiB)
ds4: ROCm q8 fp16 cache budget exhausted; using q8 kernels (request=64.00 MiB cached=0.00 GiB free=1.10 GiB reserve=1.59 GiB total=31.86 GiB)
ds4: ROCm q8 fp16 cache budget exhausted; using q8 kernels (request=64.00 MiB cached=0.00 GiB free=1.10 GiB reserve=1.59 GiB total=31.86 GiB)
ds4: ROCm q8 fp16 cache budget exhausted; using q8 kernels (request=64.00 MiB cached=0.00 GiB free=1.10 GiB reserve=1.59 GiB total=31.86 GiB)
ds4: ROCm q8 fp16 cache budget exhausted; using q8 kernels (request=64.00 MiB cached=0.00 GiB free=1.10 GiB reserve=1.59 GiB total=31.86 GiB)
ds4: ROCm q8 fp16 cache budget exhausted; using q8 kernels (request=64.00 MiB cached=0.00 GiB free=1.10 GiB reserve=1.59 GiB total=31.86 GiB)
ds4: ROCm q8 fp16 cache budget exhausted; using q8 kernels (request=64.00 MiB cached=0.00 GiB free=1.10 GiB reserve=1.59 GiB total=31.86 GiB)
ds4: ROCm q8 fp16 cache budget exhausted; using q8 kernels (request=64.00 MiB cached=0.00 GiB free=1.10 GiB reserve=1.59 GiB total=31.86 GiB)
ds4: ROCm q8 fp16 cache budget exhausted; using q8 kernels (request=64.00 MiB cached=0.00 GiB free=1.10 GiB reserve=1.59 GiB total=31.86 GiB)
ds4: ROCm q8 fp16 cache budget exhausted; using q8 kernels (request=64.00 MiB cached=0.00 GiB free=1.10 GiB reserve=1.59 GiB total=31.86 GiB)
ds4: ROCm q8 fp16 cache budget exhausted; using q8 kernels (request=64.00 MiB cached=0.00 GiB free=1.10 GiB reserve=1.59 GiB total=31.86 GiB)
ds4: ROCm q8 fp16 cache budget exhausted; using q8 kernels (request=64.00 MiB cached=0.00 GiB free=1.10 GiB reserve=1.59 GiB total=31.86 GiB)
ds4: ROCm q8 fp16 cache budget exhausted; using q8 kernels (request=64.00 MiB cached=0.00 GiB free=1.10 GiB reserve=1.59 GiB total=31.86 GiB)
ds4: ROCm q8 fp16 cache budget exhausted; using q8 kernels (request=64.00 MiB cached=0.00 GiB free=1.10 GiB reserve=1.59 GiB total=31.86 GiB)
ds4: ROCm q8 fp16 cache budget exhausted; using q8 kernels (request=64.00 MiB cached=0.00 GiB free=1.10 GiB reserve=1.59 GiB total=31.86 GiB)
ds4: ROCm q8 fp16 cache budget exhausted; using q8 kernels (request=64.00 MiB cached=0.00 GiB free=1.10 GiB reserve=1.59 GiB total=31.86 GiB)
ds4: ROCm q8 fp16 cache budget exhausted; using q8 kernels (request=64.00 MiB cached=0.00 GiB free=1.10 GiB reserve=1.59 GiB total=31.86 GiB)
ds4: ROCm q8 fp16 cache budget exhausted; using q8 kernels (request=64.00 MiB cached=0.00 GiB free=1.10 GiB reserve=1.59 GiB total=31.86 GiB)
ds4: ROCm q8 fp16 cache budget exhausted; using q8 kernels (request=64.00 MiB cached=0.00 GiB free=1.10 GiB reserve=1.59 GiB total=31.86 GiB)
ds4: ROCm q8 fp16 cache budget exhausted; using q8 kernels (request=64.00 MiB cached=0.00 GiB free=1.10 GiB reserve=1.59 GiB total=31.86 GiB)
ds4: ROCm q8 fp16 cache budget exhausted; using q8 kernels (request=64.00 MiB cached=0.00 GiB free=1.10 GiB reserve=1.59 GiB total=31.86 GiB)
ds4: ROCm q8 fp16 cache budget exhausted; using q8 kernels (request=64.00 MiB cached=0.00 GiB free=1.10 GiB reserve=1.59 GiB total=31.86 GiB)
ds4: ROCm q8 fp16 cache budget exhausted; using q8 kernels (request=64.00 MiB cached=0.00 GiB free=1.10 GiB reserve=1.59 GiB total=31.86 GiB)
ds4: ROCm q8 fp16 cache budget exhausted; using q8 kernels (request=64.00 MiB cached=0.00 GiB free=1.10 GiB reserve=1.59 GiB total=31.86 GiB)
ds4: ROCm q8 fp16 cache budget exhausted; using q8 kernels (request=64.00 MiB cached=0.00 GiB free=1.10 GiB reserve=1.59 GiB total=31.86 GiB)
ds4: ROCm q8 fp16 cache budget exhausted; using q8 kernels (request=64.00 MiB cached=0.00 GiB free=1.10 GiB reserve=1.59 GiB total=31.86 GiB)
ds4: ROCm q8 fp16 cache budget exhausted; using q8 kernels (request=64.00 MiB cached=0.00 GiB free=1.10 GiB reserve=1.59 GiB total=31.86 GiB)
ds4: ROCm q8 fp16 cache budget exhausted; using q8 kernels (request=64.00 MiB cached=0.00 GiB free=1.10 GiB reserve=1.59 GiB total=31.86 GiB)
ds4: ROCm q8 fp16 cache budget exhausted; using q8 kernels (request=64.00 MiB cached=0.00 GiB free=1.10 GiB reserve=1.59 GiB total=31.86 GiB)
ds4: ROCm q8 fp16 cache budget exhausted; using q8 kernels (request=64.00 MiB cached=0.00 GiB free=1.10 GiB reserve=1.59 GiB total=31.86 GiB)
ds4: ROCm q8 fp16 cache budget exhausted; using q8 kernels (request=64.00 MiB cached=0.00 GiB free=1.10 GiB reserve=1.59 GiB total=31.86 GiB)
ds4: ROCm q8 fp16 cache budget exhausted; using q8 kernels (request=64.00 MiB cached=0.00 GiB free=1.10 GiB reserve=1.59 GiB total=31.86 GiB)
ds4: ROCm q8 fp16 cache budget exhausted; using q8 kernels (request=64.00 MiB cached=0.00 GiB free=1.10 GiB reserve=1.59 GiB total=31.86 GiB)
ds4: ROCm q8 fp16 cache budget exhausted; using q8 kernels (request=64.00 MiB cached=0.00 GiB free=1.10 GiB reserve=1.59 GiB total=31.86 GiB)
ds4: ROCm q8 fp16 cache budget exhausted; using q8 kernels (request=64.00 MiB cached=0.00 GiB free=1.10 GiB reserve=1.59 GiB total=31.86 GiB)
ds4: ROCm q8 fp16 cache budget exhausted; using q8 kernels (request=64.00 MiB cached=0.00 GiB free=1.10 GiB reserve=1.59 GiB total=31.86 GiB)
ds4: ROCm q8 fp16 cache budget exhausted; using q8 kernels (request=64.00 MiB cached=0.00 GiB free=1.10 GiB reserve=1.59 GiB total=31.86 GiB)
ds4: ROCm q8 fp16 cache budget exhausted; using q8 kernels (request=64.00 MiB cached=0.00 GiB free=1.10 GiB reserve=1.59 GiB total=31.86 GiB)
ds4: ROCm q8 fp16 cache budget exhausted; using q8 kernels (request=64.00 MiB cached=0.00 GiB free=1.10 GiB reserve=1.59 GiB total=31.86 GiB)
ds4: ROCm q8 fp16 cache budget exhausted; using q8 kernels (request=64.00 MiB cached=0.00 GiB free=1.10 GiB reserve=1.59 GiB total=31.86 GiB)
ds4: ROCm q8 fp16 cache budget exhausted; using q8 kernels (request=64.00 MiB cached=0.00 GiB free=1.10 GiB reserve=1.59 GiB total=31.86 GiB)
ds4: ROCm q8 fp16 cache budget exhausted; using q8 kernels (request=64.00 MiB cached=0.00 GiB free=1.10 GiB reserve=1.59 GiB total=31.86 GiB)
case_050 cases=51 prompt=27 target=24 avg_nll=16.543880 lcp=1 api_target_mae=16.543880 api_top_coverage=97/120 api_top1=0.042 api_topn=0.031 api_pair=0.574
ds4: ROCm q8 fp16 cache budget exhausted; using q8 kernels (request=64.00 MiB cached=0.00 GiB free=1.10 GiB reserve=1.59 GiB total=31.86 GiB)
ds4: ROCm q8 fp16 cache budget exhausted; using q8 kernels (request=64.00 MiB cached=0.00 GiB free=1.10 GiB reserve=1.59 GiB total=31.86 GiB)
ds4: ROCm q8 fp16 cache budget exhausted; using q8 kernels (request=64.00 MiB cached=0.00 GiB free=1.10 GiB reserve=1.59 GiB total=31.86 GiB)
ds4: ROCm q8 fp16 cache budget exhausted; using q8 kernels (request=64.00 MiB cached=0.00 GiB free=1.10 GiB reserve=1.59 GiB total=31.86 GiB)
ds4: ROCm q8 fp16 cache budget exhausted; using q8 kernels (request=64.00 MiB cached=0.00 GiB free=1.10 GiB reserve=1.59 GiB total=31.86 GiB)
ds4: ROCm q8 fp16 cache budget exhausted; using q8 kernels (request=64.00 MiB cached=0.00 GiB free=1.10 GiB reserve=1.59 GiB total=31.86 GiB)
ds4: ROCm q8 fp16 cache budget exhausted; using q8 kernels (request=64.00 MiB cached=0.00 GiB free=1.10 GiB reserve=1.59 GiB total=31.86 GiB)
ds4: ROCm q8 fp16 cache budget exhausted; using q8 kernels (request=64.00 MiB cached=0.00 GiB free=1.10 GiB reserve=1.59 GiB total=31.86 GiB)
ds4: ROCm q8 fp16 cache budget exhausted; using q8 kernels (request=64.00 MiB cached=0.00 GiB free=1.10 GiB reserve=1.59 GiB total=31.86 GiB)
ds4: ROCm q8 fp16 cache budget exhausted; using q8 kernels (request=64.00 MiB cached=0.00 GiB free=1.10 GiB reserve=1.59 GiB total=31.86 GiB)
ds4: ROCm q8 fp16 cache budget exhausted; using q8 kernels (request=64.00 MiB cached=0.00 GiB free=1.10 GiB reserve=1.59 GiB total=31.86 GiB)
ds4: ROCm q8 fp16 cache budget exhausted; using q8 kernels (request=64.00 MiB cached=0.00 GiB free=1.10 GiB reserve=1.59 GiB total=31.86 GiB)
ds4: ROCm q8 fp16 cache budget exhausted; using q8 kernels (request=64.00 MiB cached=0.00 GiB free=1.10 GiB reserve=1.59 GiB total=31.86 GiB)
ds4: ROCm q8 fp16 cache budget exhausted; using q8 kernels (request=64.00 MiB cached=0.00 GiB free=1.10 GiB reserve=1.59 GiB total=31.86 GiB)
ds4: ROCm q8 fp16 cache budget exhausted; using q8 kernels (request=64.00 MiB cached=0.00 GiB free=1.10 GiB reserve=1.59 GiB total=31.86 GiB)
ds4: ROCm q8 fp16 cache budget exhausted; using q8 kernels (request=64.00 MiB cached=0.00 GiB free=1.10 GiB reserve=1.59 GiB total=31.86 GiB)
ds4: ROCm q8 fp16 cache budget exhausted; using q8 kernels (request=64.00 MiB cached=0.00 GiB free=1.10 GiB reserve=1.59 GiB total=31.86 GiB)
ds4: ROCm q8 fp16 cache budget exhausted; using q8 kernels (request=64.00 MiB cached=0.00 GiB free=1.10 GiB reserve=1.59 GiB total=31.86 GiB)
ds4: ROCm q8 fp16 cache budget exhausted; using q8 kernels (request=64.00 MiB cached=0.00 GiB free=1.10 GiB reserve=1.59 GiB total=31.86 GiB)
ds4: ROCm q8 fp16 cache budget exhausted; using q8 kernels (request=64.00 MiB cached=0.00 GiB free=1.10 GiB reserve=1.59 GiB total=31.86 GiB)
ds4: ROCm q8 fp16 cache budget exhausted; using q8 kernels (request=64.00 MiB cached=0.00 GiB free=1.10 GiB reserve=1.59 GiB total=31.86 GiB)
ds4: ROCm q8 fp16 cache budget exhausted; using q8 kernels (request=64.00 MiB cached=0.00 GiB free=1.10 GiB reserve=1.59 GiB total=31.86 GiB)
ds4: ROCm q8 fp16 cache budget exhausted; using q8 kernels (request=64.00 MiB cached=0.00 GiB free=1.10 GiB reserve=1.59 GiB total=31.86 GiB)
ds4: ROCm q8 fp16 cache budget exhausted; using q8 kernels (request=64.00 MiB cached=0.00 GiB free=1.10 GiB reserve=1.59 GiB total=31.86 GiB)
ds4: ROCm q8 fp16 cache budget exhausted; using q8 kernels (request=64.00 MiB cached=0.00 GiB free=1.10 GiB reserve=1.59 GiB total=31.86 GiB)
ds4: ROCm q8 fp16 cache budget exhausted; using q8 kernels (request=64.00 MiB cached=0.00 GiB free=1.10 GiB reserve=1.59 GiB total=31.86 GiB)
ds4: ROCm q8 fp16 cache budget exhausted; using q8 kernels (request=64.00 MiB cached=0.00 GiB free=1.10 GiB reserve=1.59 GiB total=31.86 GiB)
ds4: ROCm q8 fp16 cache budget exhausted; using q8 kernels (request=64.00 MiB cached=0.00 GiB free=1.10 GiB reserve=1.59 GiB total=31.86 GiB)
ds4: ROCm q8 fp16 cache budget exhausted; using q8 kernels (request=64.00 MiB cached=0.00 GiB free=1.10 GiB reserve=1.59 GiB total=31.86 GiB)
ds4: ROCm q8 fp16 cache budget exhausted; using q8 kernels (request=64.00 MiB cached=0.00 GiB free=1.10 GiB reserve=1.59 GiB total=31.86 GiB)
ds4: ROCm q8 fp16 cache budget exhausted; using q8 kernels (request=64.00 MiB cached=0.00 GiB free=1.10 GiB reserve=1.59 GiB total=31.86 GiB)
ds4: ROCm q8 fp16 cache budget exhausted; using q8 kernels (request=64.00 MiB cached=0.00 GiB free=1.10 GiB reserve=1.59 GiB total=31.86 GiB)
ds4: ROCm q8 fp16 cache budget exhausted; using q8 kernels (request=64.00 MiB cached=0.00 GiB free=1.10 GiB reserve=1.59 GiB total=31.86 GiB)
ds4: ROCm q8 fp16 cache budget exhausted; using q8 kernels (request=64.00 MiB cached=0.00 GiB free=1.10 GiB reserve=1.59 GiB total=31.86 GiB)
ds4: ROCm q8 fp16 cache budget exhausted; using q8 kernels (request=64.00 MiB cached=0.00 GiB free=1.10 GiB reserve=1.59 GiB total=31.86 GiB)
ds4: ROCm q8 fp16 cache budget exhausted; using q8 kernels (request=64.00 MiB cached=0.00 GiB free=1.10 GiB reserve=1.59 GiB total=31.86 GiB)
ds4: ROCm q8 fp16 cache budget exhausted; using q8 kernels (request=64.00 MiB cached=0.00 GiB free=1.10 GiB reserve=1.59 GiB total=31.86 GiB)
ds4: ROCm q8 fp16 cache budget exhausted; using q8 kernels (request=64.00 MiB cached=0.00 GiB free=1.10 GiB reserve=1.59 GiB total=31.86 GiB)
ds4: ROCm q8 fp16 cache budget exhausted; using q8 kernels (request=64.00 MiB cached=0.00 GiB free=1.10 GiB reserve=1.59 GiB total=31.86 GiB)
ds4: ROCm q8 fp16 cache budget exhausted; using q8 kernels (request=64.00 MiB cached=0.00 GiB free=1.10 GiB reserve=1.59 GiB total=31.86 GiB)
ds4: ROCm q8 fp16 cache budget exhausted; using q8 kernels (request=64.00 MiB cached=0.00 GiB free=1.10 GiB reserve=1.59 GiB total=31.86 GiB)
ds4: ROCm q8 fp16 cache budget exhausted; using q8 kernels (request=64.00 MiB cached=0.00 GiB free=1.10 GiB reserve=1.59 GiB total=31.86 GiB)
ds4: ROCm q8 fp16 cache budget exhausted; using q8 kernels (request=64.00 MiB cached=0.00 GiB free=1.10 GiB reserve=1.59 GiB total=31.86 GiB)
case_051 cases=52 prompt=21 target=24 avg_nll=16.857715 lcp=1 api_target_mae=16.857715 api_top_coverage=120/120 api_top1=0.042 api_topn=0.033 api_pair=0.463
ds4: ROCm q8 fp16 cache budget exhausted; using q8 kernels (request=64.00 MiB cached=0.00 GiB free=1.10 GiB reserve=1.59 GiB total=31.86 GiB)
ds4: ROCm q8 fp16 cache budget exhausted; using q8 kernels (request=64.00 MiB cached=0.00 GiB free=1.10 GiB reserve=1.59 GiB total=31.86 GiB)
ds4: ROCm q8 fp16 cache budget exhausted; using q8 kernels (request=64.00 MiB cached=0.00 GiB free=1.10 GiB reserve=1.59 GiB total=31.86 GiB)
ds4: ROCm q8 fp16 cache budget exhausted; using q8 kernels (request=64.00 MiB cached=0.00 GiB free=1.10 GiB reserve=1.59 GiB total=31.86 GiB)
ds4: ROCm q8 fp16 cache budget exhausted; using q8 kernels (request=64.00 MiB cached=0.00 GiB free=1.10 GiB reserve=1.59 GiB total=31.86 GiB)
ds4: ROCm q8 fp16 cache budget exhausted; using q8 kernels (request=64.00 MiB cached=0.00 GiB free=1.10 GiB reserve=1.59 GiB total=31.86 GiB)
ds4: ROCm q8 fp16 cache budget exhausted; using q8 kernels (request=64.00 MiB cached=0.00 GiB free=1.10 GiB reserve=1.59 GiB total=31.86 GiB)
ds4: ROCm q8 fp16 cache budget exhausted; using q8 kernels (request=64.00 MiB cached=0.00 GiB free=1.10 GiB reserve=1.59 GiB total=31.86 GiB)
ds4: ROCm q8 fp16 cache budget exhausted; using q8 kernels (request=64.00 MiB cached=0.00 GiB free=1.10 GiB reserve=1.59 GiB total=31.86 GiB)
ds4: ROCm q8 fp16 cache budget exhausted; using q8 kernels (request=64.00 MiB cached=0.00 GiB free=1.10 GiB reserve=1.59 GiB total=31.86 GiB)
ds4: ROCm q8 fp16 cache budget exhausted; using q8 kernels (request=64.00 MiB cached=0.00 GiB free=1.10 GiB reserve=1.59 GiB total=31.86 GiB)
ds4: ROCm q8 fp16 cache budget exhausted; using q8 kernels (request=64.00 MiB cached=0.00 GiB free=1.10 GiB reserve=1.59 GiB total=31.86 GiB)
ds4: ROCm q8 fp16 cache budget exhausted; using q8 kernels (request=64.00 MiB cached=0.00 GiB free=1.10 GiB reserve=1.59 GiB total=31.86 GiB)
ds4: ROCm q8 fp16 cache budget exhausted; using q8 kernels (request=64.00 MiB cached=0.00 GiB free=1.10 GiB reserve=1.59 GiB total=31.86 GiB)
ds4: ROCm q8 fp16 cache budget exhausted; using q8 kernels (request=64.00 MiB cached=0.00 GiB free=1.10 GiB reserve=1.59 GiB total=31.86 GiB)
ds4: ROCm q8 fp16 cache budget exhausted; using q8 kernels (request=64.00 MiB cached=0.00 GiB free=1.10 GiB reserve=1.59 GiB total=31.86 GiB)
ds4: ROCm q8 fp16 cache budget exhausted; using q8 kernels (request=64.00 MiB cached=0.00 GiB free=1.10 GiB reserve=1.59 GiB total=31.86 GiB)
ds4: ROCm q8 fp16 cache budget exhausted; using q8 kernels (request=64.00 MiB cached=0.00 GiB free=1.10 GiB reserve=1.59 GiB total=31.86 GiB)
ds4: ROCm q8 fp16 cache budget exhausted; using q8 kernels (request=64.00 MiB cached=0.00 GiB free=1.10 GiB reserve=1.59 GiB total=31.86 GiB)
ds4: ROCm q8 fp16 cache budget exhausted; using q8 kernels (request=64.00 MiB cached=0.00 GiB free=1.10 GiB reserve=1.59 GiB total=31.86 GiB)
ds4: ROCm q8 fp16 cache budget exhausted; using q8 kernels (request=64.00 MiB cached=0.00 GiB free=1.10 GiB reserve=1.59 GiB total=31.86 GiB)
ds4: ROCm q8 fp16 cache budget exhausted; using q8 kernels (request=64.00 MiB cached=0.00 GiB free=1.10 GiB reserve=1.59 GiB total=31.86 GiB)
ds4: ROCm q8 fp16 cache budget exhausted; using q8 kernels (request=64.00 MiB cached=0.00 GiB free=1.10 GiB reserve=1.59 GiB total=31.86 GiB)
ds4: ROCm q8 fp16 cache budget exhausted; using q8 kernels (request=64.00 MiB cached=0.00 GiB free=1.10 GiB reserve=1.59 GiB total=31.86 GiB)
ds4: ROCm q8 fp16 cache budget exhausted; using q8 kernels (request=64.00 MiB cached=0.00 GiB free=1.10 GiB reserve=1.59 GiB total=31.86 GiB)
ds4: ROCm q8 fp16 cache budget exhausted; using q8 kernels (request=64.00 MiB cached=0.00 GiB free=1.10 GiB reserve=1.59 GiB total=31.86 GiB)
ds4: ROCm q8 fp16 cache budget exhausted; using q8 kernels (request=64.00 MiB cached=0.00 GiB free=1.10 GiB reserve=1.59 GiB total=31.86 GiB)
ds4: ROCm q8 fp16 cache budget exhausted; using q8 kernels (request=64.00 MiB cached=0.00 GiB free=1.10 GiB reserve=1.59 GiB total=31.86 GiB)
ds4: ROCm q8 fp16 cache budget exhausted; using q8 kernels (request=64.00 MiB cached=0.00 GiB free=1.10 GiB reserve=1.59 GiB total=31.86 GiB)
ds4: ROCm q8 fp16 cache budget exhausted; using q8 kernels (request=64.00 MiB cached=0.00 GiB free=1.10 GiB reserve=1.59 GiB total=31.86 GiB)
ds4: ROCm q8 fp16 cache budget exhausted; using q8 kernels (request=64.00 MiB cached=0.00 GiB free=1.10 GiB reserve=1.59 GiB total=31.86 GiB)
ds4: ROCm q8 fp16 cache budget exhausted; using q8 kernels (request=64.00 MiB cached=0.00 GiB free=1.10 GiB reserve=1.59 GiB total=31.86 GiB)
ds4: ROCm q8 fp16 cache budget exhausted; using q8 kernels (request=64.00 MiB cached=0.00 GiB free=1.10 GiB reserve=1.59 GiB total=31.86 GiB)
ds4: ROCm q8 fp16 cache budget exhausted; using q8 kernels (request=64.00 MiB cached=0.00 GiB free=1.10 GiB reserve=1.59 GiB total=31.86 GiB)
ds4: ROCm q8 fp16 cache budget exhausted; using q8 kernels (request=64.00 MiB cached=0.00 GiB free=1.10 GiB reserve=1.59 GiB total=31.86 GiB)
ds4: ROCm q8 fp16 cache budget exhausted; using q8 kernels (request=64.00 MiB cached=0.00 GiB free=1.10 GiB reserve=1.59 GiB total=31.86 GiB)
ds4: ROCm q8 fp16 cache budget exhausted; using q8 kernels (request=64.00 MiB cached=0.00 GiB free=1.10 GiB reserve=1.59 GiB total=31.86 GiB)
ds4: ROCm q8 fp16 cache budget exhausted; using q8 kernels (request=64.00 MiB cached=0.00 GiB free=1.10 GiB reserve=1.59 GiB total=31.86 GiB)
ds4: ROCm q8 fp16 cache budget exhausted; using q8 kernels (request=64.00 MiB cached=0.00 GiB free=1.10 GiB reserve=1.59 GiB total=31.86 GiB)
ds4: ROCm q8 fp16 cache budget exhausted; using q8 kernels (request=64.00 MiB cached=0.00 GiB free=1.10 GiB reserve=1.59 GiB total=31.86 GiB)
ds4: ROCm q8 fp16 cache budget exhausted; using q8 kernels (request=64.00 MiB cached=0.00 GiB free=1.10 GiB reserve=1.59 GiB total=31.86 GiB)
ds4: ROCm q8 fp16 cache budget exhausted; using q8 kernels (request=64.00 MiB cached=0.00 GiB free=1.10 GiB reserve=1.59 GiB total=31.86 GiB)
ds4: ROCm q8 fp16 cache budget exhausted; using q8 kernels (request=64.00 MiB cached=0.00 GiB free=1.10 GiB reserve=1.59 GiB total=31.86 GiB)
case_052 cases=53 prompt=19 target=24 avg_nll=17.791209 lcp=0 api_target_mae=17.791209 api_top_coverage=119/120 api_top1=0.000 api_topn=0.008 api_pair=0.537
ds4: ROCm q8 fp16 cache budget exhausted; using q8 kernels (request=64.00 MiB cached=0.00 GiB free=1.10 GiB reserve=1.59 GiB total=31.86 GiB)
ds4: ROCm q8 fp16 cache budget exhausted; using q8 kernels (request=64.00 MiB cached=0.00 GiB free=1.10 GiB reserve=1.59 GiB total=31.86 GiB)
ds4: ROCm q8 fp16 cache budget exhausted; using q8 kernels (request=64.00 MiB cached=0.00 GiB free=1.10 GiB reserve=1.59 GiB total=31.86 GiB)
ds4: ROCm q8 fp16 cache budget exhausted; using q8 kernels (request=64.00 MiB cached=0.00 GiB free=1.10 GiB reserve=1.59 GiB total=31.86 GiB)
ds4: ROCm q8 fp16 cache budget exhausted; using q8 kernels (request=64.00 MiB cached=0.00 GiB free=1.10 GiB reserve=1.59 GiB total=31.86 GiB)
ds4: ROCm q8 fp16 cache budget exhausted; using q8 kernels (request=64.00 MiB cached=0.00 GiB free=1.10 GiB reserve=1.59 GiB total=31.86 GiB)
ds4: ROCm q8 fp16 cache budget exhausted; using q8 kernels (request=64.00 MiB cached=0.00 GiB free=1.10 GiB reserve=1.59 GiB total=31.86 GiB)
ds4: ROCm q8 fp16 cache budget exhausted; using q8 kernels (request=64.00 MiB cached=0.00 GiB free=1.10 GiB reserve=1.59 GiB total=31.86 GiB)
ds4: ROCm q8 fp16 cache budget exhausted; using q8 kernels (request=64.00 MiB cached=0.00 GiB free=1.10 GiB reserve=1.59 GiB total=31.86 GiB)
ds4: ROCm q8 fp16 cache budget exhausted; using q8 kernels (request=64.00 MiB cached=0.00 GiB free=1.10 GiB reserve=1.59 GiB total=31.86 GiB)
ds4: ROCm q8 fp16 cache budget exhausted; using q8 kernels (request=64.00 MiB cached=0.00 GiB free=1.10 GiB reserve=1.59 GiB total=31.86 GiB)
ds4: ROCm q8 fp16 cache budget exhausted; using q8 kernels (request=64.00 MiB cached=0.00 GiB free=1.10 GiB reserve=1.59 GiB total=31.86 GiB)
ds4: ROCm q8 fp16 cache budget exhausted; using q8 kernels (request=64.00 MiB cached=0.00 GiB free=1.10 GiB reserve=1.59 GiB total=31.86 GiB)
ds4: ROCm q8 fp16 cache budget exhausted; using q8 kernels (request=64.00 MiB cached=0.00 GiB free=1.10 GiB reserve=1.59 GiB total=31.86 GiB)
ds4: ROCm q8 fp16 cache budget exhausted; using q8 kernels (request=64.00 MiB cached=0.00 GiB free=1.10 GiB reserve=1.59 GiB total=31.86 GiB)
ds4: ROCm q8 fp16 cache budget exhausted; using q8 kernels (request=64.00 MiB cached=0.00 GiB free=1.10 GiB reserve=1.59 GiB total=31.86 GiB)
ds4: ROCm q8 fp16 cache budget exhausted; using q8 kernels (request=64.00 MiB cached=0.00 GiB free=1.10 GiB reserve=1.59 GiB total=31.86 GiB)
ds4: ROCm q8 fp16 cache budget exhausted; using q8 kernels (request=64.00 MiB cached=0.00 GiB free=1.10 GiB reserve=1.59 GiB total=31.86 GiB)
ds4: ROCm q8 fp16 cache budget exhausted; using q8 kernels (request=64.00 MiB cached=0.00 GiB free=1.10 GiB reserve=1.59 GiB total=31.86 GiB)
ds4: ROCm q8 fp16 cache budget exhausted; using q8 kernels (request=64.00 MiB cached=0.00 GiB free=1.10 GiB reserve=1.59 GiB total=31.86 GiB)
ds4: ROCm q8 fp16 cache budget exhausted; using q8 kernels (request=64.00 MiB cached=0.00 GiB free=1.10 GiB reserve=1.59 GiB total=31.86 GiB)
ds4: ROCm q8 fp16 cache budget exhausted; using q8 kernels (request=64.00 MiB cached=0.00 GiB free=1.10 GiB reserve=1.59 GiB total=31.86 GiB)
ds4: ROCm q8 fp16 cache budget exhausted; using q8 kernels (request=64.00 MiB cached=0.00 GiB free=1.10 GiB reserve=1.59 GiB total=31.86 GiB)
ds4: ROCm q8 fp16 cache budget exhausted; using q8 kernels (request=64.00 MiB cached=0.00 GiB free=1.10 GiB reserve=1.59 GiB total=31.86 GiB)
ds4: ROCm q8 fp16 cache budget exhausted; using q8 kernels (request=64.00 MiB cached=0.00 GiB free=1.10 GiB reserve=1.59 GiB total=31.86 GiB)
ds4: ROCm q8 fp16 cache budget exhausted; using q8 kernels (request=64.00 MiB cached=0.00 GiB free=1.10 GiB reserve=1.59 GiB total=31.86 GiB)
ds4: ROCm q8 fp16 cache budget exhausted; using q8 kernels (request=64.00 MiB cached=0.00 GiB free=1.10 GiB reserve=1.59 GiB total=31.86 GiB)
ds4: ROCm q8 fp16 cache budget exhausted; using q8 kernels (request=64.00 MiB cached=0.00 GiB free=1.10 GiB reserve=1.59 GiB total=31.86 GiB)
ds4: ROCm q8 fp16 cache budget exhausted; using q8 kernels (request=64.00 MiB cached=0.00 GiB free=1.10 GiB reserve=1.59 GiB total=31.86 GiB)
ds4: ROCm q8 fp16 cache budget exhausted; using q8 kernels (request=64.00 MiB cached=0.00 GiB free=1.10 GiB reserve=1.59 GiB total=31.86 GiB)
ds4: ROCm q8 fp16 cache budget exhausted; using q8 kernels (request=64.00 MiB cached=0.00 GiB free=1.10 GiB reserve=1.59 GiB total=31.86 GiB)
ds4: ROCm q8 fp16 cache budget exhausted; using q8 kernels (request=64.00 MiB cached=0.00 GiB free=1.10 GiB reserve=1.59 GiB total=31.86 GiB)
ds4: ROCm q8 fp16 cache budget exhausted; using q8 kernels (request=64.00 MiB cached=0.00 GiB free=1.10 GiB reserve=1.59 GiB total=31.86 GiB)
ds4: ROCm q8 fp16 cache budget exhausted; using q8 kernels (request=64.00 MiB cached=0.00 GiB free=1.10 GiB reserve=1.59 GiB total=31.86 GiB)
ds4: ROCm q8 fp16 cache budget exhausted; using q8 kernels (request=64.00 MiB cached=0.00 GiB free=1.10 GiB reserve=1.59 GiB total=31.86 GiB)
ds4: ROCm q8 fp16 cache budget exhausted; using q8 kernels (request=64.00 MiB cached=0.00 GiB free=1.10 GiB reserve=1.59 GiB total=31.86 GiB)
ds4: ROCm q8 fp16 cache budget exhausted; using q8 kernels (request=64.00 MiB cached=0.00 GiB free=1.10 GiB reserve=1.59 GiB total=31.86 GiB)
ds4: ROCm q8 fp16 cache budget exhausted; using q8 kernels (request=64.00 MiB cached=0.00 GiB free=1.10 GiB reserve=1.59 GiB total=31.86 GiB)
ds4: ROCm q8 fp16 cache budget exhausted; using q8 kernels (request=64.00 MiB cached=0.00 GiB free=1.10 GiB reserve=1.59 GiB total=31.86 GiB)
ds4: ROCm q8 fp16 cache budget exhausted; using q8 kernels (request=64.00 MiB cached=0.00 GiB free=1.10 GiB reserve=1.59 GiB total=31.86 GiB)
ds4: ROCm q8 fp16 cache budget exhausted; using q8 kernels (request=64.00 MiB cached=0.00 GiB free=1.10 GiB reserve=1.59 GiB total=31.86 GiB)
ds4: ROCm q8 fp16 cache budget exhausted; using q8 kernels (request=64.00 MiB cached=0.00 GiB free=1.10 GiB reserve=1.59 GiB total=31.86 GiB)
ds4: ROCm q8 fp16 cache budget exhausted; using q8 kernels (request=64.00 MiB cached=0.00 GiB free=1.10 GiB reserve=1.59 GiB total=31.86 GiB)
case_053 cases=54 prompt=22 target=24 avg_nll=17.044394 lcp=1 api_target_mae=17.044394 api_top_coverage=120/120 api_top1=0.042 api_topn=0.025 api_pair=0.579
ds4: ROCm q8 fp16 cache budget exhausted; using q8 kernels (request=64.00 MiB cached=0.00 GiB free=1.10 GiB reserve=1.59 GiB total=31.86 GiB)
ds4: ROCm q8 fp16 cache budget exhausted; using q8 kernels (request=64.00 MiB cached=0.00 GiB free=1.10 GiB reserve=1.59 GiB total=31.86 GiB)
ds4: ROCm q8 fp16 cache budget exhausted; using q8 kernels (request=64.00 MiB cached=0.00 GiB free=1.10 GiB reserve=1.59 GiB total=31.86 GiB)
ds4: ROCm q8 fp16 cache budget exhausted; using q8 kernels (request=64.00 MiB cached=0.00 GiB free=1.10 GiB reserve=1.59 GiB total=31.86 GiB)
ds4: ROCm q8 fp16 cache budget exhausted; using q8 kernels (request=64.00 MiB cached=0.00 GiB free=1.10 GiB reserve=1.59 GiB total=31.86 GiB)
ds4: ROCm q8 fp16 cache budget exhausted; using q8 kernels (request=64.00 MiB cached=0.00 GiB free=1.10 GiB reserve=1.59 GiB total=31.86 GiB)
ds4: ROCm q8 fp16 cache budget exhausted; using q8 kernels (request=64.00 MiB cached=0.00 GiB free=1.10 GiB reserve=1.59 GiB total=31.86 GiB)
ds4: ROCm q8 fp16 cache budget exhausted; using q8 kernels (request=64.00 MiB cached=0.00 GiB free=1.10 GiB reserve=1.59 GiB total=31.86 GiB)
ds4: ROCm q8 fp16 cache budget exhausted; using q8 kernels (request=64.00 MiB cached=0.00 GiB free=1.10 GiB reserve=1.59 GiB total=31.86 GiB)
ds4: ROCm q8 fp16 cache budget exhausted; using q8 kernels (request=64.00 MiB cached=0.00 GiB free=1.10 GiB reserve=1.59 GiB total=31.86 GiB)
ds4: ROCm q8 fp16 cache budget exhausted; using q8 kernels (request=64.00 MiB cached=0.00 GiB free=1.10 GiB reserve=1.59 GiB total=31.86 GiB)
ds4: ROCm q8 fp16 cache budget exhausted; using q8 kernels (request=64.00 MiB cached=0.00 GiB free=1.10 GiB reserve=1.59 GiB total=31.86 GiB)
ds4: ROCm q8 fp16 cache budget exhausted; using q8 kernels (request=64.00 MiB cached=0.00 GiB free=1.10 GiB reserve=1.59 GiB total=31.86 GiB)
ds4: ROCm q8 fp16 cache budget exhausted; using q8 kernels (request=64.00 MiB cached=0.00 GiB free=1.10 GiB reserve=1.59 GiB total=31.86 GiB)
ds4: ROCm q8 fp16 cache budget exhausted; using q8 kernels (request=64.00 MiB cached=0.00 GiB free=1.10 GiB reserve=1.59 GiB total=31.86 GiB)
ds4: ROCm q8 fp16 cache budget exhausted; using q8 kernels (request=64.00 MiB cached=0.00 GiB free=1.10 GiB reserve=1.59 GiB total=31.86 GiB)
ds4: ROCm q8 fp16 cache budget exhausted; using q8 kernels (request=64.00 MiB cached=0.00 GiB free=1.10 GiB reserve=1.59 GiB total=31.86 GiB)
ds4: ROCm q8 fp16 cache budget exhausted; using q8 kernels (request=64.00 MiB cached=0.00 GiB free=1.10 GiB reserve=1.59 GiB total=31.86 GiB)
ds4: ROCm q8 fp16 cache budget exhausted; using q8 kernels (request=64.00 MiB cached=0.00 GiB free=1.10 GiB reserve=1.59 GiB total=31.86 GiB)
ds4: ROCm q8 fp16 cache budget exhausted; using q8 kernels (request=64.00 MiB cached=0.00 GiB free=1.10 GiB reserve=1.59 GiB total=31.86 GiB)
ds4: ROCm q8 fp16 cache budget exhausted; using q8 kernels (request=64.00 MiB cached=0.00 GiB free=1.10 GiB reserve=1.59 GiB total=31.86 GiB)
ds4: ROCm q8 fp16 cache budget exhausted; using q8 kernels (request=64.00 MiB cached=0.00 GiB free=1.10 GiB reserve=1.59 GiB total=31.86 GiB)
ds4: ROCm q8 fp16 cache budget exhausted; using q8 kernels (request=64.00 MiB cached=0.00 GiB free=1.10 GiB reserve=1.59 GiB total=31.86 GiB)
ds4: ROCm q8 fp16 cache budget exhausted; using q8 kernels (request=64.00 MiB cached=0.00 GiB free=1.10 GiB reserve=1.59 GiB total=31.86 GiB)
ds4: ROCm q8 fp16 cache budget exhausted; using q8 kernels (request=64.00 MiB cached=0.00 GiB free=1.10 GiB reserve=1.59 GiB total=31.86 GiB)
ds4: ROCm q8 fp16 cache budget exhausted; using q8 kernels (request=64.00 MiB cached=0.00 GiB free=1.10 GiB reserve=1.59 GiB total=31.86 GiB)
ds4: ROCm q8 fp16 cache budget exhausted; using q8 kernels (request=64.00 MiB cached=0.00 GiB free=1.10 GiB reserve=1.59 GiB total=31.86 GiB)
ds4: ROCm q8 fp16 cache budget exhausted; using q8 kernels (request=64.00 MiB cached=0.00 GiB free=1.10 GiB reserve=1.59 GiB total=31.86 GiB)
ds4: ROCm q8 fp16 cache budget exhausted; using q8 kernels (request=64.00 MiB cached=0.00 GiB free=1.10 GiB reserve=1.59 GiB total=31.86 GiB)
ds4: ROCm q8 fp16 cache budget exhausted; using q8 kernels (request=64.00 MiB cached=0.00 GiB free=1.10 GiB reserve=1.59 GiB total=31.86 GiB)
ds4: ROCm q8 fp16 cache budget exhausted; using q8 kernels (request=64.00 MiB cached=0.00 GiB free=1.10 GiB reserve=1.59 GiB total=31.86 GiB)
ds4: ROCm q8 fp16 cache budget exhausted; using q8 kernels (request=64.00 MiB cached=0.00 GiB free=1.10 GiB reserve=1.59 GiB total=31.86 GiB)
ds4: ROCm q8 fp16 cache budget exhausted; using q8 kernels (request=64.00 MiB cached=0.00 GiB free=1.10 GiB reserve=1.59 GiB total=31.86 GiB)
ds4: ROCm q8 fp16 cache budget exhausted; using q8 kernels (request=64.00 MiB cached=0.00 GiB free=1.10 GiB reserve=1.59 GiB total=31.86 GiB)
ds4: ROCm q8 fp16 cache budget exhausted; using q8 kernels (request=64.00 MiB cached=0.00 GiB free=1.10 GiB reserve=1.59 GiB total=31.86 GiB)
ds4: ROCm q8 fp16 cache budget exhausted; using q8 kernels (request=64.00 MiB cached=0.00 GiB free=1.10 GiB reserve=1.59 GiB total=31.86 GiB)
ds4: ROCm q8 fp16 cache budget exhausted; using q8 kernels (request=64.00 MiB cached=0.00 GiB free=1.10 GiB reserve=1.59 GiB total=31.86 GiB)
ds4: ROCm q8 fp16 cache budget exhausted; using q8 kernels (request=64.00 MiB cached=0.00 GiB free=1.10 GiB reserve=1.59 GiB total=31.86 GiB)
ds4: ROCm q8 fp16 cache budget exhausted; using q8 kernels (request=64.00 MiB cached=0.00 GiB free=1.10 GiB reserve=1.59 GiB total=31.86 GiB)
ds4: ROCm q8 fp16 cache budget exhausted; using q8 kernels (request=64.00 MiB cached=0.00 GiB free=1.10 GiB reserve=1.59 GiB total=31.86 GiB)
ds4: ROCm q8 fp16 cache budget exhausted; using q8 kernels (request=64.00 MiB cached=0.00 GiB free=1.10 GiB reserve=1.59 GiB total=31.86 GiB)
ds4: ROCm q8 fp16 cache budget exhausted; using q8 kernels (request=64.00 MiB cached=0.00 GiB free=1.10 GiB reserve=1.59 GiB total=31.86 GiB)
ds4: ROCm q8 fp16 cache budget exhausted; using q8 kernels (request=64.00 MiB cached=0.00 GiB free=1.10 GiB reserve=1.59 GiB total=31.86 GiB)
case_054 cases=55 prompt=24 target=24 avg_nll=17.313658 lcp=1 api_target_mae=17.313658 api_top_coverage=96/120 api_top1=0.042 api_topn=0.062 api_pair=0.633
ds4: ROCm q8 fp16 cache budget exhausted; using q8 kernels (request=64.00 MiB cached=0.00 GiB free=1.10 GiB reserve=1.59 GiB total=31.86 GiB)
ds4: ROCm q8 fp16 cache budget exhausted; using q8 kernels (request=64.00 MiB cached=0.00 GiB free=1.10 GiB reserve=1.59 GiB total=31.86 GiB)
ds4: ROCm q8 fp16 cache budget exhausted; using q8 kernels (request=64.00 MiB cached=0.00 GiB free=1.10 GiB reserve=1.59 GiB total=31.86 GiB)
ds4: ROCm q8 fp16 cache budget exhausted; using q8 kernels (request=64.00 MiB cached=0.00 GiB free=1.10 GiB reserve=1.59 GiB total=31.86 GiB)
ds4: ROCm q8 fp16 cache budget exhausted; using q8 kernels (request=64.00 MiB cached=0.00 GiB free=1.10 GiB reserve=1.59 GiB total=31.86 GiB)
ds4: ROCm q8 fp16 cache budget exhausted; using q8 kernels (request=64.00 MiB cached=0.00 GiB free=1.10 GiB reserve=1.59 GiB total=31.86 GiB)
ds4: ROCm q8 fp16 cache budget exhausted; using q8 kernels (request=64.00 MiB cached=0.00 GiB free=1.10 GiB reserve=1.59 GiB total=31.86 GiB)
ds4: ROCm q8 fp16 cache budget exhausted; using q8 kernels (request=64.00 MiB cached=0.00 GiB free=1.10 GiB reserve=1.59 GiB total=31.86 GiB)
ds4: ROCm q8 fp16 cache budget exhausted; using q8 kernels (request=64.00 MiB cached=0.00 GiB free=1.10 GiB reserve=1.59 GiB total=31.86 GiB)
ds4: ROCm q8 fp16 cache budget exhausted; using q8 kernels (request=64.00 MiB cached=0.00 GiB free=1.10 GiB reserve=1.59 GiB total=31.86 GiB)
ds4: ROCm q8 fp16 cache budget exhausted; using q8 kernels (request=64.00 MiB cached=0.00 GiB free=1.10 GiB reserve=1.59 GiB total=31.86 GiB)
ds4: ROCm q8 fp16 cache budget exhausted; using q8 kernels (request=64.00 MiB cached=0.00 GiB free=1.10 GiB reserve=1.59 GiB total=31.86 GiB)
ds4: ROCm q8 fp16 cache budget exhausted; using q8 kernels (request=64.00 MiB cached=0.00 GiB free=1.10 GiB reserve=1.59 GiB total=31.86 GiB)
ds4: ROCm q8 fp16 cache budget exhausted; using q8 kernels (request=64.00 MiB cached=0.00 GiB free=1.10 GiB reserve=1.59 GiB total=31.86 GiB)
ds4: ROCm q8 fp16 cache budget exhausted; using q8 kernels (request=64.00 MiB cached=0.00 GiB free=1.10 GiB reserve=1.59 GiB total=31.86 GiB)
ds4: ROCm q8 fp16 cache budget exhausted; using q8 kernels (request=64.00 MiB cached=0.00 GiB free=1.10 GiB reserve=1.59 GiB total=31.86 GiB)
ds4: ROCm q8 fp16 cache budget exhausted; using q8 kernels (request=64.00 MiB cached=0.00 GiB free=1.10 GiB reserve=1.59 GiB total=31.86 GiB)
ds4: ROCm q8 fp16 cache budget exhausted; using q8 kernels (request=64.00 MiB cached=0.00 GiB free=1.10 GiB reserve=1.59 GiB total=31.86 GiB)
ds4: ROCm q8 fp16 cache budget exhausted; using q8 kernels (request=64.00 MiB cached=0.00 GiB free=1.10 GiB reserve=1.59 GiB total=31.86 GiB)
ds4: ROCm q8 fp16 cache budget exhausted; using q8 kernels (request=64.00 MiB cached=0.00 GiB free=1.10 GiB reserve=1.59 GiB total=31.86 GiB)
ds4: ROCm q8 fp16 cache budget exhausted; using q8 kernels (request=64.00 MiB cached=0.00 GiB free=1.10 GiB reserve=1.59 GiB total=31.86 GiB)
ds4: ROCm q8 fp16 cache budget exhausted; using q8 kernels (request=64.00 MiB cached=0.00 GiB free=1.10 GiB reserve=1.59 GiB total=31.86 GiB)
ds4: ROCm q8 fp16 cache budget exhausted; using q8 kernels (request=64.00 MiB cached=0.00 GiB free=1.10 GiB reserve=1.59 GiB total=31.86 GiB)
ds4: ROCm q8 fp16 cache budget exhausted; using q8 kernels (request=64.00 MiB cached=0.00 GiB free=1.10 GiB reserve=1.59 GiB total=31.86 GiB)
ds4: ROCm q8 fp16 cache budget exhausted; using q8 kernels (request=64.00 MiB cached=0.00 GiB free=1.10 GiB reserve=1.59 GiB total=31.86 GiB)
ds4: ROCm q8 fp16 cache budget exhausted; using q8 kernels (request=64.00 MiB cached=0.00 GiB free=1.10 GiB reserve=1.59 GiB total=31.86 GiB)
ds4: ROCm q8 fp16 cache budget exhausted; using q8 kernels (request=64.00 MiB cached=0.00 GiB free=1.10 GiB reserve=1.59 GiB total=31.86 GiB)
ds4: ROCm q8 fp16 cache budget exhausted; using q8 kernels (request=64.00 MiB cached=0.00 GiB free=1.10 GiB reserve=1.59 GiB total=31.86 GiB)
ds4: ROCm q8 fp16 cache budget exhausted; using q8 kernels (request=64.00 MiB cached=0.00 GiB free=1.10 GiB reserve=1.59 GiB total=31.86 GiB)
ds4: ROCm q8 fp16 cache budget exhausted; using q8 kernels (request=64.00 MiB cached=0.00 GiB free=1.10 GiB reserve=1.59 GiB total=31.86 GiB)
ds4: ROCm q8 fp16 cache budget exhausted; using q8 kernels (request=64.00 MiB cached=0.00 GiB free=1.10 GiB reserve=1.59 GiB total=31.86 GiB)
ds4: ROCm q8 fp16 cache budget exhausted; using q8 kernels (request=64.00 MiB cached=0.00 GiB free=1.10 GiB reserve=1.59 GiB total=31.86 GiB)
ds4: ROCm q8 fp16 cache budget exhausted; using q8 kernels (request=64.00 MiB cached=0.00 GiB free=1.10 GiB reserve=1.59 GiB total=31.86 GiB)
ds4: ROCm q8 fp16 cache budget exhausted; using q8 kernels (request=64.00 MiB cached=0.00 GiB free=1.10 GiB reserve=1.59 GiB total=31.86 GiB)
ds4: ROCm q8 fp16 cache budget exhausted; using q8 kernels (request=64.00 MiB cached=0.00 GiB free=1.10 GiB reserve=1.59 GiB total=31.86 GiB)
ds4: ROCm q8 fp16 cache budget exhausted; using q8 kernels (request=64.00 MiB cached=0.00 GiB free=1.10 GiB reserve=1.59 GiB total=31.86 GiB)
ds4: ROCm q8 fp16 cache budget exhausted; using q8 kernels (request=64.00 MiB cached=0.00 GiB free=1.10 GiB reserve=1.59 GiB total=31.86 GiB)
ds4: ROCm q8 fp16 cache budget exhausted; using q8 kernels (request=64.00 MiB cached=0.00 GiB free=1.10 GiB reserve=1.59 GiB total=31.86 GiB)
ds4: ROCm q8 fp16 cache budget exhausted; using q8 kernels (request=64.00 MiB cached=0.00 GiB free=1.10 GiB reserve=1.59 GiB total=31.86 GiB)
ds4: ROCm q8 fp16 cache budget exhausted; using q8 kernels (request=64.00 MiB cached=0.00 GiB free=1.10 GiB reserve=1.59 GiB total=31.86 GiB)
ds4: ROCm q8 fp16 cache budget exhausted; using q8 kernels (request=64.00 MiB cached=0.00 GiB free=1.10 GiB reserve=1.59 GiB total=31.86 GiB)
ds4: ROCm q8 fp16 cache budget exhausted; using q8 kernels (request=64.00 MiB cached=0.00 GiB free=1.10 GiB reserve=1.59 GiB total=31.86 GiB)
ds4: ROCm q8 fp16 cache budget exhausted; using q8 kernels (request=64.00 MiB cached=0.00 GiB free=1.10 GiB reserve=1.59 GiB total=31.86 GiB)
case_055 cases=56 prompt=25 target=24 avg_nll=17.010779 lcp=0 api_target_mae=17.010779 api_top_coverage=96/120 api_top1=0.000 api_topn=0.062 api_pair=0.383
ds4: ROCm q8 fp16 cache budget exhausted; using q8 kernels (request=64.00 MiB cached=0.00 GiB free=1.10 GiB reserve=1.59 GiB total=31.86 GiB)
ds4: ROCm q8 fp16 cache budget exhausted; using q8 kernels (request=64.00 MiB cached=0.00 GiB free=1.10 GiB reserve=1.59 GiB total=31.86 GiB)
ds4: ROCm q8 fp16 cache budget exhausted; using q8 kernels (request=64.00 MiB cached=0.00 GiB free=1.10 GiB reserve=1.59 GiB total=31.86 GiB)
ds4: ROCm q8 fp16 cache budget exhausted; using q8 kernels (request=64.00 MiB cached=0.00 GiB free=1.10 GiB reserve=1.59 GiB total=31.86 GiB)
ds4: ROCm q8 fp16 cache budget exhausted; using q8 kernels (request=64.00 MiB cached=0.00 GiB free=1.10 GiB reserve=1.59 GiB total=31.86 GiB)
ds4: ROCm q8 fp16 cache budget exhausted; using q8 kernels (request=64.00 MiB cached=0.00 GiB free=1.10 GiB reserve=1.59 GiB total=31.86 GiB)
ds4: ROCm q8 fp16 cache budget exhausted; using q8 kernels (request=64.00 MiB cached=0.00 GiB free=1.10 GiB reserve=1.59 GiB total=31.86 GiB)
ds4: ROCm q8 fp16 cache budget exhausted; using q8 kernels (request=64.00 MiB cached=0.00 GiB free=1.10 GiB reserve=1.59 GiB total=31.86 GiB)
ds4: ROCm q8 fp16 cache budget exhausted; using q8 kernels (request=64.00 MiB cached=0.00 GiB free=1.10 GiB reserve=1.59 GiB total=31.86 GiB)
ds4: ROCm q8 fp16 cache budget exhausted; using q8 kernels (request=64.00 MiB cached=0.00 GiB free=1.10 GiB reserve=1.59 GiB total=31.86 GiB)
ds4: ROCm q8 fp16 cache budget exhausted; using q8 kernels (request=64.00 MiB cached=0.00 GiB free=1.10 GiB reserve=1.59 GiB total=31.86 GiB)
ds4: ROCm q8 fp16 cache budget exhausted; using q8 kernels (request=64.00 MiB cached=0.00 GiB free=1.10 GiB reserve=1.59 GiB total=31.86 GiB)
ds4: ROCm q8 fp16 cache budget exhausted; using q8 kernels (request=64.00 MiB cached=0.00 GiB free=1.10 GiB reserve=1.59 GiB total=31.86 GiB)
ds4: ROCm q8 fp16 cache budget exhausted; using q8 kernels (request=64.00 MiB cached=0.00 GiB free=1.10 GiB reserve=1.59 GiB total=31.86 GiB)
ds4: ROCm q8 fp16 cache budget exhausted; using q8 kernels (request=64.00 MiB cached=0.00 GiB free=1.10 GiB reserve=1.59 GiB total=31.86 GiB)
ds4: ROCm q8 fp16 cache budget exhausted; using q8 kernels (request=64.00 MiB cached=0.00 GiB free=1.10 GiB reserve=1.59 GiB total=31.86 GiB)
ds4: ROCm q8 fp16 cache budget exhausted; using q8 kernels (request=64.00 MiB cached=0.00 GiB free=1.10 GiB reserve=1.59 GiB total=31.86 GiB)
ds4: ROCm q8 fp16 cache budget exhausted; using q8 kernels (request=64.00 MiB cached=0.00 GiB free=1.10 GiB reserve=1.59 GiB total=31.86 GiB)
ds4: ROCm q8 fp16 cache budget exhausted; using q8 kernels (request=64.00 MiB cached=0.00 GiB free=1.10 GiB reserve=1.59 GiB total=31.86 GiB)
ds4: ROCm q8 fp16 cache budget exhausted; using q8 kernels (request=64.00 MiB cached=0.00 GiB free=1.10 GiB reserve=1.59 GiB total=31.86 GiB)
ds4: ROCm q8 fp16 cache budget exhausted; using q8 kernels (request=64.00 MiB cached=0.00 GiB free=1.10 GiB reserve=1.59 GiB total=31.86 GiB)
ds4: ROCm q8 fp16 cache budget exhausted; using q8 kernels (request=64.00 MiB cached=0.00 GiB free=1.10 GiB reserve=1.59 GiB total=31.86 GiB)
ds4: ROCm q8 fp16 cache budget exhausted; using q8 kernels (request=64.00 MiB cached=0.00 GiB free=1.10 GiB reserve=1.59 GiB total=31.86 GiB)
ds4: ROCm q8 fp16 cache budget exhausted; using q8 kernels (request=64.00 MiB cached=0.00 GiB free=1.10 GiB reserve=1.59 GiB total=31.86 GiB)
ds4: ROCm q8 fp16 cache budget exhausted; using q8 kernels (request=64.00 MiB cached=0.00 GiB free=1.10 GiB reserve=1.59 GiB total=31.86 GiB)
ds4: ROCm q8 fp16 cache budget exhausted; using q8 kernels (request=64.00 MiB cached=0.00 GiB free=1.10 GiB reserve=1.59 GiB total=31.86 GiB)
ds4: ROCm q8 fp16 cache budget exhausted; using q8 kernels (request=64.00 MiB cached=0.00 GiB free=1.10 GiB reserve=1.59 GiB total=31.86 GiB)
ds4: ROCm q8 fp16 cache budget exhausted; using q8 kernels (request=64.00 MiB cached=0.00 GiB free=1.10 GiB reserve=1.59 GiB total=31.86 GiB)
ds4: ROCm q8 fp16 cache budget exhausted; using q8 kernels (request=64.00 MiB cached=0.00 GiB free=1.10 GiB reserve=1.59 GiB total=31.86 GiB)
ds4: ROCm q8 fp16 cache budget exhausted; using q8 kernels (request=64.00 MiB cached=0.00 GiB free=1.10 GiB reserve=1.59 GiB total=31.86 GiB)
ds4: ROCm q8 fp16 cache budget exhausted; using q8 kernels (request=64.00 MiB cached=0.00 GiB free=1.10 GiB reserve=1.59 GiB total=31.86 GiB)
ds4: ROCm q8 fp16 cache budget exhausted; using q8 kernels (request=64.00 MiB cached=0.00 GiB free=1.10 GiB reserve=1.59 GiB total=31.86 GiB)
ds4: ROCm q8 fp16 cache budget exhausted; using q8 kernels (request=64.00 MiB cached=0.00 GiB free=1.10 GiB reserve=1.59 GiB total=31.86 GiB)
ds4: ROCm q8 fp16 cache budget exhausted; using q8 kernels (request=64.00 MiB cached=0.00 GiB free=1.10 GiB reserve=1.59 GiB total=31.86 GiB)
ds4: ROCm q8 fp16 cache budget exhausted; using q8 kernels (request=64.00 MiB cached=0.00 GiB free=1.10 GiB reserve=1.59 GiB total=31.86 GiB)
ds4: ROCm q8 fp16 cache budget exhausted; using q8 kernels (request=64.00 MiB cached=0.00 GiB free=1.10 GiB reserve=1.59 GiB total=31.86 GiB)
ds4: ROCm q8 fp16 cache budget exhausted; using q8 kernels (request=64.00 MiB cached=0.00 GiB free=1.10 GiB reserve=1.59 GiB total=31.86 GiB)
ds4: ROCm q8 fp16 cache budget exhausted; using q8 kernels (request=64.00 MiB cached=0.00 GiB free=1.10 GiB reserve=1.59 GiB total=31.86 GiB)
ds4: ROCm q8 fp16 cache budget exhausted; using q8 kernels (request=64.00 MiB cached=0.00 GiB free=1.10 GiB reserve=1.59 GiB total=31.86 GiB)
ds4: ROCm q8 fp16 cache budget exhausted; using q8 kernels (request=64.00 MiB cached=0.00 GiB free=1.10 GiB reserve=1.59 GiB total=31.86 GiB)
ds4: ROCm q8 fp16 cache budget exhausted; using q8 kernels (request=64.00 MiB cached=0.00 GiB free=1.10 GiB reserve=1.59 GiB total=31.86 GiB)
ds4: ROCm q8 fp16 cache budget exhausted; using q8 kernels (request=64.00 MiB cached=0.00 GiB free=1.10 GiB reserve=1.59 GiB total=31.86 GiB)
ds4: ROCm q8 fp16 cache budget exhausted; using q8 kernels (request=64.00 MiB cached=0.00 GiB free=1.10 GiB reserve=1.59 GiB total=31.86 GiB)
case_056 cases=57 prompt=18 target=24 avg_nll=16.178154 lcp=0 api_target_mae=16.178154 api_top_coverage=97/120 api_top1=0.000 api_topn=0.021 api_pair=0.443
ds4: ROCm q8 fp16 cache budget exhausted; using q8 kernels (request=64.00 MiB cached=0.00 GiB free=1.10 GiB reserve=1.59 GiB total=31.86 GiB)
ds4: ROCm q8 fp16 cache budget exhausted; using q8 kernels (request=64.00 MiB cached=0.00 GiB free=1.10 GiB reserve=1.59 GiB total=31.86 GiB)
ds4: ROCm q8 fp16 cache budget exhausted; using q8 kernels (request=64.00 MiB cached=0.00 GiB free=1.10 GiB reserve=1.59 GiB total=31.86 GiB)
ds4: ROCm q8 fp16 cache budget exhausted; using q8 kernels (request=64.00 MiB cached=0.00 GiB free=1.10 GiB reserve=1.59 GiB total=31.86 GiB)
ds4: ROCm q8 fp16 cache budget exhausted; using q8 kernels (request=64.00 MiB cached=0.00 GiB free=1.10 GiB reserve=1.59 GiB total=31.86 GiB)
ds4: ROCm q8 fp16 cache budget exhausted; using q8 kernels (request=64.00 MiB cached=0.00 GiB free=1.10 GiB reserve=1.59 GiB total=31.86 GiB)
ds4: ROCm q8 fp16 cache budget exhausted; using q8 kernels (request=64.00 MiB cached=0.00 GiB free=1.10 GiB reserve=1.59 GiB total=31.86 GiB)
ds4: ROCm q8 fp16 cache budget exhausted; using q8 kernels (request=64.00 MiB cached=0.00 GiB free=1.10 GiB reserve=1.59 GiB total=31.86 GiB)
ds4: ROCm q8 fp16 cache budget exhausted; using q8 kernels (request=64.00 MiB cached=0.00 GiB free=1.10 GiB reserve=1.59 GiB total=31.86 GiB)
ds4: ROCm q8 fp16 cache budget exhausted; using q8 kernels (request=64.00 MiB cached=0.00 GiB free=1.10 GiB reserve=1.59 GiB total=31.86 GiB)
ds4: ROCm q8 fp16 cache budget exhausted; using q8 kernels (request=64.00 MiB cached=0.00 GiB free=1.10 GiB reserve=1.59 GiB total=31.86 GiB)
ds4: ROCm q8 fp16 cache budget exhausted; using q8 kernels (request=64.00 MiB cached=0.00 GiB free=1.10 GiB reserve=1.59 GiB total=31.86 GiB)
ds4: ROCm q8 fp16 cache budget exhausted; using q8 kernels (request=64.00 MiB cached=0.00 GiB free=1.10 GiB reserve=1.59 GiB total=31.86 GiB)
ds4: ROCm q8 fp16 cache budget exhausted; using q8 kernels (request=64.00 MiB cached=0.00 GiB free=1.10 GiB reserve=1.59 GiB total=31.86 GiB)
ds4: ROCm q8 fp16 cache budget exhausted; using q8 kernels (request=64.00 MiB cached=0.00 GiB free=1.10 GiB reserve=1.59 GiB total=31.86 GiB)
ds4: ROCm q8 fp16 cache budget exhausted; using q8 kernels (request=64.00 MiB cached=0.00 GiB free=1.10 GiB reserve=1.59 GiB total=31.86 GiB)
ds4: ROCm q8 fp16 cache budget exhausted; using q8 kernels (request=64.00 MiB cached=0.00 GiB free=1.10 GiB reserve=1.59 GiB total=31.86 GiB)
ds4: ROCm q8 fp16 cache budget exhausted; using q8 kernels (request=64.00 MiB cached=0.00 GiB free=1.10 GiB reserve=1.59 GiB total=31.86 GiB)
ds4: ROCm q8 fp16 cache budget exhausted; using q8 kernels (request=64.00 MiB cached=0.00 GiB free=1.10 GiB reserve=1.59 GiB total=31.86 GiB)
ds4: ROCm q8 fp16 cache budget exhausted; using q8 kernels (request=64.00 MiB cached=0.00 GiB free=1.10 GiB reserve=1.59 GiB total=31.86 GiB)
ds4: ROCm q8 fp16 cache budget exhausted; using q8 kernels (request=64.00 MiB cached=0.00 GiB free=1.10 GiB reserve=1.59 GiB total=31.86 GiB)
ds4: ROCm q8 fp16 cache budget exhausted; using q8 kernels (request=64.00 MiB cached=0.00 GiB free=1.10 GiB reserve=1.59 GiB total=31.86 GiB)
ds4: ROCm q8 fp16 cache budget exhausted; using q8 kernels (request=64.00 MiB cached=0.00 GiB free=1.10 GiB reserve=1.59 GiB total=31.86 GiB)
ds4: ROCm q8 fp16 cache budget exhausted; using q8 kernels (request=64.00 MiB cached=0.00 GiB free=1.10 GiB reserve=1.59 GiB total=31.86 GiB)
ds4: ROCm q8 fp16 cache budget exhausted; using q8 kernels (request=64.00 MiB cached=0.00 GiB free=1.10 GiB reserve=1.59 GiB total=31.86 GiB)
ds4: ROCm q8 fp16 cache budget exhausted; using q8 kernels (request=64.00 MiB cached=0.00 GiB free=1.10 GiB reserve=1.59 GiB total=31.86 GiB)
ds4: ROCm q8 fp16 cache budget exhausted; using q8 kernels (request=64.00 MiB cached=0.00 GiB free=1.10 GiB reserve=1.59 GiB total=31.86 GiB)
ds4: ROCm q8 fp16 cache budget exhausted; using q8 kernels (request=64.00 MiB cached=0.00 GiB free=1.10 GiB reserve=1.59 GiB total=31.86 GiB)
ds4: ROCm q8 fp16 cache budget exhausted; using q8 kernels (request=64.00 MiB cached=0.00 GiB free=1.10 GiB reserve=1.59 GiB total=31.86 GiB)
ds4: ROCm q8 fp16 cache budget exhausted; using q8 kernels (request=64.00 MiB cached=0.00 GiB free=1.10 GiB reserve=1.59 GiB total=31.86 GiB)
ds4: ROCm q8 fp16 cache budget exhausted; using q8 kernels (request=64.00 MiB cached=0.00 GiB free=1.10 GiB reserve=1.59 GiB total=31.86 GiB)
ds4: ROCm q8 fp16 cache budget exhausted; using q8 kernels (request=64.00 MiB cached=0.00 GiB free=1.10 GiB reserve=1.59 GiB total=31.86 GiB)
ds4: ROCm q8 fp16 cache budget exhausted; using q8 kernels (request=64.00 MiB cached=0.00 GiB free=1.10 GiB reserve=1.59 GiB total=31.86 GiB)
ds4: ROCm q8 fp16 cache budget exhausted; using q8 kernels (request=64.00 MiB cached=0.00 GiB free=1.10 GiB reserve=1.59 GiB total=31.86 GiB)
ds4: ROCm q8 fp16 cache budget exhausted; using q8 kernels (request=64.00 MiB cached=0.00 GiB free=1.10 GiB reserve=1.59 GiB total=31.86 GiB)
ds4: ROCm q8 fp16 cache budget exhausted; using q8 kernels (request=64.00 MiB cached=0.00 GiB free=1.10 GiB reserve=1.59 GiB total=31.86 GiB)
ds4: ROCm q8 fp16 cache budget exhausted; using q8 kernels (request=64.00 MiB cached=0.00 GiB free=1.10 GiB reserve=1.59 GiB total=31.86 GiB)
ds4: ROCm q8 fp16 cache budget exhausted; using q8 kernels (request=64.00 MiB cached=0.00 GiB free=1.10 GiB reserve=1.59 GiB total=31.86 GiB)
ds4: ROCm q8 fp16 cache budget exhausted; using q8 kernels (request=64.00 MiB cached=0.00 GiB free=1.10 GiB reserve=1.59 GiB total=31.86 GiB)
ds4: ROCm q8 fp16 cache budget exhausted; using q8 kernels (request=64.00 MiB cached=0.00 GiB free=1.10 GiB reserve=1.59 GiB total=31.86 GiB)
ds4: ROCm q8 fp16 cache budget exhausted; using q8 kernels (request=64.00 MiB cached=0.00 GiB free=1.10 GiB reserve=1.59 GiB total=31.86 GiB)
ds4: ROCm q8 fp16 cache budget exhausted; using q8 kernels (request=64.00 MiB cached=0.00 GiB free=1.10 GiB reserve=1.59 GiB total=31.86 GiB)
ds4: ROCm q8 fp16 cache budget exhausted; using q8 kernels (request=64.00 MiB cached=0.00 GiB free=1.10 GiB reserve=1.59 GiB total=31.86 GiB)
case_057 cases=58 prompt=22 target=24 avg_nll=16.972346 lcp=0 api_target_mae=16.972346 api_top_coverage=98/120 api_top1=0.000 api_topn=0.041 api_pair=0.606
ds4: ROCm q8 fp16 cache budget exhausted; using q8 kernels (request=64.00 MiB cached=0.00 GiB free=1.10 GiB reserve=1.59 GiB total=31.86 GiB)
ds4: ROCm q8 fp16 cache budget exhausted; using q8 kernels (request=64.00 MiB cached=0.00 GiB free=1.10 GiB reserve=1.59 GiB total=31.86 GiB)
ds4: ROCm q8 fp16 cache budget exhausted; using q8 kernels (request=64.00 MiB cached=0.00 GiB free=1.10 GiB reserve=1.59 GiB total=31.86 GiB)
ds4: ROCm q8 fp16 cache budget exhausted; using q8 kernels (request=64.00 MiB cached=0.00 GiB free=1.10 GiB reserve=1.59 GiB total=31.86 GiB)
ds4: ROCm q8 fp16 cache budget exhausted; using q8 kernels (request=64.00 MiB cached=0.00 GiB free=1.10 GiB reserve=1.59 GiB total=31.86 GiB)
ds4: ROCm q8 fp16 cache budget exhausted; using q8 kernels (request=64.00 MiB cached=0.00 GiB free=1.10 GiB reserve=1.59 GiB total=31.86 GiB)
ds4: ROCm q8 fp16 cache budget exhausted; using q8 kernels (request=64.00 MiB cached=0.00 GiB free=1.10 GiB reserve=1.59 GiB total=31.86 GiB)
ds4: ROCm q8 fp16 cache budget exhausted; using q8 kernels (request=64.00 MiB cached=0.00 GiB free=1.10 GiB reserve=1.59 GiB total=31.86 GiB)
ds4: ROCm q8 fp16 cache budget exhausted; using q8 kernels (request=64.00 MiB cached=0.00 GiB free=1.10 GiB reserve=1.59 GiB total=31.86 GiB)
ds4: ROCm q8 fp16 cache budget exhausted; using q8 kernels (request=64.00 MiB cached=0.00 GiB free=1.10 GiB reserve=1.59 GiB total=31.86 GiB)
ds4: ROCm q8 fp16 cache budget exhausted; using q8 kernels (request=64.00 MiB cached=0.00 GiB free=1.10 GiB reserve=1.59 GiB total=31.86 GiB)
ds4: ROCm q8 fp16 cache budget exhausted; using q8 kernels (request=64.00 MiB cached=0.00 GiB free=1.10 GiB reserve=1.59 GiB total=31.86 GiB)
ds4: ROCm q8 fp16 cache budget exhausted; using q8 kernels (request=64.00 MiB cached=0.00 GiB free=1.10 GiB reserve=1.59 GiB total=31.86 GiB)
ds4: ROCm q8 fp16 cache budget exhausted; using q8 kernels (request=64.00 MiB cached=0.00 GiB free=1.10 GiB reserve=1.59 GiB total=31.86 GiB)
ds4: ROCm q8 fp16 cache budget exhausted; using q8 kernels (request=64.00 MiB cached=0.00 GiB free=1.10 GiB reserve=1.59 GiB total=31.86 GiB)
ds4: ROCm q8 fp16 cache budget exhausted; using q8 kernels (request=64.00 MiB cached=0.00 GiB free=1.10 GiB reserve=1.59 GiB total=31.86 GiB)
ds4: ROCm q8 fp16 cache budget exhausted; using q8 kernels (request=64.00 MiB cached=0.00 GiB free=1.10 GiB reserve=1.59 GiB total=31.86 GiB)
ds4: ROCm q8 fp16 cache budget exhausted; using q8 kernels (request=64.00 MiB cached=0.00 GiB free=1.10 GiB reserve=1.59 GiB total=31.86 GiB)
ds4: ROCm q8 fp16 cache budget exhausted; using q8 kernels (request=64.00 MiB cached=0.00 GiB free=1.10 GiB reserve=1.59 GiB total=31.86 GiB)
ds4: ROCm q8 fp16 cache budget exhausted; using q8 kernels (request=64.00 MiB cached=0.00 GiB free=1.10 GiB reserve=1.59 GiB total=31.86 GiB)
ds4: ROCm q8 fp16 cache budget exhausted; using q8 kernels (request=64.00 MiB cached=0.00 GiB free=1.10 GiB reserve=1.59 GiB total=31.86 GiB)
ds4: ROCm q8 fp16 cache budget exhausted; using q8 kernels (request=64.00 MiB cached=0.00 GiB free=1.10 GiB reserve=1.59 GiB total=31.86 GiB)
ds4: ROCm q8 fp16 cache budget exhausted; using q8 kernels (request=64.00 MiB cached=0.00 GiB free=1.10 GiB reserve=1.59 GiB total=31.86 GiB)
ds4: ROCm q8 fp16 cache budget exhausted; using q8 kernels (request=64.00 MiB cached=0.00 GiB free=1.10 GiB reserve=1.59 GiB total=31.86 GiB)
ds4: ROCm q8 fp16 cache budget exhausted; using q8 kernels (request=64.00 MiB cached=0.00 GiB free=1.10 GiB reserve=1.59 GiB total=31.86 GiB)
ds4: ROCm q8 fp16 cache budget exhausted; using q8 kernels (request=64.00 MiB cached=0.00 GiB free=1.10 GiB reserve=1.59 GiB total=31.86 GiB)
ds4: ROCm q8 fp16 cache budget exhausted; using q8 kernels (request=64.00 MiB cached=0.00 GiB free=1.10 GiB reserve=1.59 GiB total=31.86 GiB)
ds4: ROCm q8 fp16 cache budget exhausted; using q8 kernels (request=64.00 MiB cached=0.00 GiB free=1.10 GiB reserve=1.59 GiB total=31.86 GiB)
ds4: ROCm q8 fp16 cache budget exhausted; using q8 kernels (request=64.00 MiB cached=0.00 GiB free=1.10 GiB reserve=1.59 GiB total=31.86 GiB)
ds4: ROCm q8 fp16 cache budget exhausted; using q8 kernels (request=64.00 MiB cached=0.00 GiB free=1.10 GiB reserve=1.59 GiB total=31.86 GiB)
ds4: ROCm q8 fp16 cache budget exhausted; using q8 kernels (request=64.00 MiB cached=0.00 GiB free=1.10 GiB reserve=1.59 GiB total=31.86 GiB)
ds4: ROCm q8 fp16 cache budget exhausted; using q8 kernels (request=64.00 MiB cached=0.00 GiB free=1.10 GiB reserve=1.59 GiB total=31.86 GiB)
ds4: ROCm q8 fp16 cache budget exhausted; using q8 kernels (request=64.00 MiB cached=0.00 GiB free=1.10 GiB reserve=1.59 GiB total=31.86 GiB)
ds4: ROCm q8 fp16 cache budget exhausted; using q8 kernels (request=64.00 MiB cached=0.00 GiB free=1.10 GiB reserve=1.59 GiB total=31.86 GiB)
ds4: ROCm q8 fp16 cache budget exhausted; using q8 kernels (request=64.00 MiB cached=0.00 GiB free=1.10 GiB reserve=1.59 GiB total=31.86 GiB)
ds4: ROCm q8 fp16 cache budget exhausted; using q8 kernels (request=64.00 MiB cached=0.00 GiB free=1.10 GiB reserve=1.59 GiB total=31.86 GiB)
ds4: ROCm q8 fp16 cache budget exhausted; using q8 kernels (request=64.00 MiB cached=0.00 GiB free=1.10 GiB reserve=1.59 GiB total=31.86 GiB)
ds4: ROCm q8 fp16 cache budget exhausted; using q8 kernels (request=64.00 MiB cached=0.00 GiB free=1.10 GiB reserve=1.59 GiB total=31.86 GiB)
ds4: ROCm q8 fp16 cache budget exhausted; using q8 kernels (request=64.00 MiB cached=0.00 GiB free=1.10 GiB reserve=1.59 GiB total=31.86 GiB)
ds4: ROCm q8 fp16 cache budget exhausted; using q8 kernels (request=64.00 MiB cached=0.00 GiB free=1.10 GiB reserve=1.59 GiB total=31.86 GiB)
ds4: ROCm q8 fp16 cache budget exhausted; using q8 kernels (request=64.00 MiB cached=0.00 GiB free=1.10 GiB reserve=1.59 GiB total=31.86 GiB)
ds4: ROCm q8 fp16 cache budget exhausted; using q8 kernels (request=64.00 MiB cached=0.00 GiB free=1.10 GiB reserve=1.59 GiB total=31.86 GiB)
ds4: ROCm q8 fp16 cache budget exhausted; using q8 kernels (request=64.00 MiB cached=0.00 GiB free=1.10 GiB reserve=1.59 GiB total=31.86 GiB)
case_058 cases=59 prompt=25 target=24 avg_nll=16.216058 lcp=1 api_target_mae=16.216058 api_top_coverage=97/120 api_top1=0.042 api_topn=0.052 api_pair=0.672
ds4: ROCm q8 fp16 cache budget exhausted; using q8 kernels (request=64.00 MiB cached=0.00 GiB free=1.10 GiB reserve=1.59 GiB total=31.86 GiB)
ds4: ROCm q8 fp16 cache budget exhausted; using q8 kernels (request=64.00 MiB cached=0.00 GiB free=1.10 GiB reserve=1.59 GiB total=31.86 GiB)
ds4: ROCm q8 fp16 cache budget exhausted; using q8 kernels (request=64.00 MiB cached=0.00 GiB free=1.10 GiB reserve=1.59 GiB total=31.86 GiB)
ds4: ROCm q8 fp16 cache budget exhausted; using q8 kernels (request=64.00 MiB cached=0.00 GiB free=1.10 GiB reserve=1.59 GiB total=31.86 GiB)
ds4: ROCm q8 fp16 cache budget exhausted; using q8 kernels (request=64.00 MiB cached=0.00 GiB free=1.10 GiB reserve=1.59 GiB total=31.86 GiB)
ds4: ROCm q8 fp16 cache budget exhausted; using q8 kernels (request=64.00 MiB cached=0.00 GiB free=1.10 GiB reserve=1.59 GiB total=31.86 GiB)
ds4: ROCm q8 fp16 cache budget exhausted; using q8 kernels (request=64.00 MiB cached=0.00 GiB free=1.10 GiB reserve=1.59 GiB total=31.86 GiB)
ds4: ROCm q8 fp16 cache budget exhausted; using q8 kernels (request=64.00 MiB cached=0.00 GiB free=1.10 GiB reserve=1.59 GiB total=31.86 GiB)
ds4: ROCm q8 fp16 cache budget exhausted; using q8 kernels (request=64.00 MiB cached=0.00 GiB free=1.10 GiB reserve=1.59 GiB total=31.86 GiB)
ds4: ROCm q8 fp16 cache budget exhausted; using q8 kernels (request=64.00 MiB cached=0.00 GiB free=1.10 GiB reserve=1.59 GiB total=31.86 GiB)
ds4: ROCm q8 fp16 cache budget exhausted; using q8 kernels (request=64.00 MiB cached=0.00 GiB free=1.10 GiB reserve=1.59 GiB total=31.86 GiB)
ds4: ROCm q8 fp16 cache budget exhausted; using q8 kernels (request=64.00 MiB cached=0.00 GiB free=1.10 GiB reserve=1.59 GiB total=31.86 GiB)
ds4: ROCm q8 fp16 cache budget exhausted; using q8 kernels (request=64.00 MiB cached=0.00 GiB free=1.10 GiB reserve=1.59 GiB total=31.86 GiB)
ds4: ROCm q8 fp16 cache budget exhausted; using q8 kernels (request=64.00 MiB cached=0.00 GiB free=1.10 GiB reserve=1.59 GiB total=31.86 GiB)
ds4: ROCm q8 fp16 cache budget exhausted; using q8 kernels (request=64.00 MiB cached=0.00 GiB free=1.10 GiB reserve=1.59 GiB total=31.86 GiB)
ds4: ROCm q8 fp16 cache budget exhausted; using q8 kernels (request=64.00 MiB cached=0.00 GiB free=1.10 GiB reserve=1.59 GiB total=31.86 GiB)
ds4: ROCm q8 fp16 cache budget exhausted; using q8 kernels (request=64.00 MiB cached=0.00 GiB free=1.10 GiB reserve=1.59 GiB total=31.86 GiB)
ds4: ROCm q8 fp16 cache budget exhausted; using q8 kernels (request=64.00 MiB cached=0.00 GiB free=1.10 GiB reserve=1.59 GiB total=31.86 GiB)
ds4: ROCm q8 fp16 cache budget exhausted; using q8 kernels (request=64.00 MiB cached=0.00 GiB free=1.10 GiB reserve=1.59 GiB total=31.86 GiB)
ds4: ROCm q8 fp16 cache budget exhausted; using q8 kernels (request=64.00 MiB cached=0.00 GiB free=1.10 GiB reserve=1.59 GiB total=31.86 GiB)
ds4: ROCm q8 fp16 cache budget exhausted; using q8 kernels (request=64.00 MiB cached=0.00 GiB free=1.10 GiB reserve=1.59 GiB total=31.86 GiB)
ds4: ROCm q8 fp16 cache budget exhausted; using q8 kernels (request=64.00 MiB cached=0.00 GiB free=1.10 GiB reserve=1.59 GiB total=31.86 GiB)
ds4: ROCm q8 fp16 cache budget exhausted; using q8 kernels (request=64.00 MiB cached=0.00 GiB free=1.10 GiB reserve=1.59 GiB total=31.86 GiB)
ds4: ROCm q8 fp16 cache budget exhausted; using q8 kernels (request=64.00 MiB cached=0.00 GiB free=1.10 GiB reserve=1.59 GiB total=31.86 GiB)
ds4: ROCm q8 fp16 cache budget exhausted; using q8 kernels (request=64.00 MiB cached=0.00 GiB free=1.10 GiB reserve=1.59 GiB total=31.86 GiB)
ds4: ROCm q8 fp16 cache budget exhausted; using q8 kernels (request=64.00 MiB cached=0.00 GiB free=1.10 GiB reserve=1.59 GiB total=31.86 GiB)
ds4: ROCm q8 fp16 cache budget exhausted; using q8 kernels (request=64.00 MiB cached=0.00 GiB free=1.10 GiB reserve=1.59 GiB total=31.86 GiB)
ds4: ROCm q8 fp16 cache budget exhausted; using q8 kernels (request=64.00 MiB cached=0.00 GiB free=1.10 GiB reserve=1.59 GiB total=31.86 GiB)
ds4: ROCm q8 fp16 cache budget exhausted; using q8 kernels (request=64.00 MiB cached=0.00 GiB free=1.10 GiB reserve=1.59 GiB total=31.86 GiB)
ds4: ROCm q8 fp16 cache budget exhausted; using q8 kernels (request=64.00 MiB cached=0.00 GiB free=1.10 GiB reserve=1.59 GiB total=31.86 GiB)
ds4: ROCm q8 fp16 cache budget exhausted; using q8 kernels (request=64.00 MiB cached=0.00 GiB free=1.10 GiB reserve=1.59 GiB total=31.86 GiB)
ds4: ROCm q8 fp16 cache budget exhausted; using q8 kernels (request=64.00 MiB cached=0.00 GiB free=1.10 GiB reserve=1.59 GiB total=31.86 GiB)
ds4: ROCm q8 fp16 cache budget exhausted; using q8 kernels (request=64.00 MiB cached=0.00 GiB free=1.10 GiB reserve=1.59 GiB total=31.86 GiB)
ds4: ROCm q8 fp16 cache budget exhausted; using q8 kernels (request=64.00 MiB cached=0.00 GiB free=1.10 GiB reserve=1.59 GiB total=31.86 GiB)
ds4: ROCm q8 fp16 cache budget exhausted; using q8 kernels (request=64.00 MiB cached=0.00 GiB free=1.10 GiB reserve=1.59 GiB total=31.86 GiB)
ds4: ROCm q8 fp16 cache budget exhausted; using q8 kernels (request=64.00 MiB cached=0.00 GiB free=1.10 GiB reserve=1.59 GiB total=31.86 GiB)
ds4: ROCm q8 fp16 cache budget exhausted; using q8 kernels (request=64.00 MiB cached=0.00 GiB free=1.10 GiB reserve=1.59 GiB total=31.86 GiB)
ds4: ROCm q8 fp16 cache budget exhausted; using q8 kernels (request=64.00 MiB cached=0.00 GiB free=1.10 GiB reserve=1.59 GiB total=31.86 GiB)
ds4: ROCm q8 fp16 cache budget exhausted; using q8 kernels (request=64.00 MiB cached=0.00 GiB free=1.10 GiB reserve=1.59 GiB total=31.86 GiB)
ds4: ROCm q8 fp16 cache budget exhausted; using q8 kernels (request=64.00 MiB cached=0.00 GiB free=1.10 GiB reserve=1.59 GiB total=31.86 GiB)
ds4: ROCm q8 fp16 cache budget exhausted; using q8 kernels (request=64.00 MiB cached=0.00 GiB free=1.10 GiB reserve=1.59 GiB total=31.86 GiB)
ds4: ROCm q8 fp16 cache budget exhausted; using q8 kernels (request=64.00 MiB cached=0.00 GiB free=1.10 GiB reserve=1.59 GiB total=31.86 GiB)
ds4: ROCm q8 fp16 cache budget exhausted; using q8 kernels (request=64.00 MiB cached=0.00 GiB free=1.10 GiB reserve=1.59 GiB total=31.86 GiB)
case_059 cases=60 prompt=23 target=24 avg_nll=15.468472 lcp=0 api_target_mae=15.468472 api_top_coverage=96/120 api_top1=0.000 api_topn=0.104 api_pair=0.684
ds4: ROCm q8 fp16 cache budget exhausted; using q8 kernels (request=64.00 MiB cached=0.00 GiB free=1.10 GiB reserve=1.59 GiB total=31.86 GiB)
ds4: ROCm q8 fp16 cache budget exhausted; using q8 kernels (request=64.00 MiB cached=0.00 GiB free=1.10 GiB reserve=1.59 GiB total=31.86 GiB)
ds4: ROCm q8 fp16 cache budget exhausted; using q8 kernels (request=64.00 MiB cached=0.00 GiB free=1.10 GiB reserve=1.59 GiB total=31.86 GiB)
ds4: ROCm q8 fp16 cache budget exhausted; using q8 kernels (request=64.00 MiB cached=0.00 GiB free=1.10 GiB reserve=1.59 GiB total=31.86 GiB)
ds4: ROCm q8 fp16 cache budget exhausted; using q8 kernels (request=64.00 MiB cached=0.00 GiB free=1.10 GiB reserve=1.59 GiB total=31.86 GiB)
ds4: ROCm q8 fp16 cache budget exhausted; using q8 kernels (request=64.00 MiB cached=0.00 GiB free=1.10 GiB reserve=1.59 GiB total=31.86 GiB)
ds4: ROCm q8 fp16 cache budget exhausted; using q8 kernels (request=64.00 MiB cached=0.00 GiB free=1.10 GiB reserve=1.59 GiB total=31.86 GiB)
ds4: ROCm q8 fp16 cache budget exhausted; using q8 kernels (request=64.00 MiB cached=0.00 GiB free=1.10 GiB reserve=1.59 GiB total=31.86 GiB)
ds4: ROCm q8 fp16 cache budget exhausted; using q8 kernels (request=64.00 MiB cached=0.00 GiB free=1.10 GiB reserve=1.59 GiB total=31.86 GiB)
ds4: ROCm q8 fp16 cache budget exhausted; using q8 kernels (request=64.00 MiB cached=0.00 GiB free=1.10 GiB reserve=1.59 GiB total=31.86 GiB)
ds4: ROCm q8 fp16 cache budget exhausted; using q8 kernels (request=64.00 MiB cached=0.00 GiB free=1.10 GiB reserve=1.59 GiB total=31.86 GiB)
ds4: ROCm q8 fp16 cache budget exhausted; using q8 kernels (request=64.00 MiB cached=0.00 GiB free=1.10 GiB reserve=1.59 GiB total=31.86 GiB)
ds4: ROCm q8 fp16 cache budget exhausted; using q8 kernels (request=64.00 MiB cached=0.00 GiB free=1.10 GiB reserve=1.59 GiB total=31.86 GiB)
ds4: ROCm q8 fp16 cache budget exhausted; using q8 kernels (request=64.00 MiB cached=0.00 GiB free=1.10 GiB reserve=1.59 GiB total=31.86 GiB)
ds4: ROCm q8 fp16 cache budget exhausted; using q8 kernels (request=64.00 MiB cached=0.00 GiB free=1.10 GiB reserve=1.59 GiB total=31.86 GiB)
ds4: ROCm q8 fp16 cache budget exhausted; using q8 kernels (request=64.00 MiB cached=0.00 GiB free=1.10 GiB reserve=1.59 GiB total=31.86 GiB)
ds4: ROCm q8 fp16 cache budget exhausted; using q8 kernels (request=64.00 MiB cached=0.00 GiB free=1.10 GiB reserve=1.59 GiB total=31.86 GiB)
ds4: ROCm q8 fp16 cache budget exhausted; using q8 kernels (request=64.00 MiB cached=0.00 GiB free=1.10 GiB reserve=1.59 GiB total=31.86 GiB)
ds4: ROCm q8 fp16 cache budget exhausted; using q8 kernels (request=64.00 MiB cached=0.00 GiB free=1.10 GiB reserve=1.59 GiB total=31.86 GiB)
ds4: ROCm q8 fp16 cache budget exhausted; using q8 kernels (request=64.00 MiB cached=0.00 GiB free=1.10 GiB reserve=1.59 GiB total=31.86 GiB)
ds4: ROCm q8 fp16 cache budget exhausted; using q8 kernels (request=64.00 MiB cached=0.00 GiB free=1.10 GiB reserve=1.59 GiB total=31.86 GiB)
ds4: ROCm q8 fp16 cache budget exhausted; using q8 kernels (request=64.00 MiB cached=0.00 GiB free=1.10 GiB reserve=1.59 GiB total=31.86 GiB)
ds4: ROCm q8 fp16 cache budget exhausted; using q8 kernels (request=64.00 MiB cached=0.00 GiB free=1.10 GiB reserve=1.59 GiB total=31.86 GiB)
ds4: ROCm q8 fp16 cache budget exhausted; using q8 kernels (request=64.00 MiB cached=0.00 GiB free=1.10 GiB reserve=1.59 GiB total=31.86 GiB)
ds4: ROCm q8 fp16 cache budget exhausted; using q8 kernels (request=64.00 MiB cached=0.00 GiB free=1.10 GiB reserve=1.59 GiB total=31.86 GiB)
ds4: ROCm q8 fp16 cache budget exhausted; using q8 kernels (request=64.00 MiB cached=0.00 GiB free=1.10 GiB reserve=1.59 GiB total=31.86 GiB)
ds4: ROCm q8 fp16 cache budget exhausted; using q8 kernels (request=64.00 MiB cached=0.00 GiB free=1.10 GiB reserve=1.59 GiB total=31.86 GiB)
ds4: ROCm q8 fp16 cache budget exhausted; using q8 kernels (request=64.00 MiB cached=0.00 GiB free=1.10 GiB reserve=1.59 GiB total=31.86 GiB)
ds4: ROCm q8 fp16 cache budget exhausted; using q8 kernels (request=64.00 MiB cached=0.00 GiB free=1.10 GiB reserve=1.59 GiB total=31.86 GiB)
ds4: ROCm q8 fp16 cache budget exhausted; using q8 kernels (request=64.00 MiB cached=0.00 GiB free=1.10 GiB reserve=1.59 GiB total=31.86 GiB)
ds4: ROCm q8 fp16 cache budget exhausted; using q8 kernels (request=64.00 MiB cached=0.00 GiB free=1.10 GiB reserve=1.59 GiB total=31.86 GiB)
ds4: ROCm q8 fp16 cache budget exhausted; using q8 kernels (request=64.00 MiB cached=0.00 GiB free=1.10 GiB reserve=1.59 GiB total=31.86 GiB)
ds4: ROCm q8 fp16 cache budget exhausted; using q8 kernels (request=64.00 MiB cached=0.00 GiB free=1.10 GiB reserve=1.59 GiB total=31.86 GiB)
ds4: ROCm q8 fp16 cache budget exhausted; using q8 kernels (request=64.00 MiB cached=0.00 GiB free=1.10 GiB reserve=1.59 GiB total=31.86 GiB)
ds4: ROCm q8 fp16 cache budget exhausted; using q8 kernels (request=64.00 MiB cached=0.00 GiB free=1.10 GiB reserve=1.59 GiB total=31.86 GiB)
ds4: ROCm q8 fp16 cache budget exhausted; using q8 kernels (request=64.00 MiB cached=0.00 GiB free=1.10 GiB reserve=1.59 GiB total=31.86 GiB)
ds4: ROCm q8 fp16 cache budget exhausted; using q8 kernels (request=64.00 MiB cached=0.00 GiB free=1.10 GiB reserve=1.59 GiB total=31.86 GiB)
ds4: ROCm q8 fp16 cache budget exhausted; using q8 kernels (request=64.00 MiB cached=0.00 GiB free=1.10 GiB reserve=1.59 GiB total=31.86 GiB)
ds4: ROCm q8 fp16 cache budget exhausted; using q8 kernels (request=64.00 MiB cached=0.00 GiB free=1.10 GiB reserve=1.59 GiB total=31.86 GiB)
ds4: ROCm q8 fp16 cache budget exhausted; using q8 kernels (request=64.00 MiB cached=0.00 GiB free=1.10 GiB reserve=1.59 GiB total=31.86 GiB)
ds4: ROCm q8 fp16 cache budget exhausted; using q8 kernels (request=64.00 MiB cached=0.00 GiB free=1.10 GiB reserve=1.59 GiB total=31.86 GiB)
ds4: ROCm q8 fp16 cache budget exhausted; using q8 kernels (request=64.00 MiB cached=0.00 GiB free=1.10 GiB reserve=1.59 GiB total=31.86 GiB)
ds4: ROCm q8 fp16 cache budget exhausted; using q8 kernels (request=64.00 MiB cached=0.00 GiB free=1.10 GiB reserve=1.59 GiB total=31.86 GiB)
case_060 cases=61 prompt=17 target=24 avg_nll=16.569085 lcp=1 api_target_mae=16.569085 api_top_coverage=97/120 api_top1=0.042 api_topn=0.093 api_pair=0.475
ds4: ROCm q8 fp16 cache budget exhausted; using q8 kernels (request=64.00 MiB cached=0.00 GiB free=1.10 GiB reserve=1.59 GiB total=31.86 GiB)
ds4: ROCm q8 fp16 cache budget exhausted; using q8 kernels (request=64.00 MiB cached=0.00 GiB free=1.10 GiB reserve=1.59 GiB total=31.86 GiB)
ds4: ROCm q8 fp16 cache budget exhausted; using q8 kernels (request=64.00 MiB cached=0.00 GiB free=1.10 GiB reserve=1.59 GiB total=31.86 GiB)
ds4: ROCm q8 fp16 cache budget exhausted; using q8 kernels (request=64.00 MiB cached=0.00 GiB free=1.10 GiB reserve=1.59 GiB total=31.86 GiB)
ds4: ROCm q8 fp16 cache budget exhausted; using q8 kernels (request=64.00 MiB cached=0.00 GiB free=1.10 GiB reserve=1.59 GiB total=31.86 GiB)
ds4: ROCm q8 fp16 cache budget exhausted; using q8 kernels (request=64.00 MiB cached=0.00 GiB free=1.10 GiB reserve=1.59 GiB total=31.86 GiB)
ds4: ROCm q8 fp16 cache budget exhausted; using q8 kernels (request=64.00 MiB cached=0.00 GiB free=1.10 GiB reserve=1.59 GiB total=31.86 GiB)
ds4: ROCm q8 fp16 cache budget exhausted; using q8 kernels (request=64.00 MiB cached=0.00 GiB free=1.10 GiB reserve=1.59 GiB total=31.86 GiB)
ds4: ROCm q8 fp16 cache budget exhausted; using q8 kernels (request=64.00 MiB cached=0.00 GiB free=1.10 GiB reserve=1.59 GiB total=31.86 GiB)
ds4: ROCm q8 fp16 cache budget exhausted; using q8 kernels (request=64.00 MiB cached=0.00 GiB free=1.10 GiB reserve=1.59 GiB total=31.86 GiB)
ds4: ROCm q8 fp16 cache budget exhausted; using q8 kernels (request=64.00 MiB cached=0.00 GiB free=1.10 GiB reserve=1.59 GiB total=31.86 GiB)
ds4: ROCm q8 fp16 cache budget exhausted; using q8 kernels (request=64.00 MiB cached=0.00 GiB free=1.10 GiB reserve=1.59 GiB total=31.86 GiB)
ds4: ROCm q8 fp16 cache budget exhausted; using q8 kernels (request=64.00 MiB cached=0.00 GiB free=1.10 GiB reserve=1.59 GiB total=31.86 GiB)
ds4: ROCm q8 fp16 cache budget exhausted; using q8 kernels (request=64.00 MiB cached=0.00 GiB free=1.10 GiB reserve=1.59 GiB total=31.86 GiB)
ds4: ROCm q8 fp16 cache budget exhausted; using q8 kernels (request=64.00 MiB cached=0.00 GiB free=1.10 GiB reserve=1.59 GiB total=31.86 GiB)
ds4: ROCm q8 fp16 cache budget exhausted; using q8 kernels (request=64.00 MiB cached=0.00 GiB free=1.10 GiB reserve=1.59 GiB total=31.86 GiB)
ds4: ROCm q8 fp16 cache budget exhausted; using q8 kernels (request=64.00 MiB cached=0.00 GiB free=1.10 GiB reserve=1.59 GiB total=31.86 GiB)
ds4: ROCm q8 fp16 cache budget exhausted; using q8 kernels (request=64.00 MiB cached=0.00 GiB free=1.10 GiB reserve=1.59 GiB total=31.86 GiB)
ds4: ROCm q8 fp16 cache budget exhausted; using q8 kernels (request=64.00 MiB cached=0.00 GiB free=1.10 GiB reserve=1.59 GiB total=31.86 GiB)
ds4: ROCm q8 fp16 cache budget exhausted; using q8 kernels (request=64.00 MiB cached=0.00 GiB free=1.10 GiB reserve=1.59 GiB total=31.86 GiB)
ds4: ROCm q8 fp16 cache budget exhausted; using q8 kernels (request=64.00 MiB cached=0.00 GiB free=1.10 GiB reserve=1.59 GiB total=31.86 GiB)
ds4: ROCm q8 fp16 cache budget exhausted; using q8 kernels (request=64.00 MiB cached=0.00 GiB free=1.10 GiB reserve=1.59 GiB total=31.86 GiB)
ds4: ROCm q8 fp16 cache budget exhausted; using q8 kernels (request=64.00 MiB cached=0.00 GiB free=1.10 GiB reserve=1.59 GiB total=31.86 GiB)
ds4: ROCm q8 fp16 cache budget exhausted; using q8 kernels (request=64.00 MiB cached=0.00 GiB free=1.10 GiB reserve=1.59 GiB total=31.86 GiB)
ds4: ROCm q8 fp16 cache budget exhausted; using q8 kernels (request=64.00 MiB cached=0.00 GiB free=1.10 GiB reserve=1.59 GiB total=31.86 GiB)
ds4: ROCm q8 fp16 cache budget exhausted; using q8 kernels (request=64.00 MiB cached=0.00 GiB free=1.10 GiB reserve=1.59 GiB total=31.86 GiB)
ds4: ROCm q8 fp16 cache budget exhausted; using q8 kernels (request=64.00 MiB cached=0.00 GiB free=1.10 GiB reserve=1.59 GiB total=31.86 GiB)
ds4: ROCm q8 fp16 cache budget exhausted; using q8 kernels (request=64.00 MiB cached=0.00 GiB free=1.10 GiB reserve=1.59 GiB total=31.86 GiB)
ds4: ROCm q8 fp16 cache budget exhausted; using q8 kernels (request=64.00 MiB cached=0.00 GiB free=1.10 GiB reserve=1.59 GiB total=31.86 GiB)
ds4: ROCm q8 fp16 cache budget exhausted; using q8 kernels (request=64.00 MiB cached=0.00 GiB free=1.10 GiB reserve=1.59 GiB total=31.86 GiB)
ds4: ROCm q8 fp16 cache budget exhausted; using q8 kernels (request=64.00 MiB cached=0.00 GiB free=1.10 GiB reserve=1.59 GiB total=31.86 GiB)
ds4: ROCm q8 fp16 cache budget exhausted; using q8 kernels (request=64.00 MiB cached=0.00 GiB free=1.10 GiB reserve=1.59 GiB total=31.86 GiB)
ds4: ROCm q8 fp16 cache budget exhausted; using q8 kernels (request=64.00 MiB cached=0.00 GiB free=1.10 GiB reserve=1.59 GiB total=31.86 GiB)
ds4: ROCm q8 fp16 cache budget exhausted; using q8 kernels (request=64.00 MiB cached=0.00 GiB free=1.10 GiB reserve=1.59 GiB total=31.86 GiB)
ds4: ROCm q8 fp16 cache budget exhausted; using q8 kernels (request=64.00 MiB cached=0.00 GiB free=1.10 GiB reserve=1.59 GiB total=31.86 GiB)
ds4: ROCm q8 fp16 cache budget exhausted; using q8 kernels (request=64.00 MiB cached=0.00 GiB free=1.10 GiB reserve=1.59 GiB total=31.86 GiB)
ds4: ROCm q8 fp16 cache budget exhausted; using q8 kernels (request=64.00 MiB cached=0.00 GiB free=1.10 GiB reserve=1.59 GiB total=31.86 GiB)
ds4: ROCm q8 fp16 cache budget exhausted; using q8 kernels (request=64.00 MiB cached=0.00 GiB free=1.10 GiB reserve=1.59 GiB total=31.86 GiB)
ds4: ROCm q8 fp16 cache budget exhausted; using q8 kernels (request=64.00 MiB cached=0.00 GiB free=1.10 GiB reserve=1.59 GiB total=31.86 GiB)
ds4: ROCm q8 fp16 cache budget exhausted; using q8 kernels (request=64.00 MiB cached=0.00 GiB free=1.10 GiB reserve=1.59 GiB total=31.86 GiB)
ds4: ROCm q8 fp16 cache budget exhausted; using q8 kernels (request=64.00 MiB cached=0.00 GiB free=1.10 GiB reserve=1.59 GiB total=31.86 GiB)
ds4: ROCm q8 fp16 cache budget exhausted; using q8 kernels (request=64.00 MiB cached=0.00 GiB free=1.10 GiB reserve=1.59 GiB total=31.86 GiB)
ds4: ROCm q8 fp16 cache budget exhausted; using q8 kernels (request=64.00 MiB cached=0.00 GiB free=1.10 GiB reserve=1.59 GiB total=31.86 GiB)
case_061 cases=62 prompt=16 target=24 avg_nll=16.143532 lcp=1 api_target_mae=16.143532 api_top_coverage=97/120 api_top1=0.042 api_topn=0.031 api_pair=0.629
ds4: ROCm q8 fp16 cache budget exhausted; using q8 kernels (request=64.00 MiB cached=0.00 GiB free=1.10 GiB reserve=1.59 GiB total=31.86 GiB)
ds4: ROCm q8 fp16 cache budget exhausted; using q8 kernels (request=64.00 MiB cached=0.00 GiB free=1.10 GiB reserve=1.59 GiB total=31.86 GiB)
ds4: ROCm q8 fp16 cache budget exhausted; using q8 kernels (request=64.00 MiB cached=0.00 GiB free=1.10 GiB reserve=1.59 GiB total=31.86 GiB)
ds4: ROCm q8 fp16 cache budget exhausted; using q8 kernels (request=64.00 MiB cached=0.00 GiB free=1.10 GiB reserve=1.59 GiB total=31.86 GiB)
ds4: ROCm q8 fp16 cache budget exhausted; using q8 kernels (request=64.00 MiB cached=0.00 GiB free=1.10 GiB reserve=1.59 GiB total=31.86 GiB)
ds4: ROCm q8 fp16 cache budget exhausted; using q8 kernels (request=64.00 MiB cached=0.00 GiB free=1.10 GiB reserve=1.59 GiB total=31.86 GiB)
ds4: ROCm q8 fp16 cache budget exhausted; using q8 kernels (request=64.00 MiB cached=0.00 GiB free=1.10 GiB reserve=1.59 GiB total=31.86 GiB)
ds4: ROCm q8 fp16 cache budget exhausted; using q8 kernels (request=64.00 MiB cached=0.00 GiB free=1.10 GiB reserve=1.59 GiB total=31.86 GiB)
ds4: ROCm q8 fp16 cache budget exhausted; using q8 kernels (request=64.00 MiB cached=0.00 GiB free=1.10 GiB reserve=1.59 GiB total=31.86 GiB)
ds4: ROCm q8 fp16 cache budget exhausted; using q8 kernels (request=64.00 MiB cached=0.00 GiB free=1.10 GiB reserve=1.59 GiB total=31.86 GiB)
ds4: ROCm q8 fp16 cache budget exhausted; using q8 kernels (request=64.00 MiB cached=0.00 GiB free=1.10 GiB reserve=1.59 GiB total=31.86 GiB)
ds4: ROCm q8 fp16 cache budget exhausted; using q8 kernels (request=64.00 MiB cached=0.00 GiB free=1.10 GiB reserve=1.59 GiB total=31.86 GiB)
ds4: ROCm q8 fp16 cache budget exhausted; using q8 kernels (request=64.00 MiB cached=0.00 GiB free=1.10 GiB reserve=1.59 GiB total=31.86 GiB)
ds4: ROCm q8 fp16 cache budget exhausted; using q8 kernels (request=64.00 MiB cached=0.00 GiB free=1.10 GiB reserve=1.59 GiB total=31.86 GiB)
ds4: ROCm q8 fp16 cache budget exhausted; using q8 kernels (request=64.00 MiB cached=0.00 GiB free=1.10 GiB reserve=1.59 GiB total=31.86 GiB)
ds4: ROCm q8 fp16 cache budget exhausted; using q8 kernels (request=64.00 MiB cached=0.00 GiB free=1.10 GiB reserve=1.59 GiB total=31.86 GiB)
ds4: ROCm q8 fp16 cache budget exhausted; using q8 kernels (request=64.00 MiB cached=0.00 GiB free=1.10 GiB reserve=1.59 GiB total=31.86 GiB)
ds4: ROCm q8 fp16 cache budget exhausted; using q8 kernels (request=64.00 MiB cached=0.00 GiB free=1.10 GiB reserve=1.59 GiB total=31.86 GiB)
ds4: ROCm q8 fp16 cache budget exhausted; using q8 kernels (request=64.00 MiB cached=0.00 GiB free=1.10 GiB reserve=1.59 GiB total=31.86 GiB)
ds4: ROCm q8 fp16 cache budget exhausted; using q8 kernels (request=64.00 MiB cached=0.00 GiB free=1.10 GiB reserve=1.59 GiB total=31.86 GiB)
ds4: ROCm q8 fp16 cache budget exhausted; using q8 kernels (request=64.00 MiB cached=0.00 GiB free=1.10 GiB reserve=1.59 GiB total=31.86 GiB)
ds4: ROCm q8 fp16 cache budget exhausted; using q8 kernels (request=64.00 MiB cached=0.00 GiB free=1.10 GiB reserve=1.59 GiB total=31.86 GiB)
ds4: ROCm q8 fp16 cache budget exhausted; using q8 kernels (request=64.00 MiB cached=0.00 GiB free=1.10 GiB reserve=1.59 GiB total=31.86 GiB)
ds4: ROCm q8 fp16 cache budget exhausted; using q8 kernels (request=64.00 MiB cached=0.00 GiB free=1.10 GiB reserve=1.59 GiB total=31.86 GiB)
ds4: ROCm q8 fp16 cache budget exhausted; using q8 kernels (request=64.00 MiB cached=0.00 GiB free=1.10 GiB reserve=1.59 GiB total=31.86 GiB)
ds4: ROCm q8 fp16 cache budget exhausted; using q8 kernels (request=64.00 MiB cached=0.00 GiB free=1.10 GiB reserve=1.59 GiB total=31.86 GiB)
ds4: ROCm q8 fp16 cache budget exhausted; using q8 kernels (request=64.00 MiB cached=0.00 GiB free=1.10 GiB reserve=1.59 GiB total=31.86 GiB)
ds4: ROCm q8 fp16 cache budget exhausted; using q8 kernels (request=64.00 MiB cached=0.00 GiB free=1.10 GiB reserve=1.59 GiB total=31.86 GiB)
ds4: ROCm q8 fp16 cache budget exhausted; using q8 kernels (request=64.00 MiB cached=0.00 GiB free=1.10 GiB reserve=1.59 GiB total=31.86 GiB)
ds4: ROCm q8 fp16 cache budget exhausted; using q8 kernels (request=64.00 MiB cached=0.00 GiB free=1.10 GiB reserve=1.59 GiB total=31.86 GiB)
ds4: ROCm q8 fp16 cache budget exhausted; using q8 kernels (request=64.00 MiB cached=0.00 GiB free=1.10 GiB reserve=1.59 GiB total=31.86 GiB)
ds4: ROCm q8 fp16 cache budget exhausted; using q8 kernels (request=64.00 MiB cached=0.00 GiB free=1.10 GiB reserve=1.59 GiB total=31.86 GiB)
ds4: ROCm q8 fp16 cache budget exhausted; using q8 kernels (request=64.00 MiB cached=0.00 GiB free=1.10 GiB reserve=1.59 GiB total=31.86 GiB)
ds4: ROCm q8 fp16 cache budget exhausted; using q8 kernels (request=64.00 MiB cached=0.00 GiB free=1.10 GiB reserve=1.59 GiB total=31.86 GiB)
ds4: ROCm q8 fp16 cache budget exhausted; using q8 kernels (request=64.00 MiB cached=0.00 GiB free=1.10 GiB reserve=1.59 GiB total=31.86 GiB)
ds4: ROCm q8 fp16 cache budget exhausted; using q8 kernels (request=64.00 MiB cached=0.00 GiB free=1.10 GiB reserve=1.59 GiB total=31.86 GiB)
ds4: ROCm q8 fp16 cache budget exhausted; using q8 kernels (request=64.00 MiB cached=0.00 GiB free=1.10 GiB reserve=1.59 GiB total=31.86 GiB)
ds4: ROCm q8 fp16 cache budget exhausted; using q8 kernels (request=64.00 MiB cached=0.00 GiB free=1.10 GiB reserve=1.59 GiB total=31.86 GiB)
ds4: ROCm q8 fp16 cache budget exhausted; using q8 kernels (request=64.00 MiB cached=0.00 GiB free=1.10 GiB reserve=1.59 GiB total=31.86 GiB)
ds4: ROCm q8 fp16 cache budget exhausted; using q8 kernels (request=64.00 MiB cached=0.00 GiB free=1.10 GiB reserve=1.59 GiB total=31.86 GiB)
ds4: ROCm q8 fp16 cache budget exhausted; using q8 kernels (request=64.00 MiB cached=0.00 GiB free=1.10 GiB reserve=1.59 GiB total=31.86 GiB)
ds4: ROCm q8 fp16 cache budget exhausted; using q8 kernels (request=64.00 MiB cached=0.00 GiB free=1.10 GiB reserve=1.59 GiB total=31.86 GiB)
ds4: ROCm q8 fp16 cache budget exhausted; using q8 kernels (request=64.00 MiB cached=0.00 GiB free=1.10 GiB reserve=1.59 GiB total=31.86 GiB)
case_062 cases=63 prompt=14 target=24 avg_nll=15.354449 lcp=1 api_target_mae=15.354449 api_top_coverage=97/120 api_top1=0.042 api_topn=0.113 api_pair=0.586
ds4: ROCm q8 fp16 cache budget exhausted; using q8 kernels (request=64.00 MiB cached=0.00 GiB free=1.10 GiB reserve=1.59 GiB total=31.86 GiB)
ds4: ROCm q8 fp16 cache budget exhausted; using q8 kernels (request=64.00 MiB cached=0.00 GiB free=1.10 GiB reserve=1.59 GiB total=31.86 GiB)
ds4: ROCm q8 fp16 cache budget exhausted; using q8 kernels (request=64.00 MiB cached=0.00 GiB free=1.10 GiB reserve=1.59 GiB total=31.86 GiB)
ds4: ROCm q8 fp16 cache budget exhausted; using q8 kernels (request=64.00 MiB cached=0.00 GiB free=1.10 GiB reserve=1.59 GiB total=31.86 GiB)
ds4: ROCm q8 fp16 cache budget exhausted; using q8 kernels (request=64.00 MiB cached=0.00 GiB free=1.10 GiB reserve=1.59 GiB total=31.86 GiB)
ds4: ROCm q8 fp16 cache budget exhausted; using q8 kernels (request=64.00 MiB cached=0.00 GiB free=1.10 GiB reserve=1.59 GiB total=31.86 GiB)
ds4: ROCm q8 fp16 cache budget exhausted; using q8 kernels (request=64.00 MiB cached=0.00 GiB free=1.10 GiB reserve=1.59 GiB total=31.86 GiB)
ds4: ROCm q8 fp16 cache budget exhausted; using q8 kernels (request=64.00 MiB cached=0.00 GiB free=1.10 GiB reserve=1.59 GiB total=31.86 GiB)
ds4: ROCm q8 fp16 cache budget exhausted; using q8 kernels (request=64.00 MiB cached=0.00 GiB free=1.10 GiB reserve=1.59 GiB total=31.86 GiB)
ds4: ROCm q8 fp16 cache budget exhausted; using q8 kernels (request=64.00 MiB cached=0.00 GiB free=1.10 GiB reserve=1.59 GiB total=31.86 GiB)
ds4: ROCm q8 fp16 cache budget exhausted; using q8 kernels (request=64.00 MiB cached=0.00 GiB free=1.10 GiB reserve=1.59 GiB total=31.86 GiB)
ds4: ROCm q8 fp16 cache budget exhausted; using q8 kernels (request=64.00 MiB cached=0.00 GiB free=1.10 GiB reserve=1.59 GiB total=31.86 GiB)
ds4: ROCm q8 fp16 cache budget exhausted; using q8 kernels (request=64.00 MiB cached=0.00 GiB free=1.10 GiB reserve=1.59 GiB total=31.86 GiB)
ds4: ROCm q8 fp16 cache budget exhausted; using q8 kernels (request=64.00 MiB cached=0.00 GiB free=1.10 GiB reserve=1.59 GiB total=31.86 GiB)
ds4: ROCm q8 fp16 cache budget exhausted; using q8 kernels (request=64.00 MiB cached=0.00 GiB free=1.10 GiB reserve=1.59 GiB total=31.86 GiB)
ds4: ROCm q8 fp16 cache budget exhausted; using q8 kernels (request=64.00 MiB cached=0.00 GiB free=1.10 GiB reserve=1.59 GiB total=31.86 GiB)
ds4: ROCm q8 fp16 cache budget exhausted; using q8 kernels (request=64.00 MiB cached=0.00 GiB free=1.10 GiB reserve=1.59 GiB total=31.86 GiB)
ds4: ROCm q8 fp16 cache budget exhausted; using q8 kernels (request=64.00 MiB cached=0.00 GiB free=1.10 GiB reserve=1.59 GiB total=31.86 GiB)
ds4: ROCm q8 fp16 cache budget exhausted; using q8 kernels (request=64.00 MiB cached=0.00 GiB free=1.10 GiB reserve=1.59 GiB total=31.86 GiB)
ds4: ROCm q8 fp16 cache budget exhausted; using q8 kernels (request=64.00 MiB cached=0.00 GiB free=1.10 GiB reserve=1.59 GiB total=31.86 GiB)
ds4: ROCm q8 fp16 cache budget exhausted; using q8 kernels (request=64.00 MiB cached=0.00 GiB free=1.10 GiB reserve=1.59 GiB total=31.86 GiB)
ds4: ROCm q8 fp16 cache budget exhausted; using q8 kernels (request=64.00 MiB cached=0.00 GiB free=1.10 GiB reserve=1.59 GiB total=31.86 GiB)
ds4: ROCm q8 fp16 cache budget exhausted; using q8 kernels (request=64.00 MiB cached=0.00 GiB free=1.10 GiB reserve=1.59 GiB total=31.86 GiB)
ds4: ROCm q8 fp16 cache budget exhausted; using q8 kernels (request=64.00 MiB cached=0.00 GiB free=1.10 GiB reserve=1.59 GiB total=31.86 GiB)
ds4: ROCm q8 fp16 cache budget exhausted; using q8 kernels (request=64.00 MiB cached=0.00 GiB free=1.10 GiB reserve=1.59 GiB total=31.86 GiB)
ds4: ROCm q8 fp16 cache budget exhausted; using q8 kernels (request=64.00 MiB cached=0.00 GiB free=1.10 GiB reserve=1.59 GiB total=31.86 GiB)
ds4: ROCm q8 fp16 cache budget exhausted; using q8 kernels (request=64.00 MiB cached=0.00 GiB free=1.10 GiB reserve=1.59 GiB total=31.86 GiB)
ds4: ROCm q8 fp16 cache budget exhausted; using q8 kernels (request=64.00 MiB cached=0.00 GiB free=1.10 GiB reserve=1.59 GiB total=31.86 GiB)
ds4: ROCm q8 fp16 cache budget exhausted; using q8 kernels (request=64.00 MiB cached=0.00 GiB free=1.10 GiB reserve=1.59 GiB total=31.86 GiB)
ds4: ROCm q8 fp16 cache budget exhausted; using q8 kernels (request=64.00 MiB cached=0.00 GiB free=1.10 GiB reserve=1.59 GiB total=31.86 GiB)
ds4: ROCm q8 fp16 cache budget exhausted; using q8 kernels (request=64.00 MiB cached=0.00 GiB free=1.10 GiB reserve=1.59 GiB total=31.86 GiB)
ds4: ROCm q8 fp16 cache budget exhausted; using q8 kernels (request=64.00 MiB cached=0.00 GiB free=1.10 GiB reserve=1.59 GiB total=31.86 GiB)
ds4: ROCm q8 fp16 cache budget exhausted; using q8 kernels (request=64.00 MiB cached=0.00 GiB free=1.10 GiB reserve=1.59 GiB total=31.86 GiB)
ds4: ROCm q8 fp16 cache budget exhausted; using q8 kernels (request=64.00 MiB cached=0.00 GiB free=1.10 GiB reserve=1.59 GiB total=31.86 GiB)
ds4: ROCm q8 fp16 cache budget exhausted; using q8 kernels (request=64.00 MiB cached=0.00 GiB free=1.10 GiB reserve=1.59 GiB total=31.86 GiB)
ds4: ROCm q8 fp16 cache budget exhausted; using q8 kernels (request=64.00 MiB cached=0.00 GiB free=1.10 GiB reserve=1.59 GiB total=31.86 GiB)
ds4: ROCm q8 fp16 cache budget exhausted; using q8 kernels (request=64.00 MiB cached=0.00 GiB free=1.10 GiB reserve=1.59 GiB total=31.86 GiB)
ds4: ROCm q8 fp16 cache budget exhausted; using q8 kernels (request=64.00 MiB cached=0.00 GiB free=1.10 GiB reserve=1.59 GiB total=31.86 GiB)
ds4: ROCm q8 fp16 cache budget exhausted; using q8 kernels (request=64.00 MiB cached=0.00 GiB free=1.10 GiB reserve=1.59 GiB total=31.86 GiB)
ds4: ROCm q8 fp16 cache budget exhausted; using q8 kernels (request=64.00 MiB cached=0.00 GiB free=1.10 GiB reserve=1.59 GiB total=31.86 GiB)
ds4: ROCm q8 fp16 cache budget exhausted; using q8 kernels (request=64.00 MiB cached=0.00 GiB free=1.10 GiB reserve=1.59 GiB total=31.86 GiB)
ds4: ROCm q8 fp16 cache budget exhausted; using q8 kernels (request=64.00 MiB cached=0.00 GiB free=1.10 GiB reserve=1.59 GiB total=31.86 GiB)
ds4: ROCm q8 fp16 cache budget exhausted; using q8 kernels (request=64.00 MiB cached=0.00 GiB free=1.10 GiB reserve=1.59 GiB total=31.86 GiB)
case_063 cases=64 prompt=15 target=24 avg_nll=16.617803 lcp=1 api_target_mae=16.617803 api_top_coverage=97/120 api_top1=0.042 api_topn=0.082 api_pair=0.641
ds4: ROCm q8 fp16 cache budget exhausted; using q8 kernels (request=64.00 MiB cached=0.00 GiB free=1.10 GiB reserve=1.59 GiB total=31.86 GiB)
ds4: ROCm q8 fp16 cache budget exhausted; using q8 kernels (request=64.00 MiB cached=0.00 GiB free=1.10 GiB reserve=1.59 GiB total=31.86 GiB)
ds4: ROCm q8 fp16 cache budget exhausted; using q8 kernels (request=64.00 MiB cached=0.00 GiB free=1.10 GiB reserve=1.59 GiB total=31.86 GiB)
ds4: ROCm q8 fp16 cache budget exhausted; using q8 kernels (request=64.00 MiB cached=0.00 GiB free=1.10 GiB reserve=1.59 GiB total=31.86 GiB)
ds4: ROCm q8 fp16 cache budget exhausted; using q8 kernels (request=64.00 MiB cached=0.00 GiB free=1.10 GiB reserve=1.59 GiB total=31.86 GiB)
ds4: ROCm q8 fp16 cache budget exhausted; using q8 kernels (request=64.00 MiB cached=0.00 GiB free=1.10 GiB reserve=1.59 GiB total=31.86 GiB)
ds4: ROCm q8 fp16 cache budget exhausted; using q8 kernels (request=64.00 MiB cached=0.00 GiB free=1.10 GiB reserve=1.59 GiB total=31.86 GiB)
ds4: ROCm q8 fp16 cache budget exhausted; using q8 kernels (request=64.00 MiB cached=0.00 GiB free=1.10 GiB reserve=1.59 GiB total=31.86 GiB)
ds4: ROCm q8 fp16 cache budget exhausted; using q8 kernels (request=64.00 MiB cached=0.00 GiB free=1.10 GiB reserve=1.59 GiB total=31.86 GiB)
ds4: ROCm q8 fp16 cache budget exhausted; using q8 kernels (request=64.00 MiB cached=0.00 GiB free=1.10 GiB reserve=1.59 GiB total=31.86 GiB)
ds4: ROCm q8 fp16 cache budget exhausted; using q8 kernels (request=64.00 MiB cached=0.00 GiB free=1.10 GiB reserve=1.59 GiB total=31.86 GiB)
ds4: ROCm q8 fp16 cache budget exhausted; using q8 kernels (request=64.00 MiB cached=0.00 GiB free=1.10 GiB reserve=1.59 GiB total=31.86 GiB)
ds4: ROCm q8 fp16 cache budget exhausted; using q8 kernels (request=64.00 MiB cached=0.00 GiB free=1.10 GiB reserve=1.59 GiB total=31.86 GiB)
ds4: ROCm q8 fp16 cache budget exhausted; using q8 kernels (request=64.00 MiB cached=0.00 GiB free=1.10 GiB reserve=1.59 GiB total=31.86 GiB)
ds4: ROCm q8 fp16 cache budget exhausted; using q8 kernels (request=64.00 MiB cached=0.00 GiB free=1.10 GiB reserve=1.59 GiB total=31.86 GiB)
ds4: ROCm q8 fp16 cache budget exhausted; using q8 kernels (request=64.00 MiB cached=0.00 GiB free=1.10 GiB reserve=1.59 GiB total=31.86 GiB)
ds4: ROCm q8 fp16 cache budget exhausted; using q8 kernels (request=64.00 MiB cached=0.00 GiB free=1.10 GiB reserve=1.59 GiB total=31.86 GiB)
ds4: ROCm q8 fp16 cache budget exhausted; using q8 kernels (request=64.00 MiB cached=0.00 GiB free=1.10 GiB reserve=1.59 GiB total=31.86 GiB)
ds4: ROCm q8 fp16 cache budget exhausted; using q8 kernels (request=64.00 MiB cached=0.00 GiB free=1.10 GiB reserve=1.59 GiB total=31.86 GiB)
ds4: ROCm q8 fp16 cache budget exhausted; using q8 kernels (request=64.00 MiB cached=0.00 GiB free=1.10 GiB reserve=1.59 GiB total=31.86 GiB)
ds4: ROCm q8 fp16 cache budget exhausted; using q8 kernels (request=64.00 MiB cached=0.00 GiB free=1.10 GiB reserve=1.59 GiB total=31.86 GiB)
ds4: ROCm q8 fp16 cache budget exhausted; using q8 kernels (request=64.00 MiB cached=0.00 GiB free=1.10 GiB reserve=1.59 GiB total=31.86 GiB)
ds4: ROCm q8 fp16 cache budget exhausted; using q8 kernels (request=64.00 MiB cached=0.00 GiB free=1.10 GiB reserve=1.59 GiB total=31.86 GiB)
ds4: ROCm q8 fp16 cache budget exhausted; using q8 kernels (request=64.00 MiB cached=0.00 GiB free=1.10 GiB reserve=1.59 GiB total=31.86 GiB)
ds4: ROCm q8 fp16 cache budget exhausted; using q8 kernels (request=64.00 MiB cached=0.00 GiB free=1.10 GiB reserve=1.59 GiB total=31.86 GiB)
ds4: ROCm q8 fp16 cache budget exhausted; using q8 kernels (request=64.00 MiB cached=0.00 GiB free=1.10 GiB reserve=1.59 GiB total=31.86 GiB)
ds4: ROCm q8 fp16 cache budget exhausted; using q8 kernels (request=64.00 MiB cached=0.00 GiB free=1.10 GiB reserve=1.59 GiB total=31.86 GiB)
ds4: ROCm q8 fp16 cache budget exhausted; using q8 kernels (request=64.00 MiB cached=0.00 GiB free=1.10 GiB reserve=1.59 GiB total=31.86 GiB)
ds4: ROCm q8 fp16 cache budget exhausted; using q8 kernels (request=64.00 MiB cached=0.00 GiB free=1.10 GiB reserve=1.59 GiB total=31.86 GiB)
ds4: ROCm q8 fp16 cache budget exhausted; using q8 kernels (request=64.00 MiB cached=0.00 GiB free=1.10 GiB reserve=1.59 GiB total=31.86 GiB)
ds4: ROCm q8 fp16 cache budget exhausted; using q8 kernels (request=64.00 MiB cached=0.00 GiB free=1.10 GiB reserve=1.59 GiB total=31.86 GiB)
ds4: ROCm q8 fp16 cache budget exhausted; using q8 kernels (request=64.00 MiB cached=0.00 GiB free=1.10 GiB reserve=1.59 GiB total=31.86 GiB)
ds4: ROCm q8 fp16 cache budget exhausted; using q8 kernels (request=64.00 MiB cached=0.00 GiB free=1.10 GiB reserve=1.59 GiB total=31.86 GiB)
ds4: ROCm q8 fp16 cache budget exhausted; using q8 kernels (request=64.00 MiB cached=0.00 GiB free=1.10 GiB reserve=1.59 GiB total=31.86 GiB)
ds4: ROCm q8 fp16 cache budget exhausted; using q8 kernels (request=64.00 MiB cached=0.00 GiB free=1.10 GiB reserve=1.59 GiB total=31.86 GiB)
ds4: ROCm q8 fp16 cache budget exhausted; using q8 kernels (request=64.00 MiB cached=0.00 GiB free=1.10 GiB reserve=1.59 GiB total=31.86 GiB)
ds4: ROCm q8 fp16 cache budget exhausted; using q8 kernels (request=64.00 MiB cached=0.00 GiB free=1.10 GiB reserve=1.59 GiB total=31.86 GiB)
ds4: ROCm q8 fp16 cache budget exhausted; using q8 kernels (request=64.00 MiB cached=0.00 GiB free=1.10 GiB reserve=1.59 GiB total=31.86 GiB)
ds4: ROCm q8 fp16 cache budget exhausted; using q8 kernels (request=64.00 MiB cached=0.00 GiB free=1.10 GiB reserve=1.59 GiB total=31.86 GiB)
ds4: ROCm q8 fp16 cache budget exhausted; using q8 kernels (request=64.00 MiB cached=0.00 GiB free=1.10 GiB reserve=1.59 GiB total=31.86 GiB)
ds4: ROCm q8 fp16 cache budget exhausted; using q8 kernels (request=64.00 MiB cached=0.00 GiB free=1.10 GiB reserve=1.59 GiB total=31.86 GiB)
ds4: ROCm q8 fp16 cache budget exhausted; using q8 kernels (request=64.00 MiB cached=0.00 GiB free=1.10 GiB reserve=1.59 GiB total=31.86 GiB)
ds4: ROCm q8 fp16 cache budget exhausted; using q8 kernels (request=64.00 MiB cached=0.00 GiB free=1.10 GiB reserve=1.59 GiB total=31.86 GiB)
case_064 cases=65 prompt=12 target=24 avg_nll=15.504552 lcp=1 api_target_mae=15.504552 api_top_coverage=97/120 api_top1=0.042 api_topn=0.052 api_pair=0.484
ds4: ROCm q8 fp16 cache budget exhausted; using q8 kernels (request=64.00 MiB cached=0.00 GiB free=1.10 GiB reserve=1.59 GiB total=31.86 GiB)
ds4: ROCm q8 fp16 cache budget exhausted; using q8 kernels (request=64.00 MiB cached=0.00 GiB free=1.10 GiB reserve=1.59 GiB total=31.86 GiB)
ds4: ROCm q8 fp16 cache budget exhausted; using q8 kernels (request=64.00 MiB cached=0.00 GiB free=1.10 GiB reserve=1.59 GiB total=31.86 GiB)
ds4: ROCm q8 fp16 cache budget exhausted; using q8 kernels (request=64.00 MiB cached=0.00 GiB free=1.10 GiB reserve=1.59 GiB total=31.86 GiB)
ds4: ROCm q8 fp16 cache budget exhausted; using q8 kernels (request=64.00 MiB cached=0.00 GiB free=1.10 GiB reserve=1.59 GiB total=31.86 GiB)
ds4: ROCm q8 fp16 cache budget exhausted; using q8 kernels (request=64.00 MiB cached=0.00 GiB free=1.10 GiB reserve=1.59 GiB total=31.86 GiB)
ds4: ROCm q8 fp16 cache budget exhausted; using q8 kernels (request=64.00 MiB cached=0.00 GiB free=1.10 GiB reserve=1.59 GiB total=31.86 GiB)
ds4: ROCm q8 fp16 cache budget exhausted; using q8 kernels (request=64.00 MiB cached=0.00 GiB free=1.10 GiB reserve=1.59 GiB total=31.86 GiB)
ds4: ROCm q8 fp16 cache budget exhausted; using q8 kernels (request=64.00 MiB cached=0.00 GiB free=1.10 GiB reserve=1.59 GiB total=31.86 GiB)
ds4: ROCm q8 fp16 cache budget exhausted; using q8 kernels (request=64.00 MiB cached=0.00 GiB free=1.10 GiB reserve=1.59 GiB total=31.86 GiB)
ds4: ROCm q8 fp16 cache budget exhausted; using q8 kernels (request=64.00 MiB cached=0.00 GiB free=1.10 GiB reserve=1.59 GiB total=31.86 GiB)
ds4: ROCm q8 fp16 cache budget exhausted; using q8 kernels (request=64.00 MiB cached=0.00 GiB free=1.10 GiB reserve=1.59 GiB total=31.86 GiB)
ds4: ROCm q8 fp16 cache budget exhausted; using q8 kernels (request=64.00 MiB cached=0.00 GiB free=1.10 GiB reserve=1.59 GiB total=31.86 GiB)
ds4: ROCm q8 fp16 cache budget exhausted; using q8 kernels (request=64.00 MiB cached=0.00 GiB free=1.10 GiB reserve=1.59 GiB total=31.86 GiB)
ds4: ROCm q8 fp16 cache budget exhausted; using q8 kernels (request=64.00 MiB cached=0.00 GiB free=1.10 GiB reserve=1.59 GiB total=31.86 GiB)
ds4: ROCm q8 fp16 cache budget exhausted; using q8 kernels (request=64.00 MiB cached=0.00 GiB free=1.10 GiB reserve=1.59 GiB total=31.86 GiB)
ds4: ROCm q8 fp16 cache budget exhausted; using q8 kernels (request=64.00 MiB cached=0.00 GiB free=1.10 GiB reserve=1.59 GiB total=31.86 GiB)
ds4: ROCm q8 fp16 cache budget exhausted; using q8 kernels (request=64.00 MiB cached=0.00 GiB free=1.10 GiB reserve=1.59 GiB total=31.86 GiB)
ds4: ROCm q8 fp16 cache budget exhausted; using q8 kernels (request=64.00 MiB cached=0.00 GiB free=1.10 GiB reserve=1.59 GiB total=31.86 GiB)
ds4: ROCm q8 fp16 cache budget exhausted; using q8 kernels (request=64.00 MiB cached=0.00 GiB free=1.10 GiB reserve=1.59 GiB total=31.86 GiB)
ds4: ROCm q8 fp16 cache budget exhausted; using q8 kernels (request=64.00 MiB cached=0.00 GiB free=1.10 GiB reserve=1.59 GiB total=31.86 GiB)
ds4: ROCm q8 fp16 cache budget exhausted; using q8 kernels (request=64.00 MiB cached=0.00 GiB free=1.10 GiB reserve=1.59 GiB total=31.86 GiB)
ds4: ROCm q8 fp16 cache budget exhausted; using q8 kernels (request=64.00 MiB cached=0.00 GiB free=1.10 GiB reserve=1.59 GiB total=31.86 GiB)
ds4: ROCm q8 fp16 cache budget exhausted; using q8 kernels (request=64.00 MiB cached=0.00 GiB free=1.10 GiB reserve=1.59 GiB total=31.86 GiB)
ds4: ROCm q8 fp16 cache budget exhausted; using q8 kernels (request=64.00 MiB cached=0.00 GiB free=1.10 GiB reserve=1.59 GiB total=31.86 GiB)
ds4: ROCm q8 fp16 cache budget exhausted; using q8 kernels (request=64.00 MiB cached=0.00 GiB free=1.10 GiB reserve=1.59 GiB total=31.86 GiB)
ds4: ROCm q8 fp16 cache budget exhausted; using q8 kernels (request=64.00 MiB cached=0.00 GiB free=1.10 GiB reserve=1.59 GiB total=31.86 GiB)
ds4: ROCm q8 fp16 cache budget exhausted; using q8 kernels (request=64.00 MiB cached=0.00 GiB free=1.10 GiB reserve=1.59 GiB total=31.86 GiB)
ds4: ROCm q8 fp16 cache budget exhausted; using q8 kernels (request=64.00 MiB cached=0.00 GiB free=1.10 GiB reserve=1.59 GiB total=31.86 GiB)
ds4: ROCm q8 fp16 cache budget exhausted; using q8 kernels (request=64.00 MiB cached=0.00 GiB free=1.10 GiB reserve=1.59 GiB total=31.86 GiB)
ds4: ROCm q8 fp16 cache budget exhausted; using q8 kernels (request=64.00 MiB cached=0.00 GiB free=1.10 GiB reserve=1.59 GiB total=31.86 GiB)
ds4: ROCm q8 fp16 cache budget exhausted; using q8 kernels (request=64.00 MiB cached=0.00 GiB free=1.10 GiB reserve=1.59 GiB total=31.86 GiB)
ds4: ROCm q8 fp16 cache budget exhausted; using q8 kernels (request=64.00 MiB cached=0.00 GiB free=1.10 GiB reserve=1.59 GiB total=31.86 GiB)
ds4: ROCm q8 fp16 cache budget exhausted; using q8 kernels (request=64.00 MiB cached=0.00 GiB free=1.10 GiB reserve=1.59 GiB total=31.86 GiB)
ds4: ROCm q8 fp16 cache budget exhausted; using q8 kernels (request=64.00 MiB cached=0.00 GiB free=1.10 GiB reserve=1.59 GiB total=31.86 GiB)
ds4: ROCm q8 fp16 cache budget exhausted; using q8 kernels (request=64.00 MiB cached=0.00 GiB free=1.10 GiB reserve=1.59 GiB total=31.86 GiB)
ds4: ROCm q8 fp16 cache budget exhausted; using q8 kernels (request=64.00 MiB cached=0.00 GiB free=1.10 GiB reserve=1.59 GiB total=31.86 GiB)
ds4: ROCm q8 fp16 cache budget exhausted; using q8 kernels (request=64.00 MiB cached=0.00 GiB free=1.10 GiB reserve=1.59 GiB total=31.86 GiB)
ds4: ROCm q8 fp16 cache budget exhausted; using q8 kernels (request=64.00 MiB cached=0.00 GiB free=1.10 GiB reserve=1.59 GiB total=31.86 GiB)
ds4: ROCm q8 fp16 cache budget exhausted; using q8 kernels (request=64.00 MiB cached=0.00 GiB free=1.10 GiB reserve=1.59 GiB total=31.86 GiB)
ds4: ROCm q8 fp16 cache budget exhausted; using q8 kernels (request=64.00 MiB cached=0.00 GiB free=1.10 GiB reserve=1.59 GiB total=31.86 GiB)
ds4: ROCm q8 fp16 cache budget exhausted; using q8 kernels (request=64.00 MiB cached=0.00 GiB free=1.10 GiB reserve=1.59 GiB total=31.86 GiB)
ds4: ROCm q8 fp16 cache budget exhausted; using q8 kernels (request=64.00 MiB cached=0.00 GiB free=1.10 GiB reserve=1.59 GiB total=31.86 GiB)
case_065 cases=66 prompt=15 target=24 avg_nll=18.012742 lcp=1 api_target_mae=18.012742 api_top_coverage=97/120 api_top1=0.042 api_topn=0.072 api_pair=0.426
ds4: ROCm q8 fp16 cache budget exhausted; using q8 kernels (request=64.00 MiB cached=0.00 GiB free=1.10 GiB reserve=1.59 GiB total=31.86 GiB)
ds4: ROCm q8 fp16 cache budget exhausted; using q8 kernels (request=64.00 MiB cached=0.00 GiB free=1.10 GiB reserve=1.59 GiB total=31.86 GiB)
ds4: ROCm q8 fp16 cache budget exhausted; using q8 kernels (request=64.00 MiB cached=0.00 GiB free=1.10 GiB reserve=1.59 GiB total=31.86 GiB)
ds4: ROCm q8 fp16 cache budget exhausted; using q8 kernels (request=64.00 MiB cached=0.00 GiB free=1.10 GiB reserve=1.59 GiB total=31.86 GiB)
ds4: ROCm q8 fp16 cache budget exhausted; using q8 kernels (request=64.00 MiB cached=0.00 GiB free=1.10 GiB reserve=1.59 GiB total=31.86 GiB)
ds4: ROCm q8 fp16 cache budget exhausted; using q8 kernels (request=64.00 MiB cached=0.00 GiB free=1.10 GiB reserve=1.59 GiB total=31.86 GiB)
ds4: ROCm q8 fp16 cache budget exhausted; using q8 kernels (request=64.00 MiB cached=0.00 GiB free=1.10 GiB reserve=1.59 GiB total=31.86 GiB)
ds4: ROCm q8 fp16 cache budget exhausted; using q8 kernels (request=64.00 MiB cached=0.00 GiB free=1.10 GiB reserve=1.59 GiB total=31.86 GiB)
ds4: ROCm q8 fp16 cache budget exhausted; using q8 kernels (request=64.00 MiB cached=0.00 GiB free=1.10 GiB reserve=1.59 GiB total=31.86 GiB)
ds4: ROCm q8 fp16 cache budget exhausted; using q8 kernels (request=64.00 MiB cached=0.00 GiB free=1.10 GiB reserve=1.59 GiB total=31.86 GiB)
ds4: ROCm q8 fp16 cache budget exhausted; using q8 kernels (request=64.00 MiB cached=0.00 GiB free=1.10 GiB reserve=1.59 GiB total=31.86 GiB)
ds4: ROCm q8 fp16 cache budget exhausted; using q8 kernels (request=64.00 MiB cached=0.00 GiB free=1.10 GiB reserve=1.59 GiB total=31.86 GiB)
ds4: ROCm q8 fp16 cache budget exhausted; using q8 kernels (request=64.00 MiB cached=0.00 GiB free=1.10 GiB reserve=1.59 GiB total=31.86 GiB)
ds4: ROCm q8 fp16 cache budget exhausted; using q8 kernels (request=64.00 MiB cached=0.00 GiB free=1.10 GiB reserve=1.59 GiB total=31.86 GiB)
ds4: ROCm q8 fp16 cache budget exhausted; using q8 kernels (request=64.00 MiB cached=0.00 GiB free=1.10 GiB reserve=1.59 GiB total=31.86 GiB)
ds4: ROCm q8 fp16 cache budget exhausted; using q8 kernels (request=64.00 MiB cached=0.00 GiB free=1.10 GiB reserve=1.59 GiB total=31.86 GiB)
ds4: ROCm q8 fp16 cache budget exhausted; using q8 kernels (request=64.00 MiB cached=0.00 GiB free=1.10 GiB reserve=1.59 GiB total=31.86 GiB)
ds4: ROCm q8 fp16 cache budget exhausted; using q8 kernels (request=64.00 MiB cached=0.00 GiB free=1.10 GiB reserve=1.59 GiB total=31.86 GiB)
ds4: ROCm q8 fp16 cache budget exhausted; using q8 kernels (request=64.00 MiB cached=0.00 GiB free=1.10 GiB reserve=1.59 GiB total=31.86 GiB)
ds4: ROCm q8 fp16 cache budget exhausted; using q8 kernels (request=64.00 MiB cached=0.00 GiB free=1.10 GiB reserve=1.59 GiB total=31.86 GiB)
ds4: ROCm q8 fp16 cache budget exhausted; using q8 kernels (request=64.00 MiB cached=0.00 GiB free=1.10 GiB reserve=1.59 GiB total=31.86 GiB)
ds4: ROCm q8 fp16 cache budget exhausted; using q8 kernels (request=64.00 MiB cached=0.00 GiB free=1.10 GiB reserve=1.59 GiB total=31.86 GiB)
ds4: ROCm q8 fp16 cache budget exhausted; using q8 kernels (request=64.00 MiB cached=0.00 GiB free=1.10 GiB reserve=1.59 GiB total=31.86 GiB)
ds4: ROCm q8 fp16 cache budget exhausted; using q8 kernels (request=64.00 MiB cached=0.00 GiB free=1.10 GiB reserve=1.59 GiB total=31.86 GiB)
ds4: ROCm q8 fp16 cache budget exhausted; using q8 kernels (request=64.00 MiB cached=0.00 GiB free=1.10 GiB reserve=1.59 GiB total=31.86 GiB)
ds4: ROCm q8 fp16 cache budget exhausted; using q8 kernels (request=64.00 MiB cached=0.00 GiB free=1.10 GiB reserve=1.59 GiB total=31.86 GiB)
ds4: ROCm q8 fp16 cache budget exhausted; using q8 kernels (request=64.00 MiB cached=0.00 GiB free=1.10 GiB reserve=1.59 GiB total=31.86 GiB)
ds4: ROCm q8 fp16 cache budget exhausted; using q8 kernels (request=64.00 MiB cached=0.00 GiB free=1.10 GiB reserve=1.59 GiB total=31.86 GiB)
ds4: ROCm q8 fp16 cache budget exhausted; using q8 kernels (request=64.00 MiB cached=0.00 GiB free=1.10 GiB reserve=1.59 GiB total=31.86 GiB)
ds4: ROCm q8 fp16 cache budget exhausted; using q8 kernels (request=64.00 MiB cached=0.00 GiB free=1.10 GiB reserve=1.59 GiB total=31.86 GiB)
ds4: ROCm q8 fp16 cache budget exhausted; using q8 kernels (request=64.00 MiB cached=0.00 GiB free=1.10 GiB reserve=1.59 GiB total=31.86 GiB)
ds4: ROCm q8 fp16 cache budget exhausted; using q8 kernels (request=64.00 MiB cached=0.00 GiB free=1.10 GiB reserve=1.59 GiB total=31.86 GiB)
ds4: ROCm q8 fp16 cache budget exhausted; using q8 kernels (request=64.00 MiB cached=0.00 GiB free=1.10 GiB reserve=1.59 GiB total=31.86 GiB)
ds4: ROCm q8 fp16 cache budget exhausted; using q8 kernels (request=64.00 MiB cached=0.00 GiB free=1.10 GiB reserve=1.59 GiB total=31.86 GiB)
ds4: ROCm q8 fp16 cache budget exhausted; using q8 kernels (request=64.00 MiB cached=0.00 GiB free=1.10 GiB reserve=1.59 GiB total=31.86 GiB)
ds4: ROCm q8 fp16 cache budget exhausted; using q8 kernels (request=64.00 MiB cached=0.00 GiB free=1.10 GiB reserve=1.59 GiB total=31.86 GiB)
ds4: ROCm q8 fp16 cache budget exhausted; using q8 kernels (request=64.00 MiB cached=0.00 GiB free=1.10 GiB reserve=1.59 GiB total=31.86 GiB)
ds4: ROCm q8 fp16 cache budget exhausted; using q8 kernels (request=64.00 MiB cached=0.00 GiB free=1.10 GiB reserve=1.59 GiB total=31.86 GiB)
ds4: ROCm q8 fp16 cache budget exhausted; using q8 kernels (request=64.00 MiB cached=0.00 GiB free=1.10 GiB reserve=1.59 GiB total=31.86 GiB)
ds4: ROCm q8 fp16 cache budget exhausted; using q8 kernels (request=64.00 MiB cached=0.00 GiB free=1.10 GiB reserve=1.59 GiB total=31.86 GiB)
ds4: ROCm q8 fp16 cache budget exhausted; using q8 kernels (request=64.00 MiB cached=0.00 GiB free=1.10 GiB reserve=1.59 GiB total=31.86 GiB)
ds4: ROCm q8 fp16 cache budget exhausted; using q8 kernels (request=64.00 MiB cached=0.00 GiB free=1.10 GiB reserve=1.59 GiB total=31.86 GiB)
ds4: ROCm q8 fp16 cache budget exhausted; using q8 kernels (request=64.00 MiB cached=0.00 GiB free=1.10 GiB reserve=1.59 GiB total=31.86 GiB)
case_066 cases=67 prompt=16 target=24 avg_nll=16.966014 lcp=1 api_target_mae=16.966014 api_top_coverage=99/120 api_top1=0.042 api_topn=0.061 api_pair=0.621
ds4: ROCm q8 fp16 cache budget exhausted; using q8 kernels (request=64.00 MiB cached=0.00 GiB free=1.10 GiB reserve=1.59 GiB total=31.86 GiB)
ds4: ROCm q8 fp16 cache budget exhausted; using q8 kernels (request=64.00 MiB cached=0.00 GiB free=1.10 GiB reserve=1.59 GiB total=31.86 GiB)
ds4: ROCm q8 fp16 cache budget exhausted; using q8 kernels (request=64.00 MiB cached=0.00 GiB free=1.10 GiB reserve=1.59 GiB total=31.86 GiB)
ds4: ROCm q8 fp16 cache budget exhausted; using q8 kernels (request=64.00 MiB cached=0.00 GiB free=1.10 GiB reserve=1.59 GiB total=31.86 GiB)
ds4: ROCm q8 fp16 cache budget exhausted; using q8 kernels (request=64.00 MiB cached=0.00 GiB free=1.10 GiB reserve=1.59 GiB total=31.86 GiB)
ds4: ROCm q8 fp16 cache budget exhausted; using q8 kernels (request=64.00 MiB cached=0.00 GiB free=1.10 GiB reserve=1.59 GiB total=31.86 GiB)
ds4: ROCm q8 fp16 cache budget exhausted; using q8 kernels (request=64.00 MiB cached=0.00 GiB free=1.10 GiB reserve=1.59 GiB total=31.86 GiB)
ds4: ROCm q8 fp16 cache budget exhausted; using q8 kernels (request=64.00 MiB cached=0.00 GiB free=1.10 GiB reserve=1.59 GiB total=31.86 GiB)
ds4: ROCm q8 fp16 cache budget exhausted; using q8 kernels (request=64.00 MiB cached=0.00 GiB free=1.10 GiB reserve=1.59 GiB total=31.86 GiB)
ds4: ROCm q8 fp16 cache budget exhausted; using q8 kernels (request=64.00 MiB cached=0.00 GiB free=1.10 GiB reserve=1.59 GiB total=31.86 GiB)
ds4: ROCm q8 fp16 cache budget exhausted; using q8 kernels (request=64.00 MiB cached=0.00 GiB free=1.10 GiB reserve=1.59 GiB total=31.86 GiB)
ds4: ROCm q8 fp16 cache budget exhausted; using q8 kernels (request=64.00 MiB cached=0.00 GiB free=1.10 GiB reserve=1.59 GiB total=31.86 GiB)
ds4: ROCm q8 fp16 cache budget exhausted; using q8 kernels (request=64.00 MiB cached=0.00 GiB free=1.10 GiB reserve=1.59 GiB total=31.86 GiB)
ds4: ROCm q8 fp16 cache budget exhausted; using q8 kernels (request=64.00 MiB cached=0.00 GiB free=1.10 GiB reserve=1.59 GiB total=31.86 GiB)
ds4: ROCm q8 fp16 cache budget exhausted; using q8 kernels (request=64.00 MiB cached=0.00 GiB free=1.10 GiB reserve=1.59 GiB total=31.86 GiB)
ds4: ROCm q8 fp16 cache budget exhausted; using q8 kernels (request=64.00 MiB cached=0.00 GiB free=1.10 GiB reserve=1.59 GiB total=31.86 GiB)
ds4: ROCm q8 fp16 cache budget exhausted; using q8 kernels (request=64.00 MiB cached=0.00 GiB free=1.10 GiB reserve=1.59 GiB total=31.86 GiB)
ds4: ROCm q8 fp16 cache budget exhausted; using q8 kernels (request=64.00 MiB cached=0.00 GiB free=1.10 GiB reserve=1.59 GiB total=31.86 GiB)
ds4: ROCm q8 fp16 cache budget exhausted; using q8 kernels (request=64.00 MiB cached=0.00 GiB free=1.10 GiB reserve=1.59 GiB total=31.86 GiB)
ds4: ROCm q8 fp16 cache budget exhausted; using q8 kernels (request=64.00 MiB cached=0.00 GiB free=1.10 GiB reserve=1.59 GiB total=31.86 GiB)
ds4: ROCm q8 fp16 cache budget exhausted; using q8 kernels (request=64.00 MiB cached=0.00 GiB free=1.10 GiB reserve=1.59 GiB total=31.86 GiB)
ds4: ROCm q8 fp16 cache budget exhausted; using q8 kernels (request=64.00 MiB cached=0.00 GiB free=1.10 GiB reserve=1.59 GiB total=31.86 GiB)
ds4: ROCm q8 fp16 cache budget exhausted; using q8 kernels (request=64.00 MiB cached=0.00 GiB free=1.10 GiB reserve=1.59 GiB total=31.86 GiB)
ds4: ROCm q8 fp16 cache budget exhausted; using q8 kernels (request=64.00 MiB cached=0.00 GiB free=1.10 GiB reserve=1.59 GiB total=31.86 GiB)
ds4: ROCm q8 fp16 cache budget exhausted; using q8 kernels (request=64.00 MiB cached=0.00 GiB free=1.10 GiB reserve=1.59 GiB total=31.86 GiB)
ds4: ROCm q8 fp16 cache budget exhausted; using q8 kernels (request=64.00 MiB cached=0.00 GiB free=1.10 GiB reserve=1.59 GiB total=31.86 GiB)
ds4: ROCm q8 fp16 cache budget exhausted; using q8 kernels (request=64.00 MiB cached=0.00 GiB free=1.10 GiB reserve=1.59 GiB total=31.86 GiB)
ds4: ROCm q8 fp16 cache budget exhausted; using q8 kernels (request=64.00 MiB cached=0.00 GiB free=1.10 GiB reserve=1.59 GiB total=31.86 GiB)
ds4: ROCm q8 fp16 cache budget exhausted; using q8 kernels (request=64.00 MiB cached=0.00 GiB free=1.10 GiB reserve=1.59 GiB total=31.86 GiB)
ds4: ROCm q8 fp16 cache budget exhausted; using q8 kernels (request=64.00 MiB cached=0.00 GiB free=1.10 GiB reserve=1.59 GiB total=31.86 GiB)
ds4: ROCm q8 fp16 cache budget exhausted; using q8 kernels (request=64.00 MiB cached=0.00 GiB free=1.10 GiB reserve=1.59 GiB total=31.86 GiB)
ds4: ROCm q8 fp16 cache budget exhausted; using q8 kernels (request=64.00 MiB cached=0.00 GiB free=1.10 GiB reserve=1.59 GiB total=31.86 GiB)
ds4: ROCm q8 fp16 cache budget exhausted; using q8 kernels (request=64.00 MiB cached=0.00 GiB free=1.10 GiB reserve=1.59 GiB total=31.86 GiB)
ds4: ROCm q8 fp16 cache budget exhausted; using q8 kernels (request=64.00 MiB cached=0.00 GiB free=1.10 GiB reserve=1.59 GiB total=31.86 GiB)
ds4: ROCm q8 fp16 cache budget exhausted; using q8 kernels (request=64.00 MiB cached=0.00 GiB free=1.10 GiB reserve=1.59 GiB total=31.86 GiB)
ds4: ROCm q8 fp16 cache budget exhausted; using q8 kernels (request=64.00 MiB cached=0.00 GiB free=1.10 GiB reserve=1.59 GiB total=31.86 GiB)
ds4: ROCm q8 fp16 cache budget exhausted; using q8 kernels (request=64.00 MiB cached=0.00 GiB free=1.10 GiB reserve=1.59 GiB total=31.86 GiB)
ds4: ROCm q8 fp16 cache budget exhausted; using q8 kernels (request=64.00 MiB cached=0.00 GiB free=1.10 GiB reserve=1.59 GiB total=31.86 GiB)
ds4: ROCm q8 fp16 cache budget exhausted; using q8 kernels (request=64.00 MiB cached=0.00 GiB free=1.10 GiB reserve=1.59 GiB total=31.86 GiB)
ds4: ROCm q8 fp16 cache budget exhausted; using q8 kernels (request=64.00 MiB cached=0.00 GiB free=1.10 GiB reserve=1.59 GiB total=31.86 GiB)
ds4: ROCm q8 fp16 cache budget exhausted; using q8 kernels (request=64.00 MiB cached=0.00 GiB free=1.10 GiB reserve=1.59 GiB total=31.86 GiB)
ds4: ROCm q8 fp16 cache budget exhausted; using q8 kernels (request=64.00 MiB cached=0.00 GiB free=1.10 GiB reserve=1.59 GiB total=31.86 GiB)
ds4: ROCm q8 fp16 cache budget exhausted; using q8 kernels (request=64.00 MiB cached=0.00 GiB free=1.10 GiB reserve=1.59 GiB total=31.86 GiB)
case_067 cases=68 prompt=17 target=24 avg_nll=16.016552 lcp=1 api_target_mae=16.016552 api_top_coverage=98/120 api_top1=0.042 api_topn=0.092 api_pair=0.500
ds4: ROCm q8 fp16 cache budget exhausted; using q8 kernels (request=64.00 MiB cached=0.00 GiB free=1.10 GiB reserve=1.59 GiB total=31.86 GiB)
ds4: ROCm q8 fp16 cache budget exhausted; using q8 kernels (request=64.00 MiB cached=0.00 GiB free=1.10 GiB reserve=1.59 GiB total=31.86 GiB)
ds4: ROCm q8 fp16 cache budget exhausted; using q8 kernels (request=64.00 MiB cached=0.00 GiB free=1.10 GiB reserve=1.59 GiB total=31.86 GiB)
ds4: ROCm q8 fp16 cache budget exhausted; using q8 kernels (request=64.00 MiB cached=0.00 GiB free=1.10 GiB reserve=1.59 GiB total=31.86 GiB)
ds4: ROCm q8 fp16 cache budget exhausted; using q8 kernels (request=64.00 MiB cached=0.00 GiB free=1.10 GiB reserve=1.59 GiB total=31.86 GiB)
ds4: ROCm q8 fp16 cache budget exhausted; using q8 kernels (request=64.00 MiB cached=0.00 GiB free=1.10 GiB reserve=1.59 GiB total=31.86 GiB)
ds4: ROCm q8 fp16 cache budget exhausted; using q8 kernels (request=64.00 MiB cached=0.00 GiB free=1.10 GiB reserve=1.59 GiB total=31.86 GiB)
ds4: ROCm q8 fp16 cache budget exhausted; using q8 kernels (request=64.00 MiB cached=0.00 GiB free=1.10 GiB reserve=1.59 GiB total=31.86 GiB)
ds4: ROCm q8 fp16 cache budget exhausted; using q8 kernels (request=64.00 MiB cached=0.00 GiB free=1.10 GiB reserve=1.59 GiB total=31.86 GiB)
ds4: ROCm q8 fp16 cache budget exhausted; using q8 kernels (request=64.00 MiB cached=0.00 GiB free=1.10 GiB reserve=1.59 GiB total=31.86 GiB)
ds4: ROCm q8 fp16 cache budget exhausted; using q8 kernels (request=64.00 MiB cached=0.00 GiB free=1.10 GiB reserve=1.59 GiB total=31.86 GiB)
ds4: ROCm q8 fp16 cache budget exhausted; using q8 kernels (request=64.00 MiB cached=0.00 GiB free=1.10 GiB reserve=1.59 GiB total=31.86 GiB)
ds4: ROCm q8 fp16 cache budget exhausted; using q8 kernels (request=64.00 MiB cached=0.00 GiB free=1.10 GiB reserve=1.59 GiB total=31.86 GiB)
ds4: ROCm q8 fp16 cache budget exhausted; using q8 kernels (request=64.00 MiB cached=0.00 GiB free=1.10 GiB reserve=1.59 GiB total=31.86 GiB)
ds4: ROCm q8 fp16 cache budget exhausted; using q8 kernels (request=64.00 MiB cached=0.00 GiB free=1.10 GiB reserve=1.59 GiB total=31.86 GiB)
ds4: ROCm q8 fp16 cache budget exhausted; using q8 kernels (request=64.00 MiB cached=0.00 GiB free=1.10 GiB reserve=1.59 GiB total=31.86 GiB)
ds4: ROCm q8 fp16 cache budget exhausted; using q8 kernels (request=64.00 MiB cached=0.00 GiB free=1.10 GiB reserve=1.59 GiB total=31.86 GiB)
ds4: ROCm q8 fp16 cache budget exhausted; using q8 kernels (request=64.00 MiB cached=0.00 GiB free=1.10 GiB reserve=1.59 GiB total=31.86 GiB)
ds4: ROCm q8 fp16 cache budget exhausted; using q8 kernels (request=64.00 MiB cached=0.00 GiB free=1.10 GiB reserve=1.59 GiB total=31.86 GiB)
ds4: ROCm q8 fp16 cache budget exhausted; using q8 kernels (request=64.00 MiB cached=0.00 GiB free=1.10 GiB reserve=1.59 GiB total=31.86 GiB)
ds4: ROCm q8 fp16 cache budget exhausted; using q8 kernels (request=64.00 MiB cached=0.00 GiB free=1.10 GiB reserve=1.59 GiB total=31.86 GiB)
ds4: ROCm q8 fp16 cache budget exhausted; using q8 kernels (request=64.00 MiB cached=0.00 GiB free=1.10 GiB reserve=1.59 GiB total=31.86 GiB)
ds4: ROCm q8 fp16 cache budget exhausted; using q8 kernels (request=64.00 MiB cached=0.00 GiB free=1.10 GiB reserve=1.59 GiB total=31.86 GiB)
ds4: ROCm q8 fp16 cache budget exhausted; using q8 kernels (request=64.00 MiB cached=0.00 GiB free=1.10 GiB reserve=1.59 GiB total=31.86 GiB)
ds4: ROCm q8 fp16 cache budget exhausted; using q8 kernels (request=64.00 MiB cached=0.00 GiB free=1.10 GiB reserve=1.59 GiB total=31.86 GiB)
ds4: ROCm q8 fp16 cache budget exhausted; using q8 kernels (request=64.00 MiB cached=0.00 GiB free=1.10 GiB reserve=1.59 GiB total=31.86 GiB)
ds4: ROCm q8 fp16 cache budget exhausted; using q8 kernels (request=64.00 MiB cached=0.00 GiB free=1.10 GiB reserve=1.59 GiB total=31.86 GiB)
ds4: ROCm q8 fp16 cache budget exhausted; using q8 kernels (request=64.00 MiB cached=0.00 GiB free=1.10 GiB reserve=1.59 GiB total=31.86 GiB)
ds4: ROCm q8 fp16 cache budget exhausted; using q8 kernels (request=64.00 MiB cached=0.00 GiB free=1.10 GiB reserve=1.59 GiB total=31.86 GiB)
ds4: ROCm q8 fp16 cache budget exhausted; using q8 kernels (request=64.00 MiB cached=0.00 GiB free=1.10 GiB reserve=1.59 GiB total=31.86 GiB)
ds4: ROCm q8 fp16 cache budget exhausted; using q8 kernels (request=64.00 MiB cached=0.00 GiB free=1.10 GiB reserve=1.59 GiB total=31.86 GiB)
ds4: ROCm q8 fp16 cache budget exhausted; using q8 kernels (request=64.00 MiB cached=0.00 GiB free=1.10 GiB reserve=1.59 GiB total=31.86 GiB)
ds4: ROCm q8 fp16 cache budget exhausted; using q8 kernels (request=64.00 MiB cached=0.00 GiB free=1.10 GiB reserve=1.59 GiB total=31.86 GiB)
ds4: ROCm q8 fp16 cache budget exhausted; using q8 kernels (request=64.00 MiB cached=0.00 GiB free=1.10 GiB reserve=1.59 GiB total=31.86 GiB)
ds4: ROCm q8 fp16 cache budget exhausted; using q8 kernels (request=64.00 MiB cached=0.00 GiB free=1.10 GiB reserve=1.59 GiB total=31.86 GiB)
ds4: ROCm q8 fp16 cache budget exhausted; using q8 kernels (request=64.00 MiB cached=0.00 GiB free=1.10 GiB reserve=1.59 GiB total=31.86 GiB)
ds4: ROCm q8 fp16 cache budget exhausted; using q8 kernels (request=64.00 MiB cached=0.00 GiB free=1.10 GiB reserve=1.59 GiB total=31.86 GiB)
ds4: ROCm q8 fp16 cache budget exhausted; using q8 kernels (request=64.00 MiB cached=0.00 GiB free=1.10 GiB reserve=1.59 GiB total=31.86 GiB)
ds4: ROCm q8 fp16 cache budget exhausted; using q8 kernels (request=64.00 MiB cached=0.00 GiB free=1.10 GiB reserve=1.59 GiB total=31.86 GiB)
ds4: ROCm q8 fp16 cache budget exhausted; using q8 kernels (request=64.00 MiB cached=0.00 GiB free=1.10 GiB reserve=1.59 GiB total=31.86 GiB)
ds4: ROCm q8 fp16 cache budget exhausted; using q8 kernels (request=64.00 MiB cached=0.00 GiB free=1.10 GiB reserve=1.59 GiB total=31.86 GiB)
ds4: ROCm q8 fp16 cache budget exhausted; using q8 kernels (request=64.00 MiB cached=0.00 GiB free=1.10 GiB reserve=1.59 GiB total=31.86 GiB)
ds4: ROCm q8 fp16 cache budget exhausted; using q8 kernels (request=64.00 MiB cached=0.00 GiB free=1.10 GiB reserve=1.59 GiB total=31.86 GiB)
case_068 cases=69 prompt=17 target=24 avg_nll=16.306511 lcp=1 api_target_mae=16.306511 api_top_coverage=99/120 api_top1=0.042 api_topn=0.051 api_pair=0.576
ds4: ROCm q8 fp16 cache budget exhausted; using q8 kernels (request=64.00 MiB cached=0.00 GiB free=1.10 GiB reserve=1.59 GiB total=31.86 GiB)
ds4: ROCm q8 fp16 cache budget exhausted; using q8 kernels (request=64.00 MiB cached=0.00 GiB free=1.10 GiB reserve=1.59 GiB total=31.86 GiB)
ds4: ROCm q8 fp16 cache budget exhausted; using q8 kernels (request=64.00 MiB cached=0.00 GiB free=1.10 GiB reserve=1.59 GiB total=31.86 GiB)
ds4: ROCm q8 fp16 cache budget exhausted; using q8 kernels (request=64.00 MiB cached=0.00 GiB free=1.10 GiB reserve=1.59 GiB total=31.86 GiB)
ds4: ROCm q8 fp16 cache budget exhausted; using q8 kernels (request=64.00 MiB cached=0.00 GiB free=1.10 GiB reserve=1.59 GiB total=31.86 GiB)
ds4: ROCm q8 fp16 cache budget exhausted; using q8 kernels (request=64.00 MiB cached=0.00 GiB free=1.10 GiB reserve=1.59 GiB total=31.86 GiB)
ds4: ROCm q8 fp16 cache budget exhausted; using q8 kernels (request=64.00 MiB cached=0.00 GiB free=1.10 GiB reserve=1.59 GiB total=31.86 GiB)
ds4: ROCm q8 fp16 cache budget exhausted; using q8 kernels (request=64.00 MiB cached=0.00 GiB free=1.10 GiB reserve=1.59 GiB total=31.86 GiB)
ds4: ROCm q8 fp16 cache budget exhausted; using q8 kernels (request=64.00 MiB cached=0.00 GiB free=1.10 GiB reserve=1.59 GiB total=31.86 GiB)
ds4: ROCm q8 fp16 cache budget exhausted; using q8 kernels (request=64.00 MiB cached=0.00 GiB free=1.10 GiB reserve=1.59 GiB total=31.86 GiB)
ds4: ROCm q8 fp16 cache budget exhausted; using q8 kernels (request=64.00 MiB cached=0.00 GiB free=1.10 GiB reserve=1.59 GiB total=31.86 GiB)
ds4: ROCm q8 fp16 cache budget exhausted; using q8 kernels (request=64.00 MiB cached=0.00 GiB free=1.10 GiB reserve=1.59 GiB total=31.86 GiB)
ds4: ROCm q8 fp16 cache budget exhausted; using q8 kernels (request=64.00 MiB cached=0.00 GiB free=1.10 GiB reserve=1.59 GiB total=31.86 GiB)
ds4: ROCm q8 fp16 cache budget exhausted; using q8 kernels (request=64.00 MiB cached=0.00 GiB free=1.10 GiB reserve=1.59 GiB total=31.86 GiB)
ds4: ROCm q8 fp16 cache budget exhausted; using q8 kernels (request=64.00 MiB cached=0.00 GiB free=1.10 GiB reserve=1.59 GiB total=31.86 GiB)
ds4: ROCm q8 fp16 cache budget exhausted; using q8 kernels (request=64.00 MiB cached=0.00 GiB free=1.10 GiB reserve=1.59 GiB total=31.86 GiB)
ds4: ROCm q8 fp16 cache budget exhausted; using q8 kernels (request=64.00 MiB cached=0.00 GiB free=1.10 GiB reserve=1.59 GiB total=31.86 GiB)
ds4: ROCm q8 fp16 cache budget exhausted; using q8 kernels (request=64.00 MiB cached=0.00 GiB free=1.10 GiB reserve=1.59 GiB total=31.86 GiB)
ds4: ROCm q8 fp16 cache budget exhausted; using q8 kernels (request=64.00 MiB cached=0.00 GiB free=1.10 GiB reserve=1.59 GiB total=31.86 GiB)
ds4: ROCm q8 fp16 cache budget exhausted; using q8 kernels (request=64.00 MiB cached=0.00 GiB free=1.10 GiB reserve=1.59 GiB total=31.86 GiB)
ds4: ROCm q8 fp16 cache budget exhausted; using q8 kernels (request=64.00 MiB cached=0.00 GiB free=1.10 GiB reserve=1.59 GiB total=31.86 GiB)
ds4: ROCm q8 fp16 cache budget exhausted; using q8 kernels (request=64.00 MiB cached=0.00 GiB free=1.10 GiB reserve=1.59 GiB total=31.86 GiB)
ds4: ROCm q8 fp16 cache budget exhausted; using q8 kernels (request=64.00 MiB cached=0.00 GiB free=1.10 GiB reserve=1.59 GiB total=31.86 GiB)
ds4: ROCm q8 fp16 cache budget exhausted; using q8 kernels (request=64.00 MiB cached=0.00 GiB free=1.10 GiB reserve=1.59 GiB total=31.86 GiB)
ds4: ROCm q8 fp16 cache budget exhausted; using q8 kernels (request=64.00 MiB cached=0.00 GiB free=1.10 GiB reserve=1.59 GiB total=31.86 GiB)
ds4: ROCm q8 fp16 cache budget exhausted; using q8 kernels (request=64.00 MiB cached=0.00 GiB free=1.10 GiB reserve=1.59 GiB total=31.86 GiB)
ds4: ROCm q8 fp16 cache budget exhausted; using q8 kernels (request=64.00 MiB cached=0.00 GiB free=1.10 GiB reserve=1.59 GiB total=31.86 GiB)
ds4: ROCm q8 fp16 cache budget exhausted; using q8 kernels (request=64.00 MiB cached=0.00 GiB free=1.10 GiB reserve=1.59 GiB total=31.86 GiB)
ds4: ROCm q8 fp16 cache budget exhausted; using q8 kernels (request=64.00 MiB cached=0.00 GiB free=1.10 GiB reserve=1.59 GiB total=31.86 GiB)
ds4: ROCm q8 fp16 cache budget exhausted; using q8 kernels (request=64.00 MiB cached=0.00 GiB free=1.10 GiB reserve=1.59 GiB total=31.86 GiB)
ds4: ROCm q8 fp16 cache budget exhausted; using q8 kernels (request=64.00 MiB cached=0.00 GiB free=1.10 GiB reserve=1.59 GiB total=31.86 GiB)
ds4: ROCm q8 fp16 cache budget exhausted; using q8 kernels (request=64.00 MiB cached=0.00 GiB free=1.10 GiB reserve=1.59 GiB total=31.86 GiB)
ds4: ROCm q8 fp16 cache budget exhausted; using q8 kernels (request=64.00 MiB cached=0.00 GiB free=1.10 GiB reserve=1.59 GiB total=31.86 GiB)
ds4: ROCm q8 fp16 cache budget exhausted; using q8 kernels (request=64.00 MiB cached=0.00 GiB free=1.10 GiB reserve=1.59 GiB total=31.86 GiB)
ds4: ROCm q8 fp16 cache budget exhausted; using q8 kernels (request=64.00 MiB cached=0.00 GiB free=1.10 GiB reserve=1.59 GiB total=31.86 GiB)
ds4: ROCm q8 fp16 cache budget exhausted; using q8 kernels (request=64.00 MiB cached=0.00 GiB free=1.10 GiB reserve=1.59 GiB total=31.86 GiB)
ds4: ROCm q8 fp16 cache budget exhausted; using q8 kernels (request=64.00 MiB cached=0.00 GiB free=1.10 GiB reserve=1.59 GiB total=31.86 GiB)
ds4: ROCm q8 fp16 cache budget exhausted; using q8 kernels (request=64.00 MiB cached=0.00 GiB free=1.10 GiB reserve=1.59 GiB total=31.86 GiB)
ds4: ROCm q8 fp16 cache budget exhausted; using q8 kernels (request=64.00 MiB cached=0.00 GiB free=1.10 GiB reserve=1.59 GiB total=31.86 GiB)
ds4: ROCm q8 fp16 cache budget exhausted; using q8 kernels (request=64.00 MiB cached=0.00 GiB free=1.10 GiB reserve=1.59 GiB total=31.86 GiB)
ds4: ROCm q8 fp16 cache budget exhausted; using q8 kernels (request=64.00 MiB cached=0.00 GiB free=1.10 GiB reserve=1.59 GiB total=31.86 GiB)
ds4: ROCm q8 fp16 cache budget exhausted; using q8 kernels (request=64.00 MiB cached=0.00 GiB free=1.10 GiB reserve=1.59 GiB total=31.86 GiB)
ds4: ROCm q8 fp16 cache budget exhausted; using q8 kernels (request=64.00 MiB cached=0.00 GiB free=1.10 GiB reserve=1.59 GiB total=31.86 GiB)
case_069 cases=70 prompt=18 target=24 avg_nll=16.093416 lcp=1 api_target_mae=16.093416 api_top_coverage=99/120 api_top1=0.042 api_topn=0.061 api_pair=0.583
ds4: ROCm q8 fp16 cache budget exhausted; using q8 kernels (request=64.00 MiB cached=0.00 GiB free=1.10 GiB reserve=1.59 GiB total=31.86 GiB)
ds4: ROCm q8 fp16 cache budget exhausted; using q8 kernels (request=64.00 MiB cached=0.00 GiB free=1.10 GiB reserve=1.59 GiB total=31.86 GiB)
ds4: ROCm q8 fp16 cache budget exhausted; using q8 kernels (request=64.00 MiB cached=0.00 GiB free=1.10 GiB reserve=1.59 GiB total=31.86 GiB)
ds4: ROCm q8 fp16 cache budget exhausted; using q8 kernels (request=64.00 MiB cached=0.00 GiB free=1.10 GiB reserve=1.59 GiB total=31.86 GiB)
ds4: ROCm q8 fp16 cache budget exhausted; using q8 kernels (request=64.00 MiB cached=0.00 GiB free=1.10 GiB reserve=1.59 GiB total=31.86 GiB)
ds4: ROCm q8 fp16 cache budget exhausted; using q8 kernels (request=64.00 MiB cached=0.00 GiB free=1.10 GiB reserve=1.59 GiB total=31.86 GiB)
ds4: ROCm q8 fp16 cache budget exhausted; using q8 kernels (request=64.00 MiB cached=0.00 GiB free=1.10 GiB reserve=1.59 GiB total=31.86 GiB)
ds4: ROCm q8 fp16 cache budget exhausted; using q8 kernels (request=64.00 MiB cached=0.00 GiB free=1.10 GiB reserve=1.59 GiB total=31.86 GiB)
ds4: ROCm q8 fp16 cache budget exhausted; using q8 kernels (request=64.00 MiB cached=0.00 GiB free=1.10 GiB reserve=1.59 GiB total=31.86 GiB)
ds4: ROCm q8 fp16 cache budget exhausted; using q8 kernels (request=64.00 MiB cached=0.00 GiB free=1.10 GiB reserve=1.59 GiB total=31.86 GiB)
ds4: ROCm q8 fp16 cache budget exhausted; using q8 kernels (request=64.00 MiB cached=0.00 GiB free=1.10 GiB reserve=1.59 GiB total=31.86 GiB)
ds4: ROCm q8 fp16 cache budget exhausted; using q8 kernels (request=64.00 MiB cached=0.00 GiB free=1.10 GiB reserve=1.59 GiB total=31.86 GiB)
ds4: ROCm q8 fp16 cache budget exhausted; using q8 kernels (request=64.00 MiB cached=0.00 GiB free=1.10 GiB reserve=1.59 GiB total=31.86 GiB)
ds4: ROCm q8 fp16 cache budget exhausted; using q8 kernels (request=64.00 MiB cached=0.00 GiB free=1.10 GiB reserve=1.59 GiB total=31.86 GiB)
ds4: ROCm q8 fp16 cache budget exhausted; using q8 kernels (request=64.00 MiB cached=0.00 GiB free=1.10 GiB reserve=1.59 GiB total=31.86 GiB)
ds4: ROCm q8 fp16 cache budget exhausted; using q8 kernels (request=64.00 MiB cached=0.00 GiB free=1.10 GiB reserve=1.59 GiB total=31.86 GiB)
ds4: ROCm q8 fp16 cache budget exhausted; using q8 kernels (request=64.00 MiB cached=0.00 GiB free=1.10 GiB reserve=1.59 GiB total=31.86 GiB)
ds4: ROCm q8 fp16 cache budget exhausted; using q8 kernels (request=64.00 MiB cached=0.00 GiB free=1.10 GiB reserve=1.59 GiB total=31.86 GiB)
ds4: ROCm q8 fp16 cache budget exhausted; using q8 kernels (request=64.00 MiB cached=0.00 GiB free=1.10 GiB reserve=1.59 GiB total=31.86 GiB)
ds4: ROCm q8 fp16 cache budget exhausted; using q8 kernels (request=64.00 MiB cached=0.00 GiB free=1.10 GiB reserve=1.59 GiB total=31.86 GiB)
ds4: ROCm q8 fp16 cache budget exhausted; using q8 kernels (request=64.00 MiB cached=0.00 GiB free=1.10 GiB reserve=1.59 GiB total=31.86 GiB)
ds4: ROCm q8 fp16 cache budget exhausted; using q8 kernels (request=64.00 MiB cached=0.00 GiB free=1.10 GiB reserve=1.59 GiB total=31.86 GiB)
ds4: ROCm q8 fp16 cache budget exhausted; using q8 kernels (request=64.00 MiB cached=0.00 GiB free=1.10 GiB reserve=1.59 GiB total=31.86 GiB)
ds4: ROCm q8 fp16 cache budget exhausted; using q8 kernels (request=64.00 MiB cached=0.00 GiB free=1.10 GiB reserve=1.59 GiB total=31.86 GiB)
ds4: ROCm q8 fp16 cache budget exhausted; using q8 kernels (request=64.00 MiB cached=0.00 GiB free=1.10 GiB reserve=1.59 GiB total=31.86 GiB)
ds4: ROCm q8 fp16 cache budget exhausted; using q8 kernels (request=64.00 MiB cached=0.00 GiB free=1.10 GiB reserve=1.59 GiB total=31.86 GiB)
ds4: ROCm q8 fp16 cache budget exhausted; using q8 kernels (request=64.00 MiB cached=0.00 GiB free=1.10 GiB reserve=1.59 GiB total=31.86 GiB)
ds4: ROCm q8 fp16 cache budget exhausted; using q8 kernels (request=64.00 MiB cached=0.00 GiB free=1.10 GiB reserve=1.59 GiB total=31.86 GiB)
ds4: ROCm q8 fp16 cache budget exhausted; using q8 kernels (request=64.00 MiB cached=0.00 GiB free=1.10 GiB reserve=1.59 GiB total=31.86 GiB)
ds4: ROCm q8 fp16 cache budget exhausted; using q8 kernels (request=64.00 MiB cached=0.00 GiB free=1.10 GiB reserve=1.59 GiB total=31.86 GiB)
ds4: ROCm q8 fp16 cache budget exhausted; using q8 kernels (request=64.00 MiB cached=0.00 GiB free=1.10 GiB reserve=1.59 GiB total=31.86 GiB)
ds4: ROCm q8 fp16 cache budget exhausted; using q8 kernels (request=64.00 MiB cached=0.00 GiB free=1.10 GiB reserve=1.59 GiB total=31.86 GiB)
ds4: ROCm q8 fp16 cache budget exhausted; using q8 kernels (request=64.00 MiB cached=0.00 GiB free=1.10 GiB reserve=1.59 GiB total=31.86 GiB)
ds4: ROCm q8 fp16 cache budget exhausted; using q8 kernels (request=64.00 MiB cached=0.00 GiB free=1.10 GiB reserve=1.59 GiB total=31.86 GiB)
ds4: ROCm q8 fp16 cache budget exhausted; using q8 kernels (request=64.00 MiB cached=0.00 GiB free=1.10 GiB reserve=1.59 GiB total=31.86 GiB)
ds4: ROCm q8 fp16 cache budget exhausted; using q8 kernels (request=64.00 MiB cached=0.00 GiB free=1.10 GiB reserve=1.59 GiB total=31.86 GiB)
ds4: ROCm q8 fp16 cache budget exhausted; using q8 kernels (request=64.00 MiB cached=0.00 GiB free=1.10 GiB reserve=1.59 GiB total=31.86 GiB)
ds4: ROCm q8 fp16 cache budget exhausted; using q8 kernels (request=64.00 MiB cached=0.00 GiB free=1.10 GiB reserve=1.59 GiB total=31.86 GiB)
ds4: ROCm q8 fp16 cache budget exhausted; using q8 kernels (request=64.00 MiB cached=0.00 GiB free=1.10 GiB reserve=1.59 GiB total=31.86 GiB)
ds4: ROCm q8 fp16 cache budget exhausted; using q8 kernels (request=64.00 MiB cached=0.00 GiB free=1.10 GiB reserve=1.59 GiB total=31.86 GiB)
ds4: ROCm q8 fp16 cache budget exhausted; using q8 kernels (request=64.00 MiB cached=0.00 GiB free=1.10 GiB reserve=1.59 GiB total=31.86 GiB)
ds4: ROCm q8 fp16 cache budget exhausted; using q8 kernels (request=64.00 MiB cached=0.00 GiB free=1.10 GiB reserve=1.59 GiB total=31.86 GiB)
ds4: ROCm q8 fp16 cache budget exhausted; using q8 kernels (request=64.00 MiB cached=0.00 GiB free=1.10 GiB reserve=1.59 GiB total=31.86 GiB)
case_070 cases=71 prompt=24 target=24 avg_nll=17.230566 lcp=1 api_target_mae=17.230566 api_top_coverage=97/120 api_top1=0.042 api_topn=0.113 api_pair=0.469
ds4: ROCm q8 fp16 cache budget exhausted; using q8 kernels (request=64.00 MiB cached=0.00 GiB free=1.10 GiB reserve=1.59 GiB total=31.86 GiB)
ds4: ROCm q8 fp16 cache budget exhausted; using q8 kernels (request=64.00 MiB cached=0.00 GiB free=1.10 GiB reserve=1.59 GiB total=31.86 GiB)
ds4: ROCm q8 fp16 cache budget exhausted; using q8 kernels (request=64.00 MiB cached=0.00 GiB free=1.10 GiB reserve=1.59 GiB total=31.86 GiB)
ds4: ROCm q8 fp16 cache budget exhausted; using q8 kernels (request=64.00 MiB cached=0.00 GiB free=1.10 GiB reserve=1.59 GiB total=31.86 GiB)
ds4: ROCm q8 fp16 cache budget exhausted; using q8 kernels (request=64.00 MiB cached=0.00 GiB free=1.10 GiB reserve=1.59 GiB total=31.86 GiB)
ds4: ROCm q8 fp16 cache budget exhausted; using q8 kernels (request=64.00 MiB cached=0.00 GiB free=1.10 GiB reserve=1.59 GiB total=31.86 GiB)
ds4: ROCm q8 fp16 cache budget exhausted; using q8 kernels (request=64.00 MiB cached=0.00 GiB free=1.10 GiB reserve=1.59 GiB total=31.86 GiB)
ds4: ROCm q8 fp16 cache budget exhausted; using q8 kernels (request=64.00 MiB cached=0.00 GiB free=1.10 GiB reserve=1.59 GiB total=31.86 GiB)
ds4: ROCm q8 fp16 cache budget exhausted; using q8 kernels (request=64.00 MiB cached=0.00 GiB free=1.10 GiB reserve=1.59 GiB total=31.86 GiB)
ds4: ROCm q8 fp16 cache budget exhausted; using q8 kernels (request=64.00 MiB cached=0.00 GiB free=1.10 GiB reserve=1.59 GiB total=31.86 GiB)
ds4: ROCm q8 fp16 cache budget exhausted; using q8 kernels (request=64.00 MiB cached=0.00 GiB free=1.10 GiB reserve=1.59 GiB total=31.86 GiB)
ds4: ROCm q8 fp16 cache budget exhausted; using q8 kernels (request=64.00 MiB cached=0.00 GiB free=1.10 GiB reserve=1.59 GiB total=31.86 GiB)
ds4: ROCm q8 fp16 cache budget exhausted; using q8 kernels (request=64.00 MiB cached=0.00 GiB free=1.10 GiB reserve=1.59 GiB total=31.86 GiB)
ds4: ROCm q8 fp16 cache budget exhausted; using q8 kernels (request=64.00 MiB cached=0.00 GiB free=1.10 GiB reserve=1.59 GiB total=31.86 GiB)
ds4: ROCm q8 fp16 cache budget exhausted; using q8 kernels (request=64.00 MiB cached=0.00 GiB free=1.10 GiB reserve=1.59 GiB total=31.86 GiB)
ds4: ROCm q8 fp16 cache budget exhausted; using q8 kernels (request=64.00 MiB cached=0.00 GiB free=1.10 GiB reserve=1.59 GiB total=31.86 GiB)
ds4: ROCm q8 fp16 cache budget exhausted; using q8 kernels (request=64.00 MiB cached=0.00 GiB free=1.10 GiB reserve=1.59 GiB total=31.86 GiB)
ds4: ROCm q8 fp16 cache budget exhausted; using q8 kernels (request=64.00 MiB cached=0.00 GiB free=1.10 GiB reserve=1.59 GiB total=31.86 GiB)
ds4: ROCm q8 fp16 cache budget exhausted; using q8 kernels (request=64.00 MiB cached=0.00 GiB free=1.10 GiB reserve=1.59 GiB total=31.86 GiB)
ds4: ROCm q8 fp16 cache budget exhausted; using q8 kernels (request=64.00 MiB cached=0.00 GiB free=1.10 GiB reserve=1.59 GiB total=31.86 GiB)
ds4: ROCm q8 fp16 cache budget exhausted; using q8 kernels (request=64.00 MiB cached=0.00 GiB free=1.10 GiB reserve=1.59 GiB total=31.86 GiB)
ds4: ROCm q8 fp16 cache budget exhausted; using q8 kernels (request=64.00 MiB cached=0.00 GiB free=1.10 GiB reserve=1.59 GiB total=31.86 GiB)
ds4: ROCm q8 fp16 cache budget exhausted; using q8 kernels (request=64.00 MiB cached=0.00 GiB free=1.10 GiB reserve=1.59 GiB total=31.86 GiB)
ds4: ROCm q8 fp16 cache budget exhausted; using q8 kernels (request=64.00 MiB cached=0.00 GiB free=1.10 GiB reserve=1.59 GiB total=31.86 GiB)
ds4: ROCm q8 fp16 cache budget exhausted; using q8 kernels (request=64.00 MiB cached=0.00 GiB free=1.10 GiB reserve=1.59 GiB total=31.86 GiB)
ds4: ROCm q8 fp16 cache budget exhausted; using q8 kernels (request=64.00 MiB cached=0.00 GiB free=1.10 GiB reserve=1.59 GiB total=31.86 GiB)
ds4: ROCm q8 fp16 cache budget exhausted; using q8 kernels (request=64.00 MiB cached=0.00 GiB free=1.10 GiB reserve=1.59 GiB total=31.86 GiB)
ds4: ROCm q8 fp16 cache budget exhausted; using q8 kernels (request=64.00 MiB cached=0.00 GiB free=1.10 GiB reserve=1.59 GiB total=31.86 GiB)
ds4: ROCm q8 fp16 cache budget exhausted; using q8 kernels (request=64.00 MiB cached=0.00 GiB free=1.10 GiB reserve=1.59 GiB total=31.86 GiB)
ds4: ROCm q8 fp16 cache budget exhausted; using q8 kernels (request=64.00 MiB cached=0.00 GiB free=1.10 GiB reserve=1.59 GiB total=31.86 GiB)
ds4: ROCm q8 fp16 cache budget exhausted; using q8 kernels (request=64.00 MiB cached=0.00 GiB free=1.10 GiB reserve=1.59 GiB total=31.86 GiB)
ds4: ROCm q8 fp16 cache budget exhausted; using q8 kernels (request=64.00 MiB cached=0.00 GiB free=1.10 GiB reserve=1.59 GiB total=31.86 GiB)
ds4: ROCm q8 fp16 cache budget exhausted; using q8 kernels (request=64.00 MiB cached=0.00 GiB free=1.10 GiB reserve=1.59 GiB total=31.86 GiB)
ds4: ROCm q8 fp16 cache budget exhausted; using q8 kernels (request=64.00 MiB cached=0.00 GiB free=1.10 GiB reserve=1.59 GiB total=31.86 GiB)
ds4: ROCm q8 fp16 cache budget exhausted; using q8 kernels (request=64.00 MiB cached=0.00 GiB free=1.10 GiB reserve=1.59 GiB total=31.86 GiB)
ds4: ROCm q8 fp16 cache budget exhausted; using q8 kernels (request=64.00 MiB cached=0.00 GiB free=1.10 GiB reserve=1.59 GiB total=31.86 GiB)
ds4: ROCm q8 fp16 cache budget exhausted; using q8 kernels (request=64.00 MiB cached=0.00 GiB free=1.10 GiB reserve=1.59 GiB total=31.86 GiB)
ds4: ROCm q8 fp16 cache budget exhausted; using q8 kernels (request=64.00 MiB cached=0.00 GiB free=1.10 GiB reserve=1.59 GiB total=31.86 GiB)
ds4: ROCm q8 fp16 cache budget exhausted; using q8 kernels (request=64.00 MiB cached=0.00 GiB free=1.10 GiB reserve=1.59 GiB total=31.86 GiB)
ds4: ROCm q8 fp16 cache budget exhausted; using q8 kernels (request=64.00 MiB cached=0.00 GiB free=1.10 GiB reserve=1.59 GiB total=31.86 GiB)
ds4: ROCm q8 fp16 cache budget exhausted; using q8 kernels (request=64.00 MiB cached=0.00 GiB free=1.10 GiB reserve=1.59 GiB total=31.86 GiB)
ds4: ROCm q8 fp16 cache budget exhausted; using q8 kernels (request=64.00 MiB cached=0.00 GiB free=1.10 GiB reserve=1.59 GiB total=31.86 GiB)
ds4: ROCm q8 fp16 cache budget exhausted; using q8 kernels (request=64.00 MiB cached=0.00 GiB free=1.10 GiB reserve=1.59 GiB total=31.86 GiB)
case_071 cases=72 prompt=24 target=24 avg_nll=16.360920 lcp=0 api_target_mae=16.360920 api_top_coverage=97/120 api_top1=0.000 api_topn=0.041 api_pair=0.500
ds4: ROCm q8 fp16 cache budget exhausted; using q8 kernels (request=64.00 MiB cached=0.00 GiB free=1.10 GiB reserve=1.59 GiB total=31.86 GiB)
ds4: ROCm q8 fp16 cache budget exhausted; using q8 kernels (request=64.00 MiB cached=0.00 GiB free=1.10 GiB reserve=1.59 GiB total=31.86 GiB)
ds4: ROCm q8 fp16 cache budget exhausted; using q8 kernels (request=64.00 MiB cached=0.00 GiB free=1.10 GiB reserve=1.59 GiB total=31.86 GiB)
ds4: ROCm q8 fp16 cache budget exhausted; using q8 kernels (request=64.00 MiB cached=0.00 GiB free=1.10 GiB reserve=1.59 GiB total=31.86 GiB)
ds4: ROCm q8 fp16 cache budget exhausted; using q8 kernels (request=64.00 MiB cached=0.00 GiB free=1.10 GiB reserve=1.59 GiB total=31.86 GiB)
ds4: ROCm q8 fp16 cache budget exhausted; using q8 kernels (request=64.00 MiB cached=0.00 GiB free=1.10 GiB reserve=1.59 GiB total=31.86 GiB)
ds4: ROCm q8 fp16 cache budget exhausted; using q8 kernels (request=64.00 MiB cached=0.00 GiB free=1.10 GiB reserve=1.59 GiB total=31.86 GiB)
ds4: ROCm q8 fp16 cache budget exhausted; using q8 kernels (request=64.00 MiB cached=0.00 GiB free=1.10 GiB reserve=1.59 GiB total=31.86 GiB)
ds4: ROCm q8 fp16 cache budget exhausted; using q8 kernels (request=64.00 MiB cached=0.00 GiB free=1.10 GiB reserve=1.59 GiB total=31.86 GiB)
ds4: ROCm q8 fp16 cache budget exhausted; using q8 kernels (request=64.00 MiB cached=0.00 GiB free=1.10 GiB reserve=1.59 GiB total=31.86 GiB)
ds4: ROCm q8 fp16 cache budget exhausted; using q8 kernels (request=64.00 MiB cached=0.00 GiB free=1.10 GiB reserve=1.59 GiB total=31.86 GiB)
ds4: ROCm q8 fp16 cache budget exhausted; using q8 kernels (request=64.00 MiB cached=0.00 GiB free=1.10 GiB reserve=1.59 GiB total=31.86 GiB)
ds4: ROCm q8 fp16 cache budget exhausted; using q8 kernels (request=64.00 MiB cached=0.00 GiB free=1.10 GiB reserve=1.59 GiB total=31.86 GiB)
ds4: ROCm q8 fp16 cache budget exhausted; using q8 kernels (request=64.00 MiB cached=0.00 GiB free=1.10 GiB reserve=1.59 GiB total=31.86 GiB)
ds4: ROCm q8 fp16 cache budget exhausted; using q8 kernels (request=64.00 MiB cached=0.00 GiB free=1.10 GiB reserve=1.59 GiB total=31.86 GiB)
ds4: ROCm q8 fp16 cache budget exhausted; using q8 kernels (request=64.00 MiB cached=0.00 GiB free=1.10 GiB reserve=1.59 GiB total=31.86 GiB)
ds4: ROCm q8 fp16 cache budget exhausted; using q8 kernels (request=64.00 MiB cached=0.00 GiB free=1.10 GiB reserve=1.59 GiB total=31.86 GiB)
ds4: ROCm q8 fp16 cache budget exhausted; using q8 kernels (request=64.00 MiB cached=0.00 GiB free=1.10 GiB reserve=1.59 GiB total=31.86 GiB)
ds4: ROCm q8 fp16 cache budget exhausted; using q8 kernels (request=64.00 MiB cached=0.00 GiB free=1.10 GiB reserve=1.59 GiB total=31.86 GiB)
ds4: ROCm q8 fp16 cache budget exhausted; using q8 kernels (request=64.00 MiB cached=0.00 GiB free=1.10 GiB reserve=1.59 GiB total=31.86 GiB)
ds4: ROCm q8 fp16 cache budget exhausted; using q8 kernels (request=64.00 MiB cached=0.00 GiB free=1.10 GiB reserve=1.59 GiB total=31.86 GiB)
ds4: ROCm q8 fp16 cache budget exhausted; using q8 kernels (request=64.00 MiB cached=0.00 GiB free=1.10 GiB reserve=1.59 GiB total=31.86 GiB)
ds4: ROCm q8 fp16 cache budget exhausted; using q8 kernels (request=64.00 MiB cached=0.00 GiB free=1.10 GiB reserve=1.59 GiB total=31.86 GiB)
ds4: ROCm q8 fp16 cache budget exhausted; using q8 kernels (request=64.00 MiB cached=0.00 GiB free=1.10 GiB reserve=1.59 GiB total=31.86 GiB)
ds4: ROCm q8 fp16 cache budget exhausted; using q8 kernels (request=64.00 MiB cached=0.00 GiB free=1.10 GiB reserve=1.59 GiB total=31.86 GiB)
ds4: ROCm q8 fp16 cache budget exhausted; using q8 kernels (request=64.00 MiB cached=0.00 GiB free=1.10 GiB reserve=1.59 GiB total=31.86 GiB)
ds4: ROCm q8 fp16 cache budget exhausted; using q8 kernels (request=64.00 MiB cached=0.00 GiB free=1.10 GiB reserve=1.59 GiB total=31.86 GiB)
ds4: ROCm q8 fp16 cache budget exhausted; using q8 kernels (request=64.00 MiB cached=0.00 GiB free=1.10 GiB reserve=1.59 GiB total=31.86 GiB)
ds4: ROCm q8 fp16 cache budget exhausted; using q8 kernels (request=64.00 MiB cached=0.00 GiB free=1.10 GiB reserve=1.59 GiB total=31.86 GiB)
ds4: ROCm q8 fp16 cache budget exhausted; using q8 kernels (request=64.00 MiB cached=0.00 GiB free=1.10 GiB reserve=1.59 GiB total=31.86 GiB)
ds4: ROCm q8 fp16 cache budget exhausted; using q8 kernels (request=64.00 MiB cached=0.00 GiB free=1.10 GiB reserve=1.59 GiB total=31.86 GiB)
ds4: ROCm q8 fp16 cache budget exhausted; using q8 kernels (request=64.00 MiB cached=0.00 GiB free=1.10 GiB reserve=1.59 GiB total=31.86 GiB)
ds4: ROCm q8 fp16 cache budget exhausted; using q8 kernels (request=64.00 MiB cached=0.00 GiB free=1.10 GiB reserve=1.59 GiB total=31.86 GiB)
ds4: ROCm q8 fp16 cache budget exhausted; using q8 kernels (request=64.00 MiB cached=0.00 GiB free=1.10 GiB reserve=1.59 GiB total=31.86 GiB)
ds4: ROCm q8 fp16 cache budget exhausted; using q8 kernels (request=64.00 MiB cached=0.00 GiB free=1.10 GiB reserve=1.59 GiB total=31.86 GiB)
ds4: ROCm q8 fp16 cache budget exhausted; using q8 kernels (request=64.00 MiB cached=0.00 GiB free=1.10 GiB reserve=1.59 GiB total=31.86 GiB)
ds4: ROCm q8 fp16 cache budget exhausted; using q8 kernels (request=64.00 MiB cached=0.00 GiB free=1.10 GiB reserve=1.59 GiB total=31.86 GiB)
ds4: ROCm q8 fp16 cache budget exhausted; using q8 kernels (request=64.00 MiB cached=0.00 GiB free=1.10 GiB reserve=1.59 GiB total=31.86 GiB)
ds4: ROCm q8 fp16 cache budget exhausted; using q8 kernels (request=64.00 MiB cached=0.00 GiB free=1.10 GiB reserve=1.59 GiB total=31.86 GiB)
ds4: ROCm q8 fp16 cache budget exhausted; using q8 kernels (request=64.00 MiB cached=0.00 GiB free=1.10 GiB reserve=1.59 GiB total=31.86 GiB)
ds4: ROCm q8 fp16 cache budget exhausted; using q8 kernels (request=64.00 MiB cached=0.00 GiB free=1.10 GiB reserve=1.59 GiB total=31.86 GiB)
ds4: ROCm q8 fp16 cache budget exhausted; using q8 kernels (request=64.00 MiB cached=0.00 GiB free=1.10 GiB reserve=1.59 GiB total=31.86 GiB)
ds4: ROCm q8 fp16 cache budget exhausted; using q8 kernels (request=64.00 MiB cached=0.00 GiB free=1.10 GiB reserve=1.59 GiB total=31.86 GiB)
case_072 cases=73 prompt=17 target=24 avg_nll=15.873635 lcp=0 api_target_mae=15.873635 api_top_coverage=97/120 api_top1=0.000 api_topn=0.113 api_pair=0.600
ds4: ROCm q8 fp16 cache budget exhausted; using q8 kernels (request=64.00 MiB cached=0.00 GiB free=1.10 GiB reserve=1.59 GiB total=31.86 GiB)
ds4: ROCm q8 fp16 cache budget exhausted; using q8 kernels (request=64.00 MiB cached=0.00 GiB free=1.10 GiB reserve=1.59 GiB total=31.86 GiB)
ds4: ROCm q8 fp16 cache budget exhausted; using q8 kernels (request=64.00 MiB cached=0.00 GiB free=1.10 GiB reserve=1.59 GiB total=31.86 GiB)
ds4: ROCm q8 fp16 cache budget exhausted; using q8 kernels (request=64.00 MiB cached=0.00 GiB free=1.10 GiB reserve=1.59 GiB total=31.86 GiB)
ds4: ROCm q8 fp16 cache budget exhausted; using q8 kernels (request=64.00 MiB cached=0.00 GiB free=1.10 GiB reserve=1.59 GiB total=31.86 GiB)
ds4: ROCm q8 fp16 cache budget exhausted; using q8 kernels (request=64.00 MiB cached=0.00 GiB free=1.10 GiB reserve=1.59 GiB total=31.86 GiB)
ds4: ROCm q8 fp16 cache budget exhausted; using q8 kernels (request=64.00 MiB cached=0.00 GiB free=1.10 GiB reserve=1.59 GiB total=31.86 GiB)
ds4: ROCm q8 fp16 cache budget exhausted; using q8 kernels (request=64.00 MiB cached=0.00 GiB free=1.10 GiB reserve=1.59 GiB total=31.86 GiB)
ds4: ROCm q8 fp16 cache budget exhausted; using q8 kernels (request=64.00 MiB cached=0.00 GiB free=1.10 GiB reserve=1.59 GiB total=31.86 GiB)
ds4: ROCm q8 fp16 cache budget exhausted; using q8 kernels (request=64.00 MiB cached=0.00 GiB free=1.10 GiB reserve=1.59 GiB total=31.86 GiB)
ds4: ROCm q8 fp16 cache budget exhausted; using q8 kernels (request=64.00 MiB cached=0.00 GiB free=1.10 GiB reserve=1.59 GiB total=31.86 GiB)
ds4: ROCm q8 fp16 cache budget exhausted; using q8 kernels (request=64.00 MiB cached=0.00 GiB free=1.10 GiB reserve=1.59 GiB total=31.86 GiB)
ds4: ROCm q8 fp16 cache budget exhausted; using q8 kernels (request=64.00 MiB cached=0.00 GiB free=1.10 GiB reserve=1.59 GiB total=31.86 GiB)
ds4: ROCm q8 fp16 cache budget exhausted; using q8 kernels (request=64.00 MiB cached=0.00 GiB free=1.10 GiB reserve=1.59 GiB total=31.86 GiB)
ds4: ROCm q8 fp16 cache budget exhausted; using q8 kernels (request=64.00 MiB cached=0.00 GiB free=1.10 GiB reserve=1.59 GiB total=31.86 GiB)
ds4: ROCm q8 fp16 cache budget exhausted; using q8 kernels (request=64.00 MiB cached=0.00 GiB free=1.10 GiB reserve=1.59 GiB total=31.86 GiB)
ds4: ROCm q8 fp16 cache budget exhausted; using q8 kernels (request=64.00 MiB cached=0.00 GiB free=1.10 GiB reserve=1.59 GiB total=31.86 GiB)
ds4: ROCm q8 fp16 cache budget exhausted; using q8 kernels (request=64.00 MiB cached=0.00 GiB free=1.10 GiB reserve=1.59 GiB total=31.86 GiB)
ds4: ROCm q8 fp16 cache budget exhausted; using q8 kernels (request=64.00 MiB cached=0.00 GiB free=1.10 GiB reserve=1.59 GiB total=31.86 GiB)
ds4: ROCm q8 fp16 cache budget exhausted; using q8 kernels (request=64.00 MiB cached=0.00 GiB free=1.10 GiB reserve=1.59 GiB total=31.86 GiB)
ds4: ROCm q8 fp16 cache budget exhausted; using q8 kernels (request=64.00 MiB cached=0.00 GiB free=1.10 GiB reserve=1.59 GiB total=31.86 GiB)
ds4: ROCm q8 fp16 cache budget exhausted; using q8 kernels (request=64.00 MiB cached=0.00 GiB free=1.10 GiB reserve=1.59 GiB total=31.86 GiB)
ds4: ROCm q8 fp16 cache budget exhausted; using q8 kernels (request=64.00 MiB cached=0.00 GiB free=1.10 GiB reserve=1.59 GiB total=31.86 GiB)
ds4: ROCm q8 fp16 cache budget exhausted; using q8 kernels (request=64.00 MiB cached=0.00 GiB free=1.10 GiB reserve=1.59 GiB total=31.86 GiB)
ds4: ROCm q8 fp16 cache budget exhausted; using q8 kernels (request=64.00 MiB cached=0.00 GiB free=1.10 GiB reserve=1.59 GiB total=31.86 GiB)
ds4: ROCm q8 fp16 cache budget exhausted; using q8 kernels (request=64.00 MiB cached=0.00 GiB free=1.10 GiB reserve=1.59 GiB total=31.86 GiB)
ds4: ROCm q8 fp16 cache budget exhausted; using q8 kernels (request=64.00 MiB cached=0.00 GiB free=1.10 GiB reserve=1.59 GiB total=31.86 GiB)
ds4: ROCm q8 fp16 cache budget exhausted; using q8 kernels (request=64.00 MiB cached=0.00 GiB free=1.10 GiB reserve=1.59 GiB total=31.86 GiB)
ds4: ROCm q8 fp16 cache budget exhausted; using q8 kernels (request=64.00 MiB cached=0.00 GiB free=1.10 GiB reserve=1.59 GiB total=31.86 GiB)
ds4: ROCm q8 fp16 cache budget exhausted; using q8 kernels (request=64.00 MiB cached=0.00 GiB free=1.10 GiB reserve=1.59 GiB total=31.86 GiB)
ds4: ROCm q8 fp16 cache budget exhausted; using q8 kernels (request=64.00 MiB cached=0.00 GiB free=1.10 GiB reserve=1.59 GiB total=31.86 GiB)
ds4: ROCm q8 fp16 cache budget exhausted; using q8 kernels (request=64.00 MiB cached=0.00 GiB free=1.10 GiB reserve=1.59 GiB total=31.86 GiB)
ds4: ROCm q8 fp16 cache budget exhausted; using q8 kernels (request=64.00 MiB cached=0.00 GiB free=1.10 GiB reserve=1.59 GiB total=31.86 GiB)
ds4: ROCm q8 fp16 cache budget exhausted; using q8 kernels (request=64.00 MiB cached=0.00 GiB free=1.10 GiB reserve=1.59 GiB total=31.86 GiB)
ds4: ROCm q8 fp16 cache budget exhausted; using q8 kernels (request=64.00 MiB cached=0.00 GiB free=1.10 GiB reserve=1.59 GiB total=31.86 GiB)
ds4: ROCm q8 fp16 cache budget exhausted; using q8 kernels (request=64.00 MiB cached=0.00 GiB free=1.10 GiB reserve=1.59 GiB total=31.86 GiB)
ds4: ROCm q8 fp16 cache budget exhausted; using q8 kernels (request=64.00 MiB cached=0.00 GiB free=1.10 GiB reserve=1.59 GiB total=31.86 GiB)
ds4: ROCm q8 fp16 cache budget exhausted; using q8 kernels (request=64.00 MiB cached=0.00 GiB free=1.10 GiB reserve=1.59 GiB total=31.86 GiB)
ds4: ROCm q8 fp16 cache budget exhausted; using q8 kernels (request=64.00 MiB cached=0.00 GiB free=1.10 GiB reserve=1.59 GiB total=31.86 GiB)
ds4: ROCm q8 fp16 cache budget exhausted; using q8 kernels (request=64.00 MiB cached=0.00 GiB free=1.10 GiB reserve=1.59 GiB total=31.86 GiB)
ds4: ROCm q8 fp16 cache budget exhausted; using q8 kernels (request=64.00 MiB cached=0.00 GiB free=1.10 GiB reserve=1.59 GiB total=31.86 GiB)
ds4: ROCm q8 fp16 cache budget exhausted; using q8 kernels (request=64.00 MiB cached=0.00 GiB free=1.10 GiB reserve=1.59 GiB total=31.86 GiB)
ds4: ROCm q8 fp16 cache budget exhausted; using q8 kernels (request=64.00 MiB cached=0.00 GiB free=1.10 GiB reserve=1.59 GiB total=31.86 GiB)
case_073 cases=74 prompt=15 target=24 avg_nll=15.837535 lcp=1 api_target_mae=15.837535 api_top_coverage=97/120 api_top1=0.042 api_topn=0.134 api_pair=0.481
ds4: ROCm q8 fp16 cache budget exhausted; using q8 kernels (request=64.00 MiB cached=0.00 GiB free=1.10 GiB reserve=1.59 GiB total=31.86 GiB)
ds4: ROCm q8 fp16 cache budget exhausted; using q8 kernels (request=64.00 MiB cached=0.00 GiB free=1.10 GiB reserve=1.59 GiB total=31.86 GiB)
ds4: ROCm q8 fp16 cache budget exhausted; using q8 kernels (request=64.00 MiB cached=0.00 GiB free=1.10 GiB reserve=1.59 GiB total=31.86 GiB)
ds4: ROCm q8 fp16 cache budget exhausted; using q8 kernels (request=64.00 MiB cached=0.00 GiB free=1.10 GiB reserve=1.59 GiB total=31.86 GiB)
ds4: ROCm q8 fp16 cache budget exhausted; using q8 kernels (request=64.00 MiB cached=0.00 GiB free=1.10 GiB reserve=1.59 GiB total=31.86 GiB)
ds4: ROCm q8 fp16 cache budget exhausted; using q8 kernels (request=64.00 MiB cached=0.00 GiB free=1.10 GiB reserve=1.59 GiB total=31.86 GiB)
ds4: ROCm q8 fp16 cache budget exhausted; using q8 kernels (request=64.00 MiB cached=0.00 GiB free=1.10 GiB reserve=1.59 GiB total=31.86 GiB)
ds4: ROCm q8 fp16 cache budget exhausted; using q8 kernels (request=64.00 MiB cached=0.00 GiB free=1.10 GiB reserve=1.59 GiB total=31.86 GiB)
ds4: ROCm q8 fp16 cache budget exhausted; using q8 kernels (request=64.00 MiB cached=0.00 GiB free=1.10 GiB reserve=1.59 GiB total=31.86 GiB)
ds4: ROCm q8 fp16 cache budget exhausted; using q8 kernels (request=64.00 MiB cached=0.00 GiB free=1.10 GiB reserve=1.59 GiB total=31.86 GiB)
ds4: ROCm q8 fp16 cache budget exhausted; using q8 kernels (request=64.00 MiB cached=0.00 GiB free=1.10 GiB reserve=1.59 GiB total=31.86 GiB)
ds4: ROCm q8 fp16 cache budget exhausted; using q8 kernels (request=64.00 MiB cached=0.00 GiB free=1.10 GiB reserve=1.59 GiB total=31.86 GiB)
ds4: ROCm q8 fp16 cache budget exhausted; using q8 kernels (request=64.00 MiB cached=0.00 GiB free=1.10 GiB reserve=1.59 GiB total=31.86 GiB)
ds4: ROCm q8 fp16 cache budget exhausted; using q8 kernels (request=64.00 MiB cached=0.00 GiB free=1.10 GiB reserve=1.59 GiB total=31.86 GiB)
ds4: ROCm q8 fp16 cache budget exhausted; using q8 kernels (request=64.00 MiB cached=0.00 GiB free=1.10 GiB reserve=1.59 GiB total=31.86 GiB)
ds4: ROCm q8 fp16 cache budget exhausted; using q8 kernels (request=64.00 MiB cached=0.00 GiB free=1.10 GiB reserve=1.59 GiB total=31.86 GiB)
ds4: ROCm q8 fp16 cache budget exhausted; using q8 kernels (request=64.00 MiB cached=0.00 GiB free=1.10 GiB reserve=1.59 GiB total=31.86 GiB)
ds4: ROCm q8 fp16 cache budget exhausted; using q8 kernels (request=64.00 MiB cached=0.00 GiB free=1.10 GiB reserve=1.59 GiB total=31.86 GiB)
ds4: ROCm q8 fp16 cache budget exhausted; using q8 kernels (request=64.00 MiB cached=0.00 GiB free=1.10 GiB reserve=1.59 GiB total=31.86 GiB)
ds4: ROCm q8 fp16 cache budget exhausted; using q8 kernels (request=64.00 MiB cached=0.00 GiB free=1.10 GiB reserve=1.59 GiB total=31.86 GiB)
ds4: ROCm q8 fp16 cache budget exhausted; using q8 kernels (request=64.00 MiB cached=0.00 GiB free=1.10 GiB reserve=1.59 GiB total=31.86 GiB)
ds4: ROCm q8 fp16 cache budget exhausted; using q8 kernels (request=64.00 MiB cached=0.00 GiB free=1.10 GiB reserve=1.59 GiB total=31.86 GiB)
ds4: ROCm q8 fp16 cache budget exhausted; using q8 kernels (request=64.00 MiB cached=0.00 GiB free=1.10 GiB reserve=1.59 GiB total=31.86 GiB)
ds4: ROCm q8 fp16 cache budget exhausted; using q8 kernels (request=64.00 MiB cached=0.00 GiB free=1.10 GiB reserve=1.59 GiB total=31.86 GiB)
ds4: ROCm q8 fp16 cache budget exhausted; using q8 kernels (request=64.00 MiB cached=0.00 GiB free=1.10 GiB reserve=1.59 GiB total=31.86 GiB)
ds4: ROCm q8 fp16 cache budget exhausted; using q8 kernels (request=64.00 MiB cached=0.00 GiB free=1.10 GiB reserve=1.59 GiB total=31.86 GiB)
ds4: ROCm q8 fp16 cache budget exhausted; using q8 kernels (request=64.00 MiB cached=0.00 GiB free=1.10 GiB reserve=1.59 GiB total=31.86 GiB)
ds4: ROCm q8 fp16 cache budget exhausted; using q8 kernels (request=64.00 MiB cached=0.00 GiB free=1.10 GiB reserve=1.59 GiB total=31.86 GiB)
ds4: ROCm q8 fp16 cache budget exhausted; using q8 kernels (request=64.00 MiB cached=0.00 GiB free=1.10 GiB reserve=1.59 GiB total=31.86 GiB)
ds4: ROCm q8 fp16 cache budget exhausted; using q8 kernels (request=64.00 MiB cached=0.00 GiB free=1.10 GiB reserve=1.59 GiB total=31.86 GiB)
ds4: ROCm q8 fp16 cache budget exhausted; using q8 kernels (request=64.00 MiB cached=0.00 GiB free=1.10 GiB reserve=1.59 GiB total=31.86 GiB)
ds4: ROCm q8 fp16 cache budget exhausted; using q8 kernels (request=64.00 MiB cached=0.00 GiB free=1.10 GiB reserve=1.59 GiB total=31.86 GiB)
ds4: ROCm q8 fp16 cache budget exhausted; using q8 kernels (request=64.00 MiB cached=0.00 GiB free=1.10 GiB reserve=1.59 GiB total=31.86 GiB)
ds4: ROCm q8 fp16 cache budget exhausted; using q8 kernels (request=64.00 MiB cached=0.00 GiB free=1.10 GiB reserve=1.59 GiB total=31.86 GiB)
ds4: ROCm q8 fp16 cache budget exhausted; using q8 kernels (request=64.00 MiB cached=0.00 GiB free=1.10 GiB reserve=1.59 GiB total=31.86 GiB)
ds4: ROCm q8 fp16 cache budget exhausted; using q8 kernels (request=64.00 MiB cached=0.00 GiB free=1.10 GiB reserve=1.59 GiB total=31.86 GiB)
ds4: ROCm q8 fp16 cache budget exhausted; using q8 kernels (request=64.00 MiB cached=0.00 GiB free=1.10 GiB reserve=1.59 GiB total=31.86 GiB)
ds4: ROCm q8 fp16 cache budget exhausted; using q8 kernels (request=64.00 MiB cached=0.00 GiB free=1.10 GiB reserve=1.59 GiB total=31.86 GiB)
ds4: ROCm q8 fp16 cache budget exhausted; using q8 kernels (request=64.00 MiB cached=0.00 GiB free=1.10 GiB reserve=1.59 GiB total=31.86 GiB)
ds4: ROCm q8 fp16 cache budget exhausted; using q8 kernels (request=64.00 MiB cached=0.00 GiB free=1.10 GiB reserve=1.59 GiB total=31.86 GiB)
ds4: ROCm q8 fp16 cache budget exhausted; using q8 kernels (request=64.00 MiB cached=0.00 GiB free=1.10 GiB reserve=1.59 GiB total=31.86 GiB)
ds4: ROCm q8 fp16 cache budget exhausted; using q8 kernels (request=64.00 MiB cached=0.00 GiB free=1.10 GiB reserve=1.59 GiB total=31.86 GiB)
ds4: ROCm q8 fp16 cache budget exhausted; using q8 kernels (request=64.00 MiB cached=0.00 GiB free=1.10 GiB reserve=1.59 GiB total=31.86 GiB)
case_074 cases=75 prompt=15 target=24 avg_nll=16.307033 lcp=0 api_target_mae=16.307033 api_top_coverage=96/120 api_top1=0.000 api_topn=0.094 api_pair=0.600
ds4: ROCm q8 fp16 cache budget exhausted; using q8 kernels (request=64.00 MiB cached=0.00 GiB free=1.10 GiB reserve=1.59 GiB total=31.86 GiB)
ds4: ROCm q8 fp16 cache budget exhausted; using q8 kernels (request=64.00 MiB cached=0.00 GiB free=1.10 GiB reserve=1.59 GiB total=31.86 GiB)
ds4: ROCm q8 fp16 cache budget exhausted; using q8 kernels (request=64.00 MiB cached=0.00 GiB free=1.10 GiB reserve=1.59 GiB total=31.86 GiB)
ds4: ROCm q8 fp16 cache budget exhausted; using q8 kernels (request=64.00 MiB cached=0.00 GiB free=1.10 GiB reserve=1.59 GiB total=31.86 GiB)
ds4: ROCm q8 fp16 cache budget exhausted; using q8 kernels (request=64.00 MiB cached=0.00 GiB free=1.10 GiB reserve=1.59 GiB total=31.86 GiB)
ds4: ROCm q8 fp16 cache budget exhausted; using q8 kernels (request=64.00 MiB cached=0.00 GiB free=1.10 GiB reserve=1.59 GiB total=31.86 GiB)
ds4: ROCm q8 fp16 cache budget exhausted; using q8 kernels (request=64.00 MiB cached=0.00 GiB free=1.10 GiB reserve=1.59 GiB total=31.86 GiB)
ds4: ROCm q8 fp16 cache budget exhausted; using q8 kernels (request=64.00 MiB cached=0.00 GiB free=1.10 GiB reserve=1.59 GiB total=31.86 GiB)
ds4: ROCm q8 fp16 cache budget exhausted; using q8 kernels (request=64.00 MiB cached=0.00 GiB free=1.10 GiB reserve=1.59 GiB total=31.86 GiB)
ds4: ROCm q8 fp16 cache budget exhausted; using q8 kernels (request=64.00 MiB cached=0.00 GiB free=1.10 GiB reserve=1.59 GiB total=31.86 GiB)
ds4: ROCm q8 fp16 cache budget exhausted; using q8 kernels (request=64.00 MiB cached=0.00 GiB free=1.10 GiB reserve=1.59 GiB total=31.86 GiB)
ds4: ROCm q8 fp16 cache budget exhausted; using q8 kernels (request=64.00 MiB cached=0.00 GiB free=1.10 GiB reserve=1.59 GiB total=31.86 GiB)
ds4: ROCm q8 fp16 cache budget exhausted; using q8 kernels (request=64.00 MiB cached=0.00 GiB free=1.10 GiB reserve=1.59 GiB total=31.86 GiB)
ds4: ROCm q8 fp16 cache budget exhausted; using q8 kernels (request=64.00 MiB cached=0.00 GiB free=1.10 GiB reserve=1.59 GiB total=31.86 GiB)
ds4: ROCm q8 fp16 cache budget exhausted; using q8 kernels (request=64.00 MiB cached=0.00 GiB free=1.10 GiB reserve=1.59 GiB total=31.86 GiB)
ds4: ROCm q8 fp16 cache budget exhausted; using q8 kernels (request=64.00 MiB cached=0.00 GiB free=1.10 GiB reserve=1.59 GiB total=31.86 GiB)
ds4: ROCm q8 fp16 cache budget exhausted; using q8 kernels (request=64.00 MiB cached=0.00 GiB free=1.10 GiB reserve=1.59 GiB total=31.86 GiB)
ds4: ROCm q8 fp16 cache budget exhausted; using q8 kernels (request=64.00 MiB cached=0.00 GiB free=1.10 GiB reserve=1.59 GiB total=31.86 GiB)
ds4: ROCm q8 fp16 cache budget exhausted; using q8 kernels (request=64.00 MiB cached=0.00 GiB free=1.10 GiB reserve=1.59 GiB total=31.86 GiB)
ds4: ROCm q8 fp16 cache budget exhausted; using q8 kernels (request=64.00 MiB cached=0.00 GiB free=1.10 GiB reserve=1.59 GiB total=31.86 GiB)
ds4: ROCm q8 fp16 cache budget exhausted; using q8 kernels (request=64.00 MiB cached=0.00 GiB free=1.10 GiB reserve=1.59 GiB total=31.86 GiB)
ds4: ROCm q8 fp16 cache budget exhausted; using q8 kernels (request=64.00 MiB cached=0.00 GiB free=1.10 GiB reserve=1.59 GiB total=31.86 GiB)
ds4: ROCm q8 fp16 cache budget exhausted; using q8 kernels (request=64.00 MiB cached=0.00 GiB free=1.10 GiB reserve=1.59 GiB total=31.86 GiB)
ds4: ROCm q8 fp16 cache budget exhausted; using q8 kernels (request=64.00 MiB cached=0.00 GiB free=1.10 GiB reserve=1.59 GiB total=31.86 GiB)
ds4: ROCm q8 fp16 cache budget exhausted; using q8 kernels (request=64.00 MiB cached=0.00 GiB free=1.10 GiB reserve=1.59 GiB total=31.86 GiB)
ds4: ROCm q8 fp16 cache budget exhausted; using q8 kernels (request=64.00 MiB cached=0.00 GiB free=1.10 GiB reserve=1.59 GiB total=31.86 GiB)
ds4: ROCm q8 fp16 cache budget exhausted; using q8 kernels (request=64.00 MiB cached=0.00 GiB free=1.10 GiB reserve=1.59 GiB total=31.86 GiB)
ds4: ROCm q8 fp16 cache budget exhausted; using q8 kernels (request=64.00 MiB cached=0.00 GiB free=1.10 GiB reserve=1.59 GiB total=31.86 GiB)
ds4: ROCm q8 fp16 cache budget exhausted; using q8 kernels (request=64.00 MiB cached=0.00 GiB free=1.10 GiB reserve=1.59 GiB total=31.86 GiB)
ds4: ROCm q8 fp16 cache budget exhausted; using q8 kernels (request=64.00 MiB cached=0.00 GiB free=1.10 GiB reserve=1.59 GiB total=31.86 GiB)
ds4: ROCm q8 fp16 cache budget exhausted; using q8 kernels (request=64.00 MiB cached=0.00 GiB free=1.10 GiB reserve=1.59 GiB total=31.86 GiB)
ds4: ROCm q8 fp16 cache budget exhausted; using q8 kernels (request=64.00 MiB cached=0.00 GiB free=1.10 GiB reserve=1.59 GiB total=31.86 GiB)
ds4: ROCm q8 fp16 cache budget exhausted; using q8 kernels (request=64.00 MiB cached=0.00 GiB free=1.10 GiB reserve=1.59 GiB total=31.86 GiB)
ds4: ROCm q8 fp16 cache budget exhausted; using q8 kernels (request=64.00 MiB cached=0.00 GiB free=1.10 GiB reserve=1.59 GiB total=31.86 GiB)
ds4: ROCm q8 fp16 cache budget exhausted; using q8 kernels (request=64.00 MiB cached=0.00 GiB free=1.10 GiB reserve=1.59 GiB total=31.86 GiB)
ds4: ROCm q8 fp16 cache budget exhausted; using q8 kernels (request=64.00 MiB cached=0.00 GiB free=1.10 GiB reserve=1.59 GiB total=31.86 GiB)
ds4: ROCm q8 fp16 cache budget exhausted; using q8 kernels (request=64.00 MiB cached=0.00 GiB free=1.10 GiB reserve=1.59 GiB total=31.86 GiB)
ds4: ROCm q8 fp16 cache budget exhausted; using q8 kernels (request=64.00 MiB cached=0.00 GiB free=1.10 GiB reserve=1.59 GiB total=31.86 GiB)
ds4: ROCm q8 fp16 cache budget exhausted; using q8 kernels (request=64.00 MiB cached=0.00 GiB free=1.10 GiB reserve=1.59 GiB total=31.86 GiB)
ds4: ROCm q8 fp16 cache budget exhausted; using q8 kernels (request=64.00 MiB cached=0.00 GiB free=1.10 GiB reserve=1.59 GiB total=31.86 GiB)
ds4: ROCm q8 fp16 cache budget exhausted; using q8 kernels (request=64.00 MiB cached=0.00 GiB free=1.10 GiB reserve=1.59 GiB total=31.86 GiB)
ds4: ROCm q8 fp16 cache budget exhausted; using q8 kernels (request=64.00 MiB cached=0.00 GiB free=1.10 GiB reserve=1.59 GiB total=31.86 GiB)
ds4: ROCm q8 fp16 cache budget exhausted; using q8 kernels (request=64.00 MiB cached=0.00 GiB free=1.10 GiB reserve=1.59 GiB total=31.86 GiB)
case_075 cases=76 prompt=16 target=24 avg_nll=17.577176 lcp=1 api_target_mae=17.577176 api_top_coverage=97/120 api_top1=0.042 api_topn=0.052 api_pair=0.582
ds4: ROCm q8 fp16 cache budget exhausted; using q8 kernels (request=64.00 MiB cached=0.00 GiB free=1.10 GiB reserve=1.59 GiB total=31.86 GiB)
ds4: ROCm q8 fp16 cache budget exhausted; using q8 kernels (request=64.00 MiB cached=0.00 GiB free=1.10 GiB reserve=1.59 GiB total=31.86 GiB)
ds4: ROCm q8 fp16 cache budget exhausted; using q8 kernels (request=64.00 MiB cached=0.00 GiB free=1.10 GiB reserve=1.59 GiB total=31.86 GiB)
ds4: ROCm q8 fp16 cache budget exhausted; using q8 kernels (request=64.00 MiB cached=0.00 GiB free=1.10 GiB reserve=1.59 GiB total=31.86 GiB)
ds4: ROCm q8 fp16 cache budget exhausted; using q8 kernels (request=64.00 MiB cached=0.00 GiB free=1.10 GiB reserve=1.59 GiB total=31.86 GiB)
ds4: ROCm q8 fp16 cache budget exhausted; using q8 kernels (request=64.00 MiB cached=0.00 GiB free=1.10 GiB reserve=1.59 GiB total=31.86 GiB)
ds4: ROCm q8 fp16 cache budget exhausted; using q8 kernels (request=64.00 MiB cached=0.00 GiB free=1.10 GiB reserve=1.59 GiB total=31.86 GiB)
ds4: ROCm q8 fp16 cache budget exhausted; using q8 kernels (request=64.00 MiB cached=0.00 GiB free=1.10 GiB reserve=1.59 GiB total=31.86 GiB)
ds4: ROCm q8 fp16 cache budget exhausted; using q8 kernels (request=64.00 MiB cached=0.00 GiB free=1.10 GiB reserve=1.59 GiB total=31.86 GiB)
ds4: ROCm q8 fp16 cache budget exhausted; using q8 kernels (request=64.00 MiB cached=0.00 GiB free=1.10 GiB reserve=1.59 GiB total=31.86 GiB)
ds4: ROCm q8 fp16 cache budget exhausted; using q8 kernels (request=64.00 MiB cached=0.00 GiB free=1.10 GiB reserve=1.59 GiB total=31.86 GiB)
ds4: ROCm q8 fp16 cache budget exhausted; using q8 kernels (request=64.00 MiB cached=0.00 GiB free=1.10 GiB reserve=1.59 GiB total=31.86 GiB)
ds4: ROCm q8 fp16 cache budget exhausted; using q8 kernels (request=64.00 MiB cached=0.00 GiB free=1.10 GiB reserve=1.59 GiB total=31.86 GiB)
ds4: ROCm q8 fp16 cache budget exhausted; using q8 kernels (request=64.00 MiB cached=0.00 GiB free=1.10 GiB reserve=1.59 GiB total=31.86 GiB)
ds4: ROCm q8 fp16 cache budget exhausted; using q8 kernels (request=64.00 MiB cached=0.00 GiB free=1.10 GiB reserve=1.59 GiB total=31.86 GiB)
ds4: ROCm q8 fp16 cache budget exhausted; using q8 kernels (request=64.00 MiB cached=0.00 GiB free=1.10 GiB reserve=1.59 GiB total=31.86 GiB)
ds4: ROCm q8 fp16 cache budget exhausted; using q8 kernels (request=64.00 MiB cached=0.00 GiB free=1.10 GiB reserve=1.59 GiB total=31.86 GiB)
ds4: ROCm q8 fp16 cache budget exhausted; using q8 kernels (request=64.00 MiB cached=0.00 GiB free=1.10 GiB reserve=1.59 GiB total=31.86 GiB)
ds4: ROCm q8 fp16 cache budget exhausted; using q8 kernels (request=64.00 MiB cached=0.00 GiB free=1.10 GiB reserve=1.59 GiB total=31.86 GiB)
ds4: ROCm q8 fp16 cache budget exhausted; using q8 kernels (request=64.00 MiB cached=0.00 GiB free=1.10 GiB reserve=1.59 GiB total=31.86 GiB)
ds4: ROCm q8 fp16 cache budget exhausted; using q8 kernels (request=64.00 MiB cached=0.00 GiB free=1.10 GiB reserve=1.59 GiB total=31.86 GiB)
ds4: ROCm q8 fp16 cache budget exhausted; using q8 kernels (request=64.00 MiB cached=0.00 GiB free=1.10 GiB reserve=1.59 GiB total=31.86 GiB)
ds4: ROCm q8 fp16 cache budget exhausted; using q8 kernels (request=64.00 MiB cached=0.00 GiB free=1.10 GiB reserve=1.59 GiB total=31.86 GiB)
ds4: ROCm q8 fp16 cache budget exhausted; using q8 kernels (request=64.00 MiB cached=0.00 GiB free=1.10 GiB reserve=1.59 GiB total=31.86 GiB)
ds4: ROCm q8 fp16 cache budget exhausted; using q8 kernels (request=64.00 MiB cached=0.00 GiB free=1.10 GiB reserve=1.59 GiB total=31.86 GiB)
ds4: ROCm q8 fp16 cache budget exhausted; using q8 kernels (request=64.00 MiB cached=0.00 GiB free=1.10 GiB reserve=1.59 GiB total=31.86 GiB)
ds4: ROCm q8 fp16 cache budget exhausted; using q8 kernels (request=64.00 MiB cached=0.00 GiB free=1.10 GiB reserve=1.59 GiB total=31.86 GiB)
ds4: ROCm q8 fp16 cache budget exhausted; using q8 kernels (request=64.00 MiB cached=0.00 GiB free=1.10 GiB reserve=1.59 GiB total=31.86 GiB)
ds4: ROCm q8 fp16 cache budget exhausted; using q8 kernels (request=64.00 MiB cached=0.00 GiB free=1.10 GiB reserve=1.59 GiB total=31.86 GiB)
ds4: ROCm q8 fp16 cache budget exhausted; using q8 kernels (request=64.00 MiB cached=0.00 GiB free=1.10 GiB reserve=1.59 GiB total=31.86 GiB)
ds4: ROCm q8 fp16 cache budget exhausted; using q8 kernels (request=64.00 MiB cached=0.00 GiB free=1.10 GiB reserve=1.59 GiB total=31.86 GiB)
ds4: ROCm q8 fp16 cache budget exhausted; using q8 kernels (request=64.00 MiB cached=0.00 GiB free=1.10 GiB reserve=1.59 GiB total=31.86 GiB)
ds4: ROCm q8 fp16 cache budget exhausted; using q8 kernels (request=64.00 MiB cached=0.00 GiB free=1.10 GiB reserve=1.59 GiB total=31.86 GiB)
ds4: ROCm q8 fp16 cache budget exhausted; using q8 kernels (request=64.00 MiB cached=0.00 GiB free=1.10 GiB reserve=1.59 GiB total=31.86 GiB)
ds4: ROCm q8 fp16 cache budget exhausted; using q8 kernels (request=64.00 MiB cached=0.00 GiB free=1.10 GiB reserve=1.59 GiB total=31.86 GiB)
ds4: ROCm q8 fp16 cache budget exhausted; using q8 kernels (request=64.00 MiB cached=0.00 GiB free=1.10 GiB reserve=1.59 GiB total=31.86 GiB)
ds4: ROCm q8 fp16 cache budget exhausted; using q8 kernels (request=64.00 MiB cached=0.00 GiB free=1.10 GiB reserve=1.59 GiB total=31.86 GiB)
ds4: ROCm q8 fp16 cache budget exhausted; using q8 kernels (request=64.00 MiB cached=0.00 GiB free=1.10 GiB reserve=1.59 GiB total=31.86 GiB)
ds4: ROCm q8 fp16 cache budget exhausted; using q8 kernels (request=64.00 MiB cached=0.00 GiB free=1.10 GiB reserve=1.59 GiB total=31.86 GiB)
ds4: ROCm q8 fp16 cache budget exhausted; using q8 kernels (request=64.00 MiB cached=0.00 GiB free=1.10 GiB reserve=1.59 GiB total=31.86 GiB)
ds4: ROCm q8 fp16 cache budget exhausted; using q8 kernels (request=64.00 MiB cached=0.00 GiB free=1.10 GiB reserve=1.59 GiB total=31.86 GiB)
ds4: ROCm q8 fp16 cache budget exhausted; using q8 kernels (request=64.00 MiB cached=0.00 GiB free=1.10 GiB reserve=1.59 GiB total=31.86 GiB)
ds4: ROCm q8 fp16 cache budget exhausted; using q8 kernels (request=64.00 MiB cached=0.00 GiB free=1.10 GiB reserve=1.59 GiB total=31.86 GiB)
case_076 cases=77 prompt=22 target=24 avg_nll=18.130590 lcp=1 api_target_mae=18.130590 api_top_coverage=97/120 api_top1=0.042 api_topn=0.062 api_pair=0.567
ds4: ROCm q8 fp16 cache budget exhausted; using q8 kernels (request=64.00 MiB cached=0.00 GiB free=1.10 GiB reserve=1.59 GiB total=31.86 GiB)
ds4: ROCm q8 fp16 cache budget exhausted; using q8 kernels (request=64.00 MiB cached=0.00 GiB free=1.10 GiB reserve=1.59 GiB total=31.86 GiB)
ds4: ROCm q8 fp16 cache budget exhausted; using q8 kernels (request=64.00 MiB cached=0.00 GiB free=1.10 GiB reserve=1.59 GiB total=31.86 GiB)
ds4: ROCm q8 fp16 cache budget exhausted; using q8 kernels (request=64.00 MiB cached=0.00 GiB free=1.10 GiB reserve=1.59 GiB total=31.86 GiB)
ds4: ROCm q8 fp16 cache budget exhausted; using q8 kernels (request=64.00 MiB cached=0.00 GiB free=1.10 GiB reserve=1.59 GiB total=31.86 GiB)
ds4: ROCm q8 fp16 cache budget exhausted; using q8 kernels (request=64.00 MiB cached=0.00 GiB free=1.10 GiB reserve=1.59 GiB total=31.86 GiB)
ds4: ROCm q8 fp16 cache budget exhausted; using q8 kernels (request=64.00 MiB cached=0.00 GiB free=1.10 GiB reserve=1.59 GiB total=31.86 GiB)
ds4: ROCm q8 fp16 cache budget exhausted; using q8 kernels (request=64.00 MiB cached=0.00 GiB free=1.10 GiB reserve=1.59 GiB total=31.86 GiB)
ds4: ROCm q8 fp16 cache budget exhausted; using q8 kernels (request=64.00 MiB cached=0.00 GiB free=1.10 GiB reserve=1.59 GiB total=31.86 GiB)
ds4: ROCm q8 fp16 cache budget exhausted; using q8 kernels (request=64.00 MiB cached=0.00 GiB free=1.10 GiB reserve=1.59 GiB total=31.86 GiB)
ds4: ROCm q8 fp16 cache budget exhausted; using q8 kernels (request=64.00 MiB cached=0.00 GiB free=1.10 GiB reserve=1.59 GiB total=31.86 GiB)
ds4: ROCm q8 fp16 cache budget exhausted; using q8 kernels (request=64.00 MiB cached=0.00 GiB free=1.10 GiB reserve=1.59 GiB total=31.86 GiB)
ds4: ROCm q8 fp16 cache budget exhausted; using q8 kernels (request=64.00 MiB cached=0.00 GiB free=1.10 GiB reserve=1.59 GiB total=31.86 GiB)
ds4: ROCm q8 fp16 cache budget exhausted; using q8 kernels (request=64.00 MiB cached=0.00 GiB free=1.10 GiB reserve=1.59 GiB total=31.86 GiB)
ds4: ROCm q8 fp16 cache budget exhausted; using q8 kernels (request=64.00 MiB cached=0.00 GiB free=1.10 GiB reserve=1.59 GiB total=31.86 GiB)
ds4: ROCm q8 fp16 cache budget exhausted; using q8 kernels (request=64.00 MiB cached=0.00 GiB free=1.10 GiB reserve=1.59 GiB total=31.86 GiB)
ds4: ROCm q8 fp16 cache budget exhausted; using q8 kernels (request=64.00 MiB cached=0.00 GiB free=1.10 GiB reserve=1.59 GiB total=31.86 GiB)
ds4: ROCm q8 fp16 cache budget exhausted; using q8 kernels (request=64.00 MiB cached=0.00 GiB free=1.10 GiB reserve=1.59 GiB total=31.86 GiB)
ds4: ROCm q8 fp16 cache budget exhausted; using q8 kernels (request=64.00 MiB cached=0.00 GiB free=1.10 GiB reserve=1.59 GiB total=31.86 GiB)
ds4: ROCm q8 fp16 cache budget exhausted; using q8 kernels (request=64.00 MiB cached=0.00 GiB free=1.10 GiB reserve=1.59 GiB total=31.86 GiB)
ds4: ROCm q8 fp16 cache budget exhausted; using q8 kernels (request=64.00 MiB cached=0.00 GiB free=1.10 GiB reserve=1.59 GiB total=31.86 GiB)
ds4: ROCm q8 fp16 cache budget exhausted; using q8 kernels (request=64.00 MiB cached=0.00 GiB free=1.10 GiB reserve=1.59 GiB total=31.86 GiB)
ds4: ROCm q8 fp16 cache budget exhausted; using q8 kernels (request=64.00 MiB cached=0.00 GiB free=1.10 GiB reserve=1.59 GiB total=31.86 GiB)
ds4: ROCm q8 fp16 cache budget exhausted; using q8 kernels (request=64.00 MiB cached=0.00 GiB free=1.10 GiB reserve=1.59 GiB total=31.86 GiB)
ds4: ROCm q8 fp16 cache budget exhausted; using q8 kernels (request=64.00 MiB cached=0.00 GiB free=1.10 GiB reserve=1.59 GiB total=31.86 GiB)
ds4: ROCm q8 fp16 cache budget exhausted; using q8 kernels (request=64.00 MiB cached=0.00 GiB free=1.10 GiB reserve=1.59 GiB total=31.86 GiB)
ds4: ROCm q8 fp16 cache budget exhausted; using q8 kernels (request=64.00 MiB cached=0.00 GiB free=1.10 GiB reserve=1.59 GiB total=31.86 GiB)
ds4: ROCm q8 fp16 cache budget exhausted; using q8 kernels (request=64.00 MiB cached=0.00 GiB free=1.10 GiB reserve=1.59 GiB total=31.86 GiB)
ds4: ROCm q8 fp16 cache budget exhausted; using q8 kernels (request=64.00 MiB cached=0.00 GiB free=1.10 GiB reserve=1.59 GiB total=31.86 GiB)
ds4: ROCm q8 fp16 cache budget exhausted; using q8 kernels (request=64.00 MiB cached=0.00 GiB free=1.10 GiB reserve=1.59 GiB total=31.86 GiB)
ds4: ROCm q8 fp16 cache budget exhausted; using q8 kernels (request=64.00 MiB cached=0.00 GiB free=1.10 GiB reserve=1.59 GiB total=31.86 GiB)
ds4: ROCm q8 fp16 cache budget exhausted; using q8 kernels (request=64.00 MiB cached=0.00 GiB free=1.10 GiB reserve=1.59 GiB total=31.86 GiB)
ds4: ROCm q8 fp16 cache budget exhausted; using q8 kernels (request=64.00 MiB cached=0.00 GiB free=1.10 GiB reserve=1.59 GiB total=31.86 GiB)
ds4: ROCm q8 fp16 cache budget exhausted; using q8 kernels (request=64.00 MiB cached=0.00 GiB free=1.10 GiB reserve=1.59 GiB total=31.86 GiB)
ds4: ROCm q8 fp16 cache budget exhausted; using q8 kernels (request=64.00 MiB cached=0.00 GiB free=1.10 GiB reserve=1.59 GiB total=31.86 GiB)
ds4: ROCm q8 fp16 cache budget exhausted; using q8 kernels (request=64.00 MiB cached=0.00 GiB free=1.10 GiB reserve=1.59 GiB total=31.86 GiB)
ds4: ROCm q8 fp16 cache budget exhausted; using q8 kernels (request=64.00 MiB cached=0.00 GiB free=1.10 GiB reserve=1.59 GiB total=31.86 GiB)
ds4: ROCm q8 fp16 cache budget exhausted; using q8 kernels (request=64.00 MiB cached=0.00 GiB free=1.10 GiB reserve=1.59 GiB total=31.86 GiB)
ds4: ROCm q8 fp16 cache budget exhausted; using q8 kernels (request=64.00 MiB cached=0.00 GiB free=1.10 GiB reserve=1.59 GiB total=31.86 GiB)
ds4: ROCm q8 fp16 cache budget exhausted; using q8 kernels (request=64.00 MiB cached=0.00 GiB free=1.10 GiB reserve=1.59 GiB total=31.86 GiB)
ds4: ROCm q8 fp16 cache budget exhausted; using q8 kernels (request=64.00 MiB cached=0.00 GiB free=1.10 GiB reserve=1.59 GiB total=31.86 GiB)
ds4: ROCm q8 fp16 cache budget exhausted; using q8 kernels (request=64.00 MiB cached=0.00 GiB free=1.10 GiB reserve=1.59 GiB total=31.86 GiB)
ds4: ROCm q8 fp16 cache budget exhausted; using q8 kernels (request=64.00 MiB cached=0.00 GiB free=1.10 GiB reserve=1.59 GiB total=31.86 GiB)
case_077 cases=78 prompt=24 target=24 avg_nll=17.324282 lcp=1 api_target_mae=17.324282 api_top_coverage=96/120 api_top1=0.042 api_topn=0.031 api_pair=0.530
ds4: ROCm q8 fp16 cache budget exhausted; using q8 kernels (request=64.00 MiB cached=0.00 GiB free=1.10 GiB reserve=1.59 GiB total=31.86 GiB)
ds4: ROCm q8 fp16 cache budget exhausted; using q8 kernels (request=64.00 MiB cached=0.00 GiB free=1.10 GiB reserve=1.59 GiB total=31.86 GiB)
ds4: ROCm q8 fp16 cache budget exhausted; using q8 kernels (request=64.00 MiB cached=0.00 GiB free=1.10 GiB reserve=1.59 GiB total=31.86 GiB)
ds4: ROCm q8 fp16 cache budget exhausted; using q8 kernels (request=64.00 MiB cached=0.00 GiB free=1.10 GiB reserve=1.59 GiB total=31.86 GiB)
ds4: ROCm q8 fp16 cache budget exhausted; using q8 kernels (request=64.00 MiB cached=0.00 GiB free=1.10 GiB reserve=1.59 GiB total=31.86 GiB)
ds4: ROCm q8 fp16 cache budget exhausted; using q8 kernels (request=64.00 MiB cached=0.00 GiB free=1.10 GiB reserve=1.59 GiB total=31.86 GiB)
ds4: ROCm q8 fp16 cache budget exhausted; using q8 kernels (request=64.00 MiB cached=0.00 GiB free=1.10 GiB reserve=1.59 GiB total=31.86 GiB)
ds4: ROCm q8 fp16 cache budget exhausted; using q8 kernels (request=64.00 MiB cached=0.00 GiB free=1.10 GiB reserve=1.59 GiB total=31.86 GiB)
ds4: ROCm q8 fp16 cache budget exhausted; using q8 kernels (request=64.00 MiB cached=0.00 GiB free=1.10 GiB reserve=1.59 GiB total=31.86 GiB)
ds4: ROCm q8 fp16 cache budget exhausted; using q8 kernels (request=64.00 MiB cached=0.00 GiB free=1.10 GiB reserve=1.59 GiB total=31.86 GiB)
ds4: ROCm q8 fp16 cache budget exhausted; using q8 kernels (request=64.00 MiB cached=0.00 GiB free=1.10 GiB reserve=1.59 GiB total=31.86 GiB)
ds4: ROCm q8 fp16 cache budget exhausted; using q8 kernels (request=64.00 MiB cached=0.00 GiB free=1.10 GiB reserve=1.59 GiB total=31.86 GiB)
ds4: ROCm q8 fp16 cache budget exhausted; using q8 kernels (request=64.00 MiB cached=0.00 GiB free=1.10 GiB reserve=1.59 GiB total=31.86 GiB)
ds4: ROCm q8 fp16 cache budget exhausted; using q8 kernels (request=64.00 MiB cached=0.00 GiB free=1.10 GiB reserve=1.59 GiB total=31.86 GiB)
ds4: ROCm q8 fp16 cache budget exhausted; using q8 kernels (request=64.00 MiB cached=0.00 GiB free=1.10 GiB reserve=1.59 GiB total=31.86 GiB)
ds4: ROCm q8 fp16 cache budget exhausted; using q8 kernels (request=64.00 MiB cached=0.00 GiB free=1.10 GiB reserve=1.59 GiB total=31.86 GiB)
ds4: ROCm q8 fp16 cache budget exhausted; using q8 kernels (request=64.00 MiB cached=0.00 GiB free=1.10 GiB reserve=1.59 GiB total=31.86 GiB)
ds4: ROCm q8 fp16 cache budget exhausted; using q8 kernels (request=64.00 MiB cached=0.00 GiB free=1.10 GiB reserve=1.59 GiB total=31.86 GiB)
ds4: ROCm q8 fp16 cache budget exhausted; using q8 kernels (request=64.00 MiB cached=0.00 GiB free=1.10 GiB reserve=1.59 GiB total=31.86 GiB)
ds4: ROCm q8 fp16 cache budget exhausted; using q8 kernels (request=64.00 MiB cached=0.00 GiB free=1.10 GiB reserve=1.59 GiB total=31.86 GiB)
ds4: ROCm q8 fp16 cache budget exhausted; using q8 kernels (request=64.00 MiB cached=0.00 GiB free=1.10 GiB reserve=1.59 GiB total=31.86 GiB)
ds4: ROCm q8 fp16 cache budget exhausted; using q8 kernels (request=64.00 MiB cached=0.00 GiB free=1.10 GiB reserve=1.59 GiB total=31.86 GiB)
ds4: ROCm q8 fp16 cache budget exhausted; using q8 kernels (request=64.00 MiB cached=0.00 GiB free=1.10 GiB reserve=1.59 GiB total=31.86 GiB)
ds4: ROCm q8 fp16 cache budget exhausted; using q8 kernels (request=64.00 MiB cached=0.00 GiB free=1.10 GiB reserve=1.59 GiB total=31.86 GiB)
ds4: ROCm q8 fp16 cache budget exhausted; using q8 kernels (request=64.00 MiB cached=0.00 GiB free=1.10 GiB reserve=1.59 GiB total=31.86 GiB)
ds4: ROCm q8 fp16 cache budget exhausted; using q8 kernels (request=64.00 MiB cached=0.00 GiB free=1.10 GiB reserve=1.59 GiB total=31.86 GiB)
ds4: ROCm q8 fp16 cache budget exhausted; using q8 kernels (request=64.00 MiB cached=0.00 GiB free=1.10 GiB reserve=1.59 GiB total=31.86 GiB)
ds4: ROCm q8 fp16 cache budget exhausted; using q8 kernels (request=64.00 MiB cached=0.00 GiB free=1.10 GiB reserve=1.59 GiB total=31.86 GiB)
ds4: ROCm q8 fp16 cache budget exhausted; using q8 kernels (request=64.00 MiB cached=0.00 GiB free=1.10 GiB reserve=1.59 GiB total=31.86 GiB)
ds4: ROCm q8 fp16 cache budget exhausted; using q8 kernels (request=64.00 MiB cached=0.00 GiB free=1.10 GiB reserve=1.59 GiB total=31.86 GiB)
ds4: ROCm q8 fp16 cache budget exhausted; using q8 kernels (request=64.00 MiB cached=0.00 GiB free=1.10 GiB reserve=1.59 GiB total=31.86 GiB)
ds4: ROCm q8 fp16 cache budget exhausted; using q8 kernels (request=64.00 MiB cached=0.00 GiB free=1.10 GiB reserve=1.59 GiB total=31.86 GiB)
ds4: ROCm q8 fp16 cache budget exhausted; using q8 kernels (request=64.00 MiB cached=0.00 GiB free=1.10 GiB reserve=1.59 GiB total=31.86 GiB)
ds4: ROCm q8 fp16 cache budget exhausted; using q8 kernels (request=64.00 MiB cached=0.00 GiB free=1.10 GiB reserve=1.59 GiB total=31.86 GiB)
ds4: ROCm q8 fp16 cache budget exhausted; using q8 kernels (request=64.00 MiB cached=0.00 GiB free=1.10 GiB reserve=1.59 GiB total=31.86 GiB)
ds4: ROCm q8 fp16 cache budget exhausted; using q8 kernels (request=64.00 MiB cached=0.00 GiB free=1.10 GiB reserve=1.59 GiB total=31.86 GiB)
ds4: ROCm q8 fp16 cache budget exhausted; using q8 kernels (request=64.00 MiB cached=0.00 GiB free=1.10 GiB reserve=1.59 GiB total=31.86 GiB)
ds4: ROCm q8 fp16 cache budget exhausted; using q8 kernels (request=64.00 MiB cached=0.00 GiB free=1.10 GiB reserve=1.59 GiB total=31.86 GiB)
ds4: ROCm q8 fp16 cache budget exhausted; using q8 kernels (request=64.00 MiB cached=0.00 GiB free=1.10 GiB reserve=1.59 GiB total=31.86 GiB)
ds4: ROCm q8 fp16 cache budget exhausted; using q8 kernels (request=64.00 MiB cached=0.00 GiB free=1.10 GiB reserve=1.59 GiB total=31.86 GiB)
ds4: ROCm q8 fp16 cache budget exhausted; using q8 kernels (request=64.00 MiB cached=0.00 GiB free=1.10 GiB reserve=1.59 GiB total=31.86 GiB)
ds4: ROCm q8 fp16 cache budget exhausted; using q8 kernels (request=64.00 MiB cached=0.00 GiB free=1.10 GiB reserve=1.59 GiB total=31.86 GiB)
ds4: ROCm q8 fp16 cache budget exhausted; using q8 kernels (request=64.00 MiB cached=0.00 GiB free=1.10 GiB reserve=1.59 GiB total=31.86 GiB)
case_078 cases=79 prompt=28 target=24 avg_nll=16.449841 lcp=0 api_target_mae=16.449841 api_top_coverage=97/120 api_top1=0.000 api_topn=0.072 api_pair=0.656
ds4: ROCm q8 fp16 cache budget exhausted; using q8 kernels (request=64.00 MiB cached=0.00 GiB free=1.10 GiB reserve=1.59 GiB total=31.86 GiB)
ds4: ROCm q8 fp16 cache budget exhausted; using q8 kernels (request=64.00 MiB cached=0.00 GiB free=1.10 GiB reserve=1.59 GiB total=31.86 GiB)
ds4: ROCm q8 fp16 cache budget exhausted; using q8 kernels (request=64.00 MiB cached=0.00 GiB free=1.10 GiB reserve=1.59 GiB total=31.86 GiB)
ds4: ROCm q8 fp16 cache budget exhausted; using q8 kernels (request=64.00 MiB cached=0.00 GiB free=1.10 GiB reserve=1.59 GiB total=31.86 GiB)
ds4: ROCm q8 fp16 cache budget exhausted; using q8 kernels (request=64.00 MiB cached=0.00 GiB free=1.10 GiB reserve=1.59 GiB total=31.86 GiB)
ds4: ROCm q8 fp16 cache budget exhausted; using q8 kernels (request=64.00 MiB cached=0.00 GiB free=1.10 GiB reserve=1.59 GiB total=31.86 GiB)
ds4: ROCm q8 fp16 cache budget exhausted; using q8 kernels (request=64.00 MiB cached=0.00 GiB free=1.10 GiB reserve=1.59 GiB total=31.86 GiB)
ds4: ROCm q8 fp16 cache budget exhausted; using q8 kernels (request=64.00 MiB cached=0.00 GiB free=1.10 GiB reserve=1.59 GiB total=31.86 GiB)
ds4: ROCm q8 fp16 cache budget exhausted; using q8 kernels (request=64.00 MiB cached=0.00 GiB free=1.10 GiB reserve=1.59 GiB total=31.86 GiB)
ds4: ROCm q8 fp16 cache budget exhausted; using q8 kernels (request=64.00 MiB cached=0.00 GiB free=1.10 GiB reserve=1.59 GiB total=31.86 GiB)
ds4: ROCm q8 fp16 cache budget exhausted; using q8 kernels (request=64.00 MiB cached=0.00 GiB free=1.10 GiB reserve=1.59 GiB total=31.86 GiB)
ds4: ROCm q8 fp16 cache budget exhausted; using q8 kernels (request=64.00 MiB cached=0.00 GiB free=1.10 GiB reserve=1.59 GiB total=31.86 GiB)
ds4: ROCm q8 fp16 cache budget exhausted; using q8 kernels (request=64.00 MiB cached=0.00 GiB free=1.10 GiB reserve=1.59 GiB total=31.86 GiB)
ds4: ROCm q8 fp16 cache budget exhausted; using q8 kernels (request=64.00 MiB cached=0.00 GiB free=1.10 GiB reserve=1.59 GiB total=31.86 GiB)
ds4: ROCm q8 fp16 cache budget exhausted; using q8 kernels (request=64.00 MiB cached=0.00 GiB free=1.10 GiB reserve=1.59 GiB total=31.86 GiB)
ds4: ROCm q8 fp16 cache budget exhausted; using q8 kernels (request=64.00 MiB cached=0.00 GiB free=1.10 GiB reserve=1.59 GiB total=31.86 GiB)
ds4: ROCm q8 fp16 cache budget exhausted; using q8 kernels (request=64.00 MiB cached=0.00 GiB free=1.10 GiB reserve=1.59 GiB total=31.86 GiB)
ds4: ROCm q8 fp16 cache budget exhausted; using q8 kernels (request=64.00 MiB cached=0.00 GiB free=1.10 GiB reserve=1.59 GiB total=31.86 GiB)
ds4: ROCm q8 fp16 cache budget exhausted; using q8 kernels (request=64.00 MiB cached=0.00 GiB free=1.10 GiB reserve=1.59 GiB total=31.86 GiB)
ds4: ROCm q8 fp16 cache budget exhausted; using q8 kernels (request=64.00 MiB cached=0.00 GiB free=1.10 GiB reserve=1.59 GiB total=31.86 GiB)
ds4: ROCm q8 fp16 cache budget exhausted; using q8 kernels (request=64.00 MiB cached=0.00 GiB free=1.10 GiB reserve=1.59 GiB total=31.86 GiB)
ds4: ROCm q8 fp16 cache budget exhausted; using q8 kernels (request=64.00 MiB cached=0.00 GiB free=1.10 GiB reserve=1.59 GiB total=31.86 GiB)
ds4: ROCm q8 fp16 cache budget exhausted; using q8 kernels (request=64.00 MiB cached=0.00 GiB free=1.10 GiB reserve=1.59 GiB total=31.86 GiB)
ds4: ROCm q8 fp16 cache budget exhausted; using q8 kernels (request=64.00 MiB cached=0.00 GiB free=1.10 GiB reserve=1.59 GiB total=31.86 GiB)
ds4: ROCm q8 fp16 cache budget exhausted; using q8 kernels (request=64.00 MiB cached=0.00 GiB free=1.10 GiB reserve=1.59 GiB total=31.86 GiB)
ds4: ROCm q8 fp16 cache budget exhausted; using q8 kernels (request=64.00 MiB cached=0.00 GiB free=1.10 GiB reserve=1.59 GiB total=31.86 GiB)
ds4: ROCm q8 fp16 cache budget exhausted; using q8 kernels (request=64.00 MiB cached=0.00 GiB free=1.10 GiB reserve=1.59 GiB total=31.86 GiB)
ds4: ROCm q8 fp16 cache budget exhausted; using q8 kernels (request=64.00 MiB cached=0.00 GiB free=1.10 GiB reserve=1.59 GiB total=31.86 GiB)
ds4: ROCm q8 fp16 cache budget exhausted; using q8 kernels (request=64.00 MiB cached=0.00 GiB free=1.10 GiB reserve=1.59 GiB total=31.86 GiB)
ds4: ROCm q8 fp16 cache budget exhausted; using q8 kernels (request=64.00 MiB cached=0.00 GiB free=1.10 GiB reserve=1.59 GiB total=31.86 GiB)
ds4: ROCm q8 fp16 cache budget exhausted; using q8 kernels (request=64.00 MiB cached=0.00 GiB free=1.10 GiB reserve=1.59 GiB total=31.86 GiB)
ds4: ROCm q8 fp16 cache budget exhausted; using q8 kernels (request=64.00 MiB cached=0.00 GiB free=1.10 GiB reserve=1.59 GiB total=31.86 GiB)
ds4: ROCm q8 fp16 cache budget exhausted; using q8 kernels (request=64.00 MiB cached=0.00 GiB free=1.10 GiB reserve=1.59 GiB total=31.86 GiB)
ds4: ROCm q8 fp16 cache budget exhausted; using q8 kernels (request=64.00 MiB cached=0.00 GiB free=1.10 GiB reserve=1.59 GiB total=31.86 GiB)
ds4: ROCm q8 fp16 cache budget exhausted; using q8 kernels (request=64.00 MiB cached=0.00 GiB free=1.10 GiB reserve=1.59 GiB total=31.86 GiB)
ds4: ROCm q8 fp16 cache budget exhausted; using q8 kernels (request=64.00 MiB cached=0.00 GiB free=1.10 GiB reserve=1.59 GiB total=31.86 GiB)
ds4: ROCm q8 fp16 cache budget exhausted; using q8 kernels (request=64.00 MiB cached=0.00 GiB free=1.10 GiB reserve=1.59 GiB total=31.86 GiB)
ds4: ROCm q8 fp16 cache budget exhausted; using q8 kernels (request=64.00 MiB cached=0.00 GiB free=1.10 GiB reserve=1.59 GiB total=31.86 GiB)
ds4: ROCm q8 fp16 cache budget exhausted; using q8 kernels (request=64.00 MiB cached=0.00 GiB free=1.10 GiB reserve=1.59 GiB total=31.86 GiB)
ds4: ROCm q8 fp16 cache budget exhausted; using q8 kernels (request=64.00 MiB cached=0.00 GiB free=1.10 GiB reserve=1.59 GiB total=31.86 GiB)
ds4: ROCm q8 fp16 cache budget exhausted; using q8 kernels (request=64.00 MiB cached=0.00 GiB free=1.10 GiB reserve=1.59 GiB total=31.86 GiB)
ds4: ROCm q8 fp16 cache budget exhausted; using q8 kernels (request=64.00 MiB cached=0.00 GiB free=1.10 GiB reserve=1.59 GiB total=31.86 GiB)
ds4: ROCm q8 fp16 cache budget exhausted; using q8 kernels (request=64.00 MiB cached=0.00 GiB free=1.10 GiB reserve=1.59 GiB total=31.86 GiB)
case_079 cases=80 prompt=20 target=24 avg_nll=15.269531 lcp=1 api_target_mae=15.269531 api_top_coverage=99/120 api_top1=0.042 api_topn=0.071 api_pair=0.682
ds4: ROCm q8 fp16 cache budget exhausted; using q8 kernels (request=64.00 MiB cached=0.00 GiB free=1.10 GiB reserve=1.59 GiB total=31.86 GiB)
ds4: ROCm q8 fp16 cache budget exhausted; using q8 kernels (request=64.00 MiB cached=0.00 GiB free=1.10 GiB reserve=1.59 GiB total=31.86 GiB)
ds4: ROCm q8 fp16 cache budget exhausted; using q8 kernels (request=64.00 MiB cached=0.00 GiB free=1.10 GiB reserve=1.59 GiB total=31.86 GiB)
ds4: ROCm q8 fp16 cache budget exhausted; using q8 kernels (request=64.00 MiB cached=0.00 GiB free=1.10 GiB reserve=1.59 GiB total=31.86 GiB)
ds4: ROCm q8 fp16 cache budget exhausted; using q8 kernels (request=64.00 MiB cached=0.00 GiB free=1.10 GiB reserve=1.59 GiB total=31.86 GiB)
ds4: ROCm q8 fp16 cache budget exhausted; using q8 kernels (request=64.00 MiB cached=0.00 GiB free=1.10 GiB reserve=1.59 GiB total=31.86 GiB)
ds4: ROCm q8 fp16 cache budget exhausted; using q8 kernels (request=64.00 MiB cached=0.00 GiB free=1.10 GiB reserve=1.59 GiB total=31.86 GiB)
ds4: ROCm q8 fp16 cache budget exhausted; using q8 kernels (request=64.00 MiB cached=0.00 GiB free=1.10 GiB reserve=1.59 GiB total=31.86 GiB)
ds4: ROCm q8 fp16 cache budget exhausted; using q8 kernels (request=64.00 MiB cached=0.00 GiB free=1.10 GiB reserve=1.59 GiB total=31.86 GiB)
ds4: ROCm q8 fp16 cache budget exhausted; using q8 kernels (request=64.00 MiB cached=0.00 GiB free=1.10 GiB reserve=1.59 GiB total=31.86 GiB)
ds4: ROCm q8 fp16 cache budget exhausted; using q8 kernels (request=64.00 MiB cached=0.00 GiB free=1.10 GiB reserve=1.59 GiB total=31.86 GiB)
ds4: ROCm q8 fp16 cache budget exhausted; using q8 kernels (request=64.00 MiB cached=0.00 GiB free=1.10 GiB reserve=1.59 GiB total=31.86 GiB)
ds4: ROCm q8 fp16 cache budget exhausted; using q8 kernels (request=64.00 MiB cached=0.00 GiB free=1.10 GiB reserve=1.59 GiB total=31.86 GiB)
ds4: ROCm q8 fp16 cache budget exhausted; using q8 kernels (request=64.00 MiB cached=0.00 GiB free=1.10 GiB reserve=1.59 GiB total=31.86 GiB)
ds4: ROCm q8 fp16 cache budget exhausted; using q8 kernels (request=64.00 MiB cached=0.00 GiB free=1.10 GiB reserve=1.59 GiB total=31.86 GiB)
ds4: ROCm q8 fp16 cache budget exhausted; using q8 kernels (request=64.00 MiB cached=0.00 GiB free=1.10 GiB reserve=1.59 GiB total=31.86 GiB)
ds4: ROCm q8 fp16 cache budget exhausted; using q8 kernels (request=64.00 MiB cached=0.00 GiB free=1.10 GiB reserve=1.59 GiB total=31.86 GiB)
ds4: ROCm q8 fp16 cache budget exhausted; using q8 kernels (request=64.00 MiB cached=0.00 GiB free=1.10 GiB reserve=1.59 GiB total=31.86 GiB)
ds4: ROCm q8 fp16 cache budget exhausted; using q8 kernels (request=64.00 MiB cached=0.00 GiB free=1.10 GiB reserve=1.59 GiB total=31.86 GiB)
ds4: ROCm q8 fp16 cache budget exhausted; using q8 kernels (request=64.00 MiB cached=0.00 GiB free=1.10 GiB reserve=1.59 GiB total=31.86 GiB)
ds4: ROCm q8 fp16 cache budget exhausted; using q8 kernels (request=64.00 MiB cached=0.00 GiB free=1.10 GiB reserve=1.59 GiB total=31.86 GiB)
ds4: ROCm q8 fp16 cache budget exhausted; using q8 kernels (request=64.00 MiB cached=0.00 GiB free=1.10 GiB reserve=1.59 GiB total=31.86 GiB)
ds4: ROCm q8 fp16 cache budget exhausted; using q8 kernels (request=64.00 MiB cached=0.00 GiB free=1.10 GiB reserve=1.59 GiB total=31.86 GiB)
ds4: ROCm q8 fp16 cache budget exhausted; using q8 kernels (request=64.00 MiB cached=0.00 GiB free=1.10 GiB reserve=1.59 GiB total=31.86 GiB)
ds4: ROCm q8 fp16 cache budget exhausted; using q8 kernels (request=64.00 MiB cached=0.00 GiB free=1.10 GiB reserve=1.59 GiB total=31.86 GiB)
ds4: ROCm q8 fp16 cache budget exhausted; using q8 kernels (request=64.00 MiB cached=0.00 GiB free=1.10 GiB reserve=1.59 GiB total=31.86 GiB)
ds4: ROCm q8 fp16 cache budget exhausted; using q8 kernels (request=64.00 MiB cached=0.00 GiB free=1.10 GiB reserve=1.59 GiB total=31.86 GiB)
ds4: ROCm q8 fp16 cache budget exhausted; using q8 kernels (request=64.00 MiB cached=0.00 GiB free=1.10 GiB reserve=1.59 GiB total=31.86 GiB)
ds4: ROCm q8 fp16 cache budget exhausted; using q8 kernels (request=64.00 MiB cached=0.00 GiB free=1.10 GiB reserve=1.59 GiB total=31.86 GiB)
ds4: ROCm q8 fp16 cache budget exhausted; using q8 kernels (request=64.00 MiB cached=0.00 GiB free=1.10 GiB reserve=1.59 GiB total=31.86 GiB)
ds4: ROCm q8 fp16 cache budget exhausted; using q8 kernels (request=64.00 MiB cached=0.00 GiB free=1.10 GiB reserve=1.59 GiB total=31.86 GiB)
ds4: ROCm q8 fp16 cache budget exhausted; using q8 kernels (request=64.00 MiB cached=0.00 GiB free=1.10 GiB reserve=1.59 GiB total=31.86 GiB)
ds4: ROCm q8 fp16 cache budget exhausted; using q8 kernels (request=64.00 MiB cached=0.00 GiB free=1.10 GiB reserve=1.59 GiB total=31.86 GiB)
ds4: ROCm q8 fp16 cache budget exhausted; using q8 kernels (request=64.00 MiB cached=0.00 GiB free=1.10 GiB reserve=1.59 GiB total=31.86 GiB)
ds4: ROCm q8 fp16 cache budget exhausted; using q8 kernels (request=64.00 MiB cached=0.00 GiB free=1.10 GiB reserve=1.59 GiB total=31.86 GiB)
ds4: ROCm q8 fp16 cache budget exhausted; using q8 kernels (request=64.00 MiB cached=0.00 GiB free=1.10 GiB reserve=1.59 GiB total=31.86 GiB)
ds4: ROCm q8 fp16 cache budget exhausted; using q8 kernels (request=64.00 MiB cached=0.00 GiB free=1.10 GiB reserve=1.59 GiB total=31.86 GiB)
ds4: ROCm q8 fp16 cache budget exhausted; using q8 kernels (request=64.00 MiB cached=0.00 GiB free=1.10 GiB reserve=1.59 GiB total=31.86 GiB)
ds4: ROCm q8 fp16 cache budget exhausted; using q8 kernels (request=64.00 MiB cached=0.00 GiB free=1.10 GiB reserve=1.59 GiB total=31.86 GiB)
ds4: ROCm q8 fp16 cache budget exhausted; using q8 kernels (request=64.00 MiB cached=0.00 GiB free=1.10 GiB reserve=1.59 GiB total=31.86 GiB)
ds4: ROCm q8 fp16 cache budget exhausted; using q8 kernels (request=64.00 MiB cached=0.00 GiB free=1.10 GiB reserve=1.59 GiB total=31.86 GiB)
ds4: ROCm q8 fp16 cache budget exhausted; using q8 kernels (request=64.00 MiB cached=0.00 GiB free=1.10 GiB reserve=1.59 GiB total=31.86 GiB)
ds4: ROCm q8 fp16 cache budget exhausted; using q8 kernels (request=64.00 MiB cached=0.00 GiB free=1.10 GiB reserve=1.59 GiB total=31.86 GiB)
case_080 cases=81 prompt=13 target=24 avg_nll=16.486969 lcp=0 api_target_mae=16.486969 api_top_coverage=119/120 api_top1=0.000 api_topn=0.008 api_pair=0.513
ds4: ROCm q8 fp16 cache budget exhausted; using q8 kernels (request=64.00 MiB cached=0.00 GiB free=1.10 GiB reserve=1.59 GiB total=31.86 GiB)
ds4: ROCm q8 fp16 cache budget exhausted; using q8 kernels (request=64.00 MiB cached=0.00 GiB free=1.10 GiB reserve=1.59 GiB total=31.86 GiB)
ds4: ROCm q8 fp16 cache budget exhausted; using q8 kernels (request=64.00 MiB cached=0.00 GiB free=1.10 GiB reserve=1.59 GiB total=31.86 GiB)
ds4: ROCm q8 fp16 cache budget exhausted; using q8 kernels (request=64.00 MiB cached=0.00 GiB free=1.10 GiB reserve=1.59 GiB total=31.86 GiB)
ds4: ROCm q8 fp16 cache budget exhausted; using q8 kernels (request=64.00 MiB cached=0.00 GiB free=1.10 GiB reserve=1.59 GiB total=31.86 GiB)
ds4: ROCm q8 fp16 cache budget exhausted; using q8 kernels (request=64.00 MiB cached=0.00 GiB free=1.10 GiB reserve=1.59 GiB total=31.86 GiB)
ds4: ROCm q8 fp16 cache budget exhausted; using q8 kernels (request=64.00 MiB cached=0.00 GiB free=1.10 GiB reserve=1.59 GiB total=31.86 GiB)
ds4: ROCm q8 fp16 cache budget exhausted; using q8 kernels (request=64.00 MiB cached=0.00 GiB free=1.10 GiB reserve=1.59 GiB total=31.86 GiB)
ds4: ROCm q8 fp16 cache budget exhausted; using q8 kernels (request=64.00 MiB cached=0.00 GiB free=1.10 GiB reserve=1.59 GiB total=31.86 GiB)
ds4: ROCm q8 fp16 cache budget exhausted; using q8 kernels (request=64.00 MiB cached=0.00 GiB free=1.10 GiB reserve=1.59 GiB total=31.86 GiB)
ds4: ROCm q8 fp16 cache budget exhausted; using q8 kernels (request=64.00 MiB cached=0.00 GiB free=1.10 GiB reserve=1.59 GiB total=31.86 GiB)
ds4: ROCm q8 fp16 cache budget exhausted; using q8 kernels (request=64.00 MiB cached=0.00 GiB free=1.10 GiB reserve=1.59 GiB total=31.86 GiB)
ds4: ROCm q8 fp16 cache budget exhausted; using q8 kernels (request=64.00 MiB cached=0.00 GiB free=1.10 GiB reserve=1.59 GiB total=31.86 GiB)
ds4: ROCm q8 fp16 cache budget exhausted; using q8 kernels (request=64.00 MiB cached=0.00 GiB free=1.10 GiB reserve=1.59 GiB total=31.86 GiB)
ds4: ROCm q8 fp16 cache budget exhausted; using q8 kernels (request=64.00 MiB cached=0.00 GiB free=1.10 GiB reserve=1.59 GiB total=31.86 GiB)
ds4: ROCm q8 fp16 cache budget exhausted; using q8 kernels (request=64.00 MiB cached=0.00 GiB free=1.10 GiB reserve=1.59 GiB total=31.86 GiB)
ds4: ROCm q8 fp16 cache budget exhausted; using q8 kernels (request=64.00 MiB cached=0.00 GiB free=1.10 GiB reserve=1.59 GiB total=31.86 GiB)
ds4: ROCm q8 fp16 cache budget exhausted; using q8 kernels (request=64.00 MiB cached=0.00 GiB free=1.10 GiB reserve=1.59 GiB total=31.86 GiB)
ds4: ROCm q8 fp16 cache budget exhausted; using q8 kernels (request=64.00 MiB cached=0.00 GiB free=1.10 GiB reserve=1.59 GiB total=31.86 GiB)
ds4: ROCm q8 fp16 cache budget exhausted; using q8 kernels (request=64.00 MiB cached=0.00 GiB free=1.10 GiB reserve=1.59 GiB total=31.86 GiB)
ds4: ROCm q8 fp16 cache budget exhausted; using q8 kernels (request=64.00 MiB cached=0.00 GiB free=1.10 GiB reserve=1.59 GiB total=31.86 GiB)
ds4: ROCm q8 fp16 cache budget exhausted; using q8 kernels (request=64.00 MiB cached=0.00 GiB free=1.10 GiB reserve=1.59 GiB total=31.86 GiB)
ds4: ROCm q8 fp16 cache budget exhausted; using q8 kernels (request=64.00 MiB cached=0.00 GiB free=1.10 GiB reserve=1.59 GiB total=31.86 GiB)
ds4: ROCm q8 fp16 cache budget exhausted; using q8 kernels (request=64.00 MiB cached=0.00 GiB free=1.10 GiB reserve=1.59 GiB total=31.86 GiB)
ds4: ROCm q8 fp16 cache budget exhausted; using q8 kernels (request=64.00 MiB cached=0.00 GiB free=1.10 GiB reserve=1.59 GiB total=31.86 GiB)
ds4: ROCm q8 fp16 cache budget exhausted; using q8 kernels (request=64.00 MiB cached=0.00 GiB free=1.10 GiB reserve=1.59 GiB total=31.86 GiB)
ds4: ROCm q8 fp16 cache budget exhausted; using q8 kernels (request=64.00 MiB cached=0.00 GiB free=1.10 GiB reserve=1.59 GiB total=31.86 GiB)
ds4: ROCm q8 fp16 cache budget exhausted; using q8 kernels (request=64.00 MiB cached=0.00 GiB free=1.10 GiB reserve=1.59 GiB total=31.86 GiB)
ds4: ROCm q8 fp16 cache budget exhausted; using q8 kernels (request=64.00 MiB cached=0.00 GiB free=1.10 GiB reserve=1.59 GiB total=31.86 GiB)
ds4: ROCm q8 fp16 cache budget exhausted; using q8 kernels (request=64.00 MiB cached=0.00 GiB free=1.10 GiB reserve=1.59 GiB total=31.86 GiB)
ds4: ROCm q8 fp16 cache budget exhausted; using q8 kernels (request=64.00 MiB cached=0.00 GiB free=1.10 GiB reserve=1.59 GiB total=31.86 GiB)
ds4: ROCm q8 fp16 cache budget exhausted; using q8 kernels (request=64.00 MiB cached=0.00 GiB free=1.10 GiB reserve=1.59 GiB total=31.86 GiB)
ds4: ROCm q8 fp16 cache budget exhausted; using q8 kernels (request=64.00 MiB cached=0.00 GiB free=1.10 GiB reserve=1.59 GiB total=31.86 GiB)
ds4: ROCm q8 fp16 cache budget exhausted; using q8 kernels (request=64.00 MiB cached=0.00 GiB free=1.10 GiB reserve=1.59 GiB total=31.86 GiB)
ds4: ROCm q8 fp16 cache budget exhausted; using q8 kernels (request=64.00 MiB cached=0.00 GiB free=1.10 GiB reserve=1.59 GiB total=31.86 GiB)
ds4: ROCm q8 fp16 cache budget exhausted; using q8 kernels (request=64.00 MiB cached=0.00 GiB free=1.10 GiB reserve=1.59 GiB total=31.86 GiB)
ds4: ROCm q8 fp16 cache budget exhausted; using q8 kernels (request=64.00 MiB cached=0.00 GiB free=1.10 GiB reserve=1.59 GiB total=31.86 GiB)
ds4: ROCm q8 fp16 cache budget exhausted; using q8 kernels (request=64.00 MiB cached=0.00 GiB free=1.10 GiB reserve=1.59 GiB total=31.86 GiB)
ds4: ROCm q8 fp16 cache budget exhausted; using q8 kernels (request=64.00 MiB cached=0.00 GiB free=1.10 GiB reserve=1.59 GiB total=31.86 GiB)
ds4: ROCm q8 fp16 cache budget exhausted; using q8 kernels (request=64.00 MiB cached=0.00 GiB free=1.10 GiB reserve=1.59 GiB total=31.86 GiB)
ds4: ROCm q8 fp16 cache budget exhausted; using q8 kernels (request=64.00 MiB cached=0.00 GiB free=1.10 GiB reserve=1.59 GiB total=31.86 GiB)
ds4: ROCm q8 fp16 cache budget exhausted; using q8 kernels (request=64.00 MiB cached=0.00 GiB free=1.10 GiB reserve=1.59 GiB total=31.86 GiB)
ds4: ROCm q8 fp16 cache budget exhausted; using q8 kernels (request=64.00 MiB cached=0.00 GiB free=1.10 GiB reserve=1.59 GiB total=31.86 GiB)
case_081 cases=82 prompt=13 target=24 avg_nll=17.604866 lcp=0 api_target_mae=17.604866 api_top_coverage=99/120 api_top1=0.000 api_topn=0.040 api_pair=0.493
ds4: ROCm q8 fp16 cache budget exhausted; using q8 kernels (request=64.00 MiB cached=0.00 GiB free=1.10 GiB reserve=1.59 GiB total=31.86 GiB)
ds4: ROCm q8 fp16 cache budget exhausted; using q8 kernels (request=64.00 MiB cached=0.00 GiB free=1.10 GiB reserve=1.59 GiB total=31.86 GiB)
ds4: ROCm q8 fp16 cache budget exhausted; using q8 kernels (request=64.00 MiB cached=0.00 GiB free=1.10 GiB reserve=1.59 GiB total=31.86 GiB)
ds4: ROCm q8 fp16 cache budget exhausted; using q8 kernels (request=64.00 MiB cached=0.00 GiB free=1.10 GiB reserve=1.59 GiB total=31.86 GiB)
ds4: ROCm q8 fp16 cache budget exhausted; using q8 kernels (request=64.00 MiB cached=0.00 GiB free=1.10 GiB reserve=1.59 GiB total=31.86 GiB)
ds4: ROCm q8 fp16 cache budget exhausted; using q8 kernels (request=64.00 MiB cached=0.00 GiB free=1.10 GiB reserve=1.59 GiB total=31.86 GiB)
ds4: ROCm q8 fp16 cache budget exhausted; using q8 kernels (request=64.00 MiB cached=0.00 GiB free=1.10 GiB reserve=1.59 GiB total=31.86 GiB)
ds4: ROCm q8 fp16 cache budget exhausted; using q8 kernels (request=64.00 MiB cached=0.00 GiB free=1.10 GiB reserve=1.59 GiB total=31.86 GiB)
ds4: ROCm q8 fp16 cache budget exhausted; using q8 kernels (request=64.00 MiB cached=0.00 GiB free=1.10 GiB reserve=1.59 GiB total=31.86 GiB)
ds4: ROCm q8 fp16 cache budget exhausted; using q8 kernels (request=64.00 MiB cached=0.00 GiB free=1.10 GiB reserve=1.59 GiB total=31.86 GiB)
ds4: ROCm q8 fp16 cache budget exhausted; using q8 kernels (request=64.00 MiB cached=0.00 GiB free=1.10 GiB reserve=1.59 GiB total=31.86 GiB)
ds4: ROCm q8 fp16 cache budget exhausted; using q8 kernels (request=64.00 MiB cached=0.00 GiB free=1.10 GiB reserve=1.59 GiB total=31.86 GiB)
ds4: ROCm q8 fp16 cache budget exhausted; using q8 kernels (request=64.00 MiB cached=0.00 GiB free=1.10 GiB reserve=1.59 GiB total=31.86 GiB)
ds4: ROCm q8 fp16 cache budget exhausted; using q8 kernels (request=64.00 MiB cached=0.00 GiB free=1.10 GiB reserve=1.59 GiB total=31.86 GiB)
ds4: ROCm q8 fp16 cache budget exhausted; using q8 kernels (request=64.00 MiB cached=0.00 GiB free=1.10 GiB reserve=1.59 GiB total=31.86 GiB)
ds4: ROCm q8 fp16 cache budget exhausted; using q8 kernels (request=64.00 MiB cached=0.00 GiB free=1.10 GiB reserve=1.59 GiB total=31.86 GiB)
ds4: ROCm q8 fp16 cache budget exhausted; using q8 kernels (request=64.00 MiB cached=0.00 GiB free=1.10 GiB reserve=1.59 GiB total=31.86 GiB)
ds4: ROCm q8 fp16 cache budget exhausted; using q8 kernels (request=64.00 MiB cached=0.00 GiB free=1.10 GiB reserve=1.59 GiB total=31.86 GiB)
ds4: ROCm q8 fp16 cache budget exhausted; using q8 kernels (request=64.00 MiB cached=0.00 GiB free=1.10 GiB reserve=1.59 GiB total=31.86 GiB)
ds4: ROCm q8 fp16 cache budget exhausted; using q8 kernels (request=64.00 MiB cached=0.00 GiB free=1.10 GiB reserve=1.59 GiB total=31.86 GiB)
ds4: ROCm q8 fp16 cache budget exhausted; using q8 kernels (request=64.00 MiB cached=0.00 GiB free=1.10 GiB reserve=1.59 GiB total=31.86 GiB)
ds4: ROCm q8 fp16 cache budget exhausted; using q8 kernels (request=64.00 MiB cached=0.00 GiB free=1.10 GiB reserve=1.59 GiB total=31.86 GiB)
ds4: ROCm q8 fp16 cache budget exhausted; using q8 kernels (request=64.00 MiB cached=0.00 GiB free=1.10 GiB reserve=1.59 GiB total=31.86 GiB)
ds4: ROCm q8 fp16 cache budget exhausted; using q8 kernels (request=64.00 MiB cached=0.00 GiB free=1.10 GiB reserve=1.59 GiB total=31.86 GiB)
ds4: ROCm q8 fp16 cache budget exhausted; using q8 kernels (request=64.00 MiB cached=0.00 GiB free=1.10 GiB reserve=1.59 GiB total=31.86 GiB)
ds4: ROCm q8 fp16 cache budget exhausted; using q8 kernels (request=64.00 MiB cached=0.00 GiB free=1.10 GiB reserve=1.59 GiB total=31.86 GiB)
ds4: ROCm q8 fp16 cache budget exhausted; using q8 kernels (request=64.00 MiB cached=0.00 GiB free=1.10 GiB reserve=1.59 GiB total=31.86 GiB)
ds4: ROCm q8 fp16 cache budget exhausted; using q8 kernels (request=64.00 MiB cached=0.00 GiB free=1.10 GiB reserve=1.59 GiB total=31.86 GiB)
ds4: ROCm q8 fp16 cache budget exhausted; using q8 kernels (request=64.00 MiB cached=0.00 GiB free=1.10 GiB reserve=1.59 GiB total=31.86 GiB)
ds4: ROCm q8 fp16 cache budget exhausted; using q8 kernels (request=64.00 MiB cached=0.00 GiB free=1.10 GiB reserve=1.59 GiB total=31.86 GiB)
ds4: ROCm q8 fp16 cache budget exhausted; using q8 kernels (request=64.00 MiB cached=0.00 GiB free=1.10 GiB reserve=1.59 GiB total=31.86 GiB)
ds4: ROCm q8 fp16 cache budget exhausted; using q8 kernels (request=64.00 MiB cached=0.00 GiB free=1.10 GiB reserve=1.59 GiB total=31.86 GiB)
ds4: ROCm q8 fp16 cache budget exhausted; using q8 kernels (request=64.00 MiB cached=0.00 GiB free=1.10 GiB reserve=1.59 GiB total=31.86 GiB)
ds4: ROCm q8 fp16 cache budget exhausted; using q8 kernels (request=64.00 MiB cached=0.00 GiB free=1.10 GiB reserve=1.59 GiB total=31.86 GiB)
ds4: ROCm q8 fp16 cache budget exhausted; using q8 kernels (request=64.00 MiB cached=0.00 GiB free=1.10 GiB reserve=1.59 GiB total=31.86 GiB)
ds4: ROCm q8 fp16 cache budget exhausted; using q8 kernels (request=64.00 MiB cached=0.00 GiB free=1.10 GiB reserve=1.59 GiB total=31.86 GiB)
ds4: ROCm q8 fp16 cache budget exhausted; using q8 kernels (request=64.00 MiB cached=0.00 GiB free=1.10 GiB reserve=1.59 GiB total=31.86 GiB)
ds4: ROCm q8 fp16 cache budget exhausted; using q8 kernels (request=64.00 MiB cached=0.00 GiB free=1.10 GiB reserve=1.59 GiB total=31.86 GiB)
ds4: ROCm q8 fp16 cache budget exhausted; using q8 kernels (request=64.00 MiB cached=0.00 GiB free=1.10 GiB reserve=1.59 GiB total=31.86 GiB)
ds4: ROCm q8 fp16 cache budget exhausted; using q8 kernels (request=64.00 MiB cached=0.00 GiB free=1.10 GiB reserve=1.59 GiB total=31.86 GiB)
ds4: ROCm q8 fp16 cache budget exhausted; using q8 kernels (request=64.00 MiB cached=0.00 GiB free=1.10 GiB reserve=1.59 GiB total=31.86 GiB)
ds4: ROCm q8 fp16 cache budget exhausted; using q8 kernels (request=64.00 MiB cached=0.00 GiB free=1.10 GiB reserve=1.59 GiB total=31.86 GiB)
ds4: ROCm q8 fp16 cache budget exhausted; using q8 kernels (request=64.00 MiB cached=0.00 GiB free=1.10 GiB reserve=1.59 GiB total=31.86 GiB)
case_082 cases=83 prompt=16 target=24 avg_nll=15.222504 lcp=1 api_target_mae=15.222504 api_top_coverage=97/120 api_top1=0.042 api_topn=0.113 api_pair=0.578
ds4: ROCm q8 fp16 cache budget exhausted; using q8 kernels (request=64.00 MiB cached=0.00 GiB free=1.10 GiB reserve=1.59 GiB total=31.86 GiB)
ds4: ROCm q8 fp16 cache budget exhausted; using q8 kernels (request=64.00 MiB cached=0.00 GiB free=1.10 GiB reserve=1.59 GiB total=31.86 GiB)
ds4: ROCm q8 fp16 cache budget exhausted; using q8 kernels (request=64.00 MiB cached=0.00 GiB free=1.10 GiB reserve=1.59 GiB total=31.86 GiB)
ds4: ROCm q8 fp16 cache budget exhausted; using q8 kernels (request=64.00 MiB cached=0.00 GiB free=1.10 GiB reserve=1.59 GiB total=31.86 GiB)
ds4: ROCm q8 fp16 cache budget exhausted; using q8 kernels (request=64.00 MiB cached=0.00 GiB free=1.10 GiB reserve=1.59 GiB total=31.86 GiB)
ds4: ROCm q8 fp16 cache budget exhausted; using q8 kernels (request=64.00 MiB cached=0.00 GiB free=1.10 GiB reserve=1.59 GiB total=31.86 GiB)
ds4: ROCm q8 fp16 cache budget exhausted; using q8 kernels (request=64.00 MiB cached=0.00 GiB free=1.10 GiB reserve=1.59 GiB total=31.86 GiB)
ds4: ROCm q8 fp16 cache budget exhausted; using q8 kernels (request=64.00 MiB cached=0.00 GiB free=1.10 GiB reserve=1.59 GiB total=31.86 GiB)
ds4: ROCm q8 fp16 cache budget exhausted; using q8 kernels (request=64.00 MiB cached=0.00 GiB free=1.10 GiB reserve=1.59 GiB total=31.86 GiB)
ds4: ROCm q8 fp16 cache budget exhausted; using q8 kernels (request=64.00 MiB cached=0.00 GiB free=1.10 GiB reserve=1.59 GiB total=31.86 GiB)
ds4: ROCm q8 fp16 cache budget exhausted; using q8 kernels (request=64.00 MiB cached=0.00 GiB free=1.10 GiB reserve=1.59 GiB total=31.86 GiB)
ds4: ROCm q8 fp16 cache budget exhausted; using q8 kernels (request=64.00 MiB cached=0.00 GiB free=1.10 GiB reserve=1.59 GiB total=31.86 GiB)
ds4: ROCm q8 fp16 cache budget exhausted; using q8 kernels (request=64.00 MiB cached=0.00 GiB free=1.10 GiB reserve=1.59 GiB total=31.86 GiB)
ds4: ROCm q8 fp16 cache budget exhausted; using q8 kernels (request=64.00 MiB cached=0.00 GiB free=1.10 GiB reserve=1.59 GiB total=31.86 GiB)
ds4: ROCm q8 fp16 cache budget exhausted; using q8 kernels (request=64.00 MiB cached=0.00 GiB free=1.10 GiB reserve=1.59 GiB total=31.86 GiB)
ds4: ROCm q8 fp16 cache budget exhausted; using q8 kernels (request=64.00 MiB cached=0.00 GiB free=1.10 GiB reserve=1.59 GiB total=31.86 GiB)
ds4: ROCm q8 fp16 cache budget exhausted; using q8 kernels (request=64.00 MiB cached=0.00 GiB free=1.10 GiB reserve=1.59 GiB total=31.86 GiB)
ds4: ROCm q8 fp16 cache budget exhausted; using q8 kernels (request=64.00 MiB cached=0.00 GiB free=1.10 GiB reserve=1.59 GiB total=31.86 GiB)
ds4: ROCm q8 fp16 cache budget exhausted; using q8 kernels (request=64.00 MiB cached=0.00 GiB free=1.10 GiB reserve=1.59 GiB total=31.86 GiB)
ds4: ROCm q8 fp16 cache budget exhausted; using q8 kernels (request=64.00 MiB cached=0.00 GiB free=1.10 GiB reserve=1.59 GiB total=31.86 GiB)
ds4: ROCm q8 fp16 cache budget exhausted; using q8 kernels (request=64.00 MiB cached=0.00 GiB free=1.10 GiB reserve=1.59 GiB total=31.86 GiB)
ds4: ROCm q8 fp16 cache budget exhausted; using q8 kernels (request=64.00 MiB cached=0.00 GiB free=1.10 GiB reserve=1.59 GiB total=31.86 GiB)
ds4: ROCm q8 fp16 cache budget exhausted; using q8 kernels (request=64.00 MiB cached=0.00 GiB free=1.10 GiB reserve=1.59 GiB total=31.86 GiB)
ds4: ROCm q8 fp16 cache budget exhausted; using q8 kernels (request=64.00 MiB cached=0.00 GiB free=1.10 GiB reserve=1.59 GiB total=31.86 GiB)
ds4: ROCm q8 fp16 cache budget exhausted; using q8 kernels (request=64.00 MiB cached=0.00 GiB free=1.10 GiB reserve=1.59 GiB total=31.86 GiB)
ds4: ROCm q8 fp16 cache budget exhausted; using q8 kernels (request=64.00 MiB cached=0.00 GiB free=1.10 GiB reserve=1.59 GiB total=31.86 GiB)
ds4: ROCm q8 fp16 cache budget exhausted; using q8 kernels (request=64.00 MiB cached=0.00 GiB free=1.10 GiB reserve=1.59 GiB total=31.86 GiB)
ds4: ROCm q8 fp16 cache budget exhausted; using q8 kernels (request=64.00 MiB cached=0.00 GiB free=1.10 GiB reserve=1.59 GiB total=31.86 GiB)
ds4: ROCm q8 fp16 cache budget exhausted; using q8 kernels (request=64.00 MiB cached=0.00 GiB free=1.10 GiB reserve=1.59 GiB total=31.86 GiB)
ds4: ROCm q8 fp16 cache budget exhausted; using q8 kernels (request=64.00 MiB cached=0.00 GiB free=1.10 GiB reserve=1.59 GiB total=31.86 GiB)
ds4: ROCm q8 fp16 cache budget exhausted; using q8 kernels (request=64.00 MiB cached=0.00 GiB free=1.10 GiB reserve=1.59 GiB total=31.86 GiB)
ds4: ROCm q8 fp16 cache budget exhausted; using q8 kernels (request=64.00 MiB cached=0.00 GiB free=1.10 GiB reserve=1.59 GiB total=31.86 GiB)
ds4: ROCm q8 fp16 cache budget exhausted; using q8 kernels (request=64.00 MiB cached=0.00 GiB free=1.10 GiB reserve=1.59 GiB total=31.86 GiB)
ds4: ROCm q8 fp16 cache budget exhausted; using q8 kernels (request=64.00 MiB cached=0.00 GiB free=1.10 GiB reserve=1.59 GiB total=31.86 GiB)
ds4: ROCm q8 fp16 cache budget exhausted; using q8 kernels (request=64.00 MiB cached=0.00 GiB free=1.10 GiB reserve=1.59 GiB total=31.86 GiB)
ds4: ROCm q8 fp16 cache budget exhausted; using q8 kernels (request=64.00 MiB cached=0.00 GiB free=1.10 GiB reserve=1.59 GiB total=31.86 GiB)
ds4: ROCm q8 fp16 cache budget exhausted; using q8 kernels (request=64.00 MiB cached=0.00 GiB free=1.10 GiB reserve=1.59 GiB total=31.86 GiB)
ds4: ROCm q8 fp16 cache budget exhausted; using q8 kernels (request=64.00 MiB cached=0.00 GiB free=1.10 GiB reserve=1.59 GiB total=31.86 GiB)
ds4: ROCm q8 fp16 cache budget exhausted; using q8 kernels (request=64.00 MiB cached=0.00 GiB free=1.10 GiB reserve=1.59 GiB total=31.86 GiB)
ds4: ROCm q8 fp16 cache budget exhausted; using q8 kernels (request=64.00 MiB cached=0.00 GiB free=1.10 GiB reserve=1.59 GiB total=31.86 GiB)
ds4: ROCm q8 fp16 cache budget exhausted; using q8 kernels (request=64.00 MiB cached=0.00 GiB free=1.10 GiB reserve=1.59 GiB total=31.86 GiB)
ds4: ROCm q8 fp16 cache budget exhausted; using q8 kernels (request=64.00 MiB cached=0.00 GiB free=1.10 GiB reserve=1.59 GiB total=31.86 GiB)
ds4: ROCm q8 fp16 cache budget exhausted; using q8 kernels (request=64.00 MiB cached=0.00 GiB free=1.10 GiB reserve=1.59 GiB total=31.86 GiB)
case_083 cases=84 prompt=19 target=17 avg_nll=17.771740 lcp=1 api_target_mae=17.771740 api_top_coverage=68/85 api_top1=0.059 api_topn=0.074 api_pair=0.378
ds4: ROCm q8 fp16 cache budget exhausted; using q8 kernels (request=64.00 MiB cached=0.00 GiB free=1.10 GiB reserve=1.59 GiB total=31.86 GiB)
ds4: ROCm q8 fp16 cache budget exhausted; using q8 kernels (request=64.00 MiB cached=0.00 GiB free=1.10 GiB reserve=1.59 GiB total=31.86 GiB)
ds4: ROCm q8 fp16 cache budget exhausted; using q8 kernels (request=64.00 MiB cached=0.00 GiB free=1.10 GiB reserve=1.59 GiB total=31.86 GiB)
ds4: ROCm q8 fp16 cache budget exhausted; using q8 kernels (request=64.00 MiB cached=0.00 GiB free=1.10 GiB reserve=1.59 GiB total=31.86 GiB)
ds4: ROCm q8 fp16 cache budget exhausted; using q8 kernels (request=64.00 MiB cached=0.00 GiB free=1.10 GiB reserve=1.59 GiB total=31.86 GiB)
ds4: ROCm q8 fp16 cache budget exhausted; using q8 kernels (request=64.00 MiB cached=0.00 GiB free=1.10 GiB reserve=1.59 GiB total=31.86 GiB)
ds4: ROCm q8 fp16 cache budget exhausted; using q8 kernels (request=64.00 MiB cached=0.00 GiB free=1.10 GiB reserve=1.59 GiB total=31.86 GiB)
ds4: ROCm q8 fp16 cache budget exhausted; using q8 kernels (request=64.00 MiB cached=0.00 GiB free=1.10 GiB reserve=1.59 GiB total=31.86 GiB)
ds4: ROCm q8 fp16 cache budget exhausted; using q8 kernels (request=64.00 MiB cached=0.00 GiB free=1.10 GiB reserve=1.59 GiB total=31.86 GiB)
ds4: ROCm q8 fp16 cache budget exhausted; using q8 kernels (request=64.00 MiB cached=0.00 GiB free=1.10 GiB reserve=1.59 GiB total=31.86 GiB)
ds4: ROCm q8 fp16 cache budget exhausted; using q8 kernels (request=64.00 MiB cached=0.00 GiB free=1.10 GiB reserve=1.59 GiB total=31.86 GiB)
ds4: ROCm q8 fp16 cache budget exhausted; using q8 kernels (request=64.00 MiB cached=0.00 GiB free=1.10 GiB reserve=1.59 GiB total=31.86 GiB)
ds4: ROCm q8 fp16 cache budget exhausted; using q8 kernels (request=64.00 MiB cached=0.00 GiB free=1.10 GiB reserve=1.59 GiB total=31.86 GiB)
ds4: ROCm q8 fp16 cache budget exhausted; using q8 kernels (request=64.00 MiB cached=0.00 GiB free=1.10 GiB reserve=1.59 GiB total=31.86 GiB)
ds4: ROCm q8 fp16 cache budget exhausted; using q8 kernels (request=64.00 MiB cached=0.00 GiB free=1.10 GiB reserve=1.59 GiB total=31.86 GiB)
ds4: ROCm q8 fp16 cache budget exhausted; using q8 kernels (request=64.00 MiB cached=0.00 GiB free=1.10 GiB reserve=1.59 GiB total=31.86 GiB)
ds4: ROCm q8 fp16 cache budget exhausted; using q8 kernels (request=64.00 MiB cached=0.00 GiB free=1.10 GiB reserve=1.59 GiB total=31.86 GiB)
ds4: ROCm q8 fp16 cache budget exhausted; using q8 kernels (request=64.00 MiB cached=0.00 GiB free=1.10 GiB reserve=1.59 GiB total=31.86 GiB)
ds4: ROCm q8 fp16 cache budget exhausted; using q8 kernels (request=64.00 MiB cached=0.00 GiB free=1.10 GiB reserve=1.59 GiB total=31.86 GiB)
ds4: ROCm q8 fp16 cache budget exhausted; using q8 kernels (request=64.00 MiB cached=0.00 GiB free=1.10 GiB reserve=1.59 GiB total=31.86 GiB)
ds4: ROCm q8 fp16 cache budget exhausted; using q8 kernels (request=64.00 MiB cached=0.00 GiB free=1.10 GiB reserve=1.59 GiB total=31.86 GiB)
ds4: ROCm q8 fp16 cache budget exhausted; using q8 kernels (request=64.00 MiB cached=0.00 GiB free=1.10 GiB reserve=1.59 GiB total=31.86 GiB)
ds4: ROCm q8 fp16 cache budget exhausted; using q8 kernels (request=64.00 MiB cached=0.00 GiB free=1.10 GiB reserve=1.59 GiB total=31.86 GiB)
ds4: ROCm q8 fp16 cache budget exhausted; using q8 kernels (request=64.00 MiB cached=0.00 GiB free=1.10 GiB reserve=1.59 GiB total=31.86 GiB)
ds4: ROCm q8 fp16 cache budget exhausted; using q8 kernels (request=64.00 MiB cached=0.00 GiB free=1.10 GiB reserve=1.59 GiB total=31.86 GiB)
ds4: ROCm q8 fp16 cache budget exhausted; using q8 kernels (request=64.00 MiB cached=0.00 GiB free=1.10 GiB reserve=1.59 GiB total=31.86 GiB)
ds4: ROCm q8 fp16 cache budget exhausted; using q8 kernels (request=64.00 MiB cached=0.00 GiB free=1.10 GiB reserve=1.59 GiB total=31.86 GiB)
ds4: ROCm q8 fp16 cache budget exhausted; using q8 kernels (request=64.00 MiB cached=0.00 GiB free=1.10 GiB reserve=1.59 GiB total=31.86 GiB)
ds4: ROCm q8 fp16 cache budget exhausted; using q8 kernels (request=64.00 MiB cached=0.00 GiB free=1.10 GiB reserve=1.59 GiB total=31.86 GiB)
ds4: ROCm q8 fp16 cache budget exhausted; using q8 kernels (request=64.00 MiB cached=0.00 GiB free=1.10 GiB reserve=1.59 GiB total=31.86 GiB)
ds4: ROCm q8 fp16 cache budget exhausted; using q8 kernels (request=64.00 MiB cached=0.00 GiB free=1.10 GiB reserve=1.59 GiB total=31.86 GiB)
ds4: ROCm q8 fp16 cache budget exhausted; using q8 kernels (request=64.00 MiB cached=0.00 GiB free=1.10 GiB reserve=1.59 GiB total=31.86 GiB)
ds4: ROCm q8 fp16 cache budget exhausted; using q8 kernels (request=64.00 MiB cached=0.00 GiB free=1.10 GiB reserve=1.59 GiB total=31.86 GiB)
ds4: ROCm q8 fp16 cache budget exhausted; using q8 kernels (request=64.00 MiB cached=0.00 GiB free=1.10 GiB reserve=1.59 GiB total=31.86 GiB)
ds4: ROCm q8 fp16 cache budget exhausted; using q8 kernels (request=64.00 MiB cached=0.00 GiB free=1.10 GiB reserve=1.59 GiB total=31.86 GiB)
ds4: ROCm q8 fp16 cache budget exhausted; using q8 kernels (request=64.00 MiB cached=0.00 GiB free=1.10 GiB reserve=1.59 GiB total=31.86 GiB)
ds4: ROCm q8 fp16 cache budget exhausted; using q8 kernels (request=64.00 MiB cached=0.00 GiB free=1.10 GiB reserve=1.59 GiB total=31.86 GiB)
ds4: ROCm q8 fp16 cache budget exhausted; using q8 kernels (request=64.00 MiB cached=0.00 GiB free=1.10 GiB reserve=1.59 GiB total=31.86 GiB)
ds4: ROCm q8 fp16 cache budget exhausted; using q8 kernels (request=64.00 MiB cached=0.00 GiB free=1.10 GiB reserve=1.59 GiB total=31.86 GiB)
ds4: ROCm q8 fp16 cache budget exhausted; using q8 kernels (request=64.00 MiB cached=0.00 GiB free=1.10 GiB reserve=1.59 GiB total=31.86 GiB)
ds4: ROCm q8 fp16 cache budget exhausted; using q8 kernels (request=64.00 MiB cached=0.00 GiB free=1.10 GiB reserve=1.59 GiB total=31.86 GiB)
ds4: ROCm q8 fp16 cache budget exhausted; using q8 kernels (request=64.00 MiB cached=0.00 GiB free=1.10 GiB reserve=1.59 GiB total=31.86 GiB)
ds4: ROCm q8 fp16 cache budget exhausted; using q8 kernels (request=64.00 MiB cached=0.00 GiB free=1.10 GiB reserve=1.59 GiB total=31.86 GiB)
case_084 cases=85 prompt=23 target=11 avg_nll=14.690008 lcp=0 api_target_mae=14.690008 api_top_coverage=45/55 api_top1=0.000 api_topn=0.200 api_pair=0.600
ds4: ROCm q8 fp16 cache budget exhausted; using q8 kernels (request=64.00 MiB cached=0.00 GiB free=1.10 GiB reserve=1.59 GiB total=31.86 GiB)
ds4: ROCm q8 fp16 cache budget exhausted; using q8 kernels (request=64.00 MiB cached=0.00 GiB free=1.10 GiB reserve=1.59 GiB total=31.86 GiB)
ds4: ROCm q8 fp16 cache budget exhausted; using q8 kernels (request=64.00 MiB cached=0.00 GiB free=1.10 GiB reserve=1.59 GiB total=31.86 GiB)
ds4: ROCm q8 fp16 cache budget exhausted; using q8 kernels (request=64.00 MiB cached=0.00 GiB free=1.10 GiB reserve=1.59 GiB total=31.86 GiB)
ds4: ROCm q8 fp16 cache budget exhausted; using q8 kernels (request=64.00 MiB cached=0.00 GiB free=1.10 GiB reserve=1.59 GiB total=31.86 GiB)
ds4: ROCm q8 fp16 cache budget exhausted; using q8 kernels (request=64.00 MiB cached=0.00 GiB free=1.10 GiB reserve=1.59 GiB total=31.86 GiB)
ds4: ROCm q8 fp16 cache budget exhausted; using q8 kernels (request=64.00 MiB cached=0.00 GiB free=1.10 GiB reserve=1.59 GiB total=31.86 GiB)
ds4: ROCm q8 fp16 cache budget exhausted; using q8 kernels (request=64.00 MiB cached=0.00 GiB free=1.10 GiB reserve=1.59 GiB total=31.86 GiB)
ds4: ROCm q8 fp16 cache budget exhausted; using q8 kernels (request=64.00 MiB cached=0.00 GiB free=1.10 GiB reserve=1.59 GiB total=31.86 GiB)
ds4: ROCm q8 fp16 cache budget exhausted; using q8 kernels (request=64.00 MiB cached=0.00 GiB free=1.10 GiB reserve=1.59 GiB total=31.86 GiB)
ds4: ROCm q8 fp16 cache budget exhausted; using q8 kernels (request=64.00 MiB cached=0.00 GiB free=1.10 GiB reserve=1.59 GiB total=31.86 GiB)
ds4: ROCm q8 fp16 cache budget exhausted; using q8 kernels (request=64.00 MiB cached=0.00 GiB free=1.10 GiB reserve=1.59 GiB total=31.86 GiB)
ds4: ROCm q8 fp16 cache budget exhausted; using q8 kernels (request=64.00 MiB cached=0.00 GiB free=1.10 GiB reserve=1.59 GiB total=31.86 GiB)
ds4: ROCm q8 fp16 cache budget exhausted; using q8 kernels (request=64.00 MiB cached=0.00 GiB free=1.10 GiB reserve=1.59 GiB total=31.86 GiB)
ds4: ROCm q8 fp16 cache budget exhausted; using q8 kernels (request=64.00 MiB cached=0.00 GiB free=1.10 GiB reserve=1.59 GiB total=31.86 GiB)
ds4: ROCm q8 fp16 cache budget exhausted; using q8 kernels (request=64.00 MiB cached=0.00 GiB free=1.10 GiB reserve=1.59 GiB total=31.86 GiB)
ds4: ROCm q8 fp16 cache budget exhausted; using q8 kernels (request=64.00 MiB cached=0.00 GiB free=1.10 GiB reserve=1.59 GiB total=31.86 GiB)
ds4: ROCm q8 fp16 cache budget exhausted; using q8 kernels (request=64.00 MiB cached=0.00 GiB free=1.10 GiB reserve=1.59 GiB total=31.86 GiB)
ds4: ROCm q8 fp16 cache budget exhausted; using q8 kernels (request=64.00 MiB cached=0.00 GiB free=1.10 GiB reserve=1.59 GiB total=31.86 GiB)
ds4: ROCm q8 fp16 cache budget exhausted; using q8 kernels (request=64.00 MiB cached=0.00 GiB free=1.10 GiB reserve=1.59 GiB total=31.86 GiB)
ds4: ROCm q8 fp16 cache budget exhausted; using q8 kernels (request=64.00 MiB cached=0.00 GiB free=1.10 GiB reserve=1.59 GiB total=31.86 GiB)
ds4: ROCm q8 fp16 cache budget exhausted; using q8 kernels (request=64.00 MiB cached=0.00 GiB free=1.10 GiB reserve=1.59 GiB total=31.86 GiB)
ds4: ROCm q8 fp16 cache budget exhausted; using q8 kernels (request=64.00 MiB cached=0.00 GiB free=1.10 GiB reserve=1.59 GiB total=31.86 GiB)
ds4: ROCm q8 fp16 cache budget exhausted; using q8 kernels (request=64.00 MiB cached=0.00 GiB free=1.10 GiB reserve=1.59 GiB total=31.86 GiB)
ds4: ROCm q8 fp16 cache budget exhausted; using q8 kernels (request=64.00 MiB cached=0.00 GiB free=1.10 GiB reserve=1.59 GiB total=31.86 GiB)
ds4: ROCm q8 fp16 cache budget exhausted; using q8 kernels (request=64.00 MiB cached=0.00 GiB free=1.10 GiB reserve=1.59 GiB total=31.86 GiB)
ds4: ROCm q8 fp16 cache budget exhausted; using q8 kernels (request=64.00 MiB cached=0.00 GiB free=1.10 GiB reserve=1.59 GiB total=31.86 GiB)
ds4: ROCm q8 fp16 cache budget exhausted; using q8 kernels (request=64.00 MiB cached=0.00 GiB free=1.10 GiB reserve=1.59 GiB total=31.86 GiB)
ds4: ROCm q8 fp16 cache budget exhausted; using q8 kernels (request=64.00 MiB cached=0.00 GiB free=1.10 GiB reserve=1.59 GiB total=31.86 GiB)
ds4: ROCm q8 fp16 cache budget exhausted; using q8 kernels (request=64.00 MiB cached=0.00 GiB free=1.10 GiB reserve=1.59 GiB total=31.86 GiB)
ds4: ROCm q8 fp16 cache budget exhausted; using q8 kernels (request=64.00 MiB cached=0.00 GiB free=1.10 GiB reserve=1.59 GiB total=31.86 GiB)
ds4: ROCm q8 fp16 cache budget exhausted; using q8 kernels (request=64.00 MiB cached=0.00 GiB free=1.10 GiB reserve=1.59 GiB total=31.86 GiB)
ds4: ROCm q8 fp16 cache budget exhausted; using q8 kernels (request=64.00 MiB cached=0.00 GiB free=1.10 GiB reserve=1.59 GiB total=31.86 GiB)
ds4: ROCm q8 fp16 cache budget exhausted; using q8 kernels (request=64.00 MiB cached=0.00 GiB free=1.10 GiB reserve=1.59 GiB total=31.86 GiB)
ds4: ROCm q8 fp16 cache budget exhausted; using q8 kernels (request=64.00 MiB cached=0.00 GiB free=1.10 GiB reserve=1.59 GiB total=31.86 GiB)
ds4: ROCm q8 fp16 cache budget exhausted; using q8 kernels (request=64.00 MiB cached=0.00 GiB free=1.10 GiB reserve=1.59 GiB total=31.86 GiB)
ds4: ROCm q8 fp16 cache budget exhausted; using q8 kernels (request=64.00 MiB cached=0.00 GiB free=1.10 GiB reserve=1.59 GiB total=31.86 GiB)
ds4: ROCm q8 fp16 cache budget exhausted; using q8 kernels (request=64.00 MiB cached=0.00 GiB free=1.10 GiB reserve=1.59 GiB total=31.86 GiB)
ds4: ROCm q8 fp16 cache budget exhausted; using q8 kernels (request=64.00 MiB cached=0.00 GiB free=1.10 GiB reserve=1.59 GiB total=31.86 GiB)
ds4: ROCm q8 fp16 cache budget exhausted; using q8 kernels (request=64.00 MiB cached=0.00 GiB free=1.10 GiB reserve=1.59 GiB total=31.86 GiB)
ds4: ROCm q8 fp16 cache budget exhausted; using q8 kernels (request=64.00 MiB cached=0.00 GiB free=1.10 GiB reserve=1.59 GiB total=31.86 GiB)
ds4: ROCm q8 fp16 cache budget exhausted; using q8 kernels (request=64.00 MiB cached=0.00 GiB free=1.10 GiB reserve=1.59 GiB total=31.86 GiB)
ds4: ROCm q8 fp16 cache budget exhausted; using q8 kernels (request=64.00 MiB cached=0.00 GiB free=1.10 GiB reserve=1.59 GiB total=31.86 GiB)
case_085 cases=86 prompt=18 target=24 avg_nll=17.585702 lcp=1 api_target_mae=17.585702 api_top_coverage=97/120 api_top1=0.042 api_topn=0.072 api_pair=0.547
ds4: ROCm q8 fp16 cache budget exhausted; using q8 kernels (request=64.00 MiB cached=0.00 GiB free=1.10 GiB reserve=1.59 GiB total=31.86 GiB)
ds4: ROCm q8 fp16 cache budget exhausted; using q8 kernels (request=64.00 MiB cached=0.00 GiB free=1.10 GiB reserve=1.59 GiB total=31.86 GiB)
ds4: ROCm q8 fp16 cache budget exhausted; using q8 kernels (request=64.00 MiB cached=0.00 GiB free=1.10 GiB reserve=1.59 GiB total=31.86 GiB)
ds4: ROCm q8 fp16 cache budget exhausted; using q8 kernels (request=64.00 MiB cached=0.00 GiB free=1.10 GiB reserve=1.59 GiB total=31.86 GiB)
ds4: ROCm q8 fp16 cache budget exhausted; using q8 kernels (request=64.00 MiB cached=0.00 GiB free=1.10 GiB reserve=1.59 GiB total=31.86 GiB)
ds4: ROCm q8 fp16 cache budget exhausted; using q8 kernels (request=64.00 MiB cached=0.00 GiB free=1.10 GiB reserve=1.59 GiB total=31.86 GiB)
ds4: ROCm q8 fp16 cache budget exhausted; using q8 kernels (request=64.00 MiB cached=0.00 GiB free=1.10 GiB reserve=1.59 GiB total=31.86 GiB)
ds4: ROCm q8 fp16 cache budget exhausted; using q8 kernels (request=64.00 MiB cached=0.00 GiB free=1.10 GiB reserve=1.59 GiB total=31.86 GiB)
ds4: ROCm q8 fp16 cache budget exhausted; using q8 kernels (request=64.00 MiB cached=0.00 GiB free=1.10 GiB reserve=1.59 GiB total=31.86 GiB)
ds4: ROCm q8 fp16 cache budget exhausted; using q8 kernels (request=64.00 MiB cached=0.00 GiB free=1.10 GiB reserve=1.59 GiB total=31.86 GiB)
ds4: ROCm q8 fp16 cache budget exhausted; using q8 kernels (request=64.00 MiB cached=0.00 GiB free=1.10 GiB reserve=1.59 GiB total=31.86 GiB)
ds4: ROCm q8 fp16 cache budget exhausted; using q8 kernels (request=64.00 MiB cached=0.00 GiB free=1.10 GiB reserve=1.59 GiB total=31.86 GiB)
ds4: ROCm q8 fp16 cache budget exhausted; using q8 kernels (request=64.00 MiB cached=0.00 GiB free=1.10 GiB reserve=1.59 GiB total=31.86 GiB)
ds4: ROCm q8 fp16 cache budget exhausted; using q8 kernels (request=64.00 MiB cached=0.00 GiB free=1.10 GiB reserve=1.59 GiB total=31.86 GiB)
ds4: ROCm q8 fp16 cache budget exhausted; using q8 kernels (request=64.00 MiB cached=0.00 GiB free=1.10 GiB reserve=1.59 GiB total=31.86 GiB)
ds4: ROCm q8 fp16 cache budget exhausted; using q8 kernels (request=64.00 MiB cached=0.00 GiB free=1.10 GiB reserve=1.59 GiB total=31.86 GiB)
ds4: ROCm q8 fp16 cache budget exhausted; using q8 kernels (request=64.00 MiB cached=0.00 GiB free=1.10 GiB reserve=1.59 GiB total=31.86 GiB)
ds4: ROCm q8 fp16 cache budget exhausted; using q8 kernels (request=64.00 MiB cached=0.00 GiB free=1.10 GiB reserve=1.59 GiB total=31.86 GiB)
ds4: ROCm q8 fp16 cache budget exhausted; using q8 kernels (request=64.00 MiB cached=0.00 GiB free=1.10 GiB reserve=1.59 GiB total=31.86 GiB)
ds4: ROCm q8 fp16 cache budget exhausted; using q8 kernels (request=64.00 MiB cached=0.00 GiB free=1.10 GiB reserve=1.59 GiB total=31.86 GiB)
ds4: ROCm q8 fp16 cache budget exhausted; using q8 kernels (request=64.00 MiB cached=0.00 GiB free=1.10 GiB reserve=1.59 GiB total=31.86 GiB)
ds4: ROCm q8 fp16 cache budget exhausted; using q8 kernels (request=64.00 MiB cached=0.00 GiB free=1.10 GiB reserve=1.59 GiB total=31.86 GiB)
ds4: ROCm q8 fp16 cache budget exhausted; using q8 kernels (request=64.00 MiB cached=0.00 GiB free=1.10 GiB reserve=1.59 GiB total=31.86 GiB)
ds4: ROCm q8 fp16 cache budget exhausted; using q8 kernels (request=64.00 MiB cached=0.00 GiB free=1.10 GiB reserve=1.59 GiB total=31.86 GiB)
ds4: ROCm q8 fp16 cache budget exhausted; using q8 kernels (request=64.00 MiB cached=0.00 GiB free=1.10 GiB reserve=1.59 GiB total=31.86 GiB)
ds4: ROCm q8 fp16 cache budget exhausted; using q8 kernels (request=64.00 MiB cached=0.00 GiB free=1.10 GiB reserve=1.59 GiB total=31.86 GiB)
ds4: ROCm q8 fp16 cache budget exhausted; using q8 kernels (request=64.00 MiB cached=0.00 GiB free=1.10 GiB reserve=1.59 GiB total=31.86 GiB)
ds4: ROCm q8 fp16 cache budget exhausted; using q8 kernels (request=64.00 MiB cached=0.00 GiB free=1.10 GiB reserve=1.59 GiB total=31.86 GiB)
ds4: ROCm q8 fp16 cache budget exhausted; using q8 kernels (request=64.00 MiB cached=0.00 GiB free=1.10 GiB reserve=1.59 GiB total=31.86 GiB)
ds4: ROCm q8 fp16 cache budget exhausted; using q8 kernels (request=64.00 MiB cached=0.00 GiB free=1.10 GiB reserve=1.59 GiB total=31.86 GiB)
ds4: ROCm q8 fp16 cache budget exhausted; using q8 kernels (request=64.00 MiB cached=0.00 GiB free=1.10 GiB reserve=1.59 GiB total=31.86 GiB)
ds4: ROCm q8 fp16 cache budget exhausted; using q8 kernels (request=64.00 MiB cached=0.00 GiB free=1.10 GiB reserve=1.59 GiB total=31.86 GiB)
ds4: ROCm q8 fp16 cache budget exhausted; using q8 kernels (request=64.00 MiB cached=0.00 GiB free=1.10 GiB reserve=1.59 GiB total=31.86 GiB)
ds4: ROCm q8 fp16 cache budget exhausted; using q8 kernels (request=64.00 MiB cached=0.00 GiB free=1.10 GiB reserve=1.59 GiB total=31.86 GiB)
ds4: ROCm q8 fp16 cache budget exhausted; using q8 kernels (request=64.00 MiB cached=0.00 GiB free=1.10 GiB reserve=1.59 GiB total=31.86 GiB)
ds4: ROCm q8 fp16 cache budget exhausted; using q8 kernels (request=64.00 MiB cached=0.00 GiB free=1.10 GiB reserve=1.59 GiB total=31.86 GiB)
ds4: ROCm q8 fp16 cache budget exhausted; using q8 kernels (request=64.00 MiB cached=0.00 GiB free=1.10 GiB reserve=1.59 GiB total=31.86 GiB)
ds4: ROCm q8 fp16 cache budget exhausted; using q8 kernels (request=64.00 MiB cached=0.00 GiB free=1.10 GiB reserve=1.59 GiB total=31.86 GiB)
ds4: ROCm q8 fp16 cache budget exhausted; using q8 kernels (request=64.00 MiB cached=0.00 GiB free=1.10 GiB reserve=1.59 GiB total=31.86 GiB)
ds4: ROCm q8 fp16 cache budget exhausted; using q8 kernels (request=64.00 MiB cached=0.00 GiB free=1.10 GiB reserve=1.59 GiB total=31.86 GiB)
ds4: ROCm q8 fp16 cache budget exhausted; using q8 kernels (request=64.00 MiB cached=0.00 GiB free=1.10 GiB reserve=1.59 GiB total=31.86 GiB)
ds4: ROCm q8 fp16 cache budget exhausted; using q8 kernels (request=64.00 MiB cached=0.00 GiB free=1.10 GiB reserve=1.59 GiB total=31.86 GiB)
ds4: ROCm q8 fp16 cache budget exhausted; using q8 kernels (request=64.00 MiB cached=0.00 GiB free=1.10 GiB reserve=1.59 GiB total=31.86 GiB)
case_086 cases=87 prompt=16 target=24 avg_nll=16.232457 lcp=1 api_target_mae=16.232457 api_top_coverage=96/120 api_top1=0.042 api_topn=0.031 api_pair=0.576
ds4: ROCm q8 fp16 cache budget exhausted; using q8 kernels (request=64.00 MiB cached=0.00 GiB free=1.10 GiB reserve=1.59 GiB total=31.86 GiB)
ds4: ROCm q8 fp16 cache budget exhausted; using q8 kernels (request=64.00 MiB cached=0.00 GiB free=1.10 GiB reserve=1.59 GiB total=31.86 GiB)
ds4: ROCm q8 fp16 cache budget exhausted; using q8 kernels (request=64.00 MiB cached=0.00 GiB free=1.10 GiB reserve=1.59 GiB total=31.86 GiB)
ds4: ROCm q8 fp16 cache budget exhausted; using q8 kernels (request=64.00 MiB cached=0.00 GiB free=1.10 GiB reserve=1.59 GiB total=31.86 GiB)
ds4: ROCm q8 fp16 cache budget exhausted; using q8 kernels (request=64.00 MiB cached=0.00 GiB free=1.10 GiB reserve=1.59 GiB total=31.86 GiB)
ds4: ROCm q8 fp16 cache budget exhausted; using q8 kernels (request=64.00 MiB cached=0.00 GiB free=1.10 GiB reserve=1.59 GiB total=31.86 GiB)
ds4: ROCm q8 fp16 cache budget exhausted; using q8 kernels (request=64.00 MiB cached=0.00 GiB free=1.10 GiB reserve=1.59 GiB total=31.86 GiB)
ds4: ROCm q8 fp16 cache budget exhausted; using q8 kernels (request=64.00 MiB cached=0.00 GiB free=1.10 GiB reserve=1.59 GiB total=31.86 GiB)
ds4: ROCm q8 fp16 cache budget exhausted; using q8 kernels (request=64.00 MiB cached=0.00 GiB free=1.10 GiB reserve=1.59 GiB total=31.86 GiB)
ds4: ROCm q8 fp16 cache budget exhausted; using q8 kernels (request=64.00 MiB cached=0.00 GiB free=1.10 GiB reserve=1.59 GiB total=31.86 GiB)
ds4: ROCm q8 fp16 cache budget exhausted; using q8 kernels (request=64.00 MiB cached=0.00 GiB free=1.10 GiB reserve=1.59 GiB total=31.86 GiB)
ds4: ROCm q8 fp16 cache budget exhausted; using q8 kernels (request=64.00 MiB cached=0.00 GiB free=1.10 GiB reserve=1.59 GiB total=31.86 GiB)
ds4: ROCm q8 fp16 cache budget exhausted; using q8 kernels (request=64.00 MiB cached=0.00 GiB free=1.10 GiB reserve=1.59 GiB total=31.86 GiB)
ds4: ROCm q8 fp16 cache budget exhausted; using q8 kernels (request=64.00 MiB cached=0.00 GiB free=1.10 GiB reserve=1.59 GiB total=31.86 GiB)
ds4: ROCm q8 fp16 cache budget exhausted; using q8 kernels (request=64.00 MiB cached=0.00 GiB free=1.10 GiB reserve=1.59 GiB total=31.86 GiB)
ds4: ROCm q8 fp16 cache budget exhausted; using q8 kernels (request=64.00 MiB cached=0.00 GiB free=1.10 GiB reserve=1.59 GiB total=31.86 GiB)
ds4: ROCm q8 fp16 cache budget exhausted; using q8 kernels (request=64.00 MiB cached=0.00 GiB free=1.10 GiB reserve=1.59 GiB total=31.86 GiB)
ds4: ROCm q8 fp16 cache budget exhausted; using q8 kernels (request=64.00 MiB cached=0.00 GiB free=1.10 GiB reserve=1.59 GiB total=31.86 GiB)
ds4: ROCm q8 fp16 cache budget exhausted; using q8 kernels (request=64.00 MiB cached=0.00 GiB free=1.10 GiB reserve=1.59 GiB total=31.86 GiB)
ds4: ROCm q8 fp16 cache budget exhausted; using q8 kernels (request=64.00 MiB cached=0.00 GiB free=1.10 GiB reserve=1.59 GiB total=31.86 GiB)
ds4: ROCm q8 fp16 cache budget exhausted; using q8 kernels (request=64.00 MiB cached=0.00 GiB free=1.10 GiB reserve=1.59 GiB total=31.86 GiB)
ds4: ROCm q8 fp16 cache budget exhausted; using q8 kernels (request=64.00 MiB cached=0.00 GiB free=1.10 GiB reserve=1.59 GiB total=31.86 GiB)
ds4: ROCm q8 fp16 cache budget exhausted; using q8 kernels (request=64.00 MiB cached=0.00 GiB free=1.10 GiB reserve=1.59 GiB total=31.86 GiB)
ds4: ROCm q8 fp16 cache budget exhausted; using q8 kernels (request=64.00 MiB cached=0.00 GiB free=1.10 GiB reserve=1.59 GiB total=31.86 GiB)
ds4: ROCm q8 fp16 cache budget exhausted; using q8 kernels (request=64.00 MiB cached=0.00 GiB free=1.10 GiB reserve=1.59 GiB total=31.86 GiB)
ds4: ROCm q8 fp16 cache budget exhausted; using q8 kernels (request=64.00 MiB cached=0.00 GiB free=1.10 GiB reserve=1.59 GiB total=31.86 GiB)
ds4: ROCm q8 fp16 cache budget exhausted; using q8 kernels (request=64.00 MiB cached=0.00 GiB free=1.10 GiB reserve=1.59 GiB total=31.86 GiB)
ds4: ROCm q8 fp16 cache budget exhausted; using q8 kernels (request=64.00 MiB cached=0.00 GiB free=1.10 GiB reserve=1.59 GiB total=31.86 GiB)
ds4: ROCm q8 fp16 cache budget exhausted; using q8 kernels (request=64.00 MiB cached=0.00 GiB free=1.10 GiB reserve=1.59 GiB total=31.86 GiB)
ds4: ROCm q8 fp16 cache budget exhausted; using q8 kernels (request=64.00 MiB cached=0.00 GiB free=1.10 GiB reserve=1.59 GiB total=31.86 GiB)
ds4: ROCm q8 fp16 cache budget exhausted; using q8 kernels (request=64.00 MiB cached=0.00 GiB free=1.10 GiB reserve=1.59 GiB total=31.86 GiB)
ds4: ROCm q8 fp16 cache budget exhausted; using q8 kernels (request=64.00 MiB cached=0.00 GiB free=1.10 GiB reserve=1.59 GiB total=31.86 GiB)
ds4: ROCm q8 fp16 cache budget exhausted; using q8 kernels (request=64.00 MiB cached=0.00 GiB free=1.10 GiB reserve=1.59 GiB total=31.86 GiB)
ds4: ROCm q8 fp16 cache budget exhausted; using q8 kernels (request=64.00 MiB cached=0.00 GiB free=1.10 GiB reserve=1.59 GiB total=31.86 GiB)
ds4: ROCm q8 fp16 cache budget exhausted; using q8 kernels (request=64.00 MiB cached=0.00 GiB free=1.10 GiB reserve=1.59 GiB total=31.86 GiB)
ds4: ROCm q8 fp16 cache budget exhausted; using q8 kernels (request=64.00 MiB cached=0.00 GiB free=1.10 GiB reserve=1.59 GiB total=31.86 GiB)
ds4: ROCm q8 fp16 cache budget exhausted; using q8 kernels (request=64.00 MiB cached=0.00 GiB free=1.10 GiB reserve=1.59 GiB total=31.86 GiB)
ds4: ROCm q8 fp16 cache budget exhausted; using q8 kernels (request=64.00 MiB cached=0.00 GiB free=1.10 GiB reserve=1.59 GiB total=31.86 GiB)
ds4: ROCm q8 fp16 cache budget exhausted; using q8 kernels (request=64.00 MiB cached=0.00 GiB free=1.10 GiB reserve=1.59 GiB total=31.86 GiB)
ds4: ROCm q8 fp16 cache budget exhausted; using q8 kernels (request=64.00 MiB cached=0.00 GiB free=1.10 GiB reserve=1.59 GiB total=31.86 GiB)
ds4: ROCm q8 fp16 cache budget exhausted; using q8 kernels (request=64.00 MiB cached=0.00 GiB free=1.10 GiB reserve=1.59 GiB total=31.86 GiB)
ds4: ROCm q8 fp16 cache budget exhausted; using q8 kernels (request=64.00 MiB cached=0.00 GiB free=1.10 GiB reserve=1.59 GiB total=31.86 GiB)
ds4: ROCm q8 fp16 cache budget exhausted; using q8 kernels (request=64.00 MiB cached=0.00 GiB free=1.10 GiB reserve=1.59 GiB total=31.86 GiB)
case_087 cases=88 prompt=12 target=24 avg_nll=16.174991 lcp=1 api_target_mae=16.174991 api_top_coverage=97/120 api_top1=0.042 api_topn=0.062 api_pair=0.484
ds4: ROCm q8 fp16 cache budget exhausted; using q8 kernels (request=64.00 MiB cached=0.00 GiB free=1.10 GiB reserve=1.59 GiB total=31.86 GiB)
ds4: ROCm q8 fp16 cache budget exhausted; using q8 kernels (request=64.00 MiB cached=0.00 GiB free=1.10 GiB reserve=1.59 GiB total=31.86 GiB)
ds4: ROCm q8 fp16 cache budget exhausted; using q8 kernels (request=64.00 MiB cached=0.00 GiB free=1.10 GiB reserve=1.59 GiB total=31.86 GiB)
ds4: ROCm q8 fp16 cache budget exhausted; using q8 kernels (request=64.00 MiB cached=0.00 GiB free=1.10 GiB reserve=1.59 GiB total=31.86 GiB)
ds4: ROCm q8 fp16 cache budget exhausted; using q8 kernels (request=64.00 MiB cached=0.00 GiB free=1.10 GiB reserve=1.59 GiB total=31.86 GiB)
ds4: ROCm q8 fp16 cache budget exhausted; using q8 kernels (request=64.00 MiB cached=0.00 GiB free=1.10 GiB reserve=1.59 GiB total=31.86 GiB)
ds4: ROCm q8 fp16 cache budget exhausted; using q8 kernels (request=64.00 MiB cached=0.00 GiB free=1.10 GiB reserve=1.59 GiB total=31.86 GiB)
ds4: ROCm q8 fp16 cache budget exhausted; using q8 kernels (request=64.00 MiB cached=0.00 GiB free=1.10 GiB reserve=1.59 GiB total=31.86 GiB)
ds4: ROCm q8 fp16 cache budget exhausted; using q8 kernels (request=64.00 MiB cached=0.00 GiB free=1.10 GiB reserve=1.59 GiB total=31.86 GiB)
ds4: ROCm q8 fp16 cache budget exhausted; using q8 kernels (request=64.00 MiB cached=0.00 GiB free=1.10 GiB reserve=1.59 GiB total=31.86 GiB)
ds4: ROCm q8 fp16 cache budget exhausted; using q8 kernels (request=64.00 MiB cached=0.00 GiB free=1.10 GiB reserve=1.59 GiB total=31.86 GiB)
ds4: ROCm q8 fp16 cache budget exhausted; using q8 kernels (request=64.00 MiB cached=0.00 GiB free=1.10 GiB reserve=1.59 GiB total=31.86 GiB)
ds4: ROCm q8 fp16 cache budget exhausted; using q8 kernels (request=64.00 MiB cached=0.00 GiB free=1.10 GiB reserve=1.59 GiB total=31.86 GiB)
ds4: ROCm q8 fp16 cache budget exhausted; using q8 kernels (request=64.00 MiB cached=0.00 GiB free=1.10 GiB reserve=1.59 GiB total=31.86 GiB)
ds4: ROCm q8 fp16 cache budget exhausted; using q8 kernels (request=64.00 MiB cached=0.00 GiB free=1.10 GiB reserve=1.59 GiB total=31.86 GiB)
ds4: ROCm q8 fp16 cache budget exhausted; using q8 kernels (request=64.00 MiB cached=0.00 GiB free=1.10 GiB reserve=1.59 GiB total=31.86 GiB)
ds4: ROCm q8 fp16 cache budget exhausted; using q8 kernels (request=64.00 MiB cached=0.00 GiB free=1.10 GiB reserve=1.59 GiB total=31.86 GiB)
ds4: ROCm q8 fp16 cache budget exhausted; using q8 kernels (request=64.00 MiB cached=0.00 GiB free=1.10 GiB reserve=1.59 GiB total=31.86 GiB)
ds4: ROCm q8 fp16 cache budget exhausted; using q8 kernels (request=64.00 MiB cached=0.00 GiB free=1.10 GiB reserve=1.59 GiB total=31.86 GiB)
ds4: ROCm q8 fp16 cache budget exhausted; using q8 kernels (request=64.00 MiB cached=0.00 GiB free=1.10 GiB reserve=1.59 GiB total=31.86 GiB)
ds4: ROCm q8 fp16 cache budget exhausted; using q8 kernels (request=64.00 MiB cached=0.00 GiB free=1.10 GiB reserve=1.59 GiB total=31.86 GiB)
ds4: ROCm q8 fp16 cache budget exhausted; using q8 kernels (request=64.00 MiB cached=0.00 GiB free=1.10 GiB reserve=1.59 GiB total=31.86 GiB)
ds4: ROCm q8 fp16 cache budget exhausted; using q8 kernels (request=64.00 MiB cached=0.00 GiB free=1.10 GiB reserve=1.59 GiB total=31.86 GiB)
ds4: ROCm q8 fp16 cache budget exhausted; using q8 kernels (request=64.00 MiB cached=0.00 GiB free=1.10 GiB reserve=1.59 GiB total=31.86 GiB)
ds4: ROCm q8 fp16 cache budget exhausted; using q8 kernels (request=64.00 MiB cached=0.00 GiB free=1.10 GiB reserve=1.59 GiB total=31.86 GiB)
ds4: ROCm q8 fp16 cache budget exhausted; using q8 kernels (request=64.00 MiB cached=0.00 GiB free=1.10 GiB reserve=1.59 GiB total=31.86 GiB)
ds4: ROCm q8 fp16 cache budget exhausted; using q8 kernels (request=64.00 MiB cached=0.00 GiB free=1.10 GiB reserve=1.59 GiB total=31.86 GiB)
ds4: ROCm q8 fp16 cache budget exhausted; using q8 kernels (request=64.00 MiB cached=0.00 GiB free=1.10 GiB reserve=1.59 GiB total=31.86 GiB)
ds4: ROCm q8 fp16 cache budget exhausted; using q8 kernels (request=64.00 MiB cached=0.00 GiB free=1.10 GiB reserve=1.59 GiB total=31.86 GiB)
ds4: ROCm q8 fp16 cache budget exhausted; using q8 kernels (request=64.00 MiB cached=0.00 GiB free=1.10 GiB reserve=1.59 GiB total=31.86 GiB)
ds4: ROCm q8 fp16 cache budget exhausted; using q8 kernels (request=64.00 MiB cached=0.00 GiB free=1.10 GiB reserve=1.59 GiB total=31.86 GiB)
ds4: ROCm q8 fp16 cache budget exhausted; using q8 kernels (request=64.00 MiB cached=0.00 GiB free=1.10 GiB reserve=1.59 GiB total=31.86 GiB)
ds4: ROCm q8 fp16 cache budget exhausted; using q8 kernels (request=64.00 MiB cached=0.00 GiB free=1.10 GiB reserve=1.59 GiB total=31.86 GiB)
ds4: ROCm q8 fp16 cache budget exhausted; using q8 kernels (request=64.00 MiB cached=0.00 GiB free=1.10 GiB reserve=1.59 GiB total=31.86 GiB)
ds4: ROCm q8 fp16 cache budget exhausted; using q8 kernels (request=64.00 MiB cached=0.00 GiB free=1.10 GiB reserve=1.59 GiB total=31.86 GiB)
ds4: ROCm q8 fp16 cache budget exhausted; using q8 kernels (request=64.00 MiB cached=0.00 GiB free=1.10 GiB reserve=1.59 GiB total=31.86 GiB)
ds4: ROCm q8 fp16 cache budget exhausted; using q8 kernels (request=64.00 MiB cached=0.00 GiB free=1.10 GiB reserve=1.59 GiB total=31.86 GiB)
ds4: ROCm q8 fp16 cache budget exhausted; using q8 kernels (request=64.00 MiB cached=0.00 GiB free=1.10 GiB reserve=1.59 GiB total=31.86 GiB)
ds4: ROCm q8 fp16 cache budget exhausted; using q8 kernels (request=64.00 MiB cached=0.00 GiB free=1.10 GiB reserve=1.59 GiB total=31.86 GiB)
ds4: ROCm q8 fp16 cache budget exhausted; using q8 kernels (request=64.00 MiB cached=0.00 GiB free=1.10 GiB reserve=1.59 GiB total=31.86 GiB)
ds4: ROCm q8 fp16 cache budget exhausted; using q8 kernels (request=64.00 MiB cached=0.00 GiB free=1.10 GiB reserve=1.59 GiB total=31.86 GiB)
ds4: ROCm q8 fp16 cache budget exhausted; using q8 kernels (request=64.00 MiB cached=0.00 GiB free=1.10 GiB reserve=1.59 GiB total=31.86 GiB)
ds4: ROCm q8 fp16 cache budget exhausted; using q8 kernels (request=64.00 MiB cached=0.00 GiB free=1.10 GiB reserve=1.59 GiB total=31.86 GiB)
case_088 cases=89 prompt=14 target=24 avg_nll=16.448313 lcp=1 api_target_mae=16.448313 api_top_coverage=97/120 api_top1=0.042 api_topn=0.082 api_pair=0.590
ds4: ROCm q8 fp16 cache budget exhausted; using q8 kernels (request=64.00 MiB cached=0.00 GiB free=1.10 GiB reserve=1.59 GiB total=31.86 GiB)
ds4: ROCm q8 fp16 cache budget exhausted; using q8 kernels (request=64.00 MiB cached=0.00 GiB free=1.10 GiB reserve=1.59 GiB total=31.86 GiB)
ds4: ROCm q8 fp16 cache budget exhausted; using q8 kernels (request=64.00 MiB cached=0.00 GiB free=1.10 GiB reserve=1.59 GiB total=31.86 GiB)
ds4: ROCm q8 fp16 cache budget exhausted; using q8 kernels (request=64.00 MiB cached=0.00 GiB free=1.10 GiB reserve=1.59 GiB total=31.86 GiB)
ds4: ROCm q8 fp16 cache budget exhausted; using q8 kernels (request=64.00 MiB cached=0.00 GiB free=1.10 GiB reserve=1.59 GiB total=31.86 GiB)
ds4: ROCm q8 fp16 cache budget exhausted; using q8 kernels (request=64.00 MiB cached=0.00 GiB free=1.10 GiB reserve=1.59 GiB total=31.86 GiB)
ds4: ROCm q8 fp16 cache budget exhausted; using q8 kernels (request=64.00 MiB cached=0.00 GiB free=1.10 GiB reserve=1.59 GiB total=31.86 GiB)
ds4: ROCm q8 fp16 cache budget exhausted; using q8 kernels (request=64.00 MiB cached=0.00 GiB free=1.10 GiB reserve=1.59 GiB total=31.86 GiB)
ds4: ROCm q8 fp16 cache budget exhausted; using q8 kernels (request=64.00 MiB cached=0.00 GiB free=1.10 GiB reserve=1.59 GiB total=31.86 GiB)
ds4: ROCm q8 fp16 cache budget exhausted; using q8 kernels (request=64.00 MiB cached=0.00 GiB free=1.10 GiB reserve=1.59 GiB total=31.86 GiB)
ds4: ROCm q8 fp16 cache budget exhausted; using q8 kernels (request=64.00 MiB cached=0.00 GiB free=1.10 GiB reserve=1.59 GiB total=31.86 GiB)
ds4: ROCm q8 fp16 cache budget exhausted; using q8 kernels (request=64.00 MiB cached=0.00 GiB free=1.10 GiB reserve=1.59 GiB total=31.86 GiB)
ds4: ROCm q8 fp16 cache budget exhausted; using q8 kernels (request=64.00 MiB cached=0.00 GiB free=1.10 GiB reserve=1.59 GiB total=31.86 GiB)
ds4: ROCm q8 fp16 cache budget exhausted; using q8 kernels (request=64.00 MiB cached=0.00 GiB free=1.10 GiB reserve=1.59 GiB total=31.86 GiB)
ds4: ROCm q8 fp16 cache budget exhausted; using q8 kernels (request=64.00 MiB cached=0.00 GiB free=1.10 GiB reserve=1.59 GiB total=31.86 GiB)
ds4: ROCm q8 fp16 cache budget exhausted; using q8 kernels (request=64.00 MiB cached=0.00 GiB free=1.10 GiB reserve=1.59 GiB total=31.86 GiB)
ds4: ROCm q8 fp16 cache budget exhausted; using q8 kernels (request=64.00 MiB cached=0.00 GiB free=1.10 GiB reserve=1.59 GiB total=31.86 GiB)
ds4: ROCm q8 fp16 cache budget exhausted; using q8 kernels (request=64.00 MiB cached=0.00 GiB free=1.10 GiB reserve=1.59 GiB total=31.86 GiB)
ds4: ROCm q8 fp16 cache budget exhausted; using q8 kernels (request=64.00 MiB cached=0.00 GiB free=1.10 GiB reserve=1.59 GiB total=31.86 GiB)
ds4: ROCm q8 fp16 cache budget exhausted; using q8 kernels (request=64.00 MiB cached=0.00 GiB free=1.10 GiB reserve=1.59 GiB total=31.86 GiB)
ds4: ROCm q8 fp16 cache budget exhausted; using q8 kernels (request=64.00 MiB cached=0.00 GiB free=1.10 GiB reserve=1.59 GiB total=31.86 GiB)
ds4: ROCm q8 fp16 cache budget exhausted; using q8 kernels (request=64.00 MiB cached=0.00 GiB free=1.10 GiB reserve=1.59 GiB total=31.86 GiB)
ds4: ROCm q8 fp16 cache budget exhausted; using q8 kernels (request=64.00 MiB cached=0.00 GiB free=1.10 GiB reserve=1.59 GiB total=31.86 GiB)
ds4: ROCm q8 fp16 cache budget exhausted; using q8 kernels (request=64.00 MiB cached=0.00 GiB free=1.10 GiB reserve=1.59 GiB total=31.86 GiB)
ds4: ROCm q8 fp16 cache budget exhausted; using q8 kernels (request=64.00 MiB cached=0.00 GiB free=1.10 GiB reserve=1.59 GiB total=31.86 GiB)
ds4: ROCm q8 fp16 cache budget exhausted; using q8 kernels (request=64.00 MiB cached=0.00 GiB free=1.10 GiB reserve=1.59 GiB total=31.86 GiB)
ds4: ROCm q8 fp16 cache budget exhausted; using q8 kernels (request=64.00 MiB cached=0.00 GiB free=1.10 GiB reserve=1.59 GiB total=31.86 GiB)
ds4: ROCm q8 fp16 cache budget exhausted; using q8 kernels (request=64.00 MiB cached=0.00 GiB free=1.10 GiB reserve=1.59 GiB total=31.86 GiB)
ds4: ROCm q8 fp16 cache budget exhausted; using q8 kernels (request=64.00 MiB cached=0.00 GiB free=1.10 GiB reserve=1.59 GiB total=31.86 GiB)
ds4: ROCm q8 fp16 cache budget exhausted; using q8 kernels (request=64.00 MiB cached=0.00 GiB free=1.10 GiB reserve=1.59 GiB total=31.86 GiB)
ds4: ROCm q8 fp16 cache budget exhausted; using q8 kernels (request=64.00 MiB cached=0.00 GiB free=1.10 GiB reserve=1.59 GiB total=31.86 GiB)
ds4: ROCm q8 fp16 cache budget exhausted; using q8 kernels (request=64.00 MiB cached=0.00 GiB free=1.10 GiB reserve=1.59 GiB total=31.86 GiB)
ds4: ROCm q8 fp16 cache budget exhausted; using q8 kernels (request=64.00 MiB cached=0.00 GiB free=1.10 GiB reserve=1.59 GiB total=31.86 GiB)
ds4: ROCm q8 fp16 cache budget exhausted; using q8 kernels (request=64.00 MiB cached=0.00 GiB free=1.10 GiB reserve=1.59 GiB total=31.86 GiB)
ds4: ROCm q8 fp16 cache budget exhausted; using q8 kernels (request=64.00 MiB cached=0.00 GiB free=1.10 GiB reserve=1.59 GiB total=31.86 GiB)
ds4: ROCm q8 fp16 cache budget exhausted; using q8 kernels (request=64.00 MiB cached=0.00 GiB free=1.10 GiB reserve=1.59 GiB total=31.86 GiB)
ds4: ROCm q8 fp16 cache budget exhausted; using q8 kernels (request=64.00 MiB cached=0.00 GiB free=1.10 GiB reserve=1.59 GiB total=31.86 GiB)
ds4: ROCm q8 fp16 cache budget exhausted; using q8 kernels (request=64.00 MiB cached=0.00 GiB free=1.10 GiB reserve=1.59 GiB total=31.86 GiB)
ds4: ROCm q8 fp16 cache budget exhausted; using q8 kernels (request=64.00 MiB cached=0.00 GiB free=1.10 GiB reserve=1.59 GiB total=31.86 GiB)
ds4: ROCm q8 fp16 cache budget exhausted; using q8 kernels (request=64.00 MiB cached=0.00 GiB free=1.10 GiB reserve=1.59 GiB total=31.86 GiB)
ds4: ROCm q8 fp16 cache budget exhausted; using q8 kernels (request=64.00 MiB cached=0.00 GiB free=1.10 GiB reserve=1.59 GiB total=31.86 GiB)
ds4: ROCm q8 fp16 cache budget exhausted; using q8 kernels (request=64.00 MiB cached=0.00 GiB free=1.10 GiB reserve=1.59 GiB total=31.86 GiB)
ds4: ROCm q8 fp16 cache budget exhausted; using q8 kernels (request=64.00 MiB cached=0.00 GiB free=1.10 GiB reserve=1.59 GiB total=31.86 GiB)
case_089 cases=90 prompt=12 target=24 avg_nll=16.030354 lcp=1 api_target_mae=16.030354 api_top_coverage=98/120 api_top1=0.042 api_topn=0.041 api_pair=0.704
ds4: ROCm q8 fp16 cache budget exhausted; using q8 kernels (request=64.00 MiB cached=0.00 GiB free=1.10 GiB reserve=1.59 GiB total=31.86 GiB)
ds4: ROCm q8 fp16 cache budget exhausted; using q8 kernels (request=64.00 MiB cached=0.00 GiB free=1.10 GiB reserve=1.59 GiB total=31.86 GiB)
ds4: ROCm q8 fp16 cache budget exhausted; using q8 kernels (request=64.00 MiB cached=0.00 GiB free=1.10 GiB reserve=1.59 GiB total=31.86 GiB)
ds4: ROCm q8 fp16 cache budget exhausted; using q8 kernels (request=64.00 MiB cached=0.00 GiB free=1.10 GiB reserve=1.59 GiB total=31.86 GiB)
ds4: ROCm q8 fp16 cache budget exhausted; using q8 kernels (request=64.00 MiB cached=0.00 GiB free=1.10 GiB reserve=1.59 GiB total=31.86 GiB)
ds4: ROCm q8 fp16 cache budget exhausted; using q8 kernels (request=64.00 MiB cached=0.00 GiB free=1.10 GiB reserve=1.59 GiB total=31.86 GiB)
ds4: ROCm q8 fp16 cache budget exhausted; using q8 kernels (request=64.00 MiB cached=0.00 GiB free=1.10 GiB reserve=1.59 GiB total=31.86 GiB)
ds4: ROCm q8 fp16 cache budget exhausted; using q8 kernels (request=64.00 MiB cached=0.00 GiB free=1.10 GiB reserve=1.59 GiB total=31.86 GiB)
ds4: ROCm q8 fp16 cache budget exhausted; using q8 kernels (request=64.00 MiB cached=0.00 GiB free=1.10 GiB reserve=1.59 GiB total=31.86 GiB)
ds4: ROCm q8 fp16 cache budget exhausted; using q8 kernels (request=64.00 MiB cached=0.00 GiB free=1.10 GiB reserve=1.59 GiB total=31.86 GiB)
ds4: ROCm q8 fp16 cache budget exhausted; using q8 kernels (request=64.00 MiB cached=0.00 GiB free=1.10 GiB reserve=1.59 GiB total=31.86 GiB)
ds4: ROCm q8 fp16 cache budget exhausted; using q8 kernels (request=64.00 MiB cached=0.00 GiB free=1.10 GiB reserve=1.59 GiB total=31.86 GiB)
ds4: ROCm q8 fp16 cache budget exhausted; using q8 kernels (request=64.00 MiB cached=0.00 GiB free=1.10 GiB reserve=1.59 GiB total=31.86 GiB)
ds4: ROCm q8 fp16 cache budget exhausted; using q8 kernels (request=64.00 MiB cached=0.00 GiB free=1.10 GiB reserve=1.59 GiB total=31.86 GiB)
ds4: ROCm q8 fp16 cache budget exhausted; using q8 kernels (request=64.00 MiB cached=0.00 GiB free=1.10 GiB reserve=1.59 GiB total=31.86 GiB)
ds4: ROCm q8 fp16 cache budget exhausted; using q8 kernels (request=64.00 MiB cached=0.00 GiB free=1.10 GiB reserve=1.59 GiB total=31.86 GiB)
ds4: ROCm q8 fp16 cache budget exhausted; using q8 kernels (request=64.00 MiB cached=0.00 GiB free=1.10 GiB reserve=1.59 GiB total=31.86 GiB)
ds4: ROCm q8 fp16 cache budget exhausted; using q8 kernels (request=64.00 MiB cached=0.00 GiB free=1.10 GiB reserve=1.59 GiB total=31.86 GiB)
ds4: ROCm q8 fp16 cache budget exhausted; using q8 kernels (request=64.00 MiB cached=0.00 GiB free=1.10 GiB reserve=1.59 GiB total=31.86 GiB)
ds4: ROCm q8 fp16 cache budget exhausted; using q8 kernels (request=64.00 MiB cached=0.00 GiB free=1.10 GiB reserve=1.59 GiB total=31.86 GiB)
ds4: ROCm q8 fp16 cache budget exhausted; using q8 kernels (request=64.00 MiB cached=0.00 GiB free=1.10 GiB reserve=1.59 GiB total=31.86 GiB)
ds4: ROCm q8 fp16 cache budget exhausted; using q8 kernels (request=64.00 MiB cached=0.00 GiB free=1.10 GiB reserve=1.59 GiB total=31.86 GiB)
ds4: ROCm q8 fp16 cache budget exhausted; using q8 kernels (request=64.00 MiB cached=0.00 GiB free=1.10 GiB reserve=1.59 GiB total=31.86 GiB)
ds4: ROCm q8 fp16 cache budget exhausted; using q8 kernels (request=64.00 MiB cached=0.00 GiB free=1.10 GiB reserve=1.59 GiB total=31.86 GiB)
ds4: ROCm q8 fp16 cache budget exhausted; using q8 kernels (request=64.00 MiB cached=0.00 GiB free=1.10 GiB reserve=1.59 GiB total=31.86 GiB)
ds4: ROCm q8 fp16 cache budget exhausted; using q8 kernels (request=64.00 MiB cached=0.00 GiB free=1.10 GiB reserve=1.59 GiB total=31.86 GiB)
ds4: ROCm q8 fp16 cache budget exhausted; using q8 kernels (request=64.00 MiB cached=0.00 GiB free=1.10 GiB reserve=1.59 GiB total=31.86 GiB)
ds4: ROCm q8 fp16 cache budget exhausted; using q8 kernels (request=64.00 MiB cached=0.00 GiB free=1.10 GiB reserve=1.59 GiB total=31.86 GiB)
ds4: ROCm q8 fp16 cache budget exhausted; using q8 kernels (request=64.00 MiB cached=0.00 GiB free=1.10 GiB reserve=1.59 GiB total=31.86 GiB)
ds4: ROCm q8 fp16 cache budget exhausted; using q8 kernels (request=64.00 MiB cached=0.00 GiB free=1.10 GiB reserve=1.59 GiB total=31.86 GiB)
ds4: ROCm q8 fp16 cache budget exhausted; using q8 kernels (request=64.00 MiB cached=0.00 GiB free=1.10 GiB reserve=1.59 GiB total=31.86 GiB)
ds4: ROCm q8 fp16 cache budget exhausted; using q8 kernels (request=64.00 MiB cached=0.00 GiB free=1.10 GiB reserve=1.59 GiB total=31.86 GiB)
ds4: ROCm q8 fp16 cache budget exhausted; using q8 kernels (request=64.00 MiB cached=0.00 GiB free=1.10 GiB reserve=1.59 GiB total=31.86 GiB)
ds4: ROCm q8 fp16 cache budget exhausted; using q8 kernels (request=64.00 MiB cached=0.00 GiB free=1.10 GiB reserve=1.59 GiB total=31.86 GiB)
ds4: ROCm q8 fp16 cache budget exhausted; using q8 kernels (request=64.00 MiB cached=0.00 GiB free=1.10 GiB reserve=1.59 GiB total=31.86 GiB)
ds4: ROCm q8 fp16 cache budget exhausted; using q8 kernels (request=64.00 MiB cached=0.00 GiB free=1.10 GiB reserve=1.59 GiB total=31.86 GiB)
ds4: ROCm q8 fp16 cache budget exhausted; using q8 kernels (request=64.00 MiB cached=0.00 GiB free=1.10 GiB reserve=1.59 GiB total=31.86 GiB)
ds4: ROCm q8 fp16 cache budget exhausted; using q8 kernels (request=64.00 MiB cached=0.00 GiB free=1.10 GiB reserve=1.59 GiB total=31.86 GiB)
ds4: ROCm q8 fp16 cache budget exhausted; using q8 kernels (request=64.00 MiB cached=0.00 GiB free=1.10 GiB reserve=1.59 GiB total=31.86 GiB)
ds4: ROCm q8 fp16 cache budget exhausted; using q8 kernels (request=64.00 MiB cached=0.00 GiB free=1.10 GiB reserve=1.59 GiB total=31.86 GiB)
ds4: ROCm q8 fp16 cache budget exhausted; using q8 kernels (request=64.00 MiB cached=0.00 GiB free=1.10 GiB reserve=1.59 GiB total=31.86 GiB)
ds4: ROCm q8 fp16 cache budget exhausted; using q8 kernels (request=64.00 MiB cached=0.00 GiB free=1.10 GiB reserve=1.59 GiB total=31.86 GiB)
ds4: ROCm q8 fp16 cache budget exhausted; using q8 kernels (request=64.00 MiB cached=0.00 GiB free=1.10 GiB reserve=1.59 GiB total=31.86 GiB)
case_090 cases=91 prompt=17 target=24 avg_nll=16.083472 lcp=1 api_target_mae=16.083472 api_top_coverage=96/120 api_top1=0.042 api_topn=0.052 api_pair=0.483
ds4: ROCm q8 fp16 cache budget exhausted; using q8 kernels (request=64.00 MiB cached=0.00 GiB free=1.10 GiB reserve=1.59 GiB total=31.86 GiB)
ds4: ROCm q8 fp16 cache budget exhausted; using q8 kernels (request=64.00 MiB cached=0.00 GiB free=1.10 GiB reserve=1.59 GiB total=31.86 GiB)
ds4: ROCm q8 fp16 cache budget exhausted; using q8 kernels (request=64.00 MiB cached=0.00 GiB free=1.10 GiB reserve=1.59 GiB total=31.86 GiB)
ds4: ROCm q8 fp16 cache budget exhausted; using q8 kernels (request=64.00 MiB cached=0.00 GiB free=1.10 GiB reserve=1.59 GiB total=31.86 GiB)
ds4: ROCm q8 fp16 cache budget exhausted; using q8 kernels (request=64.00 MiB cached=0.00 GiB free=1.10 GiB reserve=1.59 GiB total=31.86 GiB)
ds4: ROCm q8 fp16 cache budget exhausted; using q8 kernels (request=64.00 MiB cached=0.00 GiB free=1.10 GiB reserve=1.59 GiB total=31.86 GiB)
ds4: ROCm q8 fp16 cache budget exhausted; using q8 kernels (request=64.00 MiB cached=0.00 GiB free=1.10 GiB reserve=1.59 GiB total=31.86 GiB)
ds4: ROCm q8 fp16 cache budget exhausted; using q8 kernels (request=64.00 MiB cached=0.00 GiB free=1.10 GiB reserve=1.59 GiB total=31.86 GiB)
ds4: ROCm q8 fp16 cache budget exhausted; using q8 kernels (request=64.00 MiB cached=0.00 GiB free=1.10 GiB reserve=1.59 GiB total=31.86 GiB)
ds4: ROCm q8 fp16 cache budget exhausted; using q8 kernels (request=64.00 MiB cached=0.00 GiB free=1.10 GiB reserve=1.59 GiB total=31.86 GiB)
ds4: ROCm q8 fp16 cache budget exhausted; using q8 kernels (request=64.00 MiB cached=0.00 GiB free=1.10 GiB reserve=1.59 GiB total=31.86 GiB)
ds4: ROCm q8 fp16 cache budget exhausted; using q8 kernels (request=64.00 MiB cached=0.00 GiB free=1.10 GiB reserve=1.59 GiB total=31.86 GiB)
ds4: ROCm q8 fp16 cache budget exhausted; using q8 kernels (request=64.00 MiB cached=0.00 GiB free=1.10 GiB reserve=1.59 GiB total=31.86 GiB)
ds4: ROCm q8 fp16 cache budget exhausted; using q8 kernels (request=64.00 MiB cached=0.00 GiB free=1.10 GiB reserve=1.59 GiB total=31.86 GiB)
ds4: ROCm q8 fp16 cache budget exhausted; using q8 kernels (request=64.00 MiB cached=0.00 GiB free=1.10 GiB reserve=1.59 GiB total=31.86 GiB)
ds4: ROCm q8 fp16 cache budget exhausted; using q8 kernels (request=64.00 MiB cached=0.00 GiB free=1.10 GiB reserve=1.59 GiB total=31.86 GiB)
ds4: ROCm q8 fp16 cache budget exhausted; using q8 kernels (request=64.00 MiB cached=0.00 GiB free=1.10 GiB reserve=1.59 GiB total=31.86 GiB)
ds4: ROCm q8 fp16 cache budget exhausted; using q8 kernels (request=64.00 MiB cached=0.00 GiB free=1.10 GiB reserve=1.59 GiB total=31.86 GiB)
ds4: ROCm q8 fp16 cache budget exhausted; using q8 kernels (request=64.00 MiB cached=0.00 GiB free=1.10 GiB reserve=1.59 GiB total=31.86 GiB)
ds4: ROCm q8 fp16 cache budget exhausted; using q8 kernels (request=64.00 MiB cached=0.00 GiB free=1.10 GiB reserve=1.59 GiB total=31.86 GiB)
ds4: ROCm q8 fp16 cache budget exhausted; using q8 kernels (request=64.00 MiB cached=0.00 GiB free=1.10 GiB reserve=1.59 GiB total=31.86 GiB)
ds4: ROCm q8 fp16 cache budget exhausted; using q8 kernels (request=64.00 MiB cached=0.00 GiB free=1.10 GiB reserve=1.59 GiB total=31.86 GiB)
ds4: ROCm q8 fp16 cache budget exhausted; using q8 kernels (request=64.00 MiB cached=0.00 GiB free=1.10 GiB reserve=1.59 GiB total=31.86 GiB)
ds4: ROCm q8 fp16 cache budget exhausted; using q8 kernels (request=64.00 MiB cached=0.00 GiB free=1.10 GiB reserve=1.59 GiB total=31.86 GiB)
ds4: ROCm q8 fp16 cache budget exhausted; using q8 kernels (request=64.00 MiB cached=0.00 GiB free=1.10 GiB reserve=1.59 GiB total=31.86 GiB)
ds4: ROCm q8 fp16 cache budget exhausted; using q8 kernels (request=64.00 MiB cached=0.00 GiB free=1.10 GiB reserve=1.59 GiB total=31.86 GiB)
ds4: ROCm q8 fp16 cache budget exhausted; using q8 kernels (request=64.00 MiB cached=0.00 GiB free=1.10 GiB reserve=1.59 GiB total=31.86 GiB)
ds4: ROCm q8 fp16 cache budget exhausted; using q8 kernels (request=64.00 MiB cached=0.00 GiB free=1.10 GiB reserve=1.59 GiB total=31.86 GiB)
ds4: ROCm q8 fp16 cache budget exhausted; using q8 kernels (request=64.00 MiB cached=0.00 GiB free=1.10 GiB reserve=1.59 GiB total=31.86 GiB)
ds4: ROCm q8 fp16 cache budget exhausted; using q8 kernels (request=64.00 MiB cached=0.00 GiB free=1.10 GiB reserve=1.59 GiB total=31.86 GiB)
ds4: ROCm q8 fp16 cache budget exhausted; using q8 kernels (request=64.00 MiB cached=0.00 GiB free=1.10 GiB reserve=1.59 GiB total=31.86 GiB)
ds4: ROCm q8 fp16 cache budget exhausted; using q8 kernels (request=64.00 MiB cached=0.00 GiB free=1.10 GiB reserve=1.59 GiB total=31.86 GiB)
ds4: ROCm q8 fp16 cache budget exhausted; using q8 kernels (request=64.00 MiB cached=0.00 GiB free=1.10 GiB reserve=1.59 GiB total=31.86 GiB)
ds4: ROCm q8 fp16 cache budget exhausted; using q8 kernels (request=64.00 MiB cached=0.00 GiB free=1.10 GiB reserve=1.59 GiB total=31.86 GiB)
ds4: ROCm q8 fp16 cache budget exhausted; using q8 kernels (request=64.00 MiB cached=0.00 GiB free=1.10 GiB reserve=1.59 GiB total=31.86 GiB)
ds4: ROCm q8 fp16 cache budget exhausted; using q8 kernels (request=64.00 MiB cached=0.00 GiB free=1.10 GiB reserve=1.59 GiB total=31.86 GiB)
ds4: ROCm q8 fp16 cache budget exhausted; using q8 kernels (request=64.00 MiB cached=0.00 GiB free=1.10 GiB reserve=1.59 GiB total=31.86 GiB)
ds4: ROCm q8 fp16 cache budget exhausted; using q8 kernels (request=64.00 MiB cached=0.00 GiB free=1.10 GiB reserve=1.59 GiB total=31.86 GiB)
ds4: ROCm q8 fp16 cache budget exhausted; using q8 kernels (request=64.00 MiB cached=0.00 GiB free=1.10 GiB reserve=1.59 GiB total=31.86 GiB)
ds4: ROCm q8 fp16 cache budget exhausted; using q8 kernels (request=64.00 MiB cached=0.00 GiB free=1.10 GiB reserve=1.59 GiB total=31.86 GiB)
ds4: ROCm q8 fp16 cache budget exhausted; using q8 kernels (request=64.00 MiB cached=0.00 GiB free=1.10 GiB reserve=1.59 GiB total=31.86 GiB)
ds4: ROCm q8 fp16 cache budget exhausted; using q8 kernels (request=64.00 MiB cached=0.00 GiB free=1.10 GiB reserve=1.59 GiB total=31.86 GiB)
ds4: ROCm q8 fp16 cache budget exhausted; using q8 kernels (request=64.00 MiB cached=0.00 GiB free=1.10 GiB reserve=1.59 GiB total=31.86 GiB)
case_091 cases=92 prompt=14 target=24 avg_nll=15.928570 lcp=0 api_target_mae=15.928570 api_top_coverage=96/120 api_top1=0.000 api_topn=0.052 api_pair=0.483
ds4: ROCm q8 fp16 cache budget exhausted; using q8 kernels (request=64.00 MiB cached=0.00 GiB free=1.10 GiB reserve=1.59 GiB total=31.86 GiB)
ds4: ROCm q8 fp16 cache budget exhausted; using q8 kernels (request=64.00 MiB cached=0.00 GiB free=1.10 GiB reserve=1.59 GiB total=31.86 GiB)
ds4: ROCm q8 fp16 cache budget exhausted; using q8 kernels (request=64.00 MiB cached=0.00 GiB free=1.10 GiB reserve=1.59 GiB total=31.86 GiB)
ds4: ROCm q8 fp16 cache budget exhausted; using q8 kernels (request=64.00 MiB cached=0.00 GiB free=1.10 GiB reserve=1.59 GiB total=31.86 GiB)
ds4: ROCm q8 fp16 cache budget exhausted; using q8 kernels (request=64.00 MiB cached=0.00 GiB free=1.10 GiB reserve=1.59 GiB total=31.86 GiB)
ds4: ROCm q8 fp16 cache budget exhausted; using q8 kernels (request=64.00 MiB cached=0.00 GiB free=1.10 GiB reserve=1.59 GiB total=31.86 GiB)
ds4: ROCm q8 fp16 cache budget exhausted; using q8 kernels (request=64.00 MiB cached=0.00 GiB free=1.10 GiB reserve=1.59 GiB total=31.86 GiB)
ds4: ROCm q8 fp16 cache budget exhausted; using q8 kernels (request=64.00 MiB cached=0.00 GiB free=1.10 GiB reserve=1.59 GiB total=31.86 GiB)
ds4: ROCm q8 fp16 cache budget exhausted; using q8 kernels (request=64.00 MiB cached=0.00 GiB free=1.10 GiB reserve=1.59 GiB total=31.86 GiB)
ds4: ROCm q8 fp16 cache budget exhausted; using q8 kernels (request=64.00 MiB cached=0.00 GiB free=1.10 GiB reserve=1.59 GiB total=31.86 GiB)
ds4: ROCm q8 fp16 cache budget exhausted; using q8 kernels (request=64.00 MiB cached=0.00 GiB free=1.10 GiB reserve=1.59 GiB total=31.86 GiB)
ds4: ROCm q8 fp16 cache budget exhausted; using q8 kernels (request=64.00 MiB cached=0.00 GiB free=1.10 GiB reserve=1.59 GiB total=31.86 GiB)
ds4: ROCm q8 fp16 cache budget exhausted; using q8 kernels (request=64.00 MiB cached=0.00 GiB free=1.10 GiB reserve=1.59 GiB total=31.86 GiB)
ds4: ROCm q8 fp16 cache budget exhausted; using q8 kernels (request=64.00 MiB cached=0.00 GiB free=1.10 GiB reserve=1.59 GiB total=31.86 GiB)
ds4: ROCm q8 fp16 cache budget exhausted; using q8 kernels (request=64.00 MiB cached=0.00 GiB free=1.10 GiB reserve=1.59 GiB total=31.86 GiB)
ds4: ROCm q8 fp16 cache budget exhausted; using q8 kernels (request=64.00 MiB cached=0.00 GiB free=1.10 GiB reserve=1.59 GiB total=31.86 GiB)
ds4: ROCm q8 fp16 cache budget exhausted; using q8 kernels (request=64.00 MiB cached=0.00 GiB free=1.10 GiB reserve=1.59 GiB total=31.86 GiB)
ds4: ROCm q8 fp16 cache budget exhausted; using q8 kernels (request=64.00 MiB cached=0.00 GiB free=1.10 GiB reserve=1.59 GiB total=31.86 GiB)
ds4: ROCm q8 fp16 cache budget exhausted; using q8 kernels (request=64.00 MiB cached=0.00 GiB free=1.10 GiB reserve=1.59 GiB total=31.86 GiB)
ds4: ROCm q8 fp16 cache budget exhausted; using q8 kernels (request=64.00 MiB cached=0.00 GiB free=1.10 GiB reserve=1.59 GiB total=31.86 GiB)
ds4: ROCm q8 fp16 cache budget exhausted; using q8 kernels (request=64.00 MiB cached=0.00 GiB free=1.10 GiB reserve=1.59 GiB total=31.86 GiB)
ds4: ROCm q8 fp16 cache budget exhausted; using q8 kernels (request=64.00 MiB cached=0.00 GiB free=1.10 GiB reserve=1.59 GiB total=31.86 GiB)
ds4: ROCm q8 fp16 cache budget exhausted; using q8 kernels (request=64.00 MiB cached=0.00 GiB free=1.10 GiB reserve=1.59 GiB total=31.86 GiB)
ds4: ROCm q8 fp16 cache budget exhausted; using q8 kernels (request=64.00 MiB cached=0.00 GiB free=1.10 GiB reserve=1.59 GiB total=31.86 GiB)
ds4: ROCm q8 fp16 cache budget exhausted; using q8 kernels (request=64.00 MiB cached=0.00 GiB free=1.10 GiB reserve=1.59 GiB total=31.86 GiB)
ds4: ROCm q8 fp16 cache budget exhausted; using q8 kernels (request=64.00 MiB cached=0.00 GiB free=1.10 GiB reserve=1.59 GiB total=31.86 GiB)
ds4: ROCm q8 fp16 cache budget exhausted; using q8 kernels (request=64.00 MiB cached=0.00 GiB free=1.10 GiB reserve=1.59 GiB total=31.86 GiB)
ds4: ROCm q8 fp16 cache budget exhausted; using q8 kernels (request=64.00 MiB cached=0.00 GiB free=1.10 GiB reserve=1.59 GiB total=31.86 GiB)
ds4: ROCm q8 fp16 cache budget exhausted; using q8 kernels (request=64.00 MiB cached=0.00 GiB free=1.10 GiB reserve=1.59 GiB total=31.86 GiB)
ds4: ROCm q8 fp16 cache budget exhausted; using q8 kernels (request=64.00 MiB cached=0.00 GiB free=1.10 GiB reserve=1.59 GiB total=31.86 GiB)
ds4: ROCm q8 fp16 cache budget exhausted; using q8 kernels (request=64.00 MiB cached=0.00 GiB free=1.10 GiB reserve=1.59 GiB total=31.86 GiB)
ds4: ROCm q8 fp16 cache budget exhausted; using q8 kernels (request=64.00 MiB cached=0.00 GiB free=1.10 GiB reserve=1.59 GiB total=31.86 GiB)
ds4: ROCm q8 fp16 cache budget exhausted; using q8 kernels (request=64.00 MiB cached=0.00 GiB free=1.10 GiB reserve=1.59 GiB total=31.86 GiB)
ds4: ROCm q8 fp16 cache budget exhausted; using q8 kernels (request=64.00 MiB cached=0.00 GiB free=1.10 GiB reserve=1.59 GiB total=31.86 GiB)
ds4: ROCm q8 fp16 cache budget exhausted; using q8 kernels (request=64.00 MiB cached=0.00 GiB free=1.10 GiB reserve=1.59 GiB total=31.86 GiB)
ds4: ROCm q8 fp16 cache budget exhausted; using q8 kernels (request=64.00 MiB cached=0.00 GiB free=1.10 GiB reserve=1.59 GiB total=31.86 GiB)
ds4: ROCm q8 fp16 cache budget exhausted; using q8 kernels (request=64.00 MiB cached=0.00 GiB free=1.10 GiB reserve=1.59 GiB total=31.86 GiB)
ds4: ROCm q8 fp16 cache budget exhausted; using q8 kernels (request=64.00 MiB cached=0.00 GiB free=1.10 GiB reserve=1.59 GiB total=31.86 GiB)
ds4: ROCm q8 fp16 cache budget exhausted; using q8 kernels (request=64.00 MiB cached=0.00 GiB free=1.10 GiB reserve=1.59 GiB total=31.86 GiB)
ds4: ROCm q8 fp16 cache budget exhausted; using q8 kernels (request=64.00 MiB cached=0.00 GiB free=1.10 GiB reserve=1.59 GiB total=31.86 GiB)
ds4: ROCm q8 fp16 cache budget exhausted; using q8 kernels (request=64.00 MiB cached=0.00 GiB free=1.10 GiB reserve=1.59 GiB total=31.86 GiB)
ds4: ROCm q8 fp16 cache budget exhausted; using q8 kernels (request=64.00 MiB cached=0.00 GiB free=1.10 GiB reserve=1.59 GiB total=31.86 GiB)
ds4: ROCm q8 fp16 cache budget exhausted; using q8 kernels (request=64.00 MiB cached=0.00 GiB free=1.10 GiB reserve=1.59 GiB total=31.86 GiB)
case_092 cases=93 prompt=15 target=24 avg_nll=15.232417 lcp=1 api_target_mae=15.232417 api_top_coverage=97/120 api_top1=0.042 api_topn=0.144 api_pair=0.481
ds4: ROCm q8 fp16 cache budget exhausted; using q8 kernels (request=64.00 MiB cached=0.00 GiB free=1.10 GiB reserve=1.59 GiB total=31.86 GiB)
ds4: ROCm q8 fp16 cache budget exhausted; using q8 kernels (request=64.00 MiB cached=0.00 GiB free=1.10 GiB reserve=1.59 GiB total=31.86 GiB)
ds4: ROCm q8 fp16 cache budget exhausted; using q8 kernels (request=64.00 MiB cached=0.00 GiB free=1.10 GiB reserve=1.59 GiB total=31.86 GiB)
ds4: ROCm q8 fp16 cache budget exhausted; using q8 kernels (request=64.00 MiB cached=0.00 GiB free=1.10 GiB reserve=1.59 GiB total=31.86 GiB)
ds4: ROCm q8 fp16 cache budget exhausted; using q8 kernels (request=64.00 MiB cached=0.00 GiB free=1.10 GiB reserve=1.59 GiB total=31.86 GiB)
ds4: ROCm q8 fp16 cache budget exhausted; using q8 kernels (request=64.00 MiB cached=0.00 GiB free=1.10 GiB reserve=1.59 GiB total=31.86 GiB)
ds4: ROCm q8 fp16 cache budget exhausted; using q8 kernels (request=64.00 MiB cached=0.00 GiB free=1.10 GiB reserve=1.59 GiB total=31.86 GiB)
ds4: ROCm q8 fp16 cache budget exhausted; using q8 kernels (request=64.00 MiB cached=0.00 GiB free=1.10 GiB reserve=1.59 GiB total=31.86 GiB)
ds4: ROCm q8 fp16 cache budget exhausted; using q8 kernels (request=64.00 MiB cached=0.00 GiB free=1.10 GiB reserve=1.59 GiB total=31.86 GiB)
ds4: ROCm q8 fp16 cache budget exhausted; using q8 kernels (request=64.00 MiB cached=0.00 GiB free=1.10 GiB reserve=1.59 GiB total=31.86 GiB)
ds4: ROCm q8 fp16 cache budget exhausted; using q8 kernels (request=64.00 MiB cached=0.00 GiB free=1.10 GiB reserve=1.59 GiB total=31.86 GiB)
ds4: ROCm q8 fp16 cache budget exhausted; using q8 kernels (request=64.00 MiB cached=0.00 GiB free=1.10 GiB reserve=1.59 GiB total=31.86 GiB)
ds4: ROCm q8 fp16 cache budget exhausted; using q8 kernels (request=64.00 MiB cached=0.00 GiB free=1.10 GiB reserve=1.59 GiB total=31.86 GiB)
ds4: ROCm q8 fp16 cache budget exhausted; using q8 kernels (request=64.00 MiB cached=0.00 GiB free=1.10 GiB reserve=1.59 GiB total=31.86 GiB)
ds4: ROCm q8 fp16 cache budget exhausted; using q8 kernels (request=64.00 MiB cached=0.00 GiB free=1.10 GiB reserve=1.59 GiB total=31.86 GiB)
ds4: ROCm q8 fp16 cache budget exhausted; using q8 kernels (request=64.00 MiB cached=0.00 GiB free=1.10 GiB reserve=1.59 GiB total=31.86 GiB)
ds4: ROCm q8 fp16 cache budget exhausted; using q8 kernels (request=64.00 MiB cached=0.00 GiB free=1.10 GiB reserve=1.59 GiB total=31.86 GiB)
ds4: ROCm q8 fp16 cache budget exhausted; using q8 kernels (request=64.00 MiB cached=0.00 GiB free=1.10 GiB reserve=1.59 GiB total=31.86 GiB)
ds4: ROCm q8 fp16 cache budget exhausted; using q8 kernels (request=64.00 MiB cached=0.00 GiB free=1.10 GiB reserve=1.59 GiB total=31.86 GiB)
ds4: ROCm q8 fp16 cache budget exhausted; using q8 kernels (request=64.00 MiB cached=0.00 GiB free=1.10 GiB reserve=1.59 GiB total=31.86 GiB)
ds4: ROCm q8 fp16 cache budget exhausted; using q8 kernels (request=64.00 MiB cached=0.00 GiB free=1.10 GiB reserve=1.59 GiB total=31.86 GiB)
ds4: ROCm q8 fp16 cache budget exhausted; using q8 kernels (request=64.00 MiB cached=0.00 GiB free=1.10 GiB reserve=1.59 GiB total=31.86 GiB)
ds4: ROCm q8 fp16 cache budget exhausted; using q8 kernels (request=64.00 MiB cached=0.00 GiB free=1.10 GiB reserve=1.59 GiB total=31.86 GiB)
ds4: ROCm q8 fp16 cache budget exhausted; using q8 kernels (request=64.00 MiB cached=0.00 GiB free=1.10 GiB reserve=1.59 GiB total=31.86 GiB)
ds4: ROCm q8 fp16 cache budget exhausted; using q8 kernels (request=64.00 MiB cached=0.00 GiB free=1.10 GiB reserve=1.59 GiB total=31.86 GiB)
ds4: ROCm q8 fp16 cache budget exhausted; using q8 kernels (request=64.00 MiB cached=0.00 GiB free=1.10 GiB reserve=1.59 GiB total=31.86 GiB)
ds4: ROCm q8 fp16 cache budget exhausted; using q8 kernels (request=64.00 MiB cached=0.00 GiB free=1.10 GiB reserve=1.59 GiB total=31.86 GiB)
ds4: ROCm q8 fp16 cache budget exhausted; using q8 kernels (request=64.00 MiB cached=0.00 GiB free=1.10 GiB reserve=1.59 GiB total=31.86 GiB)
ds4: ROCm q8 fp16 cache budget exhausted; using q8 kernels (request=64.00 MiB cached=0.00 GiB free=1.10 GiB reserve=1.59 GiB total=31.86 GiB)
ds4: ROCm q8 fp16 cache budget exhausted; using q8 kernels (request=64.00 MiB cached=0.00 GiB free=1.10 GiB reserve=1.59 GiB total=31.86 GiB)
ds4: ROCm q8 fp16 cache budget exhausted; using q8 kernels (request=64.00 MiB cached=0.00 GiB free=1.10 GiB reserve=1.59 GiB total=31.86 GiB)
ds4: ROCm q8 fp16 cache budget exhausted; using q8 kernels (request=64.00 MiB cached=0.00 GiB free=1.10 GiB reserve=1.59 GiB total=31.86 GiB)
ds4: ROCm q8 fp16 cache budget exhausted; using q8 kernels (request=64.00 MiB cached=0.00 GiB free=1.10 GiB reserve=1.59 GiB total=31.86 GiB)
ds4: ROCm q8 fp16 cache budget exhausted; using q8 kernels (request=64.00 MiB cached=0.00 GiB free=1.10 GiB reserve=1.59 GiB total=31.86 GiB)
ds4: ROCm q8 fp16 cache budget exhausted; using q8 kernels (request=64.00 MiB cached=0.00 GiB free=1.10 GiB reserve=1.59 GiB total=31.86 GiB)
ds4: ROCm q8 fp16 cache budget exhausted; using q8 kernels (request=64.00 MiB cached=0.00 GiB free=1.10 GiB reserve=1.59 GiB total=31.86 GiB)
ds4: ROCm q8 fp16 cache budget exhausted; using q8 kernels (request=64.00 MiB cached=0.00 GiB free=1.10 GiB reserve=1.59 GiB total=31.86 GiB)
ds4: ROCm q8 fp16 cache budget exhausted; using q8 kernels (request=64.00 MiB cached=0.00 GiB free=1.10 GiB reserve=1.59 GiB total=31.86 GiB)
ds4: ROCm q8 fp16 cache budget exhausted; using q8 kernels (request=64.00 MiB cached=0.00 GiB free=1.10 GiB reserve=1.59 GiB total=31.86 GiB)
ds4: ROCm q8 fp16 cache budget exhausted; using q8 kernels (request=64.00 MiB cached=0.00 GiB free=1.10 GiB reserve=1.59 GiB total=31.86 GiB)
ds4: ROCm q8 fp16 cache budget exhausted; using q8 kernels (request=64.00 MiB cached=0.00 GiB free=1.10 GiB reserve=1.59 GiB total=31.86 GiB)
ds4: ROCm q8 fp16 cache budget exhausted; using q8 kernels (request=64.00 MiB cached=0.00 GiB free=1.10 GiB reserve=1.59 GiB total=31.86 GiB)
ds4: ROCm q8 fp16 cache budget exhausted; using q8 kernels (request=64.00 MiB cached=0.00 GiB free=1.10 GiB reserve=1.59 GiB total=31.86 GiB)
case_093 cases=94 prompt=17 target=24 avg_nll=16.456608 lcp=0 api_target_mae=16.456608 api_top_coverage=99/120 api_top1=0.000 api_topn=0.051 api_pair=0.554
ds4: ROCm q8 fp16 cache budget exhausted; using q8 kernels (request=64.00 MiB cached=0.00 GiB free=1.10 GiB reserve=1.59 GiB total=31.86 GiB)
ds4: ROCm q8 fp16 cache budget exhausted; using q8 kernels (request=64.00 MiB cached=0.00 GiB free=1.10 GiB reserve=1.59 GiB total=31.86 GiB)
ds4: ROCm q8 fp16 cache budget exhausted; using q8 kernels (request=64.00 MiB cached=0.00 GiB free=1.10 GiB reserve=1.59 GiB total=31.86 GiB)
ds4: ROCm q8 fp16 cache budget exhausted; using q8 kernels (request=64.00 MiB cached=0.00 GiB free=1.10 GiB reserve=1.59 GiB total=31.86 GiB)
ds4: ROCm q8 fp16 cache budget exhausted; using q8 kernels (request=64.00 MiB cached=0.00 GiB free=1.10 GiB reserve=1.59 GiB total=31.86 GiB)
ds4: ROCm q8 fp16 cache budget exhausted; using q8 kernels (request=64.00 MiB cached=0.00 GiB free=1.10 GiB reserve=1.59 GiB total=31.86 GiB)
ds4: ROCm q8 fp16 cache budget exhausted; using q8 kernels (request=64.00 MiB cached=0.00 GiB free=1.10 GiB reserve=1.59 GiB total=31.86 GiB)
ds4: ROCm q8 fp16 cache budget exhausted; using q8 kernels (request=64.00 MiB cached=0.00 GiB free=1.10 GiB reserve=1.59 GiB total=31.86 GiB)
ds4: ROCm q8 fp16 cache budget exhausted; using q8 kernels (request=64.00 MiB cached=0.00 GiB free=1.10 GiB reserve=1.59 GiB total=31.86 GiB)
ds4: ROCm q8 fp16 cache budget exhausted; using q8 kernels (request=64.00 MiB cached=0.00 GiB free=1.10 GiB reserve=1.59 GiB total=31.86 GiB)
ds4: ROCm q8 fp16 cache budget exhausted; using q8 kernels (request=64.00 MiB cached=0.00 GiB free=1.10 GiB reserve=1.59 GiB total=31.86 GiB)
ds4: ROCm q8 fp16 cache budget exhausted; using q8 kernels (request=64.00 MiB cached=0.00 GiB free=1.10 GiB reserve=1.59 GiB total=31.86 GiB)
ds4: ROCm q8 fp16 cache budget exhausted; using q8 kernels (request=64.00 MiB cached=0.00 GiB free=1.10 GiB reserve=1.59 GiB total=31.86 GiB)
ds4: ROCm q8 fp16 cache budget exhausted; using q8 kernels (request=64.00 MiB cached=0.00 GiB free=1.10 GiB reserve=1.59 GiB total=31.86 GiB)
ds4: ROCm q8 fp16 cache budget exhausted; using q8 kernels (request=64.00 MiB cached=0.00 GiB free=1.10 GiB reserve=1.59 GiB total=31.86 GiB)
ds4: ROCm q8 fp16 cache budget exhausted; using q8 kernels (request=64.00 MiB cached=0.00 GiB free=1.10 GiB reserve=1.59 GiB total=31.86 GiB)
ds4: ROCm q8 fp16 cache budget exhausted; using q8 kernels (request=64.00 MiB cached=0.00 GiB free=1.10 GiB reserve=1.59 GiB total=31.86 GiB)
ds4: ROCm q8 fp16 cache budget exhausted; using q8 kernels (request=64.00 MiB cached=0.00 GiB free=1.10 GiB reserve=1.59 GiB total=31.86 GiB)
ds4: ROCm q8 fp16 cache budget exhausted; using q8 kernels (request=64.00 MiB cached=0.00 GiB free=1.10 GiB reserve=1.59 GiB total=31.86 GiB)
ds4: ROCm q8 fp16 cache budget exhausted; using q8 kernels (request=64.00 MiB cached=0.00 GiB free=1.10 GiB reserve=1.59 GiB total=31.86 GiB)
ds4: ROCm q8 fp16 cache budget exhausted; using q8 kernels (request=64.00 MiB cached=0.00 GiB free=1.10 GiB reserve=1.59 GiB total=31.86 GiB)
ds4: ROCm q8 fp16 cache budget exhausted; using q8 kernels (request=64.00 MiB cached=0.00 GiB free=1.10 GiB reserve=1.59 GiB total=31.86 GiB)
ds4: ROCm q8 fp16 cache budget exhausted; using q8 kernels (request=64.00 MiB cached=0.00 GiB free=1.10 GiB reserve=1.59 GiB total=31.86 GiB)
ds4: ROCm q8 fp16 cache budget exhausted; using q8 kernels (request=64.00 MiB cached=0.00 GiB free=1.10 GiB reserve=1.59 GiB total=31.86 GiB)
ds4: ROCm q8 fp16 cache budget exhausted; using q8 kernels (request=64.00 MiB cached=0.00 GiB free=1.10 GiB reserve=1.59 GiB total=31.86 GiB)
ds4: ROCm q8 fp16 cache budget exhausted; using q8 kernels (request=64.00 MiB cached=0.00 GiB free=1.10 GiB reserve=1.59 GiB total=31.86 GiB)
ds4: ROCm q8 fp16 cache budget exhausted; using q8 kernels (request=64.00 MiB cached=0.00 GiB free=1.10 GiB reserve=1.59 GiB total=31.86 GiB)
ds4: ROCm q8 fp16 cache budget exhausted; using q8 kernels (request=64.00 MiB cached=0.00 GiB free=1.10 GiB reserve=1.59 GiB total=31.86 GiB)
ds4: ROCm q8 fp16 cache budget exhausted; using q8 kernels (request=64.00 MiB cached=0.00 GiB free=1.10 GiB reserve=1.59 GiB total=31.86 GiB)
ds4: ROCm q8 fp16 cache budget exhausted; using q8 kernels (request=64.00 MiB cached=0.00 GiB free=1.10 GiB reserve=1.59 GiB total=31.86 GiB)
ds4: ROCm q8 fp16 cache budget exhausted; using q8 kernels (request=64.00 MiB cached=0.00 GiB free=1.10 GiB reserve=1.59 GiB total=31.86 GiB)
ds4: ROCm q8 fp16 cache budget exhausted; using q8 kernels (request=64.00 MiB cached=0.00 GiB free=1.10 GiB reserve=1.59 GiB total=31.86 GiB)
ds4: ROCm q8 fp16 cache budget exhausted; using q8 kernels (request=64.00 MiB cached=0.00 GiB free=1.10 GiB reserve=1.59 GiB total=31.86 GiB)
ds4: ROCm q8 fp16 cache budget exhausted; using q8 kernels (request=64.00 MiB cached=0.00 GiB free=1.10 GiB reserve=1.59 GiB total=31.86 GiB)
ds4: ROCm q8 fp16 cache budget exhausted; using q8 kernels (request=64.00 MiB cached=0.00 GiB free=1.10 GiB reserve=1.59 GiB total=31.86 GiB)
ds4: ROCm q8 fp16 cache budget exhausted; using q8 kernels (request=64.00 MiB cached=0.00 GiB free=1.10 GiB reserve=1.59 GiB total=31.86 GiB)
ds4: ROCm q8 fp16 cache budget exhausted; using q8 kernels (request=64.00 MiB cached=0.00 GiB free=1.10 GiB reserve=1.59 GiB total=31.86 GiB)
ds4: ROCm q8 fp16 cache budget exhausted; using q8 kernels (request=64.00 MiB cached=0.00 GiB free=1.10 GiB reserve=1.59 GiB total=31.86 GiB)
ds4: ROCm q8 fp16 cache budget exhausted; using q8 kernels (request=64.00 MiB cached=0.00 GiB free=1.10 GiB reserve=1.59 GiB total=31.86 GiB)
ds4: ROCm q8 fp16 cache budget exhausted; using q8 kernels (request=64.00 MiB cached=0.00 GiB free=1.10 GiB reserve=1.59 GiB total=31.86 GiB)
ds4: ROCm q8 fp16 cache budget exhausted; using q8 kernels (request=64.00 MiB cached=0.00 GiB free=1.10 GiB reserve=1.59 GiB total=31.86 GiB)
ds4: ROCm q8 fp16 cache budget exhausted; using q8 kernels (request=64.00 MiB cached=0.00 GiB free=1.10 GiB reserve=1.59 GiB total=31.86 GiB)
ds4: ROCm q8 fp16 cache budget exhausted; using q8 kernels (request=64.00 MiB cached=0.00 GiB free=1.10 GiB reserve=1.59 GiB total=31.86 GiB)
case_094 cases=95 prompt=16 target=1 avg_nll=4.674012 lcp=0 api_target_mae=4.674012 api_top_coverage=5/5 api_top1=0.000 api_topn=0.400 api_pair=0.750
ds4: ROCm q8 fp16 cache budget exhausted; using q8 kernels (request=64.00 MiB cached=0.00 GiB free=1.10 GiB reserve=1.59 GiB total=31.86 GiB)
ds4: ROCm q8 fp16 cache budget exhausted; using q8 kernels (request=64.00 MiB cached=0.00 GiB free=1.10 GiB reserve=1.59 GiB total=31.86 GiB)
ds4: ROCm q8 fp16 cache budget exhausted; using q8 kernels (request=64.00 MiB cached=0.00 GiB free=1.10 GiB reserve=1.59 GiB total=31.86 GiB)
ds4: ROCm q8 fp16 cache budget exhausted; using q8 kernels (request=64.00 MiB cached=0.00 GiB free=1.10 GiB reserve=1.59 GiB total=31.86 GiB)
ds4: ROCm q8 fp16 cache budget exhausted; using q8 kernels (request=64.00 MiB cached=0.00 GiB free=1.10 GiB reserve=1.59 GiB total=31.86 GiB)
ds4: ROCm q8 fp16 cache budget exhausted; using q8 kernels (request=64.00 MiB cached=0.00 GiB free=1.10 GiB reserve=1.59 GiB total=31.86 GiB)
ds4: ROCm q8 fp16 cache budget exhausted; using q8 kernels (request=64.00 MiB cached=0.00 GiB free=1.10 GiB reserve=1.59 GiB total=31.86 GiB)
ds4: ROCm q8 fp16 cache budget exhausted; using q8 kernels (request=64.00 MiB cached=0.00 GiB free=1.10 GiB reserve=1.59 GiB total=31.86 GiB)
ds4: ROCm q8 fp16 cache budget exhausted; using q8 kernels (request=64.00 MiB cached=0.00 GiB free=1.10 GiB reserve=1.59 GiB total=31.86 GiB)
ds4: ROCm q8 fp16 cache budget exhausted; using q8 kernels (request=64.00 MiB cached=0.00 GiB free=1.10 GiB reserve=1.59 GiB total=31.86 GiB)
ds4: ROCm q8 fp16 cache budget exhausted; using q8 kernels (request=64.00 MiB cached=0.00 GiB free=1.10 GiB reserve=1.59 GiB total=31.86 GiB)
ds4: ROCm q8 fp16 cache budget exhausted; using q8 kernels (request=64.00 MiB cached=0.00 GiB free=1.10 GiB reserve=1.59 GiB total=31.86 GiB)
ds4: ROCm q8 fp16 cache budget exhausted; using q8 kernels (request=64.00 MiB cached=0.00 GiB free=1.10 GiB reserve=1.59 GiB total=31.86 GiB)
ds4: ROCm q8 fp16 cache budget exhausted; using q8 kernels (request=64.00 MiB cached=0.00 GiB free=1.10 GiB reserve=1.59 GiB total=31.86 GiB)
ds4: ROCm q8 fp16 cache budget exhausted; using q8 kernels (request=64.00 MiB cached=0.00 GiB free=1.10 GiB reserve=1.59 GiB total=31.86 GiB)
ds4: ROCm q8 fp16 cache budget exhausted; using q8 kernels (request=64.00 MiB cached=0.00 GiB free=1.10 GiB reserve=1.59 GiB total=31.86 GiB)
ds4: ROCm q8 fp16 cache budget exhausted; using q8 kernels (request=64.00 MiB cached=0.00 GiB free=1.10 GiB reserve=1.59 GiB total=31.86 GiB)
ds4: ROCm q8 fp16 cache budget exhausted; using q8 kernels (request=64.00 MiB cached=0.00 GiB free=1.10 GiB reserve=1.59 GiB total=31.86 GiB)
ds4: ROCm q8 fp16 cache budget exhausted; using q8 kernels (request=64.00 MiB cached=0.00 GiB free=1.10 GiB reserve=1.59 GiB total=31.86 GiB)
ds4: ROCm q8 fp16 cache budget exhausted; using q8 kernels (request=64.00 MiB cached=0.00 GiB free=1.10 GiB reserve=1.59 GiB total=31.86 GiB)
ds4: ROCm q8 fp16 cache budget exhausted; using q8 kernels (request=64.00 MiB cached=0.00 GiB free=1.10 GiB reserve=1.59 GiB total=31.86 GiB)
ds4: ROCm q8 fp16 cache budget exhausted; using q8 kernels (request=64.00 MiB cached=0.00 GiB free=1.10 GiB reserve=1.59 GiB total=31.86 GiB)
ds4: ROCm q8 fp16 cache budget exhausted; using q8 kernels (request=64.00 MiB cached=0.00 GiB free=1.10 GiB reserve=1.59 GiB total=31.86 GiB)
ds4: ROCm q8 fp16 cache budget exhausted; using q8 kernels (request=64.00 MiB cached=0.00 GiB free=1.10 GiB reserve=1.59 GiB total=31.86 GiB)
ds4: ROCm q8 fp16 cache budget exhausted; using q8 kernels (request=64.00 MiB cached=0.00 GiB free=1.10 GiB reserve=1.59 GiB total=31.86 GiB)
ds4: ROCm q8 fp16 cache budget exhausted; using q8 kernels (request=64.00 MiB cached=0.00 GiB free=1.10 GiB reserve=1.59 GiB total=31.86 GiB)
ds4: ROCm q8 fp16 cache budget exhausted; using q8 kernels (request=64.00 MiB cached=0.00 GiB free=1.10 GiB reserve=1.59 GiB total=31.86 GiB)
ds4: ROCm q8 fp16 cache budget exhausted; using q8 kernels (request=64.00 MiB cached=0.00 GiB free=1.10 GiB reserve=1.59 GiB total=31.86 GiB)
ds4: ROCm q8 fp16 cache budget exhausted; using q8 kernels (request=64.00 MiB cached=0.00 GiB free=1.10 GiB reserve=1.59 GiB total=31.86 GiB)
ds4: ROCm q8 fp16 cache budget exhausted; using q8 kernels (request=64.00 MiB cached=0.00 GiB free=1.10 GiB reserve=1.59 GiB total=31.86 GiB)
ds4: ROCm q8 fp16 cache budget exhausted; using q8 kernels (request=64.00 MiB cached=0.00 GiB free=1.10 GiB reserve=1.59 GiB total=31.86 GiB)
ds4: ROCm q8 fp16 cache budget exhausted; using q8 kernels (request=64.00 MiB cached=0.00 GiB free=1.10 GiB reserve=1.59 GiB total=31.86 GiB)
ds4: ROCm q8 fp16 cache budget exhausted; using q8 kernels (request=64.00 MiB cached=0.00 GiB free=1.10 GiB reserve=1.59 GiB total=31.86 GiB)
ds4: ROCm q8 fp16 cache budget exhausted; using q8 kernels (request=64.00 MiB cached=0.00 GiB free=1.10 GiB reserve=1.59 GiB total=31.86 GiB)
ds4: ROCm q8 fp16 cache budget exhausted; using q8 kernels (request=64.00 MiB cached=0.00 GiB free=1.10 GiB reserve=1.59 GiB total=31.86 GiB)
ds4: ROCm q8 fp16 cache budget exhausted; using q8 kernels (request=64.00 MiB cached=0.00 GiB free=1.10 GiB reserve=1.59 GiB total=31.86 GiB)
ds4: ROCm q8 fp16 cache budget exhausted; using q8 kernels (request=64.00 MiB cached=0.00 GiB free=1.10 GiB reserve=1.59 GiB total=31.86 GiB)
ds4: ROCm q8 fp16 cache budget exhausted; using q8 kernels (request=64.00 MiB cached=0.00 GiB free=1.10 GiB reserve=1.59 GiB total=31.86 GiB)
ds4: ROCm q8 fp16 cache budget exhausted; using q8 kernels (request=64.00 MiB cached=0.00 GiB free=1.10 GiB reserve=1.59 GiB total=31.86 GiB)
ds4: ROCm q8 fp16 cache budget exhausted; using q8 kernels (request=64.00 MiB cached=0.00 GiB free=1.10 GiB reserve=1.59 GiB total=31.86 GiB)
ds4: ROCm q8 fp16 cache budget exhausted; using q8 kernels (request=64.00 MiB cached=0.00 GiB free=1.10 GiB reserve=1.59 GiB total=31.86 GiB)
ds4: ROCm q8 fp16 cache budget exhausted; using q8 kernels (request=64.00 MiB cached=0.00 GiB free=1.10 GiB reserve=1.59 GiB total=31.86 GiB)
ds4: ROCm q8 fp16 cache budget exhausted; using q8 kernels (request=64.00 MiB cached=0.00 GiB free=1.10 GiB reserve=1.59 GiB total=31.86 GiB)
case_095 cases=96 prompt=17 target=13 avg_nll=13.884367 lcp=1 api_target_mae=13.884367 api_top_coverage=52/65 api_top1=0.077 api_topn=0.096 api_pair=0.630
ds4: ROCm q8 fp16 cache budget exhausted; using q8 kernels (request=64.00 MiB cached=0.00 GiB free=1.10 GiB reserve=1.59 GiB total=31.86 GiB)
ds4: ROCm q8 fp16 cache budget exhausted; using q8 kernels (request=64.00 MiB cached=0.00 GiB free=1.10 GiB reserve=1.59 GiB total=31.86 GiB)
ds4: ROCm q8 fp16 cache budget exhausted; using q8 kernels (request=64.00 MiB cached=0.00 GiB free=1.10 GiB reserve=1.59 GiB total=31.86 GiB)
ds4: ROCm q8 fp16 cache budget exhausted; using q8 kernels (request=64.00 MiB cached=0.00 GiB free=1.10 GiB reserve=1.59 GiB total=31.86 GiB)
ds4: ROCm q8 fp16 cache budget exhausted; using q8 kernels (request=64.00 MiB cached=0.00 GiB free=1.10 GiB reserve=1.59 GiB total=31.86 GiB)
ds4: ROCm q8 fp16 cache budget exhausted; using q8 kernels (request=64.00 MiB cached=0.00 GiB free=1.10 GiB reserve=1.59 GiB total=31.86 GiB)
ds4: ROCm q8 fp16 cache budget exhausted; using q8 kernels (request=64.00 MiB cached=0.00 GiB free=1.10 GiB reserve=1.59 GiB total=31.86 GiB)
ds4: ROCm q8 fp16 cache budget exhausted; using q8 kernels (request=64.00 MiB cached=0.00 GiB free=1.10 GiB reserve=1.59 GiB total=31.86 GiB)
ds4: ROCm q8 fp16 cache budget exhausted; using q8 kernels (request=64.00 MiB cached=0.00 GiB free=1.10 GiB reserve=1.59 GiB total=31.86 GiB)
ds4: ROCm q8 fp16 cache budget exhausted; using q8 kernels (request=64.00 MiB cached=0.00 GiB free=1.10 GiB reserve=1.59 GiB total=31.86 GiB)
ds4: ROCm q8 fp16 cache budget exhausted; using q8 kernels (request=64.00 MiB cached=0.00 GiB free=1.10 GiB reserve=1.59 GiB total=31.86 GiB)
ds4: ROCm q8 fp16 cache budget exhausted; using q8 kernels (request=64.00 MiB cached=0.00 GiB free=1.10 GiB reserve=1.59 GiB total=31.86 GiB)
ds4: ROCm q8 fp16 cache budget exhausted; using q8 kernels (request=64.00 MiB cached=0.00 GiB free=1.10 GiB reserve=1.59 GiB total=31.86 GiB)
ds4: ROCm q8 fp16 cache budget exhausted; using q8 kernels (request=64.00 MiB cached=0.00 GiB free=1.10 GiB reserve=1.59 GiB total=31.86 GiB)
ds4: ROCm q8 fp16 cache budget exhausted; using q8 kernels (request=64.00 MiB cached=0.00 GiB free=1.10 GiB reserve=1.59 GiB total=31.86 GiB)
ds4: ROCm q8 fp16 cache budget exhausted; using q8 kernels (request=64.00 MiB cached=0.00 GiB free=1.10 GiB reserve=1.59 GiB total=31.86 GiB)
ds4: ROCm q8 fp16 cache budget exhausted; using q8 kernels (request=64.00 MiB cached=0.00 GiB free=1.10 GiB reserve=1.59 GiB total=31.86 GiB)
ds4: ROCm q8 fp16 cache budget exhausted; using q8 kernels (request=64.00 MiB cached=0.00 GiB free=1.10 GiB reserve=1.59 GiB total=31.86 GiB)
ds4: ROCm q8 fp16 cache budget exhausted; using q8 kernels (request=64.00 MiB cached=0.00 GiB free=1.10 GiB reserve=1.59 GiB total=31.86 GiB)
ds4: ROCm q8 fp16 cache budget exhausted; using q8 kernels (request=64.00 MiB cached=0.00 GiB free=1.10 GiB reserve=1.59 GiB total=31.86 GiB)
ds4: ROCm q8 fp16 cache budget exhausted; using q8 kernels (request=64.00 MiB cached=0.00 GiB free=1.10 GiB reserve=1.59 GiB total=31.86 GiB)
ds4: ROCm q8 fp16 cache budget exhausted; using q8 kernels (request=64.00 MiB cached=0.00 GiB free=1.10 GiB reserve=1.59 GiB total=31.86 GiB)
ds4: ROCm q8 fp16 cache budget exhausted; using q8 kernels (request=64.00 MiB cached=0.00 GiB free=1.10 GiB reserve=1.59 GiB total=31.86 GiB)
ds4: ROCm q8 fp16 cache budget exhausted; using q8 kernels (request=64.00 MiB cached=0.00 GiB free=1.10 GiB reserve=1.59 GiB total=31.86 GiB)
ds4: ROCm q8 fp16 cache budget exhausted; using q8 kernels (request=64.00 MiB cached=0.00 GiB free=1.10 GiB reserve=1.59 GiB total=31.86 GiB)
ds4: ROCm q8 fp16 cache budget exhausted; using q8 kernels (request=64.00 MiB cached=0.00 GiB free=1.10 GiB reserve=1.59 GiB total=31.86 GiB)
ds4: ROCm q8 fp16 cache budget exhausted; using q8 kernels (request=64.00 MiB cached=0.00 GiB free=1.10 GiB reserve=1.59 GiB total=31.86 GiB)
ds4: ROCm q8 fp16 cache budget exhausted; using q8 kernels (request=64.00 MiB cached=0.00 GiB free=1.10 GiB reserve=1.59 GiB total=31.86 GiB)
ds4: ROCm q8 fp16 cache budget exhausted; using q8 kernels (request=64.00 MiB cached=0.00 GiB free=1.10 GiB reserve=1.59 GiB total=31.86 GiB)
ds4: ROCm q8 fp16 cache budget exhausted; using q8 kernels (request=64.00 MiB cached=0.00 GiB free=1.10 GiB reserve=1.59 GiB total=31.86 GiB)
ds4: ROCm q8 fp16 cache budget exhausted; using q8 kernels (request=64.00 MiB cached=0.00 GiB free=1.10 GiB reserve=1.59 GiB total=31.86 GiB)
ds4: ROCm q8 fp16 cache budget exhausted; using q8 kernels (request=64.00 MiB cached=0.00 GiB free=1.10 GiB reserve=1.59 GiB total=31.86 GiB)
ds4: ROCm q8 fp16 cache budget exhausted; using q8 kernels (request=64.00 MiB cached=0.00 GiB free=1.10 GiB reserve=1.59 GiB total=31.86 GiB)
ds4: ROCm q8 fp16 cache budget exhausted; using q8 kernels (request=64.00 MiB cached=0.00 GiB free=1.10 GiB reserve=1.59 GiB total=31.86 GiB)
ds4: ROCm q8 fp16 cache budget exhausted; using q8 kernels (request=64.00 MiB cached=0.00 GiB free=1.10 GiB reserve=1.59 GiB total=31.86 GiB)
ds4: ROCm q8 fp16 cache budget exhausted; using q8 kernels (request=64.00 MiB cached=0.00 GiB free=1.10 GiB reserve=1.59 GiB total=31.86 GiB)
ds4: ROCm q8 fp16 cache budget exhausted; using q8 kernels (request=64.00 MiB cached=0.00 GiB free=1.10 GiB reserve=1.59 GiB total=31.86 GiB)
ds4: ROCm q8 fp16 cache budget exhausted; using q8 kernels (request=64.00 MiB cached=0.00 GiB free=1.10 GiB reserve=1.59 GiB total=31.86 GiB)
ds4: ROCm q8 fp16 cache budget exhausted; using q8 kernels (request=64.00 MiB cached=0.00 GiB free=1.10 GiB reserve=1.59 GiB total=31.86 GiB)
ds4: ROCm q8 fp16 cache budget exhausted; using q8 kernels (request=64.00 MiB cached=0.00 GiB free=1.10 GiB reserve=1.59 GiB total=31.86 GiB)
ds4: ROCm q8 fp16 cache budget exhausted; using q8 kernels (request=64.00 MiB cached=0.00 GiB free=1.10 GiB reserve=1.59 GiB total=31.86 GiB)
ds4: ROCm q8 fp16 cache budget exhausted; using q8 kernels (request=64.00 MiB cached=0.00 GiB free=1.10 GiB reserve=1.59 GiB total=31.86 GiB)
ds4: ROCm q8 fp16 cache budget exhausted; using q8 kernels (request=64.00 MiB cached=0.00 GiB free=1.10 GiB reserve=1.59 GiB total=31.86 GiB)
case_096 cases=97 prompt=15 target=6 avg_nll=16.423708 lcp=1 api_target_mae=16.423708 api_top_coverage=24/30 api_top1=0.167 api_topn=0.083 api_pair=0.467
ds4: ROCm q8 fp16 cache budget exhausted; using q8 kernels (request=64.00 MiB cached=0.00 GiB free=1.10 GiB reserve=1.59 GiB total=31.86 GiB)
ds4: ROCm q8 fp16 cache budget exhausted; using q8 kernels (request=64.00 MiB cached=0.00 GiB free=1.10 GiB reserve=1.59 GiB total=31.86 GiB)
ds4: ROCm q8 fp16 cache budget exhausted; using q8 kernels (request=64.00 MiB cached=0.00 GiB free=1.10 GiB reserve=1.59 GiB total=31.86 GiB)
ds4: ROCm q8 fp16 cache budget exhausted; using q8 kernels (request=64.00 MiB cached=0.00 GiB free=1.10 GiB reserve=1.59 GiB total=31.86 GiB)
ds4: ROCm q8 fp16 cache budget exhausted; using q8 kernels (request=64.00 MiB cached=0.00 GiB free=1.10 GiB reserve=1.59 GiB total=31.86 GiB)
ds4: ROCm q8 fp16 cache budget exhausted; using q8 kernels (request=64.00 MiB cached=0.00 GiB free=1.10 GiB reserve=1.59 GiB total=31.86 GiB)
ds4: ROCm q8 fp16 cache budget exhausted; using q8 kernels (request=64.00 MiB cached=0.00 GiB free=1.10 GiB reserve=1.59 GiB total=31.86 GiB)
ds4: ROCm q8 fp16 cache budget exhausted; using q8 kernels (request=64.00 MiB cached=0.00 GiB free=1.10 GiB reserve=1.59 GiB total=31.86 GiB)
ds4: ROCm q8 fp16 cache budget exhausted; using q8 kernels (request=64.00 MiB cached=0.00 GiB free=1.10 GiB reserve=1.59 GiB total=31.86 GiB)
ds4: ROCm q8 fp16 cache budget exhausted; using q8 kernels (request=64.00 MiB cached=0.00 GiB free=1.10 GiB reserve=1.59 GiB total=31.86 GiB)
ds4: ROCm q8 fp16 cache budget exhausted; using q8 kernels (request=64.00 MiB cached=0.00 GiB free=1.10 GiB reserve=1.59 GiB total=31.86 GiB)
ds4: ROCm q8 fp16 cache budget exhausted; using q8 kernels (request=64.00 MiB cached=0.00 GiB free=1.10 GiB reserve=1.59 GiB total=31.86 GiB)
ds4: ROCm q8 fp16 cache budget exhausted; using q8 kernels (request=64.00 MiB cached=0.00 GiB free=1.10 GiB reserve=1.59 GiB total=31.86 GiB)
ds4: ROCm q8 fp16 cache budget exhausted; using q8 kernels (request=64.00 MiB cached=0.00 GiB free=1.10 GiB reserve=1.59 GiB total=31.86 GiB)
ds4: ROCm q8 fp16 cache budget exhausted; using q8 kernels (request=64.00 MiB cached=0.00 GiB free=1.10 GiB reserve=1.59 GiB total=31.86 GiB)
ds4: ROCm q8 fp16 cache budget exhausted; using q8 kernels (request=64.00 MiB cached=0.00 GiB free=1.10 GiB reserve=1.59 GiB total=31.86 GiB)
ds4: ROCm q8 fp16 cache budget exhausted; using q8 kernels (request=64.00 MiB cached=0.00 GiB free=1.10 GiB reserve=1.59 GiB total=31.86 GiB)
ds4: ROCm q8 fp16 cache budget exhausted; using q8 kernels (request=64.00 MiB cached=0.00 GiB free=1.10 GiB reserve=1.59 GiB total=31.86 GiB)
ds4: ROCm q8 fp16 cache budget exhausted; using q8 kernels (request=64.00 MiB cached=0.00 GiB free=1.10 GiB reserve=1.59 GiB total=31.86 GiB)
ds4: ROCm q8 fp16 cache budget exhausted; using q8 kernels (request=64.00 MiB cached=0.00 GiB free=1.10 GiB reserve=1.59 GiB total=31.86 GiB)
ds4: ROCm q8 fp16 cache budget exhausted; using q8 kernels (request=64.00 MiB cached=0.00 GiB free=1.10 GiB reserve=1.59 GiB total=31.86 GiB)
ds4: ROCm q8 fp16 cache budget exhausted; using q8 kernels (request=64.00 MiB cached=0.00 GiB free=1.10 GiB reserve=1.59 GiB total=31.86 GiB)
ds4: ROCm q8 fp16 cache budget exhausted; using q8 kernels (request=64.00 MiB cached=0.00 GiB free=1.10 GiB reserve=1.59 GiB total=31.86 GiB)
ds4: ROCm q8 fp16 cache budget exhausted; using q8 kernels (request=64.00 MiB cached=0.00 GiB free=1.10 GiB reserve=1.59 GiB total=31.86 GiB)
ds4: ROCm q8 fp16 cache budget exhausted; using q8 kernels (request=64.00 MiB cached=0.00 GiB free=1.10 GiB reserve=1.59 GiB total=31.86 GiB)
ds4: ROCm q8 fp16 cache budget exhausted; using q8 kernels (request=64.00 MiB cached=0.00 GiB free=1.10 GiB reserve=1.59 GiB total=31.86 GiB)
ds4: ROCm q8 fp16 cache budget exhausted; using q8 kernels (request=64.00 MiB cached=0.00 GiB free=1.10 GiB reserve=1.59 GiB total=31.86 GiB)
ds4: ROCm q8 fp16 cache budget exhausted; using q8 kernels (request=64.00 MiB cached=0.00 GiB free=1.10 GiB reserve=1.59 GiB total=31.86 GiB)
ds4: ROCm q8 fp16 cache budget exhausted; using q8 kernels (request=64.00 MiB cached=0.00 GiB free=1.10 GiB reserve=1.59 GiB total=31.86 GiB)
ds4: ROCm q8 fp16 cache budget exhausted; using q8 kernels (request=64.00 MiB cached=0.00 GiB free=1.10 GiB reserve=1.59 GiB total=31.86 GiB)
ds4: ROCm q8 fp16 cache budget exhausted; using q8 kernels (request=64.00 MiB cached=0.00 GiB free=1.10 GiB reserve=1.59 GiB total=31.86 GiB)
ds4: ROCm q8 fp16 cache budget exhausted; using q8 kernels (request=64.00 MiB cached=0.00 GiB free=1.10 GiB reserve=1.59 GiB total=31.86 GiB)
ds4: ROCm q8 fp16 cache budget exhausted; using q8 kernels (request=64.00 MiB cached=0.00 GiB free=1.10 GiB reserve=1.59 GiB total=31.86 GiB)
ds4: ROCm q8 fp16 cache budget exhausted; using q8 kernels (request=64.00 MiB cached=0.00 GiB free=1.10 GiB reserve=1.59 GiB total=31.86 GiB)
ds4: ROCm q8 fp16 cache budget exhausted; using q8 kernels (request=64.00 MiB cached=0.00 GiB free=1.10 GiB reserve=1.59 GiB total=31.86 GiB)
ds4: ROCm q8 fp16 cache budget exhausted; using q8 kernels (request=64.00 MiB cached=0.00 GiB free=1.10 GiB reserve=1.59 GiB total=31.86 GiB)
ds4: ROCm q8 fp16 cache budget exhausted; using q8 kernels (request=64.00 MiB cached=0.00 GiB free=1.10 GiB reserve=1.59 GiB total=31.86 GiB)
ds4: ROCm q8 fp16 cache budget exhausted; using q8 kernels (request=64.00 MiB cached=0.00 GiB free=1.10 GiB reserve=1.59 GiB total=31.86 GiB)
ds4: ROCm q8 fp16 cache budget exhausted; using q8 kernels (request=64.00 MiB cached=0.00 GiB free=1.10 GiB reserve=1.59 GiB total=31.86 GiB)
ds4: ROCm q8 fp16 cache budget exhausted; using q8 kernels (request=64.00 MiB cached=0.00 GiB free=1.10 GiB reserve=1.59 GiB total=31.86 GiB)
ds4: ROCm q8 fp16 cache budget exhausted; using q8 kernels (request=64.00 MiB cached=0.00 GiB free=1.10 GiB reserve=1.59 GiB total=31.86 GiB)
ds4: ROCm q8 fp16 cache budget exhausted; using q8 kernels (request=64.00 MiB cached=0.00 GiB free=1.10 GiB reserve=1.59 GiB total=31.86 GiB)
ds4: ROCm q8 fp16 cache budget exhausted; using q8 kernels (request=64.00 MiB cached=0.00 GiB free=1.10 GiB reserve=1.59 GiB total=31.86 GiB)
case_097 cases=98 prompt=22 target=10 avg_nll=15.114317 lcp=1 api_target_mae=15.114317 api_top_coverage=49/50 api_top1=0.100 api_topn=0.082 api_pair=0.686
ds4: ROCm q8 fp16 cache budget exhausted; using q8 kernels (request=64.00 MiB cached=0.00 GiB free=1.10 GiB reserve=1.59 GiB total=31.86 GiB)
ds4: ROCm q8 fp16 cache budget exhausted; using q8 kernels (request=64.00 MiB cached=0.00 GiB free=1.10 GiB reserve=1.59 GiB total=31.86 GiB)
ds4: ROCm q8 fp16 cache budget exhausted; using q8 kernels (request=64.00 MiB cached=0.00 GiB free=1.10 GiB reserve=1.59 GiB total=31.86 GiB)
ds4: ROCm q8 fp16 cache budget exhausted; using q8 kernels (request=64.00 MiB cached=0.00 GiB free=1.10 GiB reserve=1.59 GiB total=31.86 GiB)
ds4: ROCm q8 fp16 cache budget exhausted; using q8 kernels (request=64.00 MiB cached=0.00 GiB free=1.10 GiB reserve=1.59 GiB total=31.86 GiB)
ds4: ROCm q8 fp16 cache budget exhausted; using q8 kernels (request=64.00 MiB cached=0.00 GiB free=1.10 GiB reserve=1.59 GiB total=31.86 GiB)
ds4: ROCm q8 fp16 cache budget exhausted; using q8 kernels (request=64.00 MiB cached=0.00 GiB free=1.10 GiB reserve=1.59 GiB total=31.86 GiB)
ds4: ROCm q8 fp16 cache budget exhausted; using q8 kernels (request=64.00 MiB cached=0.00 GiB free=1.10 GiB reserve=1.59 GiB total=31.86 GiB)
ds4: ROCm q8 fp16 cache budget exhausted; using q8 kernels (request=64.00 MiB cached=0.00 GiB free=1.10 GiB reserve=1.59 GiB total=31.86 GiB)
ds4: ROCm q8 fp16 cache budget exhausted; using q8 kernels (request=64.00 MiB cached=0.00 GiB free=1.10 GiB reserve=1.59 GiB total=31.86 GiB)
ds4: ROCm q8 fp16 cache budget exhausted; using q8 kernels (request=64.00 MiB cached=0.00 GiB free=1.10 GiB reserve=1.59 GiB total=31.86 GiB)
ds4: ROCm q8 fp16 cache budget exhausted; using q8 kernels (request=64.00 MiB cached=0.00 GiB free=1.10 GiB reserve=1.59 GiB total=31.86 GiB)
ds4: ROCm q8 fp16 cache budget exhausted; using q8 kernels (request=64.00 MiB cached=0.00 GiB free=1.10 GiB reserve=1.59 GiB total=31.86 GiB)
ds4: ROCm q8 fp16 cache budget exhausted; using q8 kernels (request=64.00 MiB cached=0.00 GiB free=1.10 GiB reserve=1.59 GiB total=31.86 GiB)
ds4: ROCm q8 fp16 cache budget exhausted; using q8 kernels (request=64.00 MiB cached=0.00 GiB free=1.10 GiB reserve=1.59 GiB total=31.86 GiB)
ds4: ROCm q8 fp16 cache budget exhausted; using q8 kernels (request=64.00 MiB cached=0.00 GiB free=1.10 GiB reserve=1.59 GiB total=31.86 GiB)
ds4: ROCm q8 fp16 cache budget exhausted; using q8 kernels (request=64.00 MiB cached=0.00 GiB free=1.10 GiB reserve=1.59 GiB total=31.86 GiB)
ds4: ROCm q8 fp16 cache budget exhausted; using q8 kernels (request=64.00 MiB cached=0.00 GiB free=1.10 GiB reserve=1.59 GiB total=31.86 GiB)
ds4: ROCm q8 fp16 cache budget exhausted; using q8 kernels (request=64.00 MiB cached=0.00 GiB free=1.10 GiB reserve=1.59 GiB total=31.86 GiB)
ds4: ROCm q8 fp16 cache budget exhausted; using q8 kernels (request=64.00 MiB cached=0.00 GiB free=1.10 GiB reserve=1.59 GiB total=31.86 GiB)
ds4: ROCm q8 fp16 cache budget exhausted; using q8 kernels (request=64.00 MiB cached=0.00 GiB free=1.10 GiB reserve=1.59 GiB total=31.86 GiB)
ds4: ROCm q8 fp16 cache budget exhausted; using q8 kernels (request=64.00 MiB cached=0.00 GiB free=1.10 GiB reserve=1.59 GiB total=31.86 GiB)
ds4: ROCm q8 fp16 cache budget exhausted; using q8 kernels (request=64.00 MiB cached=0.00 GiB free=1.10 GiB reserve=1.59 GiB total=31.86 GiB)
ds4: ROCm q8 fp16 cache budget exhausted; using q8 kernels (request=64.00 MiB cached=0.00 GiB free=1.10 GiB reserve=1.59 GiB total=31.86 GiB)
ds4: ROCm q8 fp16 cache budget exhausted; using q8 kernels (request=64.00 MiB cached=0.00 GiB free=1.10 GiB reserve=1.59 GiB total=31.86 GiB)
ds4: ROCm q8 fp16 cache budget exhausted; using q8 kernels (request=64.00 MiB cached=0.00 GiB free=1.10 GiB reserve=1.59 GiB total=31.86 GiB)
ds4: ROCm q8 fp16 cache budget exhausted; using q8 kernels (request=64.00 MiB cached=0.00 GiB free=1.10 GiB reserve=1.59 GiB total=31.86 GiB)
ds4: ROCm q8 fp16 cache budget exhausted; using q8 kernels (request=64.00 MiB cached=0.00 GiB free=1.10 GiB reserve=1.59 GiB total=31.86 GiB)
ds4: ROCm q8 fp16 cache budget exhausted; using q8 kernels (request=64.00 MiB cached=0.00 GiB free=1.10 GiB reserve=1.59 GiB total=31.86 GiB)
ds4: ROCm q8 fp16 cache budget exhausted; using q8 kernels (request=64.00 MiB cached=0.00 GiB free=1.10 GiB reserve=1.59 GiB total=31.86 GiB)
ds4: ROCm q8 fp16 cache budget exhausted; using q8 kernels (request=64.00 MiB cached=0.00 GiB free=1.10 GiB reserve=1.59 GiB total=31.86 GiB)
ds4: ROCm q8 fp16 cache budget exhausted; using q8 kernels (request=64.00 MiB cached=0.00 GiB free=1.10 GiB reserve=1.59 GiB total=31.86 GiB)
ds4: ROCm q8 fp16 cache budget exhausted; using q8 kernels (request=64.00 MiB cached=0.00 GiB free=1.10 GiB reserve=1.59 GiB total=31.86 GiB)
ds4: ROCm q8 fp16 cache budget exhausted; using q8 kernels (request=64.00 MiB cached=0.00 GiB free=1.10 GiB reserve=1.59 GiB total=31.86 GiB)
ds4: ROCm q8 fp16 cache budget exhausted; using q8 kernels (request=64.00 MiB cached=0.00 GiB free=1.10 GiB reserve=1.59 GiB total=31.86 GiB)
ds4: ROCm q8 fp16 cache budget exhausted; using q8 kernels (request=64.00 MiB cached=0.00 GiB free=1.10 GiB reserve=1.59 GiB total=31.86 GiB)
ds4: ROCm q8 fp16 cache budget exhausted; using q8 kernels (request=64.00 MiB cached=0.00 GiB free=1.10 GiB reserve=1.59 GiB total=31.86 GiB)
ds4: ROCm q8 fp16 cache budget exhausted; using q8 kernels (request=64.00 MiB cached=0.00 GiB free=1.10 GiB reserve=1.59 GiB total=31.86 GiB)
ds4: ROCm q8 fp16 cache budget exhausted; using q8 kernels (request=64.00 MiB cached=0.00 GiB free=1.10 GiB reserve=1.59 GiB total=31.86 GiB)
ds4: ROCm q8 fp16 cache budget exhausted; using q8 kernels (request=64.00 MiB cached=0.00 GiB free=1.10 GiB reserve=1.59 GiB total=31.86 GiB)
ds4: ROCm q8 fp16 cache budget exhausted; using q8 kernels (request=64.00 MiB cached=0.00 GiB free=1.10 GiB reserve=1.59 GiB total=31.86 GiB)
ds4: ROCm q8 fp16 cache budget exhausted; using q8 kernels (request=64.00 MiB cached=0.00 GiB free=1.10 GiB reserve=1.59 GiB total=31.86 GiB)
ds4: ROCm q8 fp16 cache budget exhausted; using q8 kernels (request=64.00 MiB cached=0.00 GiB free=1.10 GiB reserve=1.59 GiB total=31.86 GiB)
case_098 cases=99 prompt=20 target=8 avg_nll=14.699277 lcp=1 api_target_mae=14.699277 api_top_coverage=38/40 api_top1=0.125 api_topn=0.026 api_pair=0.556
ds4: ROCm q8 fp16 cache budget exhausted; using q8 kernels (request=64.00 MiB cached=0.00 GiB free=1.10 GiB reserve=1.59 GiB total=31.86 GiB)
ds4: ROCm q8 fp16 cache budget exhausted; using q8 kernels (request=64.00 MiB cached=0.00 GiB free=1.10 GiB reserve=1.59 GiB total=31.86 GiB)
ds4: ROCm q8 fp16 cache budget exhausted; using q8 kernels (request=64.00 MiB cached=0.00 GiB free=1.10 GiB reserve=1.59 GiB total=31.86 GiB)
ds4: ROCm q8 fp16 cache budget exhausted; using q8 kernels (request=64.00 MiB cached=0.00 GiB free=1.10 GiB reserve=1.59 GiB total=31.86 GiB)
ds4: ROCm q8 fp16 cache budget exhausted; using q8 kernels (request=64.00 MiB cached=0.00 GiB free=1.10 GiB reserve=1.59 GiB total=31.86 GiB)
ds4: ROCm q8 fp16 cache budget exhausted; using q8 kernels (request=64.00 MiB cached=0.00 GiB free=1.10 GiB reserve=1.59 GiB total=31.86 GiB)
ds4: ROCm q8 fp16 cache budget exhausted; using q8 kernels (request=64.00 MiB cached=0.00 GiB free=1.10 GiB reserve=1.59 GiB total=31.86 GiB)
ds4: ROCm q8 fp16 cache budget exhausted; using q8 kernels (request=64.00 MiB cached=0.00 GiB free=1.10 GiB reserve=1.59 GiB total=31.86 GiB)
ds4: ROCm q8 fp16 cache budget exhausted; using q8 kernels (request=64.00 MiB cached=0.00 GiB free=1.10 GiB reserve=1.59 GiB total=31.86 GiB)
ds4: ROCm q8 fp16 cache budget exhausted; using q8 kernels (request=64.00 MiB cached=0.00 GiB free=1.10 GiB reserve=1.59 GiB total=31.86 GiB)
ds4: ROCm q8 fp16 cache budget exhausted; using q8 kernels (request=64.00 MiB cached=0.00 GiB free=1.10 GiB reserve=1.59 GiB total=31.86 GiB)
ds4: ROCm q8 fp16 cache budget exhausted; using q8 kernels (request=64.00 MiB cached=0.00 GiB free=1.10 GiB reserve=1.59 GiB total=31.86 GiB)
ds4: ROCm q8 fp16 cache budget exhausted; using q8 kernels (request=64.00 MiB cached=0.00 GiB free=1.10 GiB reserve=1.59 GiB total=31.86 GiB)
ds4: ROCm q8 fp16 cache budget exhausted; using q8 kernels (request=64.00 MiB cached=0.00 GiB free=1.10 GiB reserve=1.59 GiB total=31.86 GiB)
ds4: ROCm q8 fp16 cache budget exhausted; using q8 kernels (request=64.00 MiB cached=0.00 GiB free=1.10 GiB reserve=1.59 GiB total=31.86 GiB)
ds4: ROCm q8 fp16 cache budget exhausted; using q8 kernels (request=64.00 MiB cached=0.00 GiB free=1.10 GiB reserve=1.59 GiB total=31.86 GiB)
ds4: ROCm q8 fp16 cache budget exhausted; using q8 kernels (request=64.00 MiB cached=0.00 GiB free=1.10 GiB reserve=1.59 GiB total=31.86 GiB)
ds4: ROCm q8 fp16 cache budget exhausted; using q8 kernels (request=64.00 MiB cached=0.00 GiB free=1.10 GiB reserve=1.59 GiB total=31.86 GiB)
ds4: ROCm q8 fp16 cache budget exhausted; using q8 kernels (request=64.00 MiB cached=0.00 GiB free=1.10 GiB reserve=1.59 GiB total=31.86 GiB)
ds4: ROCm q8 fp16 cache budget exhausted; using q8 kernels (request=64.00 MiB cached=0.00 GiB free=1.10 GiB reserve=1.59 GiB total=31.86 GiB)
ds4: ROCm q8 fp16 cache budget exhausted; using q8 kernels (request=64.00 MiB cached=0.00 GiB free=1.10 GiB reserve=1.59 GiB total=31.86 GiB)
ds4: ROCm q8 fp16 cache budget exhausted; using q8 kernels (request=64.00 MiB cached=0.00 GiB free=1.10 GiB reserve=1.59 GiB total=31.86 GiB)
ds4: ROCm q8 fp16 cache budget exhausted; using q8 kernels (request=64.00 MiB cached=0.00 GiB free=1.10 GiB reserve=1.59 GiB total=31.86 GiB)
ds4: ROCm q8 fp16 cache budget exhausted; using q8 kernels (request=64.00 MiB cached=0.00 GiB free=1.10 GiB reserve=1.59 GiB total=31.86 GiB)
ds4: ROCm q8 fp16 cache budget exhausted; using q8 kernels (request=64.00 MiB cached=0.00 GiB free=1.10 GiB reserve=1.59 GiB total=31.86 GiB)
ds4: ROCm q8 fp16 cache budget exhausted; using q8 kernels (request=64.00 MiB cached=0.00 GiB free=1.10 GiB reserve=1.59 GiB total=31.86 GiB)
ds4: ROCm q8 fp16 cache budget exhausted; using q8 kernels (request=64.00 MiB cached=0.00 GiB free=1.10 GiB reserve=1.59 GiB total=31.86 GiB)
ds4: ROCm q8 fp16 cache budget exhausted; using q8 kernels (request=64.00 MiB cached=0.00 GiB free=1.10 GiB reserve=1.59 GiB total=31.86 GiB)
ds4: ROCm q8 fp16 cache budget exhausted; using q8 kernels (request=64.00 MiB cached=0.00 GiB free=1.10 GiB reserve=1.59 GiB total=31.86 GiB)
ds4: ROCm q8 fp16 cache budget exhausted; using q8 kernels (request=64.00 MiB cached=0.00 GiB free=1.10 GiB reserve=1.59 GiB total=31.86 GiB)
ds4: ROCm q8 fp16 cache budget exhausted; using q8 kernels (request=64.00 MiB cached=0.00 GiB free=1.10 GiB reserve=1.59 GiB total=31.86 GiB)
ds4: ROCm q8 fp16 cache budget exhausted; using q8 kernels (request=64.00 MiB cached=0.00 GiB free=1.10 GiB reserve=1.59 GiB total=31.86 GiB)
ds4: ROCm q8 fp16 cache budget exhausted; using q8 kernels (request=64.00 MiB cached=0.00 GiB free=1.10 GiB reserve=1.59 GiB total=31.86 GiB)
ds4: ROCm q8 fp16 cache budget exhausted; using q8 kernels (request=64.00 MiB cached=0.00 GiB free=1.10 GiB reserve=1.59 GiB total=31.86 GiB)
ds4: ROCm q8 fp16 cache budget exhausted; using q8 kernels (request=64.00 MiB cached=0.00 GiB free=1.10 GiB reserve=1.59 GiB total=31.86 GiB)
ds4: ROCm q8 fp16 cache budget exhausted; using q8 kernels (request=64.00 MiB cached=0.00 GiB free=1.10 GiB reserve=1.59 GiB total=31.86 GiB)
ds4: ROCm q8 fp16 cache budget exhausted; using q8 kernels (request=64.00 MiB cached=0.00 GiB free=1.10 GiB reserve=1.59 GiB total=31.86 GiB)
ds4: ROCm q8 fp16 cache budget exhausted; using q8 kernels (request=64.00 MiB cached=0.00 GiB free=1.10 GiB reserve=1.59 GiB total=31.86 GiB)
ds4: ROCm q8 fp16 cache budget exhausted; using q8 kernels (request=64.00 MiB cached=0.00 GiB free=1.10 GiB reserve=1.59 GiB total=31.86 GiB)
ds4: ROCm q8 fp16 cache budget exhausted; using q8 kernels (request=64.00 MiB cached=0.00 GiB free=1.10 GiB reserve=1.59 GiB total=31.86 GiB)
ds4: ROCm q8 fp16 cache budget exhausted; using q8 kernels (request=64.00 MiB cached=0.00 GiB free=1.10 GiB reserve=1.59 GiB total=31.86 GiB)
ds4: ROCm q8 fp16 cache budget exhausted; using q8 kernels (request=64.00 MiB cached=0.00 GiB free=1.10 GiB reserve=1.59 GiB total=31.86 GiB)
ds4: ROCm q8 fp16 cache budget exhausted; using q8 kernels (request=64.00 MiB cached=0.00 GiB free=1.10 GiB reserve=1.59 GiB total=31.86 GiB)
case_099 cases=100 prompt=22 target=15 avg_nll=15.796265 lcp=1 api_target_mae=15.796265 api_top_coverage=60/75 api_top1=0.067 api_topn=0.150 api_pair=0.424
summary cases=100 tokens=2289 avg_nll=16.431388620 first_match=65 avg_lcp=0.650
api_summary ref_tokens=2289 target_tokens=2289 target_mae=16.431388620 target_mean_delta=-16.431388620 top_items=11445 top_mapped=9484 top_coverage=0.828658803 top1_match=66/2289 top1_rate=0.028833552 topn_hit=627/9484 topn_recall=0.066111345 top_logprob_count=9484 top_mae=7574.854942855 top_mean_delta=7566.923384746 pair_agree=3292/6075 pair_rate=0.541893004
exit=0
end=2026-08-01T17:32:54Z
