ds4: Linux rocm backend set oom_score_adj=1000
ds4: per_tier_overhead = 2.00 GiB (cuda_tensor_parallel=1)
ds4: GPU0 original vram_bytes = 29.79 GiB
ds4: GPU0 post-overhead vram_bytes = 27.79 GiB
ds4: GPU1 original vram_bytes = 29.79 GiB
ds4: GPU1 post-overhead vram_bytes = 27.79 GiB
ds4: GPU2 original vram_bytes = 29.79 GiB
ds4: GPU2 post-overhead vram_bytes = 27.79 GiB
ds4: GPU3 original vram_bytes = 29.79 GiB
ds4: GPU3 post-overhead vram_bytes = 27.79 GiB
ds4: ROCm backend initialized on AMD Radeon AI Pro R9700 dev=0 (tier 0)
ds4: ROCm backend initialized on AMD Radeon AI Pro R9700 dev=1 (tier 1)
ds4: ROCm backend initialized on AMD Radeon AI Pro R9700 dev=2 (tier 2)
ds4: ROCm backend initialized on AMD Radeon AI Pro R9700 dev=3 (tier 3)
ds4: ROCm peer access tier 0<->1: direct
ds4: ROCm peer access tier 0<->2: direct
ds4: ROCm peer access tier 0<->3: direct
ds4: ROCm backend initialized on AMD Radeon AI Pro R9700 (sm_120)
multi-GPU layout:
  GPU0: layers 0-42 + embedding + output head  (26.2 / 27.8 GB)
  GPU1: (no transformer layers)  (0.0 / 27.8 GB)
  GPU2: (no transformer layers)  (0.0 / 27.8 GB)
  GPU3: (no transformer layers)  (0.0 / 27.8 GB)
ds4: per-tier graph scratch reserved: 2.00 GiB (pre-subtracted from each GPU budget)
ds4: peer access matrix (validated): 0->1 DIRECT 0->2 DIRECT 0->3 DIRECT 1->0 DIRECT 1->2 DIRECT 1->3 DIRECT 2->0 DIRECT 2->1 DIRECT 2->3 DIRECT 3->0 DIRECT 3->1 DIRECT 3->2 DIRECT
ds4: ROCm TP=4 placement: all 4 tiers hold every layer, sharded tensors split 4-way per rank
ds4: CUDA tier 0 (device 0) selective weights: 25.94 GiB in 1328 ranges
ds4: CUDA tier 1 (device 1) selective weights: 25.94 GiB in 1328 ranges
ds4: CUDA tier 2 (device 2) selective weights: 25.94 GiB in 1328 ranges
ds4: CUDA tier 3 (device 3) selective weights: 25.94 GiB in 1328 ranges
ds4: ROCm TP=4 enabled: all 4 tiers active (single-stage all-replicated)
ds4: ROCm loading model tensors into device cache
ds4: ROCm q8 fp16 cache budget exhausted; using q8 kernels (request=16.00 MiB cached=0.19 GiB free=1.22 GiB reserve=1.59 GiB total=31.86 GiB)
ds4: ROCm q8 fp16 cache budget exhausted; using q8 kernels (request=64.00 MiB cached=0.00 GiB free=1.22 GiB reserve=1.59 GiB total=31.86 GiB)
ds4: ROCm model arena alloc failed for moe_up (1024.00 MiB chunk): out of memory
ds4: ROCm q8 fp16 cache budget exhausted; using q8 kernels (request=64.00 MiB cached=0.00 GiB free=0.41 GiB reserve=1.59 GiB total=31.86 GiB)
ds4: ROCm q8 fp16 cache budget exhausted; using q8 kernels (request=64.00 MiB cached=0.00 GiB free=0.35 GiB reserve=1.59 GiB total=31.86 GiB)
ds4: ROCm q8 fp16 cache budget exhausted; using q8 kernels (request=64.00 MiB cached=0.00 GiB free=0.35 GiB reserve=1.59 GiB total=31.86 GiB)
ds4: ROCm q8 fp16 cache budget exhausted; using q8 kernels (request=64.00 MiB cached=0.00 GiB free=0.35 GiB reserve=1.59 GiB total=31.86 GiB)
ds4: ROCm q8 fp16 cache budget exhausted; using q8 kernels (request=64.00 MiB cached=0.00 GiB free=0.35 GiB reserve=1.59 GiB total=31.86 GiB)
ds4: ROCm q8 fp16 cache budget exhausted; using q8 kernels (request=64.00 MiB cached=0.00 GiB free=0.35 GiB reserve=1.59 GiB total=31.86 GiB)
ds4: ROCm q8 fp16 cache budget exhausted; using q8 kernels (request=64.00 MiB cached=0.00 GiB free=0.35 GiB reserve=1.59 GiB total=31.86 GiB)
ds4: ROCm q8 fp16 cache budget exhausted; using q8 kernels (request=64.00 MiB cached=0.00 GiB free=0.35 GiB reserve=1.59 GiB total=31.86 GiB)
ds4: ROCm q8 fp16 cache budget exhausted; using q8 kernels (request=64.00 MiB cached=0.00 GiB free=0.35 GiB reserve=1.59 GiB total=31.86 GiB)
ds4: ROCm q8 fp16 cache budget exhausted; using q8 kernels (request=64.00 MiB cached=0.00 GiB free=0.35 GiB reserve=1.59 GiB total=31.86 GiB)
ds4: ROCm q8 fp16 cache budget exhausted; using q8 kernels (request=64.00 MiB cached=0.00 GiB free=0.35 GiB reserve=1.59 GiB total=31.86 GiB)
ds4: ROCm q8 fp16 cache budget exhausted; using q8 kernels (request=64.00 MiB cached=0.00 GiB free=0.35 GiB reserve=1.59 GiB total=31.86 GiB)
ds4: ROCm q8 fp16 cache budget exhausted; using q8 kernels (request=64.00 MiB cached=0.00 GiB free=0.35 GiB reserve=1.59 GiB total=31.86 GiB)
ds4: ROCm q8 fp16 cache budget exhausted; using q8 kernels (request=64.00 MiB cached=0.00 GiB free=0.35 GiB reserve=1.59 GiB total=31.86 GiB)
ds4: ROCm q8 fp16 cache budget exhausted; using q8 kernels (request=64.00 MiB cached=0.00 GiB free=0.35 GiB reserve=1.59 GiB total=31.86 GiB)
ds4: ROCm q8 fp16 cache budget exhausted; using q8 kernels (request=64.00 MiB cached=0.00 GiB free=0.35 GiB reserve=1.59 GiB total=31.86 GiB)
ds4: ROCm q8 fp16 cache budget exhausted; using q8 kernels (request=64.00 MiB cached=0.00 GiB free=0.35 GiB reserve=1.59 GiB total=31.86 GiB)
ds4: ROCm q8 fp16 cache budget exhausted; using q8 kernels (request=64.00 MiB cached=0.00 GiB free=0.35 GiB reserve=1.59 GiB total=31.86 GiB)
ds4: ROCm q8 fp16 cache budget exhausted; using q8 kernels (request=64.00 MiB cached=0.00 GiB free=0.35 GiB reserve=1.59 GiB total=31.86 GiB)
ds4: ROCm q8 fp16 cache budget exhausted; using q8 kernels (request=64.00 MiB cached=0.00 GiB free=0.35 GiB reserve=1.59 GiB total=31.86 GiB)
ds4: ROCm q8 fp16 cache budget exhausted; using q8 kernels (request=64.00 MiB cached=0.00 GiB free=0.35 GiB reserve=1.59 GiB total=31.86 GiB)
ds4: ROCm q8 fp16 cache budget exhausted; using q8 kernels (request=64.00 MiB cached=0.00 GiB free=0.35 GiB reserve=1.59 GiB total=31.86 GiB)
ds4: ROCm q8 fp16 cache budget exhausted; using q8 kernels (request=64.00 MiB cached=0.00 GiB free=0.35 GiB reserve=1.59 GiB total=31.86 GiB)
ds4: ROCm q8 fp16 cache budget exhausted; using q8 kernels (request=64.00 MiB cached=0.00 GiB free=0.35 GiB reserve=1.59 GiB total=31.86 GiB)
ds4: ROCm q8 fp16 cache budget exhausted; using q8 kernels (request=64.00 MiB cached=0.00 GiB free=0.35 GiB reserve=1.59 GiB total=31.86 GiB)
ds4: ROCm q8 fp16 cache budget exhausted; using q8 kernels (request=64.00 MiB cached=0.00 GiB free=0.35 GiB reserve=1.59 GiB total=31.86 GiB)
ds4: ROCm q8 fp16 cache budget exhausted; using q8 kernels (request=64.00 MiB cached=0.00 GiB free=0.35 GiB reserve=1.59 GiB total=31.86 GiB)
ds4: ROCm q8 fp16 cache budget exhausted; using q8 kernels (request=64.00 MiB cached=0.00 GiB free=0.35 GiB reserve=1.59 GiB total=31.86 GiB)
ds4: ROCm q8 fp16 cache budget exhausted; using q8 kernels (request=64.00 MiB cached=0.00 GiB free=0.35 GiB reserve=1.59 GiB total=31.86 GiB)
ds4: ROCm q8 fp16 cache budget exhausted; using q8 kernels (request=64.00 MiB cached=0.00 GiB free=0.35 GiB reserve=1.59 GiB total=31.86 GiB)
ds4: ROCm q8 fp16 cache budget exhausted; using q8 kernels (request=64.00 MiB cached=0.00 GiB free=0.35 GiB reserve=1.59 GiB total=31.86 GiB)
ds4: ROCm q8 fp16 cache budget exhausted; using q8 kernels (request=64.00 MiB cached=0.00 GiB free=0.35 GiB reserve=1.59 GiB total=31.86 GiB)
ds4: ROCm q8 fp16 cache budget exhausted; using q8 kernels (request=64.00 MiB cached=0.00 GiB free=0.35 GiB reserve=1.59 GiB total=31.86 GiB)
ds4: ROCm q8 fp16 cache budget exhausted; using q8 kernels (request=64.00 MiB cached=0.00 GiB free=0.35 GiB reserve=1.59 GiB total=31.86 GiB)
ds4: ROCm q8 fp16 cache budget exhausted; using q8 kernels (request=64.00 MiB cached=0.00 GiB free=0.35 GiB reserve=1.59 GiB total=31.86 GiB)
ds4: ROCm q8 fp16 cache budget exhausted; using q8 kernels (request=64.00 MiB cached=0.00 GiB free=0.35 GiB reserve=1.59 GiB total=31.86 GiB)
ds4: ROCm q8 fp16 cache budget exhausted; using q8 kernels (request=64.00 MiB cached=0.00 GiB free=0.35 GiB reserve=1.59 GiB total=31.86 GiB)
ds4: ROCm q8 fp16 cache budget exhausted; using q8 kernels (request=64.00 MiB cached=0.00 GiB free=0.35 GiB reserve=1.59 GiB total=31.86 GiB)
ds4: ROCm q8 fp16 cache budget exhausted; using q8 kernels (request=64.00 MiB cached=0.00 GiB free=0.35 GiB reserve=1.59 GiB total=31.86 GiB)
ds4: ROCm q8 fp16 cache budget exhausted; using q8 kernels (request=64.00 MiB cached=0.00 GiB free=0.35 GiB reserve=1.59 GiB total=31.86 GiB)
ds4: ROCm q8 fp16 cache budget exhausted; using q8 kernels (request=64.00 MiB cached=0.00 GiB free=0.35 GiB reserve=1.59 GiB total=31.86 GiB)
case_000 cases=1 prompt=17 target=24 avg_nll=1.016778 lcp=0 api_target_mae=1.016778 api_top_coverage=100/120 api_top1=0.750 api_topn=0.320 api_pair=0.921
ds4: ROCm q8 fp16 cache budget exhausted; using q8 kernels (request=64.00 MiB cached=0.00 GiB free=0.34 GiB reserve=1.59 GiB total=31.86 GiB)
ds4: ROCm q8 fp16 cache budget exhausted; using q8 kernels (request=64.00 MiB cached=0.00 GiB free=0.34 GiB reserve=1.59 GiB total=31.86 GiB)
ds4: ROCm q8 fp16 cache budget exhausted; using q8 kernels (request=64.00 MiB cached=0.00 GiB free=0.34 GiB reserve=1.59 GiB total=31.86 GiB)
ds4: ROCm q8 fp16 cache budget exhausted; using q8 kernels (request=64.00 MiB cached=0.00 GiB free=0.34 GiB reserve=1.59 GiB total=31.86 GiB)
ds4: ROCm q8 fp16 cache budget exhausted; using q8 kernels (request=64.00 MiB cached=0.00 GiB free=0.34 GiB reserve=1.59 GiB total=31.86 GiB)
ds4: ROCm q8 fp16 cache budget exhausted; using q8 kernels (request=64.00 MiB cached=0.00 GiB free=0.34 GiB reserve=1.59 GiB total=31.86 GiB)
ds4: ROCm q8 fp16 cache budget exhausted; using q8 kernels (request=64.00 MiB cached=0.00 GiB free=0.34 GiB reserve=1.59 GiB total=31.86 GiB)
ds4: ROCm q8 fp16 cache budget exhausted; using q8 kernels (request=64.00 MiB cached=0.00 GiB free=0.34 GiB reserve=1.59 GiB total=31.86 GiB)
ds4: ROCm q8 fp16 cache budget exhausted; using q8 kernels (request=64.00 MiB cached=0.00 GiB free=0.34 GiB reserve=1.59 GiB total=31.86 GiB)
ds4: ROCm q8 fp16 cache budget exhausted; using q8 kernels (request=64.00 MiB cached=0.00 GiB free=0.34 GiB reserve=1.59 GiB total=31.86 GiB)
ds4: ROCm q8 fp16 cache budget exhausted; using q8 kernels (request=64.00 MiB cached=0.00 GiB free=0.34 GiB reserve=1.59 GiB total=31.86 GiB)
ds4: ROCm q8 fp16 cache budget exhausted; using q8 kernels (request=64.00 MiB cached=0.00 GiB free=0.34 GiB reserve=1.59 GiB total=31.86 GiB)
ds4: ROCm q8 fp16 cache budget exhausted; using q8 kernels (request=64.00 MiB cached=0.00 GiB free=0.34 GiB reserve=1.59 GiB total=31.86 GiB)
ds4: ROCm q8 fp16 cache budget exhausted; using q8 kernels (request=64.00 MiB cached=0.00 GiB free=0.34 GiB reserve=1.59 GiB total=31.86 GiB)
ds4: ROCm q8 fp16 cache budget exhausted; using q8 kernels (request=64.00 MiB cached=0.00 GiB free=0.34 GiB reserve=1.59 GiB total=31.86 GiB)
ds4: ROCm q8 fp16 cache budget exhausted; using q8 kernels (request=64.00 MiB cached=0.00 GiB free=0.34 GiB reserve=1.59 GiB total=31.86 GiB)
ds4: ROCm q8 fp16 cache budget exhausted; using q8 kernels (request=64.00 MiB cached=0.00 GiB free=0.34 GiB reserve=1.59 GiB total=31.86 GiB)
ds4: ROCm q8 fp16 cache budget exhausted; using q8 kernels (request=64.00 MiB cached=0.00 GiB free=0.34 GiB reserve=1.59 GiB total=31.86 GiB)
ds4: ROCm q8 fp16 cache budget exhausted; using q8 kernels (request=64.00 MiB cached=0.00 GiB free=0.34 GiB reserve=1.59 GiB total=31.86 GiB)
ds4: ROCm q8 fp16 cache budget exhausted; using q8 kernels (request=64.00 MiB cached=0.00 GiB free=0.34 GiB reserve=1.59 GiB total=31.86 GiB)
ds4: ROCm q8 fp16 cache budget exhausted; using q8 kernels (request=64.00 MiB cached=0.00 GiB free=0.34 GiB reserve=1.59 GiB total=31.86 GiB)
ds4: ROCm q8 fp16 cache budget exhausted; using q8 kernels (request=64.00 MiB cached=0.00 GiB free=0.34 GiB reserve=1.59 GiB total=31.86 GiB)
ds4: ROCm q8 fp16 cache budget exhausted; using q8 kernels (request=64.00 MiB cached=0.00 GiB free=0.34 GiB reserve=1.59 GiB total=31.86 GiB)
ds4: ROCm q8 fp16 cache budget exhausted; using q8 kernels (request=64.00 MiB cached=0.00 GiB free=0.34 GiB reserve=1.59 GiB total=31.86 GiB)
ds4: ROCm q8 fp16 cache budget exhausted; using q8 kernels (request=64.00 MiB cached=0.00 GiB free=0.34 GiB reserve=1.59 GiB total=31.86 GiB)
ds4: ROCm q8 fp16 cache budget exhausted; using q8 kernels (request=64.00 MiB cached=0.00 GiB free=0.34 GiB reserve=1.59 GiB total=31.86 GiB)
ds4: ROCm q8 fp16 cache budget exhausted; using q8 kernels (request=64.00 MiB cached=0.00 GiB free=0.34 GiB reserve=1.59 GiB total=31.86 GiB)
ds4: ROCm q8 fp16 cache budget exhausted; using q8 kernels (request=64.00 MiB cached=0.00 GiB free=0.34 GiB reserve=1.59 GiB total=31.86 GiB)
ds4: ROCm q8 fp16 cache budget exhausted; using q8 kernels (request=64.00 MiB cached=0.00 GiB free=0.34 GiB reserve=1.59 GiB total=31.86 GiB)
ds4: ROCm q8 fp16 cache budget exhausted; using q8 kernels (request=64.00 MiB cached=0.00 GiB free=0.34 GiB reserve=1.59 GiB total=31.86 GiB)
ds4: ROCm q8 fp16 cache budget exhausted; using q8 kernels (request=64.00 MiB cached=0.00 GiB free=0.34 GiB reserve=1.59 GiB total=31.86 GiB)
ds4: ROCm q8 fp16 cache budget exhausted; using q8 kernels (request=64.00 MiB cached=0.00 GiB free=0.34 GiB reserve=1.59 GiB total=31.86 GiB)
ds4: ROCm q8 fp16 cache budget exhausted; using q8 kernels (request=64.00 MiB cached=0.00 GiB free=0.34 GiB reserve=1.59 GiB total=31.86 GiB)
ds4: ROCm q8 fp16 cache budget exhausted; using q8 kernels (request=64.00 MiB cached=0.00 GiB free=0.34 GiB reserve=1.59 GiB total=31.86 GiB)
ds4: ROCm q8 fp16 cache budget exhausted; using q8 kernels (request=64.00 MiB cached=0.00 GiB free=0.34 GiB reserve=1.59 GiB total=31.86 GiB)
ds4: ROCm q8 fp16 cache budget exhausted; using q8 kernels (request=64.00 MiB cached=0.00 GiB free=0.34 GiB reserve=1.59 GiB total=31.86 GiB)
ds4: ROCm q8 fp16 cache budget exhausted; using q8 kernels (request=64.00 MiB cached=0.00 GiB free=0.34 GiB reserve=1.59 GiB total=31.86 GiB)
ds4: ROCm q8 fp16 cache budget exhausted; using q8 kernels (request=64.00 MiB cached=0.00 GiB free=0.34 GiB reserve=1.59 GiB total=31.86 GiB)
ds4: ROCm q8 fp16 cache budget exhausted; using q8 kernels (request=64.00 MiB cached=0.00 GiB free=0.34 GiB reserve=1.59 GiB total=31.86 GiB)
ds4: ROCm q8 fp16 cache budget exhausted; using q8 kernels (request=64.00 MiB cached=0.00 GiB free=0.34 GiB reserve=1.59 GiB total=31.86 GiB)
ds4: ROCm q8 fp16 cache budget exhausted; using q8 kernels (request=64.00 MiB cached=0.00 GiB free=0.34 GiB reserve=1.59 GiB total=31.86 GiB)
ds4: ROCm q8 fp16 cache budget exhausted; using q8 kernels (request=64.00 MiB cached=0.00 GiB free=0.34 GiB reserve=1.59 GiB total=31.86 GiB)
ds4: ROCm q8 fp16 cache budget exhausted; using q8 kernels (request=64.00 MiB cached=0.00 GiB free=0.34 GiB reserve=1.59 GiB total=31.86 GiB)
case_001 cases=2 prompt=18 target=24 avg_nll=0.820173 lcp=14 api_target_mae=0.820173 api_top_coverage=100/120 api_top1=0.833 api_topn=0.250 api_pair=1.000
ds4: ROCm q8 fp16 cache budget exhausted; using q8 kernels (request=64.00 MiB cached=0.00 GiB free=0.34 GiB reserve=1.59 GiB total=31.86 GiB)
ds4: ROCm q8 fp16 cache budget exhausted; using q8 kernels (request=64.00 MiB cached=0.00 GiB free=0.34 GiB reserve=1.59 GiB total=31.86 GiB)
ds4: ROCm q8 fp16 cache budget exhausted; using q8 kernels (request=64.00 MiB cached=0.00 GiB free=0.34 GiB reserve=1.59 GiB total=31.86 GiB)
ds4: ROCm q8 fp16 cache budget exhausted; using q8 kernels (request=64.00 MiB cached=0.00 GiB free=0.34 GiB reserve=1.59 GiB total=31.86 GiB)
ds4: ROCm q8 fp16 cache budget exhausted; using q8 kernels (request=64.00 MiB cached=0.00 GiB free=0.34 GiB reserve=1.59 GiB total=31.86 GiB)
ds4: ROCm q8 fp16 cache budget exhausted; using q8 kernels (request=64.00 MiB cached=0.00 GiB free=0.34 GiB reserve=1.59 GiB total=31.86 GiB)
ds4: ROCm q8 fp16 cache budget exhausted; using q8 kernels (request=64.00 MiB cached=0.00 GiB free=0.34 GiB reserve=1.59 GiB total=31.86 GiB)
ds4: ROCm q8 fp16 cache budget exhausted; using q8 kernels (request=64.00 MiB cached=0.00 GiB free=0.34 GiB reserve=1.59 GiB total=31.86 GiB)
ds4: ROCm q8 fp16 cache budget exhausted; using q8 kernels (request=64.00 MiB cached=0.00 GiB free=0.34 GiB reserve=1.59 GiB total=31.86 GiB)
ds4: ROCm q8 fp16 cache budget exhausted; using q8 kernels (request=64.00 MiB cached=0.00 GiB free=0.34 GiB reserve=1.59 GiB total=31.86 GiB)
ds4: ROCm q8 fp16 cache budget exhausted; using q8 kernels (request=64.00 MiB cached=0.00 GiB free=0.34 GiB reserve=1.59 GiB total=31.86 GiB)
ds4: ROCm q8 fp16 cache budget exhausted; using q8 kernels (request=64.00 MiB cached=0.00 GiB free=0.34 GiB reserve=1.59 GiB total=31.86 GiB)
ds4: ROCm q8 fp16 cache budget exhausted; using q8 kernels (request=64.00 MiB cached=0.00 GiB free=0.34 GiB reserve=1.59 GiB total=31.86 GiB)
ds4: ROCm q8 fp16 cache budget exhausted; using q8 kernels (request=64.00 MiB cached=0.00 GiB free=0.34 GiB reserve=1.59 GiB total=31.86 GiB)
ds4: ROCm q8 fp16 cache budget exhausted; using q8 kernels (request=64.00 MiB cached=0.00 GiB free=0.34 GiB reserve=1.59 GiB total=31.86 GiB)
ds4: ROCm q8 fp16 cache budget exhausted; using q8 kernels (request=64.00 MiB cached=0.00 GiB free=0.34 GiB reserve=1.59 GiB total=31.86 GiB)
ds4: ROCm q8 fp16 cache budget exhausted; using q8 kernels (request=64.00 MiB cached=0.00 GiB free=0.34 GiB reserve=1.59 GiB total=31.86 GiB)
ds4: ROCm q8 fp16 cache budget exhausted; using q8 kernels (request=64.00 MiB cached=0.00 GiB free=0.34 GiB reserve=1.59 GiB total=31.86 GiB)
ds4: ROCm q8 fp16 cache budget exhausted; using q8 kernels (request=64.00 MiB cached=0.00 GiB free=0.34 GiB reserve=1.59 GiB total=31.86 GiB)
ds4: ROCm q8 fp16 cache budget exhausted; using q8 kernels (request=64.00 MiB cached=0.00 GiB free=0.34 GiB reserve=1.59 GiB total=31.86 GiB)
ds4: ROCm q8 fp16 cache budget exhausted; using q8 kernels (request=64.00 MiB cached=0.00 GiB free=0.34 GiB reserve=1.59 GiB total=31.86 GiB)
ds4: ROCm q8 fp16 cache budget exhausted; using q8 kernels (request=64.00 MiB cached=0.00 GiB free=0.34 GiB reserve=1.59 GiB total=31.86 GiB)
ds4: ROCm q8 fp16 cache budget exhausted; using q8 kernels (request=64.00 MiB cached=0.00 GiB free=0.34 GiB reserve=1.59 GiB total=31.86 GiB)
ds4: ROCm q8 fp16 cache budget exhausted; using q8 kernels (request=64.00 MiB cached=0.00 GiB free=0.34 GiB reserve=1.59 GiB total=31.86 GiB)
ds4: ROCm q8 fp16 cache budget exhausted; using q8 kernels (request=64.00 MiB cached=0.00 GiB free=0.34 GiB reserve=1.59 GiB total=31.86 GiB)
ds4: ROCm q8 fp16 cache budget exhausted; using q8 kernels (request=64.00 MiB cached=0.00 GiB free=0.34 GiB reserve=1.59 GiB total=31.86 GiB)
ds4: ROCm q8 fp16 cache budget exhausted; using q8 kernels (request=64.00 MiB cached=0.00 GiB free=0.34 GiB reserve=1.59 GiB total=31.86 GiB)
ds4: ROCm q8 fp16 cache budget exhausted; using q8 kernels (request=64.00 MiB cached=0.00 GiB free=0.34 GiB reserve=1.59 GiB total=31.86 GiB)
ds4: ROCm q8 fp16 cache budget exhausted; using q8 kernels (request=64.00 MiB cached=0.00 GiB free=0.34 GiB reserve=1.59 GiB total=31.86 GiB)
ds4: ROCm q8 fp16 cache budget exhausted; using q8 kernels (request=64.00 MiB cached=0.00 GiB free=0.34 GiB reserve=1.59 GiB total=31.86 GiB)
ds4: ROCm q8 fp16 cache budget exhausted; using q8 kernels (request=64.00 MiB cached=0.00 GiB free=0.34 GiB reserve=1.59 GiB total=31.86 GiB)
ds4: ROCm q8 fp16 cache budget exhausted; using q8 kernels (request=64.00 MiB cached=0.00 GiB free=0.34 GiB reserve=1.59 GiB total=31.86 GiB)
ds4: ROCm q8 fp16 cache budget exhausted; using q8 kernels (request=64.00 MiB cached=0.00 GiB free=0.34 GiB reserve=1.59 GiB total=31.86 GiB)
ds4: ROCm q8 fp16 cache budget exhausted; using q8 kernels (request=64.00 MiB cached=0.00 GiB free=0.34 GiB reserve=1.59 GiB total=31.86 GiB)
ds4: ROCm q8 fp16 cache budget exhausted; using q8 kernels (request=64.00 MiB cached=0.00 GiB free=0.34 GiB reserve=1.59 GiB total=31.86 GiB)
ds4: ROCm q8 fp16 cache budget exhausted; using q8 kernels (request=64.00 MiB cached=0.00 GiB free=0.34 GiB reserve=1.59 GiB total=31.86 GiB)
ds4: ROCm q8 fp16 cache budget exhausted; using q8 kernels (request=64.00 MiB cached=0.00 GiB free=0.34 GiB reserve=1.59 GiB total=31.86 GiB)
ds4: ROCm q8 fp16 cache budget exhausted; using q8 kernels (request=64.00 MiB cached=0.00 GiB free=0.34 GiB reserve=1.59 GiB total=31.86 GiB)
ds4: ROCm q8 fp16 cache budget exhausted; using q8 kernels (request=64.00 MiB cached=0.00 GiB free=0.34 GiB reserve=1.59 GiB total=31.86 GiB)
ds4: ROCm q8 fp16 cache budget exhausted; using q8 kernels (request=64.00 MiB cached=0.00 GiB free=0.34 GiB reserve=1.59 GiB total=31.86 GiB)
ds4: ROCm q8 fp16 cache budget exhausted; using q8 kernels (request=64.00 MiB cached=0.00 GiB free=0.34 GiB reserve=1.59 GiB total=31.86 GiB)
ds4: ROCm q8 fp16 cache budget exhausted; using q8 kernels (request=64.00 MiB cached=0.00 GiB free=0.34 GiB reserve=1.59 GiB total=31.86 GiB)
ds4: ROCm q8 fp16 cache budget exhausted; using q8 kernels (request=64.00 MiB cached=0.00 GiB free=0.34 GiB reserve=1.59 GiB total=31.86 GiB)
case_002 cases=3 prompt=19 target=24 avg_nll=0.465737 lcp=0 api_target_mae=0.465737 api_top_coverage=96/120 api_top1=0.875 api_topn=0.260 api_pair=1.000
ds4: ROCm q8 fp16 cache budget exhausted; using q8 kernels (request=64.00 MiB cached=0.00 GiB free=0.34 GiB reserve=1.59 GiB total=31.86 GiB)
ds4: ROCm q8 fp16 cache budget exhausted; using q8 kernels (request=64.00 MiB cached=0.00 GiB free=0.34 GiB reserve=1.59 GiB total=31.86 GiB)
ds4: ROCm q8 fp16 cache budget exhausted; using q8 kernels (request=64.00 MiB cached=0.00 GiB free=0.34 GiB reserve=1.59 GiB total=31.86 GiB)
ds4: ROCm q8 fp16 cache budget exhausted; using q8 kernels (request=64.00 MiB cached=0.00 GiB free=0.34 GiB reserve=1.59 GiB total=31.86 GiB)
ds4: ROCm q8 fp16 cache budget exhausted; using q8 kernels (request=64.00 MiB cached=0.00 GiB free=0.34 GiB reserve=1.59 GiB total=31.86 GiB)
ds4: ROCm q8 fp16 cache budget exhausted; using q8 kernels (request=64.00 MiB cached=0.00 GiB free=0.34 GiB reserve=1.59 GiB total=31.86 GiB)
ds4: ROCm q8 fp16 cache budget exhausted; using q8 kernels (request=64.00 MiB cached=0.00 GiB free=0.34 GiB reserve=1.59 GiB total=31.86 GiB)
ds4: ROCm q8 fp16 cache budget exhausted; using q8 kernels (request=64.00 MiB cached=0.00 GiB free=0.34 GiB reserve=1.59 GiB total=31.86 GiB)
ds4: ROCm q8 fp16 cache budget exhausted; using q8 kernels (request=64.00 MiB cached=0.00 GiB free=0.34 GiB reserve=1.59 GiB total=31.86 GiB)
ds4: ROCm q8 fp16 cache budget exhausted; using q8 kernels (request=64.00 MiB cached=0.00 GiB free=0.34 GiB reserve=1.59 GiB total=31.86 GiB)
ds4: ROCm q8 fp16 cache budget exhausted; using q8 kernels (request=64.00 MiB cached=0.00 GiB free=0.34 GiB reserve=1.59 GiB total=31.86 GiB)
ds4: ROCm q8 fp16 cache budget exhausted; using q8 kernels (request=64.00 MiB cached=0.00 GiB free=0.34 GiB reserve=1.59 GiB total=31.86 GiB)
ds4: ROCm q8 fp16 cache budget exhausted; using q8 kernels (request=64.00 MiB cached=0.00 GiB free=0.34 GiB reserve=1.59 GiB total=31.86 GiB)
ds4: ROCm q8 fp16 cache budget exhausted; using q8 kernels (request=64.00 MiB cached=0.00 GiB free=0.34 GiB reserve=1.59 GiB total=31.86 GiB)
ds4: ROCm q8 fp16 cache budget exhausted; using q8 kernels (request=64.00 MiB cached=0.00 GiB free=0.34 GiB reserve=1.59 GiB total=31.86 GiB)
ds4: ROCm q8 fp16 cache budget exhausted; using q8 kernels (request=64.00 MiB cached=0.00 GiB free=0.34 GiB reserve=1.59 GiB total=31.86 GiB)
ds4: ROCm q8 fp16 cache budget exhausted; using q8 kernels (request=64.00 MiB cached=0.00 GiB free=0.34 GiB reserve=1.59 GiB total=31.86 GiB)
ds4: ROCm q8 fp16 cache budget exhausted; using q8 kernels (request=64.00 MiB cached=0.00 GiB free=0.34 GiB reserve=1.59 GiB total=31.86 GiB)
ds4: ROCm q8 fp16 cache budget exhausted; using q8 kernels (request=64.00 MiB cached=0.00 GiB free=0.34 GiB reserve=1.59 GiB total=31.86 GiB)
ds4: ROCm q8 fp16 cache budget exhausted; using q8 kernels (request=64.00 MiB cached=0.00 GiB free=0.34 GiB reserve=1.59 GiB total=31.86 GiB)
ds4: ROCm q8 fp16 cache budget exhausted; using q8 kernels (request=64.00 MiB cached=0.00 GiB free=0.34 GiB reserve=1.59 GiB total=31.86 GiB)
ds4: ROCm q8 fp16 cache budget exhausted; using q8 kernels (request=64.00 MiB cached=0.00 GiB free=0.34 GiB reserve=1.59 GiB total=31.86 GiB)
ds4: ROCm q8 fp16 cache budget exhausted; using q8 kernels (request=64.00 MiB cached=0.00 GiB free=0.34 GiB reserve=1.59 GiB total=31.86 GiB)
ds4: ROCm q8 fp16 cache budget exhausted; using q8 kernels (request=64.00 MiB cached=0.00 GiB free=0.34 GiB reserve=1.59 GiB total=31.86 GiB)
ds4: ROCm q8 fp16 cache budget exhausted; using q8 kernels (request=64.00 MiB cached=0.00 GiB free=0.34 GiB reserve=1.59 GiB total=31.86 GiB)
ds4: ROCm q8 fp16 cache budget exhausted; using q8 kernels (request=64.00 MiB cached=0.00 GiB free=0.34 GiB reserve=1.59 GiB total=31.86 GiB)
ds4: ROCm q8 fp16 cache budget exhausted; using q8 kernels (request=64.00 MiB cached=0.00 GiB free=0.34 GiB reserve=1.59 GiB total=31.86 GiB)
ds4: ROCm q8 fp16 cache budget exhausted; using q8 kernels (request=64.00 MiB cached=0.00 GiB free=0.34 GiB reserve=1.59 GiB total=31.86 GiB)
ds4: ROCm q8 fp16 cache budget exhausted; using q8 kernels (request=64.00 MiB cached=0.00 GiB free=0.34 GiB reserve=1.59 GiB total=31.86 GiB)
ds4: ROCm q8 fp16 cache budget exhausted; using q8 kernels (request=64.00 MiB cached=0.00 GiB free=0.34 GiB reserve=1.59 GiB total=31.86 GiB)
ds4: ROCm q8 fp16 cache budget exhausted; using q8 kernels (request=64.00 MiB cached=0.00 GiB free=0.34 GiB reserve=1.59 GiB total=31.86 GiB)
ds4: ROCm q8 fp16 cache budget exhausted; using q8 kernels (request=64.00 MiB cached=0.00 GiB free=0.34 GiB reserve=1.59 GiB total=31.86 GiB)
ds4: ROCm q8 fp16 cache budget exhausted; using q8 kernels (request=64.00 MiB cached=0.00 GiB free=0.34 GiB reserve=1.59 GiB total=31.86 GiB)
ds4: ROCm q8 fp16 cache budget exhausted; using q8 kernels (request=64.00 MiB cached=0.00 GiB free=0.34 GiB reserve=1.59 GiB total=31.86 GiB)
ds4: ROCm q8 fp16 cache budget exhausted; using q8 kernels (request=64.00 MiB cached=0.00 GiB free=0.34 GiB reserve=1.59 GiB total=31.86 GiB)
ds4: ROCm q8 fp16 cache budget exhausted; using q8 kernels (request=64.00 MiB cached=0.00 GiB free=0.34 GiB reserve=1.59 GiB total=31.86 GiB)
ds4: ROCm q8 fp16 cache budget exhausted; using q8 kernels (request=64.00 MiB cached=0.00 GiB free=0.34 GiB reserve=1.59 GiB total=31.86 GiB)
ds4: ROCm q8 fp16 cache budget exhausted; using q8 kernels (request=64.00 MiB cached=0.00 GiB free=0.34 GiB reserve=1.59 GiB total=31.86 GiB)
ds4: ROCm q8 fp16 cache budget exhausted; using q8 kernels (request=64.00 MiB cached=0.00 GiB free=0.34 GiB reserve=1.59 GiB total=31.86 GiB)
ds4: ROCm q8 fp16 cache budget exhausted; using q8 kernels (request=64.00 MiB cached=0.00 GiB free=0.34 GiB reserve=1.59 GiB total=31.86 GiB)
ds4: ROCm q8 fp16 cache budget exhausted; using q8 kernels (request=64.00 MiB cached=0.00 GiB free=0.34 GiB reserve=1.59 GiB total=31.86 GiB)
ds4: ROCm q8 fp16 cache budget exhausted; using q8 kernels (request=64.00 MiB cached=0.00 GiB free=0.34 GiB reserve=1.59 GiB total=31.86 GiB)
ds4: ROCm q8 fp16 cache budget exhausted; using q8 kernels (request=64.00 MiB cached=0.00 GiB free=0.34 GiB reserve=1.59 GiB total=31.86 GiB)
case_003 cases=4 prompt=19 target=24 avg_nll=0.801577 lcp=4 api_target_mae=0.801577 api_top_coverage=97/120 api_top1=0.792 api_topn=0.227 api_pair=0.973
ds4: ROCm q8 fp16 cache budget exhausted; using q8 kernels (request=64.00 MiB cached=0.00 GiB free=0.34 GiB reserve=1.59 GiB total=31.86 GiB)
ds4: ROCm q8 fp16 cache budget exhausted; using q8 kernels (request=64.00 MiB cached=0.00 GiB free=0.34 GiB reserve=1.59 GiB total=31.86 GiB)
ds4: ROCm q8 fp16 cache budget exhausted; using q8 kernels (request=64.00 MiB cached=0.00 GiB free=0.34 GiB reserve=1.59 GiB total=31.86 GiB)
ds4: ROCm q8 fp16 cache budget exhausted; using q8 kernels (request=64.00 MiB cached=0.00 GiB free=0.34 GiB reserve=1.59 GiB total=31.86 GiB)
ds4: ROCm q8 fp16 cache budget exhausted; using q8 kernels (request=64.00 MiB cached=0.00 GiB free=0.34 GiB reserve=1.59 GiB total=31.86 GiB)
ds4: ROCm q8 fp16 cache budget exhausted; using q8 kernels (request=64.00 MiB cached=0.00 GiB free=0.34 GiB reserve=1.59 GiB total=31.86 GiB)
ds4: ROCm q8 fp16 cache budget exhausted; using q8 kernels (request=64.00 MiB cached=0.00 GiB free=0.34 GiB reserve=1.59 GiB total=31.86 GiB)
ds4: ROCm q8 fp16 cache budget exhausted; using q8 kernels (request=64.00 MiB cached=0.00 GiB free=0.34 GiB reserve=1.59 GiB total=31.86 GiB)
ds4: ROCm q8 fp16 cache budget exhausted; using q8 kernels (request=64.00 MiB cached=0.00 GiB free=0.34 GiB reserve=1.59 GiB total=31.86 GiB)
ds4: ROCm q8 fp16 cache budget exhausted; using q8 kernels (request=64.00 MiB cached=0.00 GiB free=0.34 GiB reserve=1.59 GiB total=31.86 GiB)
ds4: ROCm q8 fp16 cache budget exhausted; using q8 kernels (request=64.00 MiB cached=0.00 GiB free=0.34 GiB reserve=1.59 GiB total=31.86 GiB)
ds4: ROCm q8 fp16 cache budget exhausted; using q8 kernels (request=64.00 MiB cached=0.00 GiB free=0.34 GiB reserve=1.59 GiB total=31.86 GiB)
ds4: ROCm q8 fp16 cache budget exhausted; using q8 kernels (request=64.00 MiB cached=0.00 GiB free=0.34 GiB reserve=1.59 GiB total=31.86 GiB)
ds4: ROCm q8 fp16 cache budget exhausted; using q8 kernels (request=64.00 MiB cached=0.00 GiB free=0.34 GiB reserve=1.59 GiB total=31.86 GiB)
ds4: ROCm q8 fp16 cache budget exhausted; using q8 kernels (request=64.00 MiB cached=0.00 GiB free=0.34 GiB reserve=1.59 GiB total=31.86 GiB)
ds4: ROCm q8 fp16 cache budget exhausted; using q8 kernels (request=64.00 MiB cached=0.00 GiB free=0.34 GiB reserve=1.59 GiB total=31.86 GiB)
ds4: ROCm q8 fp16 cache budget exhausted; using q8 kernels (request=64.00 MiB cached=0.00 GiB free=0.34 GiB reserve=1.59 GiB total=31.86 GiB)
ds4: ROCm q8 fp16 cache budget exhausted; using q8 kernels (request=64.00 MiB cached=0.00 GiB free=0.34 GiB reserve=1.59 GiB total=31.86 GiB)
ds4: ROCm q8 fp16 cache budget exhausted; using q8 kernels (request=64.00 MiB cached=0.00 GiB free=0.34 GiB reserve=1.59 GiB total=31.86 GiB)
ds4: ROCm q8 fp16 cache budget exhausted; using q8 kernels (request=64.00 MiB cached=0.00 GiB free=0.34 GiB reserve=1.59 GiB total=31.86 GiB)
ds4: ROCm q8 fp16 cache budget exhausted; using q8 kernels (request=64.00 MiB cached=0.00 GiB free=0.34 GiB reserve=1.59 GiB total=31.86 GiB)
ds4: ROCm q8 fp16 cache budget exhausted; using q8 kernels (request=64.00 MiB cached=0.00 GiB free=0.34 GiB reserve=1.59 GiB total=31.86 GiB)
ds4: ROCm q8 fp16 cache budget exhausted; using q8 kernels (request=64.00 MiB cached=0.00 GiB free=0.34 GiB reserve=1.59 GiB total=31.86 GiB)
ds4: ROCm q8 fp16 cache budget exhausted; using q8 kernels (request=64.00 MiB cached=0.00 GiB free=0.34 GiB reserve=1.59 GiB total=31.86 GiB)
ds4: ROCm q8 fp16 cache budget exhausted; using q8 kernels (request=64.00 MiB cached=0.00 GiB free=0.34 GiB reserve=1.59 GiB total=31.86 GiB)
ds4: ROCm q8 fp16 cache budget exhausted; using q8 kernels (request=64.00 MiB cached=0.00 GiB free=0.34 GiB reserve=1.59 GiB total=31.86 GiB)
ds4: ROCm q8 fp16 cache budget exhausted; using q8 kernels (request=64.00 MiB cached=0.00 GiB free=0.34 GiB reserve=1.59 GiB total=31.86 GiB)
ds4: ROCm q8 fp16 cache budget exhausted; using q8 kernels (request=64.00 MiB cached=0.00 GiB free=0.34 GiB reserve=1.59 GiB total=31.86 GiB)
ds4: ROCm q8 fp16 cache budget exhausted; using q8 kernels (request=64.00 MiB cached=0.00 GiB free=0.34 GiB reserve=1.59 GiB total=31.86 GiB)
ds4: ROCm q8 fp16 cache budget exhausted; using q8 kernels (request=64.00 MiB cached=0.00 GiB free=0.34 GiB reserve=1.59 GiB total=31.86 GiB)
ds4: ROCm q8 fp16 cache budget exhausted; using q8 kernels (request=64.00 MiB cached=0.00 GiB free=0.34 GiB reserve=1.59 GiB total=31.86 GiB)
ds4: ROCm q8 fp16 cache budget exhausted; using q8 kernels (request=64.00 MiB cached=0.00 GiB free=0.34 GiB reserve=1.59 GiB total=31.86 GiB)
ds4: ROCm q8 fp16 cache budget exhausted; using q8 kernels (request=64.00 MiB cached=0.00 GiB free=0.34 GiB reserve=1.59 GiB total=31.86 GiB)
ds4: ROCm q8 fp16 cache budget exhausted; using q8 kernels (request=64.00 MiB cached=0.00 GiB free=0.34 GiB reserve=1.59 GiB total=31.86 GiB)
ds4: ROCm q8 fp16 cache budget exhausted; using q8 kernels (request=64.00 MiB cached=0.00 GiB free=0.34 GiB reserve=1.59 GiB total=31.86 GiB)
ds4: ROCm q8 fp16 cache budget exhausted; using q8 kernels (request=64.00 MiB cached=0.00 GiB free=0.34 GiB reserve=1.59 GiB total=31.86 GiB)
ds4: ROCm q8 fp16 cache budget exhausted; using q8 kernels (request=64.00 MiB cached=0.00 GiB free=0.34 GiB reserve=1.59 GiB total=31.86 GiB)
ds4: ROCm q8 fp16 cache budget exhausted; using q8 kernels (request=64.00 MiB cached=0.00 GiB free=0.34 GiB reserve=1.59 GiB total=31.86 GiB)
ds4: ROCm q8 fp16 cache budget exhausted; using q8 kernels (request=64.00 MiB cached=0.00 GiB free=0.34 GiB reserve=1.59 GiB total=31.86 GiB)
ds4: ROCm q8 fp16 cache budget exhausted; using q8 kernels (request=64.00 MiB cached=0.00 GiB free=0.34 GiB reserve=1.59 GiB total=31.86 GiB)
ds4: ROCm q8 fp16 cache budget exhausted; using q8 kernels (request=64.00 MiB cached=0.00 GiB free=0.34 GiB reserve=1.59 GiB total=31.86 GiB)
ds4: ROCm q8 fp16 cache budget exhausted; using q8 kernels (request=64.00 MiB cached=0.00 GiB free=0.34 GiB reserve=1.59 GiB total=31.86 GiB)
ds4: ROCm q8 fp16 cache budget exhausted; using q8 kernels (request=64.00 MiB cached=0.00 GiB free=0.34 GiB reserve=1.59 GiB total=31.86 GiB)
case_004 cases=5 prompt=15 target=24 avg_nll=0.890290 lcp=4 api_target_mae=0.890290 api_top_coverage=97/120 api_top1=0.750 api_topn=0.278 api_pair=1.000
ds4: ROCm q8 fp16 cache budget exhausted; using q8 kernels (request=64.00 MiB cached=0.00 GiB free=0.34 GiB reserve=1.59 GiB total=31.86 GiB)
ds4: ROCm q8 fp16 cache budget exhausted; using q8 kernels (request=64.00 MiB cached=0.00 GiB free=0.34 GiB reserve=1.59 GiB total=31.86 GiB)
ds4: ROCm q8 fp16 cache budget exhausted; using q8 kernels (request=64.00 MiB cached=0.00 GiB free=0.34 GiB reserve=1.59 GiB total=31.86 GiB)
ds4: ROCm q8 fp16 cache budget exhausted; using q8 kernels (request=64.00 MiB cached=0.00 GiB free=0.34 GiB reserve=1.59 GiB total=31.86 GiB)
ds4: ROCm q8 fp16 cache budget exhausted; using q8 kernels (request=64.00 MiB cached=0.00 GiB free=0.34 GiB reserve=1.59 GiB total=31.86 GiB)
ds4: ROCm q8 fp16 cache budget exhausted; using q8 kernels (request=64.00 MiB cached=0.00 GiB free=0.34 GiB reserve=1.59 GiB total=31.86 GiB)
ds4: ROCm q8 fp16 cache budget exhausted; using q8 kernels (request=64.00 MiB cached=0.00 GiB free=0.34 GiB reserve=1.59 GiB total=31.86 GiB)
ds4: ROCm q8 fp16 cache budget exhausted; using q8 kernels (request=64.00 MiB cached=0.00 GiB free=0.34 GiB reserve=1.59 GiB total=31.86 GiB)
ds4: ROCm q8 fp16 cache budget exhausted; using q8 kernels (request=64.00 MiB cached=0.00 GiB free=0.34 GiB reserve=1.59 GiB total=31.86 GiB)
ds4: ROCm q8 fp16 cache budget exhausted; using q8 kernels (request=64.00 MiB cached=0.00 GiB free=0.34 GiB reserve=1.59 GiB total=31.86 GiB)
ds4: ROCm q8 fp16 cache budget exhausted; using q8 kernels (request=64.00 MiB cached=0.00 GiB free=0.34 GiB reserve=1.59 GiB total=31.86 GiB)
ds4: ROCm q8 fp16 cache budget exhausted; using q8 kernels (request=64.00 MiB cached=0.00 GiB free=0.34 GiB reserve=1.59 GiB total=31.86 GiB)
ds4: ROCm q8 fp16 cache budget exhausted; using q8 kernels (request=64.00 MiB cached=0.00 GiB free=0.34 GiB reserve=1.59 GiB total=31.86 GiB)
ds4: ROCm q8 fp16 cache budget exhausted; using q8 kernels (request=64.00 MiB cached=0.00 GiB free=0.34 GiB reserve=1.59 GiB total=31.86 GiB)
ds4: ROCm q8 fp16 cache budget exhausted; using q8 kernels (request=64.00 MiB cached=0.00 GiB free=0.34 GiB reserve=1.59 GiB total=31.86 GiB)
ds4: ROCm q8 fp16 cache budget exhausted; using q8 kernels (request=64.00 MiB cached=0.00 GiB free=0.34 GiB reserve=1.59 GiB total=31.86 GiB)
ds4: ROCm q8 fp16 cache budget exhausted; using q8 kernels (request=64.00 MiB cached=0.00 GiB free=0.34 GiB reserve=1.59 GiB total=31.86 GiB)
ds4: ROCm q8 fp16 cache budget exhausted; using q8 kernels (request=64.00 MiB cached=0.00 GiB free=0.34 GiB reserve=1.59 GiB total=31.86 GiB)
ds4: ROCm q8 fp16 cache budget exhausted; using q8 kernels (request=64.00 MiB cached=0.00 GiB free=0.34 GiB reserve=1.59 GiB total=31.86 GiB)
ds4: ROCm q8 fp16 cache budget exhausted; using q8 kernels (request=64.00 MiB cached=0.00 GiB free=0.34 GiB reserve=1.59 GiB total=31.86 GiB)
ds4: ROCm q8 fp16 cache budget exhausted; using q8 kernels (request=64.00 MiB cached=0.00 GiB free=0.34 GiB reserve=1.59 GiB total=31.86 GiB)
ds4: ROCm q8 fp16 cache budget exhausted; using q8 kernels (request=64.00 MiB cached=0.00 GiB free=0.34 GiB reserve=1.59 GiB total=31.86 GiB)
ds4: ROCm q8 fp16 cache budget exhausted; using q8 kernels (request=64.00 MiB cached=0.00 GiB free=0.34 GiB reserve=1.59 GiB total=31.86 GiB)
ds4: ROCm q8 fp16 cache budget exhausted; using q8 kernels (request=64.00 MiB cached=0.00 GiB free=0.34 GiB reserve=1.59 GiB total=31.86 GiB)
ds4: ROCm q8 fp16 cache budget exhausted; using q8 kernels (request=64.00 MiB cached=0.00 GiB free=0.34 GiB reserve=1.59 GiB total=31.86 GiB)
ds4: ROCm q8 fp16 cache budget exhausted; using q8 kernels (request=64.00 MiB cached=0.00 GiB free=0.34 GiB reserve=1.59 GiB total=31.86 GiB)
ds4: ROCm q8 fp16 cache budget exhausted; using q8 kernels (request=64.00 MiB cached=0.00 GiB free=0.34 GiB reserve=1.59 GiB total=31.86 GiB)
ds4: ROCm q8 fp16 cache budget exhausted; using q8 kernels (request=64.00 MiB cached=0.00 GiB free=0.34 GiB reserve=1.59 GiB total=31.86 GiB)
ds4: ROCm q8 fp16 cache budget exhausted; using q8 kernels (request=64.00 MiB cached=0.00 GiB free=0.34 GiB reserve=1.59 GiB total=31.86 GiB)
ds4: ROCm q8 fp16 cache budget exhausted; using q8 kernels (request=64.00 MiB cached=0.00 GiB free=0.34 GiB reserve=1.59 GiB total=31.86 GiB)
ds4: ROCm q8 fp16 cache budget exhausted; using q8 kernels (request=64.00 MiB cached=0.00 GiB free=0.34 GiB reserve=1.59 GiB total=31.86 GiB)
ds4: ROCm q8 fp16 cache budget exhausted; using q8 kernels (request=64.00 MiB cached=0.00 GiB free=0.34 GiB reserve=1.59 GiB total=31.86 GiB)
ds4: ROCm q8 fp16 cache budget exhausted; using q8 kernels (request=64.00 MiB cached=0.00 GiB free=0.34 GiB reserve=1.59 GiB total=31.86 GiB)
ds4: ROCm q8 fp16 cache budget exhausted; using q8 kernels (request=64.00 MiB cached=0.00 GiB free=0.34 GiB reserve=1.59 GiB total=31.86 GiB)
ds4: ROCm q8 fp16 cache budget exhausted; using q8 kernels (request=64.00 MiB cached=0.00 GiB free=0.34 GiB reserve=1.59 GiB total=31.86 GiB)
ds4: ROCm q8 fp16 cache budget exhausted; using q8 kernels (request=64.00 MiB cached=0.00 GiB free=0.34 GiB reserve=1.59 GiB total=31.86 GiB)
ds4: ROCm q8 fp16 cache budget exhausted; using q8 kernels (request=64.00 MiB cached=0.00 GiB free=0.34 GiB reserve=1.59 GiB total=31.86 GiB)
ds4: ROCm q8 fp16 cache budget exhausted; using q8 kernels (request=64.00 MiB cached=0.00 GiB free=0.34 GiB reserve=1.59 GiB total=31.86 GiB)
ds4: ROCm q8 fp16 cache budget exhausted; using q8 kernels (request=64.00 MiB cached=0.00 GiB free=0.34 GiB reserve=1.59 GiB total=31.86 GiB)
ds4: ROCm q8 fp16 cache budget exhausted; using q8 kernels (request=64.00 MiB cached=0.00 GiB free=0.34 GiB reserve=1.59 GiB total=31.86 GiB)
ds4: ROCm q8 fp16 cache budget exhausted; using q8 kernels (request=64.00 MiB cached=0.00 GiB free=0.34 GiB reserve=1.59 GiB total=31.86 GiB)
ds4: ROCm q8 fp16 cache budget exhausted; using q8 kernels (request=64.00 MiB cached=0.00 GiB free=0.34 GiB reserve=1.59 GiB total=31.86 GiB)
ds4: ROCm q8 fp16 cache budget exhausted; using q8 kernels (request=64.00 MiB cached=0.00 GiB free=0.34 GiB reserve=1.59 GiB total=31.86 GiB)
case_005 cases=6 prompt=14 target=24 avg_nll=0.621039 lcp=2 api_target_mae=0.621039 api_top_coverage=96/120 api_top1=0.792 api_topn=0.250 api_pair=1.000
ds4: ROCm q8 fp16 cache budget exhausted; using q8 kernels (request=64.00 MiB cached=0.00 GiB free=0.34 GiB reserve=1.59 GiB total=31.86 GiB)
ds4: ROCm q8 fp16 cache budget exhausted; using q8 kernels (request=64.00 MiB cached=0.00 GiB free=0.34 GiB reserve=1.59 GiB total=31.86 GiB)
ds4: ROCm q8 fp16 cache budget exhausted; using q8 kernels (request=64.00 MiB cached=0.00 GiB free=0.34 GiB reserve=1.59 GiB total=31.86 GiB)
ds4: ROCm q8 fp16 cache budget exhausted; using q8 kernels (request=64.00 MiB cached=0.00 GiB free=0.34 GiB reserve=1.59 GiB total=31.86 GiB)
ds4: ROCm q8 fp16 cache budget exhausted; using q8 kernels (request=64.00 MiB cached=0.00 GiB free=0.34 GiB reserve=1.59 GiB total=31.86 GiB)
ds4: ROCm q8 fp16 cache budget exhausted; using q8 kernels (request=64.00 MiB cached=0.00 GiB free=0.34 GiB reserve=1.59 GiB total=31.86 GiB)
ds4: ROCm q8 fp16 cache budget exhausted; using q8 kernels (request=64.00 MiB cached=0.00 GiB free=0.34 GiB reserve=1.59 GiB total=31.86 GiB)
ds4: ROCm q8 fp16 cache budget exhausted; using q8 kernels (request=64.00 MiB cached=0.00 GiB free=0.34 GiB reserve=1.59 GiB total=31.86 GiB)
ds4: ROCm q8 fp16 cache budget exhausted; using q8 kernels (request=64.00 MiB cached=0.00 GiB free=0.34 GiB reserve=1.59 GiB total=31.86 GiB)
ds4: ROCm q8 fp16 cache budget exhausted; using q8 kernels (request=64.00 MiB cached=0.00 GiB free=0.34 GiB reserve=1.59 GiB total=31.86 GiB)
ds4: ROCm q8 fp16 cache budget exhausted; using q8 kernels (request=64.00 MiB cached=0.00 GiB free=0.34 GiB reserve=1.59 GiB total=31.86 GiB)
ds4: ROCm q8 fp16 cache budget exhausted; using q8 kernels (request=64.00 MiB cached=0.00 GiB free=0.34 GiB reserve=1.59 GiB total=31.86 GiB)
ds4: ROCm q8 fp16 cache budget exhausted; using q8 kernels (request=64.00 MiB cached=0.00 GiB free=0.34 GiB reserve=1.59 GiB total=31.86 GiB)
ds4: ROCm q8 fp16 cache budget exhausted; using q8 kernels (request=64.00 MiB cached=0.00 GiB free=0.34 GiB reserve=1.59 GiB total=31.86 GiB)
ds4: ROCm q8 fp16 cache budget exhausted; using q8 kernels (request=64.00 MiB cached=0.00 GiB free=0.34 GiB reserve=1.59 GiB total=31.86 GiB)
ds4: ROCm q8 fp16 cache budget exhausted; using q8 kernels (request=64.00 MiB cached=0.00 GiB free=0.34 GiB reserve=1.59 GiB total=31.86 GiB)
ds4: ROCm q8 fp16 cache budget exhausted; using q8 kernels (request=64.00 MiB cached=0.00 GiB free=0.34 GiB reserve=1.59 GiB total=31.86 GiB)
ds4: ROCm q8 fp16 cache budget exhausted; using q8 kernels (request=64.00 MiB cached=0.00 GiB free=0.34 GiB reserve=1.59 GiB total=31.86 GiB)
ds4: ROCm q8 fp16 cache budget exhausted; using q8 kernels (request=64.00 MiB cached=0.00 GiB free=0.34 GiB reserve=1.59 GiB total=31.86 GiB)
ds4: ROCm q8 fp16 cache budget exhausted; using q8 kernels (request=64.00 MiB cached=0.00 GiB free=0.34 GiB reserve=1.59 GiB total=31.86 GiB)
ds4: ROCm q8 fp16 cache budget exhausted; using q8 kernels (request=64.00 MiB cached=0.00 GiB free=0.34 GiB reserve=1.59 GiB total=31.86 GiB)
ds4: ROCm q8 fp16 cache budget exhausted; using q8 kernels (request=64.00 MiB cached=0.00 GiB free=0.34 GiB reserve=1.59 GiB total=31.86 GiB)
ds4: ROCm q8 fp16 cache budget exhausted; using q8 kernels (request=64.00 MiB cached=0.00 GiB free=0.34 GiB reserve=1.59 GiB total=31.86 GiB)
ds4: ROCm q8 fp16 cache budget exhausted; using q8 kernels (request=64.00 MiB cached=0.00 GiB free=0.34 GiB reserve=1.59 GiB total=31.86 GiB)
ds4: ROCm q8 fp16 cache budget exhausted; using q8 kernels (request=64.00 MiB cached=0.00 GiB free=0.34 GiB reserve=1.59 GiB total=31.86 GiB)
ds4: ROCm q8 fp16 cache budget exhausted; using q8 kernels (request=64.00 MiB cached=0.00 GiB free=0.34 GiB reserve=1.59 GiB total=31.86 GiB)
ds4: ROCm q8 fp16 cache budget exhausted; using q8 kernels (request=64.00 MiB cached=0.00 GiB free=0.34 GiB reserve=1.59 GiB total=31.86 GiB)
ds4: ROCm q8 fp16 cache budget exhausted; using q8 kernels (request=64.00 MiB cached=0.00 GiB free=0.34 GiB reserve=1.59 GiB total=31.86 GiB)
ds4: ROCm q8 fp16 cache budget exhausted; using q8 kernels (request=64.00 MiB cached=0.00 GiB free=0.34 GiB reserve=1.59 GiB total=31.86 GiB)
ds4: ROCm q8 fp16 cache budget exhausted; using q8 kernels (request=64.00 MiB cached=0.00 GiB free=0.34 GiB reserve=1.59 GiB total=31.86 GiB)
ds4: ROCm q8 fp16 cache budget exhausted; using q8 kernels (request=64.00 MiB cached=0.00 GiB free=0.34 GiB reserve=1.59 GiB total=31.86 GiB)
ds4: ROCm q8 fp16 cache budget exhausted; using q8 kernels (request=64.00 MiB cached=0.00 GiB free=0.34 GiB reserve=1.59 GiB total=31.86 GiB)
ds4: ROCm q8 fp16 cache budget exhausted; using q8 kernels (request=64.00 MiB cached=0.00 GiB free=0.34 GiB reserve=1.59 GiB total=31.86 GiB)
ds4: ROCm q8 fp16 cache budget exhausted; using q8 kernels (request=64.00 MiB cached=0.00 GiB free=0.34 GiB reserve=1.59 GiB total=31.86 GiB)
ds4: ROCm q8 fp16 cache budget exhausted; using q8 kernels (request=64.00 MiB cached=0.00 GiB free=0.34 GiB reserve=1.59 GiB total=31.86 GiB)
ds4: ROCm q8 fp16 cache budget exhausted; using q8 kernels (request=64.00 MiB cached=0.00 GiB free=0.34 GiB reserve=1.59 GiB total=31.86 GiB)
ds4: ROCm q8 fp16 cache budget exhausted; using q8 kernels (request=64.00 MiB cached=0.00 GiB free=0.34 GiB reserve=1.59 GiB total=31.86 GiB)
ds4: ROCm q8 fp16 cache budget exhausted; using q8 kernels (request=64.00 MiB cached=0.00 GiB free=0.34 GiB reserve=1.59 GiB total=31.86 GiB)
ds4: ROCm q8 fp16 cache budget exhausted; using q8 kernels (request=64.00 MiB cached=0.00 GiB free=0.34 GiB reserve=1.59 GiB total=31.86 GiB)
ds4: ROCm q8 fp16 cache budget exhausted; using q8 kernels (request=64.00 MiB cached=0.00 GiB free=0.34 GiB reserve=1.59 GiB total=31.86 GiB)
ds4: ROCm q8 fp16 cache budget exhausted; using q8 kernels (request=64.00 MiB cached=0.00 GiB free=0.34 GiB reserve=1.59 GiB total=31.86 GiB)
ds4: ROCm q8 fp16 cache budget exhausted; using q8 kernels (request=64.00 MiB cached=0.00 GiB free=0.34 GiB reserve=1.59 GiB total=31.86 GiB)
ds4: ROCm q8 fp16 cache budget exhausted; using q8 kernels (request=64.00 MiB cached=0.00 GiB free=0.34 GiB reserve=1.59 GiB total=31.86 GiB)
case_006 cases=7 prompt=18 target=24 avg_nll=0.587194 lcp=7 api_target_mae=0.587194 api_top_coverage=98/120 api_top1=0.792 api_topn=0.265 api_pair=1.000
ds4: ROCm q8 fp16 cache budget exhausted; using q8 kernels (request=64.00 MiB cached=0.00 GiB free=0.34 GiB reserve=1.59 GiB total=31.86 GiB)
ds4: ROCm q8 fp16 cache budget exhausted; using q8 kernels (request=64.00 MiB cached=0.00 GiB free=0.34 GiB reserve=1.59 GiB total=31.86 GiB)
ds4: ROCm q8 fp16 cache budget exhausted; using q8 kernels (request=64.00 MiB cached=0.00 GiB free=0.34 GiB reserve=1.59 GiB total=31.86 GiB)
ds4: ROCm q8 fp16 cache budget exhausted; using q8 kernels (request=64.00 MiB cached=0.00 GiB free=0.34 GiB reserve=1.59 GiB total=31.86 GiB)
ds4: ROCm q8 fp16 cache budget exhausted; using q8 kernels (request=64.00 MiB cached=0.00 GiB free=0.34 GiB reserve=1.59 GiB total=31.86 GiB)
ds4: ROCm q8 fp16 cache budget exhausted; using q8 kernels (request=64.00 MiB cached=0.00 GiB free=0.34 GiB reserve=1.59 GiB total=31.86 GiB)
ds4: ROCm q8 fp16 cache budget exhausted; using q8 kernels (request=64.00 MiB cached=0.00 GiB free=0.34 GiB reserve=1.59 GiB total=31.86 GiB)
ds4: ROCm q8 fp16 cache budget exhausted; using q8 kernels (request=64.00 MiB cached=0.00 GiB free=0.34 GiB reserve=1.59 GiB total=31.86 GiB)
ds4: ROCm q8 fp16 cache budget exhausted; using q8 kernels (request=64.00 MiB cached=0.00 GiB free=0.34 GiB reserve=1.59 GiB total=31.86 GiB)
ds4: ROCm q8 fp16 cache budget exhausted; using q8 kernels (request=64.00 MiB cached=0.00 GiB free=0.34 GiB reserve=1.59 GiB total=31.86 GiB)
ds4: ROCm q8 fp16 cache budget exhausted; using q8 kernels (request=64.00 MiB cached=0.00 GiB free=0.34 GiB reserve=1.59 GiB total=31.86 GiB)
ds4: ROCm q8 fp16 cache budget exhausted; using q8 kernels (request=64.00 MiB cached=0.00 GiB free=0.34 GiB reserve=1.59 GiB total=31.86 GiB)
ds4: ROCm q8 fp16 cache budget exhausted; using q8 kernels (request=64.00 MiB cached=0.00 GiB free=0.34 GiB reserve=1.59 GiB total=31.86 GiB)
ds4: ROCm q8 fp16 cache budget exhausted; using q8 kernels (request=64.00 MiB cached=0.00 GiB free=0.34 GiB reserve=1.59 GiB total=31.86 GiB)
ds4: ROCm q8 fp16 cache budget exhausted; using q8 kernels (request=64.00 MiB cached=0.00 GiB free=0.34 GiB reserve=1.59 GiB total=31.86 GiB)
ds4: ROCm q8 fp16 cache budget exhausted; using q8 kernels (request=64.00 MiB cached=0.00 GiB free=0.34 GiB reserve=1.59 GiB total=31.86 GiB)
ds4: ROCm q8 fp16 cache budget exhausted; using q8 kernels (request=64.00 MiB cached=0.00 GiB free=0.34 GiB reserve=1.59 GiB total=31.86 GiB)
ds4: ROCm q8 fp16 cache budget exhausted; using q8 kernels (request=64.00 MiB cached=0.00 GiB free=0.34 GiB reserve=1.59 GiB total=31.86 GiB)
ds4: ROCm q8 fp16 cache budget exhausted; using q8 kernels (request=64.00 MiB cached=0.00 GiB free=0.34 GiB reserve=1.59 GiB total=31.86 GiB)
ds4: ROCm q8 fp16 cache budget exhausted; using q8 kernels (request=64.00 MiB cached=0.00 GiB free=0.34 GiB reserve=1.59 GiB total=31.86 GiB)
ds4: ROCm q8 fp16 cache budget exhausted; using q8 kernels (request=64.00 MiB cached=0.00 GiB free=0.34 GiB reserve=1.59 GiB total=31.86 GiB)
ds4: ROCm q8 fp16 cache budget exhausted; using q8 kernels (request=64.00 MiB cached=0.00 GiB free=0.34 GiB reserve=1.59 GiB total=31.86 GiB)
ds4: ROCm q8 fp16 cache budget exhausted; using q8 kernels (request=64.00 MiB cached=0.00 GiB free=0.34 GiB reserve=1.59 GiB total=31.86 GiB)
ds4: ROCm q8 fp16 cache budget exhausted; using q8 kernels (request=64.00 MiB cached=0.00 GiB free=0.34 GiB reserve=1.59 GiB total=31.86 GiB)
ds4: ROCm q8 fp16 cache budget exhausted; using q8 kernels (request=64.00 MiB cached=0.00 GiB free=0.34 GiB reserve=1.59 GiB total=31.86 GiB)
ds4: ROCm q8 fp16 cache budget exhausted; using q8 kernels (request=64.00 MiB cached=0.00 GiB free=0.34 GiB reserve=1.59 GiB total=31.86 GiB)
ds4: ROCm q8 fp16 cache budget exhausted; using q8 kernels (request=64.00 MiB cached=0.00 GiB free=0.34 GiB reserve=1.59 GiB total=31.86 GiB)
ds4: ROCm q8 fp16 cache budget exhausted; using q8 kernels (request=64.00 MiB cached=0.00 GiB free=0.34 GiB reserve=1.59 GiB total=31.86 GiB)
ds4: ROCm q8 fp16 cache budget exhausted; using q8 kernels (request=64.00 MiB cached=0.00 GiB free=0.34 GiB reserve=1.59 GiB total=31.86 GiB)
ds4: ROCm q8 fp16 cache budget exhausted; using q8 kernels (request=64.00 MiB cached=0.00 GiB free=0.34 GiB reserve=1.59 GiB total=31.86 GiB)
ds4: ROCm q8 fp16 cache budget exhausted; using q8 kernels (request=64.00 MiB cached=0.00 GiB free=0.34 GiB reserve=1.59 GiB total=31.86 GiB)
ds4: ROCm q8 fp16 cache budget exhausted; using q8 kernels (request=64.00 MiB cached=0.00 GiB free=0.34 GiB reserve=1.59 GiB total=31.86 GiB)
ds4: ROCm q8 fp16 cache budget exhausted; using q8 kernels (request=64.00 MiB cached=0.00 GiB free=0.34 GiB reserve=1.59 GiB total=31.86 GiB)
ds4: ROCm q8 fp16 cache budget exhausted; using q8 kernels (request=64.00 MiB cached=0.00 GiB free=0.34 GiB reserve=1.59 GiB total=31.86 GiB)
ds4: ROCm q8 fp16 cache budget exhausted; using q8 kernels (request=64.00 MiB cached=0.00 GiB free=0.34 GiB reserve=1.59 GiB total=31.86 GiB)
ds4: ROCm q8 fp16 cache budget exhausted; using q8 kernels (request=64.00 MiB cached=0.00 GiB free=0.34 GiB reserve=1.59 GiB total=31.86 GiB)
ds4: ROCm q8 fp16 cache budget exhausted; using q8 kernels (request=64.00 MiB cached=0.00 GiB free=0.34 GiB reserve=1.59 GiB total=31.86 GiB)
ds4: ROCm q8 fp16 cache budget exhausted; using q8 kernels (request=64.00 MiB cached=0.00 GiB free=0.34 GiB reserve=1.59 GiB total=31.86 GiB)
ds4: ROCm q8 fp16 cache budget exhausted; using q8 kernels (request=64.00 MiB cached=0.00 GiB free=0.34 GiB reserve=1.59 GiB total=31.86 GiB)
ds4: ROCm q8 fp16 cache budget exhausted; using q8 kernels (request=64.00 MiB cached=0.00 GiB free=0.34 GiB reserve=1.59 GiB total=31.86 GiB)
ds4: ROCm q8 fp16 cache budget exhausted; using q8 kernels (request=64.00 MiB cached=0.00 GiB free=0.34 GiB reserve=1.59 GiB total=31.86 GiB)
ds4: ROCm q8 fp16 cache budget exhausted; using q8 kernels (request=64.00 MiB cached=0.00 GiB free=0.34 GiB reserve=1.59 GiB total=31.86 GiB)
ds4: ROCm q8 fp16 cache budget exhausted; using q8 kernels (request=64.00 MiB cached=0.00 GiB free=0.34 GiB reserve=1.59 GiB total=31.86 GiB)
case_007 cases=8 prompt=14 target=24 avg_nll=1.464425 lcp=0 api_target_mae=1.464425 api_top_coverage=119/120 api_top1=0.542 api_topn=0.689 api_pair=0.853
ds4: ROCm q8 fp16 cache budget exhausted; using q8 kernels (request=64.00 MiB cached=0.00 GiB free=0.34 GiB reserve=1.59 GiB total=31.86 GiB)
ds4: ROCm q8 fp16 cache budget exhausted; using q8 kernels (request=64.00 MiB cached=0.00 GiB free=0.34 GiB reserve=1.59 GiB total=31.86 GiB)
ds4: ROCm q8 fp16 cache budget exhausted; using q8 kernels (request=64.00 MiB cached=0.00 GiB free=0.34 GiB reserve=1.59 GiB total=31.86 GiB)
ds4: ROCm q8 fp16 cache budget exhausted; using q8 kernels (request=64.00 MiB cached=0.00 GiB free=0.34 GiB reserve=1.59 GiB total=31.86 GiB)
ds4: ROCm q8 fp16 cache budget exhausted; using q8 kernels (request=64.00 MiB cached=0.00 GiB free=0.34 GiB reserve=1.59 GiB total=31.86 GiB)
ds4: ROCm q8 fp16 cache budget exhausted; using q8 kernels (request=64.00 MiB cached=0.00 GiB free=0.34 GiB reserve=1.59 GiB total=31.86 GiB)
ds4: ROCm q8 fp16 cache budget exhausted; using q8 kernels (request=64.00 MiB cached=0.00 GiB free=0.34 GiB reserve=1.59 GiB total=31.86 GiB)
ds4: ROCm q8 fp16 cache budget exhausted; using q8 kernels (request=64.00 MiB cached=0.00 GiB free=0.34 GiB reserve=1.59 GiB total=31.86 GiB)
ds4: ROCm q8 fp16 cache budget exhausted; using q8 kernels (request=64.00 MiB cached=0.00 GiB free=0.34 GiB reserve=1.59 GiB total=31.86 GiB)
ds4: ROCm q8 fp16 cache budget exhausted; using q8 kernels (request=64.00 MiB cached=0.00 GiB free=0.34 GiB reserve=1.59 GiB total=31.86 GiB)
ds4: ROCm q8 fp16 cache budget exhausted; using q8 kernels (request=64.00 MiB cached=0.00 GiB free=0.34 GiB reserve=1.59 GiB total=31.86 GiB)
ds4: ROCm q8 fp16 cache budget exhausted; using q8 kernels (request=64.00 MiB cached=0.00 GiB free=0.34 GiB reserve=1.59 GiB total=31.86 GiB)
ds4: ROCm q8 fp16 cache budget exhausted; using q8 kernels (request=64.00 MiB cached=0.00 GiB free=0.34 GiB reserve=1.59 GiB total=31.86 GiB)
ds4: ROCm q8 fp16 cache budget exhausted; using q8 kernels (request=64.00 MiB cached=0.00 GiB free=0.34 GiB reserve=1.59 GiB total=31.86 GiB)
ds4: ROCm q8 fp16 cache budget exhausted; using q8 kernels (request=64.00 MiB cached=0.00 GiB free=0.34 GiB reserve=1.59 GiB total=31.86 GiB)
ds4: ROCm q8 fp16 cache budget exhausted; using q8 kernels (request=64.00 MiB cached=0.00 GiB free=0.34 GiB reserve=1.59 GiB total=31.86 GiB)
ds4: ROCm q8 fp16 cache budget exhausted; using q8 kernels (request=64.00 MiB cached=0.00 GiB free=0.34 GiB reserve=1.59 GiB total=31.86 GiB)
ds4: ROCm q8 fp16 cache budget exhausted; using q8 kernels (request=64.00 MiB cached=0.00 GiB free=0.34 GiB reserve=1.59 GiB total=31.86 GiB)
ds4: ROCm q8 fp16 cache budget exhausted; using q8 kernels (request=64.00 MiB cached=0.00 GiB free=0.34 GiB reserve=1.59 GiB total=31.86 GiB)
ds4: ROCm q8 fp16 cache budget exhausted; using q8 kernels (request=64.00 MiB cached=0.00 GiB free=0.34 GiB reserve=1.59 GiB total=31.86 GiB)
ds4: ROCm q8 fp16 cache budget exhausted; using q8 kernels (request=64.00 MiB cached=0.00 GiB free=0.34 GiB reserve=1.59 GiB total=31.86 GiB)
ds4: ROCm q8 fp16 cache budget exhausted; using q8 kernels (request=64.00 MiB cached=0.00 GiB free=0.34 GiB reserve=1.59 GiB total=31.86 GiB)
ds4: ROCm q8 fp16 cache budget exhausted; using q8 kernels (request=64.00 MiB cached=0.00 GiB free=0.34 GiB reserve=1.59 GiB total=31.86 GiB)
ds4: ROCm q8 fp16 cache budget exhausted; using q8 kernels (request=64.00 MiB cached=0.00 GiB free=0.34 GiB reserve=1.59 GiB total=31.86 GiB)
ds4: ROCm q8 fp16 cache budget exhausted; using q8 kernels (request=64.00 MiB cached=0.00 GiB free=0.34 GiB reserve=1.59 GiB total=31.86 GiB)
ds4: ROCm q8 fp16 cache budget exhausted; using q8 kernels (request=64.00 MiB cached=0.00 GiB free=0.34 GiB reserve=1.59 GiB total=31.86 GiB)
ds4: ROCm q8 fp16 cache budget exhausted; using q8 kernels (request=64.00 MiB cached=0.00 GiB free=0.34 GiB reserve=1.59 GiB total=31.86 GiB)
ds4: ROCm q8 fp16 cache budget exhausted; using q8 kernels (request=64.00 MiB cached=0.00 GiB free=0.34 GiB reserve=1.59 GiB total=31.86 GiB)
ds4: ROCm q8 fp16 cache budget exhausted; using q8 kernels (request=64.00 MiB cached=0.00 GiB free=0.34 GiB reserve=1.59 GiB total=31.86 GiB)
ds4: ROCm q8 fp16 cache budget exhausted; using q8 kernels (request=64.00 MiB cached=0.00 GiB free=0.34 GiB reserve=1.59 GiB total=31.86 GiB)
ds4: ROCm q8 fp16 cache budget exhausted; using q8 kernels (request=64.00 MiB cached=0.00 GiB free=0.34 GiB reserve=1.59 GiB total=31.86 GiB)
ds4: ROCm q8 fp16 cache budget exhausted; using q8 kernels (request=64.00 MiB cached=0.00 GiB free=0.34 GiB reserve=1.59 GiB total=31.86 GiB)
ds4: ROCm q8 fp16 cache budget exhausted; using q8 kernels (request=64.00 MiB cached=0.00 GiB free=0.34 GiB reserve=1.59 GiB total=31.86 GiB)
ds4: ROCm q8 fp16 cache budget exhausted; using q8 kernels (request=64.00 MiB cached=0.00 GiB free=0.34 GiB reserve=1.59 GiB total=31.86 GiB)
ds4: ROCm q8 fp16 cache budget exhausted; using q8 kernels (request=64.00 MiB cached=0.00 GiB free=0.34 GiB reserve=1.59 GiB total=31.86 GiB)
ds4: ROCm q8 fp16 cache budget exhausted; using q8 kernels (request=64.00 MiB cached=0.00 GiB free=0.34 GiB reserve=1.59 GiB total=31.86 GiB)
ds4: ROCm q8 fp16 cache budget exhausted; using q8 kernels (request=64.00 MiB cached=0.00 GiB free=0.34 GiB reserve=1.59 GiB total=31.86 GiB)
ds4: ROCm q8 fp16 cache budget exhausted; using q8 kernels (request=64.00 MiB cached=0.00 GiB free=0.34 GiB reserve=1.59 GiB total=31.86 GiB)
ds4: ROCm q8 fp16 cache budget exhausted; using q8 kernels (request=64.00 MiB cached=0.00 GiB free=0.34 GiB reserve=1.59 GiB total=31.86 GiB)
ds4: ROCm q8 fp16 cache budget exhausted; using q8 kernels (request=64.00 MiB cached=0.00 GiB free=0.34 GiB reserve=1.59 GiB total=31.86 GiB)
ds4: ROCm q8 fp16 cache budget exhausted; using q8 kernels (request=64.00 MiB cached=0.00 GiB free=0.34 GiB reserve=1.59 GiB total=31.86 GiB)
ds4: ROCm q8 fp16 cache budget exhausted; using q8 kernels (request=64.00 MiB cached=0.00 GiB free=0.34 GiB reserve=1.59 GiB total=31.86 GiB)
ds4: ROCm q8 fp16 cache budget exhausted; using q8 kernels (request=64.00 MiB cached=0.00 GiB free=0.34 GiB reserve=1.59 GiB total=31.86 GiB)
case_008 cases=9 prompt=20 target=24 avg_nll=0.773102 lcp=2 api_target_mae=0.773102 api_top_coverage=97/120 api_top1=0.750 api_topn=0.237 api_pair=1.000
ds4: ROCm q8 fp16 cache budget exhausted; using q8 kernels (request=64.00 MiB cached=0.00 GiB free=0.34 GiB reserve=1.59 GiB total=31.86 GiB)
ds4: ROCm q8 fp16 cache budget exhausted; using q8 kernels (request=64.00 MiB cached=0.00 GiB free=0.34 GiB reserve=1.59 GiB total=31.86 GiB)
ds4: ROCm q8 fp16 cache budget exhausted; using q8 kernels (request=64.00 MiB cached=0.00 GiB free=0.34 GiB reserve=1.59 GiB total=31.86 GiB)
ds4: ROCm q8 fp16 cache budget exhausted; using q8 kernels (request=64.00 MiB cached=0.00 GiB free=0.34 GiB reserve=1.59 GiB total=31.86 GiB)
ds4: ROCm q8 fp16 cache budget exhausted; using q8 kernels (request=64.00 MiB cached=0.00 GiB free=0.34 GiB reserve=1.59 GiB total=31.86 GiB)
ds4: ROCm q8 fp16 cache budget exhausted; using q8 kernels (request=64.00 MiB cached=0.00 GiB free=0.34 GiB reserve=1.59 GiB total=31.86 GiB)
ds4: ROCm q8 fp16 cache budget exhausted; using q8 kernels (request=64.00 MiB cached=0.00 GiB free=0.34 GiB reserve=1.59 GiB total=31.86 GiB)
ds4: ROCm q8 fp16 cache budget exhausted; using q8 kernels (request=64.00 MiB cached=0.00 GiB free=0.34 GiB reserve=1.59 GiB total=31.86 GiB)
ds4: ROCm q8 fp16 cache budget exhausted; using q8 kernels (request=64.00 MiB cached=0.00 GiB free=0.34 GiB reserve=1.59 GiB total=31.86 GiB)
ds4: ROCm q8 fp16 cache budget exhausted; using q8 kernels (request=64.00 MiB cached=0.00 GiB free=0.34 GiB reserve=1.59 GiB total=31.86 GiB)
ds4: ROCm q8 fp16 cache budget exhausted; using q8 kernels (request=64.00 MiB cached=0.00 GiB free=0.34 GiB reserve=1.59 GiB total=31.86 GiB)
ds4: ROCm q8 fp16 cache budget exhausted; using q8 kernels (request=64.00 MiB cached=0.00 GiB free=0.34 GiB reserve=1.59 GiB total=31.86 GiB)
ds4: ROCm q8 fp16 cache budget exhausted; using q8 kernels (request=64.00 MiB cached=0.00 GiB free=0.34 GiB reserve=1.59 GiB total=31.86 GiB)
ds4: ROCm q8 fp16 cache budget exhausted; using q8 kernels (request=64.00 MiB cached=0.00 GiB free=0.34 GiB reserve=1.59 GiB total=31.86 GiB)
ds4: ROCm q8 fp16 cache budget exhausted; using q8 kernels (request=64.00 MiB cached=0.00 GiB free=0.34 GiB reserve=1.59 GiB total=31.86 GiB)
ds4: ROCm q8 fp16 cache budget exhausted; using q8 kernels (request=64.00 MiB cached=0.00 GiB free=0.34 GiB reserve=1.59 GiB total=31.86 GiB)
ds4: ROCm q8 fp16 cache budget exhausted; using q8 kernels (request=64.00 MiB cached=0.00 GiB free=0.34 GiB reserve=1.59 GiB total=31.86 GiB)
ds4: ROCm q8 fp16 cache budget exhausted; using q8 kernels (request=64.00 MiB cached=0.00 GiB free=0.34 GiB reserve=1.59 GiB total=31.86 GiB)
ds4: ROCm q8 fp16 cache budget exhausted; using q8 kernels (request=64.00 MiB cached=0.00 GiB free=0.34 GiB reserve=1.59 GiB total=31.86 GiB)
ds4: ROCm q8 fp16 cache budget exhausted; using q8 kernels (request=64.00 MiB cached=0.00 GiB free=0.34 GiB reserve=1.59 GiB total=31.86 GiB)
ds4: ROCm q8 fp16 cache budget exhausted; using q8 kernels (request=64.00 MiB cached=0.00 GiB free=0.34 GiB reserve=1.59 GiB total=31.86 GiB)
ds4: ROCm q8 fp16 cache budget exhausted; using q8 kernels (request=64.00 MiB cached=0.00 GiB free=0.34 GiB reserve=1.59 GiB total=31.86 GiB)
ds4: ROCm q8 fp16 cache budget exhausted; using q8 kernels (request=64.00 MiB cached=0.00 GiB free=0.34 GiB reserve=1.59 GiB total=31.86 GiB)
ds4: ROCm q8 fp16 cache budget exhausted; using q8 kernels (request=64.00 MiB cached=0.00 GiB free=0.34 GiB reserve=1.59 GiB total=31.86 GiB)
ds4: ROCm q8 fp16 cache budget exhausted; using q8 kernels (request=64.00 MiB cached=0.00 GiB free=0.34 GiB reserve=1.59 GiB total=31.86 GiB)
ds4: ROCm q8 fp16 cache budget exhausted; using q8 kernels (request=64.00 MiB cached=0.00 GiB free=0.34 GiB reserve=1.59 GiB total=31.86 GiB)
ds4: ROCm q8 fp16 cache budget exhausted; using q8 kernels (request=64.00 MiB cached=0.00 GiB free=0.34 GiB reserve=1.59 GiB total=31.86 GiB)
ds4: ROCm q8 fp16 cache budget exhausted; using q8 kernels (request=64.00 MiB cached=0.00 GiB free=0.34 GiB reserve=1.59 GiB total=31.86 GiB)
ds4: ROCm q8 fp16 cache budget exhausted; using q8 kernels (request=64.00 MiB cached=0.00 GiB free=0.34 GiB reserve=1.59 GiB total=31.86 GiB)
ds4: ROCm q8 fp16 cache budget exhausted; using q8 kernels (request=64.00 MiB cached=0.00 GiB free=0.34 GiB reserve=1.59 GiB total=31.86 GiB)
ds4: ROCm q8 fp16 cache budget exhausted; using q8 kernels (request=64.00 MiB cached=0.00 GiB free=0.34 GiB reserve=1.59 GiB total=31.86 GiB)
ds4: ROCm q8 fp16 cache budget exhausted; using q8 kernels (request=64.00 MiB cached=0.00 GiB free=0.34 GiB reserve=1.59 GiB total=31.86 GiB)
ds4: ROCm q8 fp16 cache budget exhausted; using q8 kernels (request=64.00 MiB cached=0.00 GiB free=0.34 GiB reserve=1.59 GiB total=31.86 GiB)
ds4: ROCm q8 fp16 cache budget exhausted; using q8 kernels (request=64.00 MiB cached=0.00 GiB free=0.34 GiB reserve=1.59 GiB total=31.86 GiB)
ds4: ROCm q8 fp16 cache budget exhausted; using q8 kernels (request=64.00 MiB cached=0.00 GiB free=0.34 GiB reserve=1.59 GiB total=31.86 GiB)
ds4: ROCm q8 fp16 cache budget exhausted; using q8 kernels (request=64.00 MiB cached=0.00 GiB free=0.34 GiB reserve=1.59 GiB total=31.86 GiB)
ds4: ROCm q8 fp16 cache budget exhausted; using q8 kernels (request=64.00 MiB cached=0.00 GiB free=0.34 GiB reserve=1.59 GiB total=31.86 GiB)
ds4: ROCm q8 fp16 cache budget exhausted; using q8 kernels (request=64.00 MiB cached=0.00 GiB free=0.34 GiB reserve=1.59 GiB total=31.86 GiB)
ds4: ROCm q8 fp16 cache budget exhausted; using q8 kernels (request=64.00 MiB cached=0.00 GiB free=0.34 GiB reserve=1.59 GiB total=31.86 GiB)
ds4: ROCm q8 fp16 cache budget exhausted; using q8 kernels (request=64.00 MiB cached=0.00 GiB free=0.34 GiB reserve=1.59 GiB total=31.86 GiB)
ds4: ROCm q8 fp16 cache budget exhausted; using q8 kernels (request=64.00 MiB cached=0.00 GiB free=0.34 GiB reserve=1.59 GiB total=31.86 GiB)
ds4: ROCm q8 fp16 cache budget exhausted; using q8 kernels (request=64.00 MiB cached=0.00 GiB free=0.34 GiB reserve=1.59 GiB total=31.86 GiB)
ds4: ROCm q8 fp16 cache budget exhausted; using q8 kernels (request=64.00 MiB cached=0.00 GiB free=0.34 GiB reserve=1.59 GiB total=31.86 GiB)
case_009 cases=10 prompt=17 target=24 avg_nll=0.632667 lcp=3 api_target_mae=0.632667 api_top_coverage=106/120 api_top1=0.750 api_topn=0.396 api_pair=0.976
ds4: ROCm q8 fp16 cache budget exhausted; using q8 kernels (request=64.00 MiB cached=0.00 GiB free=0.34 GiB reserve=1.59 GiB total=31.86 GiB)
ds4: ROCm q8 fp16 cache budget exhausted; using q8 kernels (request=64.00 MiB cached=0.00 GiB free=0.34 GiB reserve=1.59 GiB total=31.86 GiB)
ds4: ROCm q8 fp16 cache budget exhausted; using q8 kernels (request=64.00 MiB cached=0.00 GiB free=0.34 GiB reserve=1.59 GiB total=31.86 GiB)
ds4: ROCm q8 fp16 cache budget exhausted; using q8 kernels (request=64.00 MiB cached=0.00 GiB free=0.34 GiB reserve=1.59 GiB total=31.86 GiB)
ds4: ROCm q8 fp16 cache budget exhausted; using q8 kernels (request=64.00 MiB cached=0.00 GiB free=0.34 GiB reserve=1.59 GiB total=31.86 GiB)
ds4: ROCm q8 fp16 cache budget exhausted; using q8 kernels (request=64.00 MiB cached=0.00 GiB free=0.34 GiB reserve=1.59 GiB total=31.86 GiB)
ds4: ROCm q8 fp16 cache budget exhausted; using q8 kernels (request=64.00 MiB cached=0.00 GiB free=0.34 GiB reserve=1.59 GiB total=31.86 GiB)
ds4: ROCm q8 fp16 cache budget exhausted; using q8 kernels (request=64.00 MiB cached=0.00 GiB free=0.34 GiB reserve=1.59 GiB total=31.86 GiB)
ds4: ROCm q8 fp16 cache budget exhausted; using q8 kernels (request=64.00 MiB cached=0.00 GiB free=0.34 GiB reserve=1.59 GiB total=31.86 GiB)
ds4: ROCm q8 fp16 cache budget exhausted; using q8 kernels (request=64.00 MiB cached=0.00 GiB free=0.34 GiB reserve=1.59 GiB total=31.86 GiB)
ds4: ROCm q8 fp16 cache budget exhausted; using q8 kernels (request=64.00 MiB cached=0.00 GiB free=0.34 GiB reserve=1.59 GiB total=31.86 GiB)
ds4: ROCm q8 fp16 cache budget exhausted; using q8 kernels (request=64.00 MiB cached=0.00 GiB free=0.34 GiB reserve=1.59 GiB total=31.86 GiB)
ds4: ROCm q8 fp16 cache budget exhausted; using q8 kernels (request=64.00 MiB cached=0.00 GiB free=0.34 GiB reserve=1.59 GiB total=31.86 GiB)
ds4: ROCm q8 fp16 cache budget exhausted; using q8 kernels (request=64.00 MiB cached=0.00 GiB free=0.34 GiB reserve=1.59 GiB total=31.86 GiB)
ds4: ROCm q8 fp16 cache budget exhausted; using q8 kernels (request=64.00 MiB cached=0.00 GiB free=0.34 GiB reserve=1.59 GiB total=31.86 GiB)
ds4: ROCm q8 fp16 cache budget exhausted; using q8 kernels (request=64.00 MiB cached=0.00 GiB free=0.34 GiB reserve=1.59 GiB total=31.86 GiB)
ds4: ROCm q8 fp16 cache budget exhausted; using q8 kernels (request=64.00 MiB cached=0.00 GiB free=0.34 GiB reserve=1.59 GiB total=31.86 GiB)
ds4: ROCm q8 fp16 cache budget exhausted; using q8 kernels (request=64.00 MiB cached=0.00 GiB free=0.34 GiB reserve=1.59 GiB total=31.86 GiB)
ds4: ROCm q8 fp16 cache budget exhausted; using q8 kernels (request=64.00 MiB cached=0.00 GiB free=0.34 GiB reserve=1.59 GiB total=31.86 GiB)
ds4: ROCm q8 fp16 cache budget exhausted; using q8 kernels (request=64.00 MiB cached=0.00 GiB free=0.34 GiB reserve=1.59 GiB total=31.86 GiB)
ds4: ROCm q8 fp16 cache budget exhausted; using q8 kernels (request=64.00 MiB cached=0.00 GiB free=0.34 GiB reserve=1.59 GiB total=31.86 GiB)
ds4: ROCm q8 fp16 cache budget exhausted; using q8 kernels (request=64.00 MiB cached=0.00 GiB free=0.34 GiB reserve=1.59 GiB total=31.86 GiB)
ds4: ROCm q8 fp16 cache budget exhausted; using q8 kernels (request=64.00 MiB cached=0.00 GiB free=0.34 GiB reserve=1.59 GiB total=31.86 GiB)
ds4: ROCm q8 fp16 cache budget exhausted; using q8 kernels (request=64.00 MiB cached=0.00 GiB free=0.34 GiB reserve=1.59 GiB total=31.86 GiB)
ds4: ROCm q8 fp16 cache budget exhausted; using q8 kernels (request=64.00 MiB cached=0.00 GiB free=0.34 GiB reserve=1.59 GiB total=31.86 GiB)
ds4: ROCm q8 fp16 cache budget exhausted; using q8 kernels (request=64.00 MiB cached=0.00 GiB free=0.34 GiB reserve=1.59 GiB total=31.86 GiB)
ds4: ROCm q8 fp16 cache budget exhausted; using q8 kernels (request=64.00 MiB cached=0.00 GiB free=0.34 GiB reserve=1.59 GiB total=31.86 GiB)
ds4: ROCm q8 fp16 cache budget exhausted; using q8 kernels (request=64.00 MiB cached=0.00 GiB free=0.34 GiB reserve=1.59 GiB total=31.86 GiB)
ds4: ROCm q8 fp16 cache budget exhausted; using q8 kernels (request=64.00 MiB cached=0.00 GiB free=0.34 GiB reserve=1.59 GiB total=31.86 GiB)
ds4: ROCm q8 fp16 cache budget exhausted; using q8 kernels (request=64.00 MiB cached=0.00 GiB free=0.34 GiB reserve=1.59 GiB total=31.86 GiB)
ds4: ROCm q8 fp16 cache budget exhausted; using q8 kernels (request=64.00 MiB cached=0.00 GiB free=0.34 GiB reserve=1.59 GiB total=31.86 GiB)
ds4: ROCm q8 fp16 cache budget exhausted; using q8 kernels (request=64.00 MiB cached=0.00 GiB free=0.34 GiB reserve=1.59 GiB total=31.86 GiB)
ds4: ROCm q8 fp16 cache budget exhausted; using q8 kernels (request=64.00 MiB cached=0.00 GiB free=0.34 GiB reserve=1.59 GiB total=31.86 GiB)
ds4: ROCm q8 fp16 cache budget exhausted; using q8 kernels (request=64.00 MiB cached=0.00 GiB free=0.34 GiB reserve=1.59 GiB total=31.86 GiB)
ds4: ROCm q8 fp16 cache budget exhausted; using q8 kernels (request=64.00 MiB cached=0.00 GiB free=0.34 GiB reserve=1.59 GiB total=31.86 GiB)
ds4: ROCm q8 fp16 cache budget exhausted; using q8 kernels (request=64.00 MiB cached=0.00 GiB free=0.34 GiB reserve=1.59 GiB total=31.86 GiB)
ds4: ROCm q8 fp16 cache budget exhausted; using q8 kernels (request=64.00 MiB cached=0.00 GiB free=0.34 GiB reserve=1.59 GiB total=31.86 GiB)
ds4: ROCm q8 fp16 cache budget exhausted; using q8 kernels (request=64.00 MiB cached=0.00 GiB free=0.34 GiB reserve=1.59 GiB total=31.86 GiB)
ds4: ROCm q8 fp16 cache budget exhausted; using q8 kernels (request=64.00 MiB cached=0.00 GiB free=0.34 GiB reserve=1.59 GiB total=31.86 GiB)
ds4: ROCm q8 fp16 cache budget exhausted; using q8 kernels (request=64.00 MiB cached=0.00 GiB free=0.34 GiB reserve=1.59 GiB total=31.86 GiB)
ds4: ROCm q8 fp16 cache budget exhausted; using q8 kernels (request=64.00 MiB cached=0.00 GiB free=0.34 GiB reserve=1.59 GiB total=31.86 GiB)
ds4: ROCm q8 fp16 cache budget exhausted; using q8 kernels (request=64.00 MiB cached=0.00 GiB free=0.34 GiB reserve=1.59 GiB total=31.86 GiB)
ds4: ROCm q8 fp16 cache budget exhausted; using q8 kernels (request=64.00 MiB cached=0.00 GiB free=0.34 GiB reserve=1.59 GiB total=31.86 GiB)
case_010 cases=11 prompt=26 target=24 avg_nll=0.603989 lcp=0 api_target_mae=0.603989 api_top_coverage=96/120 api_top1=0.875 api_topn=0.240 api_pair=1.000
ds4: ROCm q8 fp16 cache budget exhausted; using q8 kernels (request=64.00 MiB cached=0.00 GiB free=0.34 GiB reserve=1.59 GiB total=31.86 GiB)
ds4: ROCm q8 fp16 cache budget exhausted; using q8 kernels (request=64.00 MiB cached=0.00 GiB free=0.34 GiB reserve=1.59 GiB total=31.86 GiB)
ds4: ROCm q8 fp16 cache budget exhausted; using q8 kernels (request=64.00 MiB cached=0.00 GiB free=0.34 GiB reserve=1.59 GiB total=31.86 GiB)
ds4: ROCm q8 fp16 cache budget exhausted; using q8 kernels (request=64.00 MiB cached=0.00 GiB free=0.34 GiB reserve=1.59 GiB total=31.86 GiB)
ds4: ROCm q8 fp16 cache budget exhausted; using q8 kernels (request=64.00 MiB cached=0.00 GiB free=0.34 GiB reserve=1.59 GiB total=31.86 GiB)
ds4: ROCm q8 fp16 cache budget exhausted; using q8 kernels (request=64.00 MiB cached=0.00 GiB free=0.34 GiB reserve=1.59 GiB total=31.86 GiB)
ds4: ROCm q8 fp16 cache budget exhausted; using q8 kernels (request=64.00 MiB cached=0.00 GiB free=0.34 GiB reserve=1.59 GiB total=31.86 GiB)
ds4: ROCm q8 fp16 cache budget exhausted; using q8 kernels (request=64.00 MiB cached=0.00 GiB free=0.34 GiB reserve=1.59 GiB total=31.86 GiB)
ds4: ROCm q8 fp16 cache budget exhausted; using q8 kernels (request=64.00 MiB cached=0.00 GiB free=0.34 GiB reserve=1.59 GiB total=31.86 GiB)
ds4: ROCm q8 fp16 cache budget exhausted; using q8 kernels (request=64.00 MiB cached=0.00 GiB free=0.34 GiB reserve=1.59 GiB total=31.86 GiB)
ds4: ROCm q8 fp16 cache budget exhausted; using q8 kernels (request=64.00 MiB cached=0.00 GiB free=0.34 GiB reserve=1.59 GiB total=31.86 GiB)
ds4: ROCm q8 fp16 cache budget exhausted; using q8 kernels (request=64.00 MiB cached=0.00 GiB free=0.34 GiB reserve=1.59 GiB total=31.86 GiB)
ds4: ROCm q8 fp16 cache budget exhausted; using q8 kernels (request=64.00 MiB cached=0.00 GiB free=0.34 GiB reserve=1.59 GiB total=31.86 GiB)
ds4: ROCm q8 fp16 cache budget exhausted; using q8 kernels (request=64.00 MiB cached=0.00 GiB free=0.34 GiB reserve=1.59 GiB total=31.86 GiB)
ds4: ROCm q8 fp16 cache budget exhausted; using q8 kernels (request=64.00 MiB cached=0.00 GiB free=0.34 GiB reserve=1.59 GiB total=31.86 GiB)
ds4: ROCm q8 fp16 cache budget exhausted; using q8 kernels (request=64.00 MiB cached=0.00 GiB free=0.34 GiB reserve=1.59 GiB total=31.86 GiB)
ds4: ROCm q8 fp16 cache budget exhausted; using q8 kernels (request=64.00 MiB cached=0.00 GiB free=0.34 GiB reserve=1.59 GiB total=31.86 GiB)
ds4: ROCm q8 fp16 cache budget exhausted; using q8 kernels (request=64.00 MiB cached=0.00 GiB free=0.34 GiB reserve=1.59 GiB total=31.86 GiB)
ds4: ROCm q8 fp16 cache budget exhausted; using q8 kernels (request=64.00 MiB cached=0.00 GiB free=0.34 GiB reserve=1.59 GiB total=31.86 GiB)
ds4: ROCm q8 fp16 cache budget exhausted; using q8 kernels (request=64.00 MiB cached=0.00 GiB free=0.34 GiB reserve=1.59 GiB total=31.86 GiB)
ds4: ROCm q8 fp16 cache budget exhausted; using q8 kernels (request=64.00 MiB cached=0.00 GiB free=0.34 GiB reserve=1.59 GiB total=31.86 GiB)
ds4: ROCm q8 fp16 cache budget exhausted; using q8 kernels (request=64.00 MiB cached=0.00 GiB free=0.34 GiB reserve=1.59 GiB total=31.86 GiB)
ds4: ROCm q8 fp16 cache budget exhausted; using q8 kernels (request=64.00 MiB cached=0.00 GiB free=0.34 GiB reserve=1.59 GiB total=31.86 GiB)
ds4: ROCm q8 fp16 cache budget exhausted; using q8 kernels (request=64.00 MiB cached=0.00 GiB free=0.34 GiB reserve=1.59 GiB total=31.86 GiB)
ds4: ROCm q8 fp16 cache budget exhausted; using q8 kernels (request=64.00 MiB cached=0.00 GiB free=0.34 GiB reserve=1.59 GiB total=31.86 GiB)
ds4: ROCm q8 fp16 cache budget exhausted; using q8 kernels (request=64.00 MiB cached=0.00 GiB free=0.34 GiB reserve=1.59 GiB total=31.86 GiB)
ds4: ROCm q8 fp16 cache budget exhausted; using q8 kernels (request=64.00 MiB cached=0.00 GiB free=0.34 GiB reserve=1.59 GiB total=31.86 GiB)
ds4: ROCm q8 fp16 cache budget exhausted; using q8 kernels (request=64.00 MiB cached=0.00 GiB free=0.34 GiB reserve=1.59 GiB total=31.86 GiB)
ds4: ROCm q8 fp16 cache budget exhausted; using q8 kernels (request=64.00 MiB cached=0.00 GiB free=0.34 GiB reserve=1.59 GiB total=31.86 GiB)
ds4: ROCm q8 fp16 cache budget exhausted; using q8 kernels (request=64.00 MiB cached=0.00 GiB free=0.34 GiB reserve=1.59 GiB total=31.86 GiB)
ds4: ROCm q8 fp16 cache budget exhausted; using q8 kernels (request=64.00 MiB cached=0.00 GiB free=0.34 GiB reserve=1.59 GiB total=31.86 GiB)
ds4: ROCm q8 fp16 cache budget exhausted; using q8 kernels (request=64.00 MiB cached=0.00 GiB free=0.34 GiB reserve=1.59 GiB total=31.86 GiB)
ds4: ROCm q8 fp16 cache budget exhausted; using q8 kernels (request=64.00 MiB cached=0.00 GiB free=0.34 GiB reserve=1.59 GiB total=31.86 GiB)
ds4: ROCm q8 fp16 cache budget exhausted; using q8 kernels (request=64.00 MiB cached=0.00 GiB free=0.34 GiB reserve=1.59 GiB total=31.86 GiB)
ds4: ROCm q8 fp16 cache budget exhausted; using q8 kernels (request=64.00 MiB cached=0.00 GiB free=0.34 GiB reserve=1.59 GiB total=31.86 GiB)
ds4: ROCm q8 fp16 cache budget exhausted; using q8 kernels (request=64.00 MiB cached=0.00 GiB free=0.34 GiB reserve=1.59 GiB total=31.86 GiB)
ds4: ROCm q8 fp16 cache budget exhausted; using q8 kernels (request=64.00 MiB cached=0.00 GiB free=0.34 GiB reserve=1.59 GiB total=31.86 GiB)
ds4: ROCm q8 fp16 cache budget exhausted; using q8 kernels (request=64.00 MiB cached=0.00 GiB free=0.34 GiB reserve=1.59 GiB total=31.86 GiB)
ds4: ROCm q8 fp16 cache budget exhausted; using q8 kernels (request=64.00 MiB cached=0.00 GiB free=0.34 GiB reserve=1.59 GiB total=31.86 GiB)
ds4: ROCm q8 fp16 cache budget exhausted; using q8 kernels (request=64.00 MiB cached=0.00 GiB free=0.34 GiB reserve=1.59 GiB total=31.86 GiB)
ds4: ROCm q8 fp16 cache budget exhausted; using q8 kernels (request=64.00 MiB cached=0.00 GiB free=0.34 GiB reserve=1.59 GiB total=31.86 GiB)
ds4: ROCm q8 fp16 cache budget exhausted; using q8 kernels (request=64.00 MiB cached=0.00 GiB free=0.34 GiB reserve=1.59 GiB total=31.86 GiB)
ds4: ROCm q8 fp16 cache budget exhausted; using q8 kernels (request=64.00 MiB cached=0.00 GiB free=0.34 GiB reserve=1.59 GiB total=31.86 GiB)
case_011 cases=12 prompt=21 target=24 avg_nll=0.400870 lcp=4 api_target_mae=0.400870 api_top_coverage=98/120 api_top1=0.792 api_topn=0.245 api_pair=1.000
ds4: ROCm q8 fp16 cache budget exhausted; using q8 kernels (request=64.00 MiB cached=0.00 GiB free=0.34 GiB reserve=1.59 GiB total=31.86 GiB)
ds4: ROCm q8 fp16 cache budget exhausted; using q8 kernels (request=64.00 MiB cached=0.00 GiB free=0.34 GiB reserve=1.59 GiB total=31.86 GiB)
ds4: ROCm q8 fp16 cache budget exhausted; using q8 kernels (request=64.00 MiB cached=0.00 GiB free=0.34 GiB reserve=1.59 GiB total=31.86 GiB)
ds4: ROCm q8 fp16 cache budget exhausted; using q8 kernels (request=64.00 MiB cached=0.00 GiB free=0.34 GiB reserve=1.59 GiB total=31.86 GiB)
ds4: ROCm q8 fp16 cache budget exhausted; using q8 kernels (request=64.00 MiB cached=0.00 GiB free=0.34 GiB reserve=1.59 GiB total=31.86 GiB)
ds4: ROCm q8 fp16 cache budget exhausted; using q8 kernels (request=64.00 MiB cached=0.00 GiB free=0.34 GiB reserve=1.59 GiB total=31.86 GiB)
ds4: ROCm q8 fp16 cache budget exhausted; using q8 kernels (request=64.00 MiB cached=0.00 GiB free=0.34 GiB reserve=1.59 GiB total=31.86 GiB)
ds4: ROCm q8 fp16 cache budget exhausted; using q8 kernels (request=64.00 MiB cached=0.00 GiB free=0.34 GiB reserve=1.59 GiB total=31.86 GiB)
ds4: ROCm q8 fp16 cache budget exhausted; using q8 kernels (request=64.00 MiB cached=0.00 GiB free=0.34 GiB reserve=1.59 GiB total=31.86 GiB)
ds4: ROCm q8 fp16 cache budget exhausted; using q8 kernels (request=64.00 MiB cached=0.00 GiB free=0.34 GiB reserve=1.59 GiB total=31.86 GiB)
ds4: ROCm q8 fp16 cache budget exhausted; using q8 kernels (request=64.00 MiB cached=0.00 GiB free=0.34 GiB reserve=1.59 GiB total=31.86 GiB)
ds4: ROCm q8 fp16 cache budget exhausted; using q8 kernels (request=64.00 MiB cached=0.00 GiB free=0.34 GiB reserve=1.59 GiB total=31.86 GiB)
ds4: ROCm q8 fp16 cache budget exhausted; using q8 kernels (request=64.00 MiB cached=0.00 GiB free=0.34 GiB reserve=1.59 GiB total=31.86 GiB)
ds4: ROCm q8 fp16 cache budget exhausted; using q8 kernels (request=64.00 MiB cached=0.00 GiB free=0.34 GiB reserve=1.59 GiB total=31.86 GiB)
ds4: ROCm q8 fp16 cache budget exhausted; using q8 kernels (request=64.00 MiB cached=0.00 GiB free=0.34 GiB reserve=1.59 GiB total=31.86 GiB)
ds4: ROCm q8 fp16 cache budget exhausted; using q8 kernels (request=64.00 MiB cached=0.00 GiB free=0.34 GiB reserve=1.59 GiB total=31.86 GiB)
ds4: ROCm q8 fp16 cache budget exhausted; using q8 kernels (request=64.00 MiB cached=0.00 GiB free=0.34 GiB reserve=1.59 GiB total=31.86 GiB)
ds4: ROCm q8 fp16 cache budget exhausted; using q8 kernels (request=64.00 MiB cached=0.00 GiB free=0.34 GiB reserve=1.59 GiB total=31.86 GiB)
ds4: ROCm q8 fp16 cache budget exhausted; using q8 kernels (request=64.00 MiB cached=0.00 GiB free=0.34 GiB reserve=1.59 GiB total=31.86 GiB)
ds4: ROCm q8 fp16 cache budget exhausted; using q8 kernels (request=64.00 MiB cached=0.00 GiB free=0.34 GiB reserve=1.59 GiB total=31.86 GiB)
ds4: ROCm q8 fp16 cache budget exhausted; using q8 kernels (request=64.00 MiB cached=0.00 GiB free=0.34 GiB reserve=1.59 GiB total=31.86 GiB)
ds4: ROCm q8 fp16 cache budget exhausted; using q8 kernels (request=64.00 MiB cached=0.00 GiB free=0.34 GiB reserve=1.59 GiB total=31.86 GiB)
ds4: ROCm q8 fp16 cache budget exhausted; using q8 kernels (request=64.00 MiB cached=0.00 GiB free=0.34 GiB reserve=1.59 GiB total=31.86 GiB)
ds4: ROCm q8 fp16 cache budget exhausted; using q8 kernels (request=64.00 MiB cached=0.00 GiB free=0.34 GiB reserve=1.59 GiB total=31.86 GiB)
ds4: ROCm q8 fp16 cache budget exhausted; using q8 kernels (request=64.00 MiB cached=0.00 GiB free=0.34 GiB reserve=1.59 GiB total=31.86 GiB)
ds4: ROCm q8 fp16 cache budget exhausted; using q8 kernels (request=64.00 MiB cached=0.00 GiB free=0.34 GiB reserve=1.59 GiB total=31.86 GiB)
ds4: ROCm q8 fp16 cache budget exhausted; using q8 kernels (request=64.00 MiB cached=0.00 GiB free=0.34 GiB reserve=1.59 GiB total=31.86 GiB)
ds4: ROCm q8 fp16 cache budget exhausted; using q8 kernels (request=64.00 MiB cached=0.00 GiB free=0.34 GiB reserve=1.59 GiB total=31.86 GiB)
ds4: ROCm q8 fp16 cache budget exhausted; using q8 kernels (request=64.00 MiB cached=0.00 GiB free=0.34 GiB reserve=1.59 GiB total=31.86 GiB)
ds4: ROCm q8 fp16 cache budget exhausted; using q8 kernels (request=64.00 MiB cached=0.00 GiB free=0.34 GiB reserve=1.59 GiB total=31.86 GiB)
ds4: ROCm q8 fp16 cache budget exhausted; using q8 kernels (request=64.00 MiB cached=0.00 GiB free=0.34 GiB reserve=1.59 GiB total=31.86 GiB)
ds4: ROCm q8 fp16 cache budget exhausted; using q8 kernels (request=64.00 MiB cached=0.00 GiB free=0.34 GiB reserve=1.59 GiB total=31.86 GiB)
ds4: ROCm q8 fp16 cache budget exhausted; using q8 kernels (request=64.00 MiB cached=0.00 GiB free=0.34 GiB reserve=1.59 GiB total=31.86 GiB)
ds4: ROCm q8 fp16 cache budget exhausted; using q8 kernels (request=64.00 MiB cached=0.00 GiB free=0.34 GiB reserve=1.59 GiB total=31.86 GiB)
ds4: ROCm q8 fp16 cache budget exhausted; using q8 kernels (request=64.00 MiB cached=0.00 GiB free=0.34 GiB reserve=1.59 GiB total=31.86 GiB)
ds4: ROCm q8 fp16 cache budget exhausted; using q8 kernels (request=64.00 MiB cached=0.00 GiB free=0.34 GiB reserve=1.59 GiB total=31.86 GiB)
ds4: ROCm q8 fp16 cache budget exhausted; using q8 kernels (request=64.00 MiB cached=0.00 GiB free=0.34 GiB reserve=1.59 GiB total=31.86 GiB)
ds4: ROCm q8 fp16 cache budget exhausted; using q8 kernels (request=64.00 MiB cached=0.00 GiB free=0.34 GiB reserve=1.59 GiB total=31.86 GiB)
ds4: ROCm q8 fp16 cache budget exhausted; using q8 kernels (request=64.00 MiB cached=0.00 GiB free=0.34 GiB reserve=1.59 GiB total=31.86 GiB)
ds4: ROCm q8 fp16 cache budget exhausted; using q8 kernels (request=64.00 MiB cached=0.00 GiB free=0.34 GiB reserve=1.59 GiB total=31.86 GiB)
ds4: ROCm q8 fp16 cache budget exhausted; using q8 kernels (request=64.00 MiB cached=0.00 GiB free=0.34 GiB reserve=1.59 GiB total=31.86 GiB)
ds4: ROCm q8 fp16 cache budget exhausted; using q8 kernels (request=64.00 MiB cached=0.00 GiB free=0.34 GiB reserve=1.59 GiB total=31.86 GiB)
ds4: ROCm q8 fp16 cache budget exhausted; using q8 kernels (request=64.00 MiB cached=0.00 GiB free=0.34 GiB reserve=1.59 GiB total=31.86 GiB)
case_012 cases=13 prompt=22 target=24 avg_nll=0.865115 lcp=0 api_target_mae=0.865115 api_top_coverage=100/120 api_top1=0.750 api_topn=0.250 api_pair=0.987
ds4: ROCm q8 fp16 cache budget exhausted; using q8 kernels (request=64.00 MiB cached=0.00 GiB free=0.34 GiB reserve=1.59 GiB total=31.86 GiB)
ds4: ROCm q8 fp16 cache budget exhausted; using q8 kernels (request=64.00 MiB cached=0.00 GiB free=0.34 GiB reserve=1.59 GiB total=31.86 GiB)
ds4: ROCm q8 fp16 cache budget exhausted; using q8 kernels (request=64.00 MiB cached=0.00 GiB free=0.34 GiB reserve=1.59 GiB total=31.86 GiB)
ds4: ROCm q8 fp16 cache budget exhausted; using q8 kernels (request=64.00 MiB cached=0.00 GiB free=0.34 GiB reserve=1.59 GiB total=31.86 GiB)
ds4: ROCm q8 fp16 cache budget exhausted; using q8 kernels (request=64.00 MiB cached=0.00 GiB free=0.34 GiB reserve=1.59 GiB total=31.86 GiB)
ds4: ROCm q8 fp16 cache budget exhausted; using q8 kernels (request=64.00 MiB cached=0.00 GiB free=0.34 GiB reserve=1.59 GiB total=31.86 GiB)
ds4: ROCm q8 fp16 cache budget exhausted; using q8 kernels (request=64.00 MiB cached=0.00 GiB free=0.34 GiB reserve=1.59 GiB total=31.86 GiB)
ds4: ROCm q8 fp16 cache budget exhausted; using q8 kernels (request=64.00 MiB cached=0.00 GiB free=0.34 GiB reserve=1.59 GiB total=31.86 GiB)
ds4: ROCm q8 fp16 cache budget exhausted; using q8 kernels (request=64.00 MiB cached=0.00 GiB free=0.34 GiB reserve=1.59 GiB total=31.86 GiB)
ds4: ROCm q8 fp16 cache budget exhausted; using q8 kernels (request=64.00 MiB cached=0.00 GiB free=0.34 GiB reserve=1.59 GiB total=31.86 GiB)
ds4: ROCm q8 fp16 cache budget exhausted; using q8 kernels (request=64.00 MiB cached=0.00 GiB free=0.34 GiB reserve=1.59 GiB total=31.86 GiB)
ds4: ROCm q8 fp16 cache budget exhausted; using q8 kernels (request=64.00 MiB cached=0.00 GiB free=0.34 GiB reserve=1.59 GiB total=31.86 GiB)
ds4: ROCm q8 fp16 cache budget exhausted; using q8 kernels (request=64.00 MiB cached=0.00 GiB free=0.34 GiB reserve=1.59 GiB total=31.86 GiB)
ds4: ROCm q8 fp16 cache budget exhausted; using q8 kernels (request=64.00 MiB cached=0.00 GiB free=0.34 GiB reserve=1.59 GiB total=31.86 GiB)
ds4: ROCm q8 fp16 cache budget exhausted; using q8 kernels (request=64.00 MiB cached=0.00 GiB free=0.34 GiB reserve=1.59 GiB total=31.86 GiB)
ds4: ROCm q8 fp16 cache budget exhausted; using q8 kernels (request=64.00 MiB cached=0.00 GiB free=0.34 GiB reserve=1.59 GiB total=31.86 GiB)
ds4: ROCm q8 fp16 cache budget exhausted; using q8 kernels (request=64.00 MiB cached=0.00 GiB free=0.34 GiB reserve=1.59 GiB total=31.86 GiB)
ds4: ROCm q8 fp16 cache budget exhausted; using q8 kernels (request=64.00 MiB cached=0.00 GiB free=0.34 GiB reserve=1.59 GiB total=31.86 GiB)
ds4: ROCm q8 fp16 cache budget exhausted; using q8 kernels (request=64.00 MiB cached=0.00 GiB free=0.34 GiB reserve=1.59 GiB total=31.86 GiB)
ds4: ROCm q8 fp16 cache budget exhausted; using q8 kernels (request=64.00 MiB cached=0.00 GiB free=0.34 GiB reserve=1.59 GiB total=31.86 GiB)
ds4: ROCm q8 fp16 cache budget exhausted; using q8 kernels (request=64.00 MiB cached=0.00 GiB free=0.34 GiB reserve=1.59 GiB total=31.86 GiB)
ds4: ROCm q8 fp16 cache budget exhausted; using q8 kernels (request=64.00 MiB cached=0.00 GiB free=0.34 GiB reserve=1.59 GiB total=31.86 GiB)
ds4: ROCm q8 fp16 cache budget exhausted; using q8 kernels (request=64.00 MiB cached=0.00 GiB free=0.34 GiB reserve=1.59 GiB total=31.86 GiB)
ds4: ROCm q8 fp16 cache budget exhausted; using q8 kernels (request=64.00 MiB cached=0.00 GiB free=0.34 GiB reserve=1.59 GiB total=31.86 GiB)
ds4: ROCm q8 fp16 cache budget exhausted; using q8 kernels (request=64.00 MiB cached=0.00 GiB free=0.34 GiB reserve=1.59 GiB total=31.86 GiB)
ds4: ROCm q8 fp16 cache budget exhausted; using q8 kernels (request=64.00 MiB cached=0.00 GiB free=0.34 GiB reserve=1.59 GiB total=31.86 GiB)
ds4: ROCm q8 fp16 cache budget exhausted; using q8 kernels (request=64.00 MiB cached=0.00 GiB free=0.34 GiB reserve=1.59 GiB total=31.86 GiB)
ds4: ROCm q8 fp16 cache budget exhausted; using q8 kernels (request=64.00 MiB cached=0.00 GiB free=0.34 GiB reserve=1.59 GiB total=31.86 GiB)
ds4: ROCm q8 fp16 cache budget exhausted; using q8 kernels (request=64.00 MiB cached=0.00 GiB free=0.34 GiB reserve=1.59 GiB total=31.86 GiB)
ds4: ROCm q8 fp16 cache budget exhausted; using q8 kernels (request=64.00 MiB cached=0.00 GiB free=0.34 GiB reserve=1.59 GiB total=31.86 GiB)
ds4: ROCm q8 fp16 cache budget exhausted; using q8 kernels (request=64.00 MiB cached=0.00 GiB free=0.34 GiB reserve=1.59 GiB total=31.86 GiB)
ds4: ROCm q8 fp16 cache budget exhausted; using q8 kernels (request=64.00 MiB cached=0.00 GiB free=0.34 GiB reserve=1.59 GiB total=31.86 GiB)
ds4: ROCm q8 fp16 cache budget exhausted; using q8 kernels (request=64.00 MiB cached=0.00 GiB free=0.34 GiB reserve=1.59 GiB total=31.86 GiB)
ds4: ROCm q8 fp16 cache budget exhausted; using q8 kernels (request=64.00 MiB cached=0.00 GiB free=0.34 GiB reserve=1.59 GiB total=31.86 GiB)
ds4: ROCm q8 fp16 cache budget exhausted; using q8 kernels (request=64.00 MiB cached=0.00 GiB free=0.34 GiB reserve=1.59 GiB total=31.86 GiB)
ds4: ROCm q8 fp16 cache budget exhausted; using q8 kernels (request=64.00 MiB cached=0.00 GiB free=0.34 GiB reserve=1.59 GiB total=31.86 GiB)
ds4: ROCm q8 fp16 cache budget exhausted; using q8 kernels (request=64.00 MiB cached=0.00 GiB free=0.34 GiB reserve=1.59 GiB total=31.86 GiB)
ds4: ROCm q8 fp16 cache budget exhausted; using q8 kernels (request=64.00 MiB cached=0.00 GiB free=0.34 GiB reserve=1.59 GiB total=31.86 GiB)
ds4: ROCm q8 fp16 cache budget exhausted; using q8 kernels (request=64.00 MiB cached=0.00 GiB free=0.34 GiB reserve=1.59 GiB total=31.86 GiB)
ds4: ROCm q8 fp16 cache budget exhausted; using q8 kernels (request=64.00 MiB cached=0.00 GiB free=0.34 GiB reserve=1.59 GiB total=31.86 GiB)
ds4: ROCm q8 fp16 cache budget exhausted; using q8 kernels (request=64.00 MiB cached=0.00 GiB free=0.34 GiB reserve=1.59 GiB total=31.86 GiB)
ds4: ROCm q8 fp16 cache budget exhausted; using q8 kernels (request=64.00 MiB cached=0.00 GiB free=0.34 GiB reserve=1.59 GiB total=31.86 GiB)
ds4: ROCm q8 fp16 cache budget exhausted; using q8 kernels (request=64.00 MiB cached=0.00 GiB free=0.34 GiB reserve=1.59 GiB total=31.86 GiB)
case_013 cases=14 prompt=22 target=24 avg_nll=0.573077 lcp=0 api_target_mae=0.573077 api_top_coverage=97/120 api_top1=0.833 api_topn=0.289 api_pair=0.945
ds4: ROCm q8 fp16 cache budget exhausted; using q8 kernels (request=64.00 MiB cached=0.00 GiB free=0.34 GiB reserve=1.59 GiB total=31.86 GiB)
ds4: ROCm q8 fp16 cache budget exhausted; using q8 kernels (request=64.00 MiB cached=0.00 GiB free=0.34 GiB reserve=1.59 GiB total=31.86 GiB)
ds4: ROCm q8 fp16 cache budget exhausted; using q8 kernels (request=64.00 MiB cached=0.00 GiB free=0.34 GiB reserve=1.59 GiB total=31.86 GiB)
ds4: ROCm q8 fp16 cache budget exhausted; using q8 kernels (request=64.00 MiB cached=0.00 GiB free=0.34 GiB reserve=1.59 GiB total=31.86 GiB)
ds4: ROCm q8 fp16 cache budget exhausted; using q8 kernels (request=64.00 MiB cached=0.00 GiB free=0.34 GiB reserve=1.59 GiB total=31.86 GiB)
ds4: ROCm q8 fp16 cache budget exhausted; using q8 kernels (request=64.00 MiB cached=0.00 GiB free=0.34 GiB reserve=1.59 GiB total=31.86 GiB)
ds4: ROCm q8 fp16 cache budget exhausted; using q8 kernels (request=64.00 MiB cached=0.00 GiB free=0.34 GiB reserve=1.59 GiB total=31.86 GiB)
ds4: ROCm q8 fp16 cache budget exhausted; using q8 kernels (request=64.00 MiB cached=0.00 GiB free=0.34 GiB reserve=1.59 GiB total=31.86 GiB)
ds4: ROCm q8 fp16 cache budget exhausted; using q8 kernels (request=64.00 MiB cached=0.00 GiB free=0.34 GiB reserve=1.59 GiB total=31.86 GiB)
ds4: ROCm q8 fp16 cache budget exhausted; using q8 kernels (request=64.00 MiB cached=0.00 GiB free=0.34 GiB reserve=1.59 GiB total=31.86 GiB)
ds4: ROCm q8 fp16 cache budget exhausted; using q8 kernels (request=64.00 MiB cached=0.00 GiB free=0.34 GiB reserve=1.59 GiB total=31.86 GiB)
ds4: ROCm q8 fp16 cache budget exhausted; using q8 kernels (request=64.00 MiB cached=0.00 GiB free=0.34 GiB reserve=1.59 GiB total=31.86 GiB)
ds4: ROCm q8 fp16 cache budget exhausted; using q8 kernels (request=64.00 MiB cached=0.00 GiB free=0.34 GiB reserve=1.59 GiB total=31.86 GiB)
ds4: ROCm q8 fp16 cache budget exhausted; using q8 kernels (request=64.00 MiB cached=0.00 GiB free=0.34 GiB reserve=1.59 GiB total=31.86 GiB)
ds4: ROCm q8 fp16 cache budget exhausted; using q8 kernels (request=64.00 MiB cached=0.00 GiB free=0.34 GiB reserve=1.59 GiB total=31.86 GiB)
ds4: ROCm q8 fp16 cache budget exhausted; using q8 kernels (request=64.00 MiB cached=0.00 GiB free=0.34 GiB reserve=1.59 GiB total=31.86 GiB)
ds4: ROCm q8 fp16 cache budget exhausted; using q8 kernels (request=64.00 MiB cached=0.00 GiB free=0.34 GiB reserve=1.59 GiB total=31.86 GiB)
ds4: ROCm q8 fp16 cache budget exhausted; using q8 kernels (request=64.00 MiB cached=0.00 GiB free=0.34 GiB reserve=1.59 GiB total=31.86 GiB)
ds4: ROCm q8 fp16 cache budget exhausted; using q8 kernels (request=64.00 MiB cached=0.00 GiB free=0.34 GiB reserve=1.59 GiB total=31.86 GiB)
ds4: ROCm q8 fp16 cache budget exhausted; using q8 kernels (request=64.00 MiB cached=0.00 GiB free=0.34 GiB reserve=1.59 GiB total=31.86 GiB)
ds4: ROCm q8 fp16 cache budget exhausted; using q8 kernels (request=64.00 MiB cached=0.00 GiB free=0.34 GiB reserve=1.59 GiB total=31.86 GiB)
ds4: ROCm q8 fp16 cache budget exhausted; using q8 kernels (request=64.00 MiB cached=0.00 GiB free=0.34 GiB reserve=1.59 GiB total=31.86 GiB)
ds4: ROCm q8 fp16 cache budget exhausted; using q8 kernels (request=64.00 MiB cached=0.00 GiB free=0.34 GiB reserve=1.59 GiB total=31.86 GiB)
ds4: ROCm q8 fp16 cache budget exhausted; using q8 kernels (request=64.00 MiB cached=0.00 GiB free=0.34 GiB reserve=1.59 GiB total=31.86 GiB)
ds4: ROCm q8 fp16 cache budget exhausted; using q8 kernels (request=64.00 MiB cached=0.00 GiB free=0.34 GiB reserve=1.59 GiB total=31.86 GiB)
ds4: ROCm q8 fp16 cache budget exhausted; using q8 kernels (request=64.00 MiB cached=0.00 GiB free=0.34 GiB reserve=1.59 GiB total=31.86 GiB)
ds4: ROCm q8 fp16 cache budget exhausted; using q8 kernels (request=64.00 MiB cached=0.00 GiB free=0.34 GiB reserve=1.59 GiB total=31.86 GiB)
ds4: ROCm q8 fp16 cache budget exhausted; using q8 kernels (request=64.00 MiB cached=0.00 GiB free=0.34 GiB reserve=1.59 GiB total=31.86 GiB)
ds4: ROCm q8 fp16 cache budget exhausted; using q8 kernels (request=64.00 MiB cached=0.00 GiB free=0.34 GiB reserve=1.59 GiB total=31.86 GiB)
ds4: ROCm q8 fp16 cache budget exhausted; using q8 kernels (request=64.00 MiB cached=0.00 GiB free=0.34 GiB reserve=1.59 GiB total=31.86 GiB)
ds4: ROCm q8 fp16 cache budget exhausted; using q8 kernels (request=64.00 MiB cached=0.00 GiB free=0.34 GiB reserve=1.59 GiB total=31.86 GiB)
ds4: ROCm q8 fp16 cache budget exhausted; using q8 kernels (request=64.00 MiB cached=0.00 GiB free=0.34 GiB reserve=1.59 GiB total=31.86 GiB)
ds4: ROCm q8 fp16 cache budget exhausted; using q8 kernels (request=64.00 MiB cached=0.00 GiB free=0.34 GiB reserve=1.59 GiB total=31.86 GiB)
ds4: ROCm q8 fp16 cache budget exhausted; using q8 kernels (request=64.00 MiB cached=0.00 GiB free=0.34 GiB reserve=1.59 GiB total=31.86 GiB)
ds4: ROCm q8 fp16 cache budget exhausted; using q8 kernels (request=64.00 MiB cached=0.00 GiB free=0.34 GiB reserve=1.59 GiB total=31.86 GiB)
ds4: ROCm q8 fp16 cache budget exhausted; using q8 kernels (request=64.00 MiB cached=0.00 GiB free=0.34 GiB reserve=1.59 GiB total=31.86 GiB)
ds4: ROCm q8 fp16 cache budget exhausted; using q8 kernels (request=64.00 MiB cached=0.00 GiB free=0.34 GiB reserve=1.59 GiB total=31.86 GiB)
ds4: ROCm q8 fp16 cache budget exhausted; using q8 kernels (request=64.00 MiB cached=0.00 GiB free=0.34 GiB reserve=1.59 GiB total=31.86 GiB)
ds4: ROCm q8 fp16 cache budget exhausted; using q8 kernels (request=64.00 MiB cached=0.00 GiB free=0.34 GiB reserve=1.59 GiB total=31.86 GiB)
ds4: ROCm q8 fp16 cache budget exhausted; using q8 kernels (request=64.00 MiB cached=0.00 GiB free=0.34 GiB reserve=1.59 GiB total=31.86 GiB)
ds4: ROCm q8 fp16 cache budget exhausted; using q8 kernels (request=64.00 MiB cached=0.00 GiB free=0.34 GiB reserve=1.59 GiB total=31.86 GiB)
ds4: ROCm q8 fp16 cache budget exhausted; using q8 kernels (request=64.00 MiB cached=0.00 GiB free=0.34 GiB reserve=1.59 GiB total=31.86 GiB)
ds4: ROCm q8 fp16 cache budget exhausted; using q8 kernels (request=64.00 MiB cached=0.00 GiB free=0.34 GiB reserve=1.59 GiB total=31.86 GiB)
case_014 cases=15 prompt=21 target=24 avg_nll=0.556005 lcp=0 api_target_mae=0.556005 api_top_coverage=98/120 api_top1=0.708 api_topn=0.286 api_pair=0.986
ds4: ROCm q8 fp16 cache budget exhausted; using q8 kernels (request=64.00 MiB cached=0.00 GiB free=0.34 GiB reserve=1.59 GiB total=31.86 GiB)
ds4: ROCm q8 fp16 cache budget exhausted; using q8 kernels (request=64.00 MiB cached=0.00 GiB free=0.34 GiB reserve=1.59 GiB total=31.86 GiB)
ds4: ROCm q8 fp16 cache budget exhausted; using q8 kernels (request=64.00 MiB cached=0.00 GiB free=0.34 GiB reserve=1.59 GiB total=31.86 GiB)
ds4: ROCm q8 fp16 cache budget exhausted; using q8 kernels (request=64.00 MiB cached=0.00 GiB free=0.34 GiB reserve=1.59 GiB total=31.86 GiB)
ds4: ROCm q8 fp16 cache budget exhausted; using q8 kernels (request=64.00 MiB cached=0.00 GiB free=0.34 GiB reserve=1.59 GiB total=31.86 GiB)
ds4: ROCm q8 fp16 cache budget exhausted; using q8 kernels (request=64.00 MiB cached=0.00 GiB free=0.34 GiB reserve=1.59 GiB total=31.86 GiB)
ds4: ROCm q8 fp16 cache budget exhausted; using q8 kernels (request=64.00 MiB cached=0.00 GiB free=0.34 GiB reserve=1.59 GiB total=31.86 GiB)
ds4: ROCm q8 fp16 cache budget exhausted; using q8 kernels (request=64.00 MiB cached=0.00 GiB free=0.34 GiB reserve=1.59 GiB total=31.86 GiB)
ds4: ROCm q8 fp16 cache budget exhausted; using q8 kernels (request=64.00 MiB cached=0.00 GiB free=0.34 GiB reserve=1.59 GiB total=31.86 GiB)
ds4: ROCm q8 fp16 cache budget exhausted; using q8 kernels (request=64.00 MiB cached=0.00 GiB free=0.34 GiB reserve=1.59 GiB total=31.86 GiB)
ds4: ROCm q8 fp16 cache budget exhausted; using q8 kernels (request=64.00 MiB cached=0.00 GiB free=0.34 GiB reserve=1.59 GiB total=31.86 GiB)
ds4: ROCm q8 fp16 cache budget exhausted; using q8 kernels (request=64.00 MiB cached=0.00 GiB free=0.34 GiB reserve=1.59 GiB total=31.86 GiB)
ds4: ROCm q8 fp16 cache budget exhausted; using q8 kernels (request=64.00 MiB cached=0.00 GiB free=0.34 GiB reserve=1.59 GiB total=31.86 GiB)
ds4: ROCm q8 fp16 cache budget exhausted; using q8 kernels (request=64.00 MiB cached=0.00 GiB free=0.34 GiB reserve=1.59 GiB total=31.86 GiB)
ds4: ROCm q8 fp16 cache budget exhausted; using q8 kernels (request=64.00 MiB cached=0.00 GiB free=0.34 GiB reserve=1.59 GiB total=31.86 GiB)
ds4: ROCm q8 fp16 cache budget exhausted; using q8 kernels (request=64.00 MiB cached=0.00 GiB free=0.34 GiB reserve=1.59 GiB total=31.86 GiB)
ds4: ROCm q8 fp16 cache budget exhausted; using q8 kernels (request=64.00 MiB cached=0.00 GiB free=0.34 GiB reserve=1.59 GiB total=31.86 GiB)
ds4: ROCm q8 fp16 cache budget exhausted; using q8 kernels (request=64.00 MiB cached=0.00 GiB free=0.34 GiB reserve=1.59 GiB total=31.86 GiB)
ds4: ROCm q8 fp16 cache budget exhausted; using q8 kernels (request=64.00 MiB cached=0.00 GiB free=0.34 GiB reserve=1.59 GiB total=31.86 GiB)
ds4: ROCm q8 fp16 cache budget exhausted; using q8 kernels (request=64.00 MiB cached=0.00 GiB free=0.34 GiB reserve=1.59 GiB total=31.86 GiB)
ds4: ROCm q8 fp16 cache budget exhausted; using q8 kernels (request=64.00 MiB cached=0.00 GiB free=0.34 GiB reserve=1.59 GiB total=31.86 GiB)
ds4: ROCm q8 fp16 cache budget exhausted; using q8 kernels (request=64.00 MiB cached=0.00 GiB free=0.34 GiB reserve=1.59 GiB total=31.86 GiB)
ds4: ROCm q8 fp16 cache budget exhausted; using q8 kernels (request=64.00 MiB cached=0.00 GiB free=0.34 GiB reserve=1.59 GiB total=31.86 GiB)
ds4: ROCm q8 fp16 cache budget exhausted; using q8 kernels (request=64.00 MiB cached=0.00 GiB free=0.34 GiB reserve=1.59 GiB total=31.86 GiB)
ds4: ROCm q8 fp16 cache budget exhausted; using q8 kernels (request=64.00 MiB cached=0.00 GiB free=0.34 GiB reserve=1.59 GiB total=31.86 GiB)
ds4: ROCm q8 fp16 cache budget exhausted; using q8 kernels (request=64.00 MiB cached=0.00 GiB free=0.34 GiB reserve=1.59 GiB total=31.86 GiB)
ds4: ROCm q8 fp16 cache budget exhausted; using q8 kernels (request=64.00 MiB cached=0.00 GiB free=0.34 GiB reserve=1.59 GiB total=31.86 GiB)
ds4: ROCm q8 fp16 cache budget exhausted; using q8 kernels (request=64.00 MiB cached=0.00 GiB free=0.34 GiB reserve=1.59 GiB total=31.86 GiB)
ds4: ROCm q8 fp16 cache budget exhausted; using q8 kernels (request=64.00 MiB cached=0.00 GiB free=0.34 GiB reserve=1.59 GiB total=31.86 GiB)
ds4: ROCm q8 fp16 cache budget exhausted; using q8 kernels (request=64.00 MiB cached=0.00 GiB free=0.34 GiB reserve=1.59 GiB total=31.86 GiB)
ds4: ROCm q8 fp16 cache budget exhausted; using q8 kernels (request=64.00 MiB cached=0.00 GiB free=0.34 GiB reserve=1.59 GiB total=31.86 GiB)
ds4: ROCm q8 fp16 cache budget exhausted; using q8 kernels (request=64.00 MiB cached=0.00 GiB free=0.34 GiB reserve=1.59 GiB total=31.86 GiB)
ds4: ROCm q8 fp16 cache budget exhausted; using q8 kernels (request=64.00 MiB cached=0.00 GiB free=0.34 GiB reserve=1.59 GiB total=31.86 GiB)
ds4: ROCm q8 fp16 cache budget exhausted; using q8 kernels (request=64.00 MiB cached=0.00 GiB free=0.34 GiB reserve=1.59 GiB total=31.86 GiB)
ds4: ROCm q8 fp16 cache budget exhausted; using q8 kernels (request=64.00 MiB cached=0.00 GiB free=0.34 GiB reserve=1.59 GiB total=31.86 GiB)
ds4: ROCm q8 fp16 cache budget exhausted; using q8 kernels (request=64.00 MiB cached=0.00 GiB free=0.34 GiB reserve=1.59 GiB total=31.86 GiB)
ds4: ROCm q8 fp16 cache budget exhausted; using q8 kernels (request=64.00 MiB cached=0.00 GiB free=0.34 GiB reserve=1.59 GiB total=31.86 GiB)
ds4: ROCm q8 fp16 cache budget exhausted; using q8 kernels (request=64.00 MiB cached=0.00 GiB free=0.34 GiB reserve=1.59 GiB total=31.86 GiB)
ds4: ROCm q8 fp16 cache budget exhausted; using q8 kernels (request=64.00 MiB cached=0.00 GiB free=0.34 GiB reserve=1.59 GiB total=31.86 GiB)
ds4: ROCm q8 fp16 cache budget exhausted; using q8 kernels (request=64.00 MiB cached=0.00 GiB free=0.34 GiB reserve=1.59 GiB total=31.86 GiB)
ds4: ROCm q8 fp16 cache budget exhausted; using q8 kernels (request=64.00 MiB cached=0.00 GiB free=0.34 GiB reserve=1.59 GiB total=31.86 GiB)
ds4: ROCm q8 fp16 cache budget exhausted; using q8 kernels (request=64.00 MiB cached=0.00 GiB free=0.34 GiB reserve=1.59 GiB total=31.86 GiB)
ds4: ROCm q8 fp16 cache budget exhausted; using q8 kernels (request=64.00 MiB cached=0.00 GiB free=0.34 GiB reserve=1.59 GiB total=31.86 GiB)
case_015 cases=16 prompt=22 target=24 avg_nll=0.581410 lcp=2 api_target_mae=0.581410 api_top_coverage=96/120 api_top1=0.833 api_topn=0.240 api_pair=1.000
ds4: ROCm q8 fp16 cache budget exhausted; using q8 kernels (request=64.00 MiB cached=0.00 GiB free=0.34 GiB reserve=1.59 GiB total=31.86 GiB)
ds4: ROCm q8 fp16 cache budget exhausted; using q8 kernels (request=64.00 MiB cached=0.00 GiB free=0.34 GiB reserve=1.59 GiB total=31.86 GiB)
ds4: ROCm q8 fp16 cache budget exhausted; using q8 kernels (request=64.00 MiB cached=0.00 GiB free=0.34 GiB reserve=1.59 GiB total=31.86 GiB)
ds4: ROCm q8 fp16 cache budget exhausted; using q8 kernels (request=64.00 MiB cached=0.00 GiB free=0.34 GiB reserve=1.59 GiB total=31.86 GiB)
ds4: ROCm q8 fp16 cache budget exhausted; using q8 kernels (request=64.00 MiB cached=0.00 GiB free=0.34 GiB reserve=1.59 GiB total=31.86 GiB)
ds4: ROCm q8 fp16 cache budget exhausted; using q8 kernels (request=64.00 MiB cached=0.00 GiB free=0.34 GiB reserve=1.59 GiB total=31.86 GiB)
ds4: ROCm q8 fp16 cache budget exhausted; using q8 kernels (request=64.00 MiB cached=0.00 GiB free=0.34 GiB reserve=1.59 GiB total=31.86 GiB)
ds4: ROCm q8 fp16 cache budget exhausted; using q8 kernels (request=64.00 MiB cached=0.00 GiB free=0.34 GiB reserve=1.59 GiB total=31.86 GiB)
ds4: ROCm q8 fp16 cache budget exhausted; using q8 kernels (request=64.00 MiB cached=0.00 GiB free=0.34 GiB reserve=1.59 GiB total=31.86 GiB)
ds4: ROCm q8 fp16 cache budget exhausted; using q8 kernels (request=64.00 MiB cached=0.00 GiB free=0.34 GiB reserve=1.59 GiB total=31.86 GiB)
ds4: ROCm q8 fp16 cache budget exhausted; using q8 kernels (request=64.00 MiB cached=0.00 GiB free=0.34 GiB reserve=1.59 GiB total=31.86 GiB)
ds4: ROCm q8 fp16 cache budget exhausted; using q8 kernels (request=64.00 MiB cached=0.00 GiB free=0.34 GiB reserve=1.59 GiB total=31.86 GiB)
ds4: ROCm q8 fp16 cache budget exhausted; using q8 kernels (request=64.00 MiB cached=0.00 GiB free=0.34 GiB reserve=1.59 GiB total=31.86 GiB)
ds4: ROCm q8 fp16 cache budget exhausted; using q8 kernels (request=64.00 MiB cached=0.00 GiB free=0.34 GiB reserve=1.59 GiB total=31.86 GiB)
ds4: ROCm q8 fp16 cache budget exhausted; using q8 kernels (request=64.00 MiB cached=0.00 GiB free=0.34 GiB reserve=1.59 GiB total=31.86 GiB)
ds4: ROCm q8 fp16 cache budget exhausted; using q8 kernels (request=64.00 MiB cached=0.00 GiB free=0.34 GiB reserve=1.59 GiB total=31.86 GiB)
ds4: ROCm q8 fp16 cache budget exhausted; using q8 kernels (request=64.00 MiB cached=0.00 GiB free=0.34 GiB reserve=1.59 GiB total=31.86 GiB)
ds4: ROCm q8 fp16 cache budget exhausted; using q8 kernels (request=64.00 MiB cached=0.00 GiB free=0.34 GiB reserve=1.59 GiB total=31.86 GiB)
ds4: ROCm q8 fp16 cache budget exhausted; using q8 kernels (request=64.00 MiB cached=0.00 GiB free=0.34 GiB reserve=1.59 GiB total=31.86 GiB)
ds4: ROCm q8 fp16 cache budget exhausted; using q8 kernels (request=64.00 MiB cached=0.00 GiB free=0.34 GiB reserve=1.59 GiB total=31.86 GiB)
ds4: ROCm q8 fp16 cache budget exhausted; using q8 kernels (request=64.00 MiB cached=0.00 GiB free=0.34 GiB reserve=1.59 GiB total=31.86 GiB)
ds4: ROCm q8 fp16 cache budget exhausted; using q8 kernels (request=64.00 MiB cached=0.00 GiB free=0.34 GiB reserve=1.59 GiB total=31.86 GiB)
ds4: ROCm q8 fp16 cache budget exhausted; using q8 kernels (request=64.00 MiB cached=0.00 GiB free=0.34 GiB reserve=1.59 GiB total=31.86 GiB)
ds4: ROCm q8 fp16 cache budget exhausted; using q8 kernels (request=64.00 MiB cached=0.00 GiB free=0.34 GiB reserve=1.59 GiB total=31.86 GiB)
ds4: ROCm q8 fp16 cache budget exhausted; using q8 kernels (request=64.00 MiB cached=0.00 GiB free=0.34 GiB reserve=1.59 GiB total=31.86 GiB)
ds4: ROCm q8 fp16 cache budget exhausted; using q8 kernels (request=64.00 MiB cached=0.00 GiB free=0.34 GiB reserve=1.59 GiB total=31.86 GiB)
ds4: ROCm q8 fp16 cache budget exhausted; using q8 kernels (request=64.00 MiB cached=0.00 GiB free=0.34 GiB reserve=1.59 GiB total=31.86 GiB)
ds4: ROCm q8 fp16 cache budget exhausted; using q8 kernels (request=64.00 MiB cached=0.00 GiB free=0.34 GiB reserve=1.59 GiB total=31.86 GiB)
ds4: ROCm q8 fp16 cache budget exhausted; using q8 kernels (request=64.00 MiB cached=0.00 GiB free=0.34 GiB reserve=1.59 GiB total=31.86 GiB)
ds4: ROCm q8 fp16 cache budget exhausted; using q8 kernels (request=64.00 MiB cached=0.00 GiB free=0.34 GiB reserve=1.59 GiB total=31.86 GiB)
ds4: ROCm q8 fp16 cache budget exhausted; using q8 kernels (request=64.00 MiB cached=0.00 GiB free=0.34 GiB reserve=1.59 GiB total=31.86 GiB)
ds4: ROCm q8 fp16 cache budget exhausted; using q8 kernels (request=64.00 MiB cached=0.00 GiB free=0.34 GiB reserve=1.59 GiB total=31.86 GiB)
ds4: ROCm q8 fp16 cache budget exhausted; using q8 kernels (request=64.00 MiB cached=0.00 GiB free=0.34 GiB reserve=1.59 GiB total=31.86 GiB)
ds4: ROCm q8 fp16 cache budget exhausted; using q8 kernels (request=64.00 MiB cached=0.00 GiB free=0.34 GiB reserve=1.59 GiB total=31.86 GiB)
ds4: ROCm q8 fp16 cache budget exhausted; using q8 kernels (request=64.00 MiB cached=0.00 GiB free=0.34 GiB reserve=1.59 GiB total=31.86 GiB)
ds4: ROCm q8 fp16 cache budget exhausted; using q8 kernels (request=64.00 MiB cached=0.00 GiB free=0.34 GiB reserve=1.59 GiB total=31.86 GiB)
ds4: ROCm q8 fp16 cache budget exhausted; using q8 kernels (request=64.00 MiB cached=0.00 GiB free=0.34 GiB reserve=1.59 GiB total=31.86 GiB)
ds4: ROCm q8 fp16 cache budget exhausted; using q8 kernels (request=64.00 MiB cached=0.00 GiB free=0.34 GiB reserve=1.59 GiB total=31.86 GiB)
ds4: ROCm q8 fp16 cache budget exhausted; using q8 kernels (request=64.00 MiB cached=0.00 GiB free=0.34 GiB reserve=1.59 GiB total=31.86 GiB)
ds4: ROCm q8 fp16 cache budget exhausted; using q8 kernels (request=64.00 MiB cached=0.00 GiB free=0.34 GiB reserve=1.59 GiB total=31.86 GiB)
ds4: ROCm q8 fp16 cache budget exhausted; using q8 kernels (request=64.00 MiB cached=0.00 GiB free=0.34 GiB reserve=1.59 GiB total=31.86 GiB)
ds4: ROCm q8 fp16 cache budget exhausted; using q8 kernels (request=64.00 MiB cached=0.00 GiB free=0.34 GiB reserve=1.59 GiB total=31.86 GiB)
ds4: ROCm q8 fp16 cache budget exhausted; using q8 kernels (request=64.00 MiB cached=0.00 GiB free=0.34 GiB reserve=1.59 GiB total=31.86 GiB)
case_016 cases=17 prompt=19 target=24 avg_nll=0.838205 lcp=1 api_target_mae=0.838205 api_top_coverage=97/120 api_top1=0.833 api_topn=0.258 api_pair=1.000
ds4: ROCm q8 fp16 cache budget exhausted; using q8 kernels (request=64.00 MiB cached=0.00 GiB free=0.34 GiB reserve=1.59 GiB total=31.86 GiB)
ds4: ROCm q8 fp16 cache budget exhausted; using q8 kernels (request=64.00 MiB cached=0.00 GiB free=0.34 GiB reserve=1.59 GiB total=31.86 GiB)
ds4: ROCm q8 fp16 cache budget exhausted; using q8 kernels (request=64.00 MiB cached=0.00 GiB free=0.34 GiB reserve=1.59 GiB total=31.86 GiB)
ds4: ROCm q8 fp16 cache budget exhausted; using q8 kernels (request=64.00 MiB cached=0.00 GiB free=0.34 GiB reserve=1.59 GiB total=31.86 GiB)
ds4: ROCm q8 fp16 cache budget exhausted; using q8 kernels (request=64.00 MiB cached=0.00 GiB free=0.34 GiB reserve=1.59 GiB total=31.86 GiB)
ds4: ROCm q8 fp16 cache budget exhausted; using q8 kernels (request=64.00 MiB cached=0.00 GiB free=0.34 GiB reserve=1.59 GiB total=31.86 GiB)
ds4: ROCm q8 fp16 cache budget exhausted; using q8 kernels (request=64.00 MiB cached=0.00 GiB free=0.34 GiB reserve=1.59 GiB total=31.86 GiB)
ds4: ROCm q8 fp16 cache budget exhausted; using q8 kernels (request=64.00 MiB cached=0.00 GiB free=0.34 GiB reserve=1.59 GiB total=31.86 GiB)
ds4: ROCm q8 fp16 cache budget exhausted; using q8 kernels (request=64.00 MiB cached=0.00 GiB free=0.34 GiB reserve=1.59 GiB total=31.86 GiB)
ds4: ROCm q8 fp16 cache budget exhausted; using q8 kernels (request=64.00 MiB cached=0.00 GiB free=0.34 GiB reserve=1.59 GiB total=31.86 GiB)
ds4: ROCm q8 fp16 cache budget exhausted; using q8 kernels (request=64.00 MiB cached=0.00 GiB free=0.34 GiB reserve=1.59 GiB total=31.86 GiB)
ds4: ROCm q8 fp16 cache budget exhausted; using q8 kernels (request=64.00 MiB cached=0.00 GiB free=0.34 GiB reserve=1.59 GiB total=31.86 GiB)
ds4: ROCm q8 fp16 cache budget exhausted; using q8 kernels (request=64.00 MiB cached=0.00 GiB free=0.34 GiB reserve=1.59 GiB total=31.86 GiB)
ds4: ROCm q8 fp16 cache budget exhausted; using q8 kernels (request=64.00 MiB cached=0.00 GiB free=0.34 GiB reserve=1.59 GiB total=31.86 GiB)
ds4: ROCm q8 fp16 cache budget exhausted; using q8 kernels (request=64.00 MiB cached=0.00 GiB free=0.34 GiB reserve=1.59 GiB total=31.86 GiB)
ds4: ROCm q8 fp16 cache budget exhausted; using q8 kernels (request=64.00 MiB cached=0.00 GiB free=0.34 GiB reserve=1.59 GiB total=31.86 GiB)
ds4: ROCm q8 fp16 cache budget exhausted; using q8 kernels (request=64.00 MiB cached=0.00 GiB free=0.34 GiB reserve=1.59 GiB total=31.86 GiB)
ds4: ROCm q8 fp16 cache budget exhausted; using q8 kernels (request=64.00 MiB cached=0.00 GiB free=0.34 GiB reserve=1.59 GiB total=31.86 GiB)
ds4: ROCm q8 fp16 cache budget exhausted; using q8 kernels (request=64.00 MiB cached=0.00 GiB free=0.34 GiB reserve=1.59 GiB total=31.86 GiB)
ds4: ROCm q8 fp16 cache budget exhausted; using q8 kernels (request=64.00 MiB cached=0.00 GiB free=0.34 GiB reserve=1.59 GiB total=31.86 GiB)
ds4: ROCm q8 fp16 cache budget exhausted; using q8 kernels (request=64.00 MiB cached=0.00 GiB free=0.34 GiB reserve=1.59 GiB total=31.86 GiB)
ds4: ROCm q8 fp16 cache budget exhausted; using q8 kernels (request=64.00 MiB cached=0.00 GiB free=0.34 GiB reserve=1.59 GiB total=31.86 GiB)
ds4: ROCm q8 fp16 cache budget exhausted; using q8 kernels (request=64.00 MiB cached=0.00 GiB free=0.34 GiB reserve=1.59 GiB total=31.86 GiB)
ds4: ROCm q8 fp16 cache budget exhausted; using q8 kernels (request=64.00 MiB cached=0.00 GiB free=0.34 GiB reserve=1.59 GiB total=31.86 GiB)
ds4: ROCm q8 fp16 cache budget exhausted; using q8 kernels (request=64.00 MiB cached=0.00 GiB free=0.34 GiB reserve=1.59 GiB total=31.86 GiB)
ds4: ROCm q8 fp16 cache budget exhausted; using q8 kernels (request=64.00 MiB cached=0.00 GiB free=0.34 GiB reserve=1.59 GiB total=31.86 GiB)
ds4: ROCm q8 fp16 cache budget exhausted; using q8 kernels (request=64.00 MiB cached=0.00 GiB free=0.34 GiB reserve=1.59 GiB total=31.86 GiB)
ds4: ROCm q8 fp16 cache budget exhausted; using q8 kernels (request=64.00 MiB cached=0.00 GiB free=0.34 GiB reserve=1.59 GiB total=31.86 GiB)
ds4: ROCm q8 fp16 cache budget exhausted; using q8 kernels (request=64.00 MiB cached=0.00 GiB free=0.34 GiB reserve=1.59 GiB total=31.86 GiB)
ds4: ROCm q8 fp16 cache budget exhausted; using q8 kernels (request=64.00 MiB cached=0.00 GiB free=0.34 GiB reserve=1.59 GiB total=31.86 GiB)
ds4: ROCm q8 fp16 cache budget exhausted; using q8 kernels (request=64.00 MiB cached=0.00 GiB free=0.34 GiB reserve=1.59 GiB total=31.86 GiB)
ds4: ROCm q8 fp16 cache budget exhausted; using q8 kernels (request=64.00 MiB cached=0.00 GiB free=0.34 GiB reserve=1.59 GiB total=31.86 GiB)
ds4: ROCm q8 fp16 cache budget exhausted; using q8 kernels (request=64.00 MiB cached=0.00 GiB free=0.34 GiB reserve=1.59 GiB total=31.86 GiB)
ds4: ROCm q8 fp16 cache budget exhausted; using q8 kernels (request=64.00 MiB cached=0.00 GiB free=0.34 GiB reserve=1.59 GiB total=31.86 GiB)
ds4: ROCm q8 fp16 cache budget exhausted; using q8 kernels (request=64.00 MiB cached=0.00 GiB free=0.34 GiB reserve=1.59 GiB total=31.86 GiB)
ds4: ROCm q8 fp16 cache budget exhausted; using q8 kernels (request=64.00 MiB cached=0.00 GiB free=0.34 GiB reserve=1.59 GiB total=31.86 GiB)
ds4: ROCm q8 fp16 cache budget exhausted; using q8 kernels (request=64.00 MiB cached=0.00 GiB free=0.34 GiB reserve=1.59 GiB total=31.86 GiB)
ds4: ROCm q8 fp16 cache budget exhausted; using q8 kernels (request=64.00 MiB cached=0.00 GiB free=0.34 GiB reserve=1.59 GiB total=31.86 GiB)
ds4: ROCm q8 fp16 cache budget exhausted; using q8 kernels (request=64.00 MiB cached=0.00 GiB free=0.34 GiB reserve=1.59 GiB total=31.86 GiB)
ds4: ROCm q8 fp16 cache budget exhausted; using q8 kernels (request=64.00 MiB cached=0.00 GiB free=0.34 GiB reserve=1.59 GiB total=31.86 GiB)
ds4: ROCm q8 fp16 cache budget exhausted; using q8 kernels (request=64.00 MiB cached=0.00 GiB free=0.34 GiB reserve=1.59 GiB total=31.86 GiB)
ds4: ROCm q8 fp16 cache budget exhausted; using q8 kernels (request=64.00 MiB cached=0.00 GiB free=0.34 GiB reserve=1.59 GiB total=31.86 GiB)
ds4: ROCm q8 fp16 cache budget exhausted; using q8 kernels (request=64.00 MiB cached=0.00 GiB free=0.34 GiB reserve=1.59 GiB total=31.86 GiB)
case_017 cases=18 prompt=26 target=24 avg_nll=0.991276 lcp=0 api_target_mae=0.991276 api_top_coverage=96/120 api_top1=0.792 api_topn=0.250 api_pair=0.972
ds4: ROCm q8 fp16 cache budget exhausted; using q8 kernels (request=64.00 MiB cached=0.00 GiB free=0.34 GiB reserve=1.59 GiB total=31.86 GiB)
ds4: ROCm q8 fp16 cache budget exhausted; using q8 kernels (request=64.00 MiB cached=0.00 GiB free=0.34 GiB reserve=1.59 GiB total=31.86 GiB)
ds4: ROCm q8 fp16 cache budget exhausted; using q8 kernels (request=64.00 MiB cached=0.00 GiB free=0.34 GiB reserve=1.59 GiB total=31.86 GiB)
ds4: ROCm q8 fp16 cache budget exhausted; using q8 kernels (request=64.00 MiB cached=0.00 GiB free=0.34 GiB reserve=1.59 GiB total=31.86 GiB)
ds4: ROCm q8 fp16 cache budget exhausted; using q8 kernels (request=64.00 MiB cached=0.00 GiB free=0.34 GiB reserve=1.59 GiB total=31.86 GiB)
ds4: ROCm q8 fp16 cache budget exhausted; using q8 kernels (request=64.00 MiB cached=0.00 GiB free=0.34 GiB reserve=1.59 GiB total=31.86 GiB)
ds4: ROCm q8 fp16 cache budget exhausted; using q8 kernels (request=64.00 MiB cached=0.00 GiB free=0.34 GiB reserve=1.59 GiB total=31.86 GiB)
ds4: ROCm q8 fp16 cache budget exhausted; using q8 kernels (request=64.00 MiB cached=0.00 GiB free=0.34 GiB reserve=1.59 GiB total=31.86 GiB)
ds4: ROCm q8 fp16 cache budget exhausted; using q8 kernels (request=64.00 MiB cached=0.00 GiB free=0.34 GiB reserve=1.59 GiB total=31.86 GiB)
ds4: ROCm q8 fp16 cache budget exhausted; using q8 kernels (request=64.00 MiB cached=0.00 GiB free=0.34 GiB reserve=1.59 GiB total=31.86 GiB)
ds4: ROCm q8 fp16 cache budget exhausted; using q8 kernels (request=64.00 MiB cached=0.00 GiB free=0.34 GiB reserve=1.59 GiB total=31.86 GiB)
ds4: ROCm q8 fp16 cache budget exhausted; using q8 kernels (request=64.00 MiB cached=0.00 GiB free=0.34 GiB reserve=1.59 GiB total=31.86 GiB)
ds4: ROCm q8 fp16 cache budget exhausted; using q8 kernels (request=64.00 MiB cached=0.00 GiB free=0.34 GiB reserve=1.59 GiB total=31.86 GiB)
ds4: ROCm q8 fp16 cache budget exhausted; using q8 kernels (request=64.00 MiB cached=0.00 GiB free=0.34 GiB reserve=1.59 GiB total=31.86 GiB)
ds4: ROCm q8 fp16 cache budget exhausted; using q8 kernels (request=64.00 MiB cached=0.00 GiB free=0.34 GiB reserve=1.59 GiB total=31.86 GiB)
ds4: ROCm q8 fp16 cache budget exhausted; using q8 kernels (request=64.00 MiB cached=0.00 GiB free=0.34 GiB reserve=1.59 GiB total=31.86 GiB)
ds4: ROCm q8 fp16 cache budget exhausted; using q8 kernels (request=64.00 MiB cached=0.00 GiB free=0.34 GiB reserve=1.59 GiB total=31.86 GiB)
ds4: ROCm q8 fp16 cache budget exhausted; using q8 kernels (request=64.00 MiB cached=0.00 GiB free=0.34 GiB reserve=1.59 GiB total=31.86 GiB)
ds4: ROCm q8 fp16 cache budget exhausted; using q8 kernels (request=64.00 MiB cached=0.00 GiB free=0.34 GiB reserve=1.59 GiB total=31.86 GiB)
ds4: ROCm q8 fp16 cache budget exhausted; using q8 kernels (request=64.00 MiB cached=0.00 GiB free=0.34 GiB reserve=1.59 GiB total=31.86 GiB)
ds4: ROCm q8 fp16 cache budget exhausted; using q8 kernels (request=64.00 MiB cached=0.00 GiB free=0.34 GiB reserve=1.59 GiB total=31.86 GiB)
ds4: ROCm q8 fp16 cache budget exhausted; using q8 kernels (request=64.00 MiB cached=0.00 GiB free=0.34 GiB reserve=1.59 GiB total=31.86 GiB)
ds4: ROCm q8 fp16 cache budget exhausted; using q8 kernels (request=64.00 MiB cached=0.00 GiB free=0.34 GiB reserve=1.59 GiB total=31.86 GiB)
ds4: ROCm q8 fp16 cache budget exhausted; using q8 kernels (request=64.00 MiB cached=0.00 GiB free=0.34 GiB reserve=1.59 GiB total=31.86 GiB)
ds4: ROCm q8 fp16 cache budget exhausted; using q8 kernels (request=64.00 MiB cached=0.00 GiB free=0.34 GiB reserve=1.59 GiB total=31.86 GiB)
ds4: ROCm q8 fp16 cache budget exhausted; using q8 kernels (request=64.00 MiB cached=0.00 GiB free=0.34 GiB reserve=1.59 GiB total=31.86 GiB)
ds4: ROCm q8 fp16 cache budget exhausted; using q8 kernels (request=64.00 MiB cached=0.00 GiB free=0.34 GiB reserve=1.59 GiB total=31.86 GiB)
ds4: ROCm q8 fp16 cache budget exhausted; using q8 kernels (request=64.00 MiB cached=0.00 GiB free=0.34 GiB reserve=1.59 GiB total=31.86 GiB)
ds4: ROCm q8 fp16 cache budget exhausted; using q8 kernels (request=64.00 MiB cached=0.00 GiB free=0.34 GiB reserve=1.59 GiB total=31.86 GiB)
ds4: ROCm q8 fp16 cache budget exhausted; using q8 kernels (request=64.00 MiB cached=0.00 GiB free=0.34 GiB reserve=1.59 GiB total=31.86 GiB)
ds4: ROCm q8 fp16 cache budget exhausted; using q8 kernels (request=64.00 MiB cached=0.00 GiB free=0.34 GiB reserve=1.59 GiB total=31.86 GiB)
ds4: ROCm q8 fp16 cache budget exhausted; using q8 kernels (request=64.00 MiB cached=0.00 GiB free=0.34 GiB reserve=1.59 GiB total=31.86 GiB)
ds4: ROCm q8 fp16 cache budget exhausted; using q8 kernels (request=64.00 MiB cached=0.00 GiB free=0.34 GiB reserve=1.59 GiB total=31.86 GiB)
ds4: ROCm q8 fp16 cache budget exhausted; using q8 kernels (request=64.00 MiB cached=0.00 GiB free=0.34 GiB reserve=1.59 GiB total=31.86 GiB)
ds4: ROCm q8 fp16 cache budget exhausted; using q8 kernels (request=64.00 MiB cached=0.00 GiB free=0.34 GiB reserve=1.59 GiB total=31.86 GiB)
ds4: ROCm q8 fp16 cache budget exhausted; using q8 kernels (request=64.00 MiB cached=0.00 GiB free=0.34 GiB reserve=1.59 GiB total=31.86 GiB)
ds4: ROCm q8 fp16 cache budget exhausted; using q8 kernels (request=64.00 MiB cached=0.00 GiB free=0.34 GiB reserve=1.59 GiB total=31.86 GiB)
ds4: ROCm q8 fp16 cache budget exhausted; using q8 kernels (request=64.00 MiB cached=0.00 GiB free=0.34 GiB reserve=1.59 GiB total=31.86 GiB)
ds4: ROCm q8 fp16 cache budget exhausted; using q8 kernels (request=64.00 MiB cached=0.00 GiB free=0.34 GiB reserve=1.59 GiB total=31.86 GiB)
ds4: ROCm q8 fp16 cache budget exhausted; using q8 kernels (request=64.00 MiB cached=0.00 GiB free=0.34 GiB reserve=1.59 GiB total=31.86 GiB)
ds4: ROCm q8 fp16 cache budget exhausted; using q8 kernels (request=64.00 MiB cached=0.00 GiB free=0.34 GiB reserve=1.59 GiB total=31.86 GiB)
ds4: ROCm q8 fp16 cache budget exhausted; using q8 kernels (request=64.00 MiB cached=0.00 GiB free=0.34 GiB reserve=1.59 GiB total=31.86 GiB)
ds4: ROCm q8 fp16 cache budget exhausted; using q8 kernels (request=64.00 MiB cached=0.00 GiB free=0.34 GiB reserve=1.59 GiB total=31.86 GiB)
case_018 cases=19 prompt=25 target=24 avg_nll=0.448769 lcp=11 api_target_mae=0.448769 api_top_coverage=115/120 api_top1=0.833 api_topn=0.635 api_pair=0.978
ds4: ROCm q8 fp16 cache budget exhausted; using q8 kernels (request=64.00 MiB cached=0.00 GiB free=0.34 GiB reserve=1.59 GiB total=31.86 GiB)
ds4: ROCm q8 fp16 cache budget exhausted; using q8 kernels (request=64.00 MiB cached=0.00 GiB free=0.34 GiB reserve=1.59 GiB total=31.86 GiB)
ds4: ROCm q8 fp16 cache budget exhausted; using q8 kernels (request=64.00 MiB cached=0.00 GiB free=0.34 GiB reserve=1.59 GiB total=31.86 GiB)
ds4: ROCm q8 fp16 cache budget exhausted; using q8 kernels (request=64.00 MiB cached=0.00 GiB free=0.34 GiB reserve=1.59 GiB total=31.86 GiB)
ds4: ROCm q8 fp16 cache budget exhausted; using q8 kernels (request=64.00 MiB cached=0.00 GiB free=0.34 GiB reserve=1.59 GiB total=31.86 GiB)
ds4: ROCm q8 fp16 cache budget exhausted; using q8 kernels (request=64.00 MiB cached=0.00 GiB free=0.34 GiB reserve=1.59 GiB total=31.86 GiB)
ds4: ROCm q8 fp16 cache budget exhausted; using q8 kernels (request=64.00 MiB cached=0.00 GiB free=0.34 GiB reserve=1.59 GiB total=31.86 GiB)
ds4: ROCm q8 fp16 cache budget exhausted; using q8 kernels (request=64.00 MiB cached=0.00 GiB free=0.34 GiB reserve=1.59 GiB total=31.86 GiB)
ds4: ROCm q8 fp16 cache budget exhausted; using q8 kernels (request=64.00 MiB cached=0.00 GiB free=0.34 GiB reserve=1.59 GiB total=31.86 GiB)
ds4: ROCm q8 fp16 cache budget exhausted; using q8 kernels (request=64.00 MiB cached=0.00 GiB free=0.34 GiB reserve=1.59 GiB total=31.86 GiB)
ds4: ROCm q8 fp16 cache budget exhausted; using q8 kernels (request=64.00 MiB cached=0.00 GiB free=0.34 GiB reserve=1.59 GiB total=31.86 GiB)
ds4: ROCm q8 fp16 cache budget exhausted; using q8 kernels (request=64.00 MiB cached=0.00 GiB free=0.34 GiB reserve=1.59 GiB total=31.86 GiB)
ds4: ROCm q8 fp16 cache budget exhausted; using q8 kernels (request=64.00 MiB cached=0.00 GiB free=0.34 GiB reserve=1.59 GiB total=31.86 GiB)
ds4: ROCm q8 fp16 cache budget exhausted; using q8 kernels (request=64.00 MiB cached=0.00 GiB free=0.34 GiB reserve=1.59 GiB total=31.86 GiB)
ds4: ROCm q8 fp16 cache budget exhausted; using q8 kernels (request=64.00 MiB cached=0.00 GiB free=0.34 GiB reserve=1.59 GiB total=31.86 GiB)
ds4: ROCm q8 fp16 cache budget exhausted; using q8 kernels (request=64.00 MiB cached=0.00 GiB free=0.34 GiB reserve=1.59 GiB total=31.86 GiB)
ds4: ROCm q8 fp16 cache budget exhausted; using q8 kernels (request=64.00 MiB cached=0.00 GiB free=0.34 GiB reserve=1.59 GiB total=31.86 GiB)
ds4: ROCm q8 fp16 cache budget exhausted; using q8 kernels (request=64.00 MiB cached=0.00 GiB free=0.34 GiB reserve=1.59 GiB total=31.86 GiB)
ds4: ROCm q8 fp16 cache budget exhausted; using q8 kernels (request=64.00 MiB cached=0.00 GiB free=0.34 GiB reserve=1.59 GiB total=31.86 GiB)
ds4: ROCm q8 fp16 cache budget exhausted; using q8 kernels (request=64.00 MiB cached=0.00 GiB free=0.34 GiB reserve=1.59 GiB total=31.86 GiB)
ds4: ROCm q8 fp16 cache budget exhausted; using q8 kernels (request=64.00 MiB cached=0.00 GiB free=0.34 GiB reserve=1.59 GiB total=31.86 GiB)
ds4: ROCm q8 fp16 cache budget exhausted; using q8 kernels (request=64.00 MiB cached=0.00 GiB free=0.34 GiB reserve=1.59 GiB total=31.86 GiB)
ds4: ROCm q8 fp16 cache budget exhausted; using q8 kernels (request=64.00 MiB cached=0.00 GiB free=0.34 GiB reserve=1.59 GiB total=31.86 GiB)
ds4: ROCm q8 fp16 cache budget exhausted; using q8 kernels (request=64.00 MiB cached=0.00 GiB free=0.34 GiB reserve=1.59 GiB total=31.86 GiB)
ds4: ROCm q8 fp16 cache budget exhausted; using q8 kernels (request=64.00 MiB cached=0.00 GiB free=0.34 GiB reserve=1.59 GiB total=31.86 GiB)
ds4: ROCm q8 fp16 cache budget exhausted; using q8 kernels (request=64.00 MiB cached=0.00 GiB free=0.34 GiB reserve=1.59 GiB total=31.86 GiB)
ds4: ROCm q8 fp16 cache budget exhausted; using q8 kernels (request=64.00 MiB cached=0.00 GiB free=0.34 GiB reserve=1.59 GiB total=31.86 GiB)
ds4: ROCm q8 fp16 cache budget exhausted; using q8 kernels (request=64.00 MiB cached=0.00 GiB free=0.34 GiB reserve=1.59 GiB total=31.86 GiB)
ds4: ROCm q8 fp16 cache budget exhausted; using q8 kernels (request=64.00 MiB cached=0.00 GiB free=0.34 GiB reserve=1.59 GiB total=31.86 GiB)
ds4: ROCm q8 fp16 cache budget exhausted; using q8 kernels (request=64.00 MiB cached=0.00 GiB free=0.34 GiB reserve=1.59 GiB total=31.86 GiB)
ds4: ROCm q8 fp16 cache budget exhausted; using q8 kernels (request=64.00 MiB cached=0.00 GiB free=0.34 GiB reserve=1.59 GiB total=31.86 GiB)
ds4: ROCm q8 fp16 cache budget exhausted; using q8 kernels (request=64.00 MiB cached=0.00 GiB free=0.34 GiB reserve=1.59 GiB total=31.86 GiB)
ds4: ROCm q8 fp16 cache budget exhausted; using q8 kernels (request=64.00 MiB cached=0.00 GiB free=0.34 GiB reserve=1.59 GiB total=31.86 GiB)
ds4: ROCm q8 fp16 cache budget exhausted; using q8 kernels (request=64.00 MiB cached=0.00 GiB free=0.34 GiB reserve=1.59 GiB total=31.86 GiB)
ds4: ROCm q8 fp16 cache budget exhausted; using q8 kernels (request=64.00 MiB cached=0.00 GiB free=0.34 GiB reserve=1.59 GiB total=31.86 GiB)
ds4: ROCm q8 fp16 cache budget exhausted; using q8 kernels (request=64.00 MiB cached=0.00 GiB free=0.34 GiB reserve=1.59 GiB total=31.86 GiB)
ds4: ROCm q8 fp16 cache budget exhausted; using q8 kernels (request=64.00 MiB cached=0.00 GiB free=0.34 GiB reserve=1.59 GiB total=31.86 GiB)
ds4: ROCm q8 fp16 cache budget exhausted; using q8 kernels (request=64.00 MiB cached=0.00 GiB free=0.34 GiB reserve=1.59 GiB total=31.86 GiB)
ds4: ROCm q8 fp16 cache budget exhausted; using q8 kernels (request=64.00 MiB cached=0.00 GiB free=0.34 GiB reserve=1.59 GiB total=31.86 GiB)
ds4: ROCm q8 fp16 cache budget exhausted; using q8 kernels (request=64.00 MiB cached=0.00 GiB free=0.34 GiB reserve=1.59 GiB total=31.86 GiB)
ds4: ROCm q8 fp16 cache budget exhausted; using q8 kernels (request=64.00 MiB cached=0.00 GiB free=0.34 GiB reserve=1.59 GiB total=31.86 GiB)
ds4: ROCm q8 fp16 cache budget exhausted; using q8 kernels (request=64.00 MiB cached=0.00 GiB free=0.34 GiB reserve=1.59 GiB total=31.86 GiB)
ds4: ROCm q8 fp16 cache budget exhausted; using q8 kernels (request=64.00 MiB cached=0.00 GiB free=0.34 GiB reserve=1.59 GiB total=31.86 GiB)
case_019 cases=20 prompt=19 target=24 avg_nll=0.695191 lcp=3 api_target_mae=0.695191 api_top_coverage=98/120 api_top1=0.792 api_topn=0.255 api_pair=1.000
ds4: ROCm q8 fp16 cache budget exhausted; using q8 kernels (request=64.00 MiB cached=0.00 GiB free=0.34 GiB reserve=1.59 GiB total=31.86 GiB)
ds4: ROCm q8 fp16 cache budget exhausted; using q8 kernels (request=64.00 MiB cached=0.00 GiB free=0.34 GiB reserve=1.59 GiB total=31.86 GiB)
ds4: ROCm q8 fp16 cache budget exhausted; using q8 kernels (request=64.00 MiB cached=0.00 GiB free=0.34 GiB reserve=1.59 GiB total=31.86 GiB)
ds4: ROCm q8 fp16 cache budget exhausted; using q8 kernels (request=64.00 MiB cached=0.00 GiB free=0.34 GiB reserve=1.59 GiB total=31.86 GiB)
ds4: ROCm q8 fp16 cache budget exhausted; using q8 kernels (request=64.00 MiB cached=0.00 GiB free=0.34 GiB reserve=1.59 GiB total=31.86 GiB)
ds4: ROCm q8 fp16 cache budget exhausted; using q8 kernels (request=64.00 MiB cached=0.00 GiB free=0.34 GiB reserve=1.59 GiB total=31.86 GiB)
ds4: ROCm q8 fp16 cache budget exhausted; using q8 kernels (request=64.00 MiB cached=0.00 GiB free=0.34 GiB reserve=1.59 GiB total=31.86 GiB)
ds4: ROCm q8 fp16 cache budget exhausted; using q8 kernels (request=64.00 MiB cached=0.00 GiB free=0.34 GiB reserve=1.59 GiB total=31.86 GiB)
ds4: ROCm q8 fp16 cache budget exhausted; using q8 kernels (request=64.00 MiB cached=0.00 GiB free=0.34 GiB reserve=1.59 GiB total=31.86 GiB)
ds4: ROCm q8 fp16 cache budget exhausted; using q8 kernels (request=64.00 MiB cached=0.00 GiB free=0.34 GiB reserve=1.59 GiB total=31.86 GiB)
ds4: ROCm q8 fp16 cache budget exhausted; using q8 kernels (request=64.00 MiB cached=0.00 GiB free=0.34 GiB reserve=1.59 GiB total=31.86 GiB)
ds4: ROCm q8 fp16 cache budget exhausted; using q8 kernels (request=64.00 MiB cached=0.00 GiB free=0.34 GiB reserve=1.59 GiB total=31.86 GiB)
ds4: ROCm q8 fp16 cache budget exhausted; using q8 kernels (request=64.00 MiB cached=0.00 GiB free=0.34 GiB reserve=1.59 GiB total=31.86 GiB)
ds4: ROCm q8 fp16 cache budget exhausted; using q8 kernels (request=64.00 MiB cached=0.00 GiB free=0.34 GiB reserve=1.59 GiB total=31.86 GiB)
ds4: ROCm q8 fp16 cache budget exhausted; using q8 kernels (request=64.00 MiB cached=0.00 GiB free=0.34 GiB reserve=1.59 GiB total=31.86 GiB)
ds4: ROCm q8 fp16 cache budget exhausted; using q8 kernels (request=64.00 MiB cached=0.00 GiB free=0.34 GiB reserve=1.59 GiB total=31.86 GiB)
ds4: ROCm q8 fp16 cache budget exhausted; using q8 kernels (request=64.00 MiB cached=0.00 GiB free=0.34 GiB reserve=1.59 GiB total=31.86 GiB)
ds4: ROCm q8 fp16 cache budget exhausted; using q8 kernels (request=64.00 MiB cached=0.00 GiB free=0.34 GiB reserve=1.59 GiB total=31.86 GiB)
ds4: ROCm q8 fp16 cache budget exhausted; using q8 kernels (request=64.00 MiB cached=0.00 GiB free=0.34 GiB reserve=1.59 GiB total=31.86 GiB)
ds4: ROCm q8 fp16 cache budget exhausted; using q8 kernels (request=64.00 MiB cached=0.00 GiB free=0.34 GiB reserve=1.59 GiB total=31.86 GiB)
ds4: ROCm q8 fp16 cache budget exhausted; using q8 kernels (request=64.00 MiB cached=0.00 GiB free=0.34 GiB reserve=1.59 GiB total=31.86 GiB)
ds4: ROCm q8 fp16 cache budget exhausted; using q8 kernels (request=64.00 MiB cached=0.00 GiB free=0.34 GiB reserve=1.59 GiB total=31.86 GiB)
ds4: ROCm q8 fp16 cache budget exhausted; using q8 kernels (request=64.00 MiB cached=0.00 GiB free=0.34 GiB reserve=1.59 GiB total=31.86 GiB)
ds4: ROCm q8 fp16 cache budget exhausted; using q8 kernels (request=64.00 MiB cached=0.00 GiB free=0.34 GiB reserve=1.59 GiB total=31.86 GiB)
ds4: ROCm q8 fp16 cache budget exhausted; using q8 kernels (request=64.00 MiB cached=0.00 GiB free=0.34 GiB reserve=1.59 GiB total=31.86 GiB)
ds4: ROCm q8 fp16 cache budget exhausted; using q8 kernels (request=64.00 MiB cached=0.00 GiB free=0.34 GiB reserve=1.59 GiB total=31.86 GiB)
ds4: ROCm q8 fp16 cache budget exhausted; using q8 kernels (request=64.00 MiB cached=0.00 GiB free=0.34 GiB reserve=1.59 GiB total=31.86 GiB)
ds4: ROCm q8 fp16 cache budget exhausted; using q8 kernels (request=64.00 MiB cached=0.00 GiB free=0.34 GiB reserve=1.59 GiB total=31.86 GiB)
ds4: ROCm q8 fp16 cache budget exhausted; using q8 kernels (request=64.00 MiB cached=0.00 GiB free=0.34 GiB reserve=1.59 GiB total=31.86 GiB)
ds4: ROCm q8 fp16 cache budget exhausted; using q8 kernels (request=64.00 MiB cached=0.00 GiB free=0.34 GiB reserve=1.59 GiB total=31.86 GiB)
ds4: ROCm q8 fp16 cache budget exhausted; using q8 kernels (request=64.00 MiB cached=0.00 GiB free=0.34 GiB reserve=1.59 GiB total=31.86 GiB)
ds4: ROCm q8 fp16 cache budget exhausted; using q8 kernels (request=64.00 MiB cached=0.00 GiB free=0.34 GiB reserve=1.59 GiB total=31.86 GiB)
ds4: ROCm q8 fp16 cache budget exhausted; using q8 kernels (request=64.00 MiB cached=0.00 GiB free=0.34 GiB reserve=1.59 GiB total=31.86 GiB)
ds4: ROCm q8 fp16 cache budget exhausted; using q8 kernels (request=64.00 MiB cached=0.00 GiB free=0.34 GiB reserve=1.59 GiB total=31.86 GiB)
ds4: ROCm q8 fp16 cache budget exhausted; using q8 kernels (request=64.00 MiB cached=0.00 GiB free=0.34 GiB reserve=1.59 GiB total=31.86 GiB)
ds4: ROCm q8 fp16 cache budget exhausted; using q8 kernels (request=64.00 MiB cached=0.00 GiB free=0.34 GiB reserve=1.59 GiB total=31.86 GiB)
ds4: ROCm q8 fp16 cache budget exhausted; using q8 kernels (request=64.00 MiB cached=0.00 GiB free=0.34 GiB reserve=1.59 GiB total=31.86 GiB)
ds4: ROCm q8 fp16 cache budget exhausted; using q8 kernels (request=64.00 MiB cached=0.00 GiB free=0.34 GiB reserve=1.59 GiB total=31.86 GiB)
ds4: ROCm q8 fp16 cache budget exhausted; using q8 kernels (request=64.00 MiB cached=0.00 GiB free=0.34 GiB reserve=1.59 GiB total=31.86 GiB)
ds4: ROCm q8 fp16 cache budget exhausted; using q8 kernels (request=64.00 MiB cached=0.00 GiB free=0.34 GiB reserve=1.59 GiB total=31.86 GiB)
ds4: ROCm q8 fp16 cache budget exhausted; using q8 kernels (request=64.00 MiB cached=0.00 GiB free=0.34 GiB reserve=1.59 GiB total=31.86 GiB)
ds4: ROCm q8 fp16 cache budget exhausted; using q8 kernels (request=64.00 MiB cached=0.00 GiB free=0.34 GiB reserve=1.59 GiB total=31.86 GiB)
ds4: ROCm q8 fp16 cache budget exhausted; using q8 kernels (request=64.00 MiB cached=0.00 GiB free=0.34 GiB reserve=1.59 GiB total=31.86 GiB)
case_020 cases=21 prompt=18 target=24 avg_nll=1.150925 lcp=0 api_target_mae=1.150925 api_top_coverage=96/120 api_top1=0.708 api_topn=0.229 api_pair=1.000
ds4: ROCm q8 fp16 cache budget exhausted; using q8 kernels (request=64.00 MiB cached=0.00 GiB free=0.34 GiB reserve=1.59 GiB total=31.86 GiB)
ds4: ROCm q8 fp16 cache budget exhausted; using q8 kernels (request=64.00 MiB cached=0.00 GiB free=0.34 GiB reserve=1.59 GiB total=31.86 GiB)
ds4: ROCm q8 fp16 cache budget exhausted; using q8 kernels (request=64.00 MiB cached=0.00 GiB free=0.34 GiB reserve=1.59 GiB total=31.86 GiB)
ds4: ROCm q8 fp16 cache budget exhausted; using q8 kernels (request=64.00 MiB cached=0.00 GiB free=0.34 GiB reserve=1.59 GiB total=31.86 GiB)
ds4: ROCm q8 fp16 cache budget exhausted; using q8 kernels (request=64.00 MiB cached=0.00 GiB free=0.34 GiB reserve=1.59 GiB total=31.86 GiB)
ds4: ROCm q8 fp16 cache budget exhausted; using q8 kernels (request=64.00 MiB cached=0.00 GiB free=0.34 GiB reserve=1.59 GiB total=31.86 GiB)
ds4: ROCm q8 fp16 cache budget exhausted; using q8 kernels (request=64.00 MiB cached=0.00 GiB free=0.34 GiB reserve=1.59 GiB total=31.86 GiB)
ds4: ROCm q8 fp16 cache budget exhausted; using q8 kernels (request=64.00 MiB cached=0.00 GiB free=0.34 GiB reserve=1.59 GiB total=31.86 GiB)
ds4: ROCm q8 fp16 cache budget exhausted; using q8 kernels (request=64.00 MiB cached=0.00 GiB free=0.34 GiB reserve=1.59 GiB total=31.86 GiB)
ds4: ROCm q8 fp16 cache budget exhausted; using q8 kernels (request=64.00 MiB cached=0.00 GiB free=0.34 GiB reserve=1.59 GiB total=31.86 GiB)
ds4: ROCm q8 fp16 cache budget exhausted; using q8 kernels (request=64.00 MiB cached=0.00 GiB free=0.34 GiB reserve=1.59 GiB total=31.86 GiB)
ds4: ROCm q8 fp16 cache budget exhausted; using q8 kernels (request=64.00 MiB cached=0.00 GiB free=0.34 GiB reserve=1.59 GiB total=31.86 GiB)
ds4: ROCm q8 fp16 cache budget exhausted; using q8 kernels (request=64.00 MiB cached=0.00 GiB free=0.34 GiB reserve=1.59 GiB total=31.86 GiB)
ds4: ROCm q8 fp16 cache budget exhausted; using q8 kernels (request=64.00 MiB cached=0.00 GiB free=0.34 GiB reserve=1.59 GiB total=31.86 GiB)
ds4: ROCm q8 fp16 cache budget exhausted; using q8 kernels (request=64.00 MiB cached=0.00 GiB free=0.34 GiB reserve=1.59 GiB total=31.86 GiB)
ds4: ROCm q8 fp16 cache budget exhausted; using q8 kernels (request=64.00 MiB cached=0.00 GiB free=0.34 GiB reserve=1.59 GiB total=31.86 GiB)
ds4: ROCm q8 fp16 cache budget exhausted; using q8 kernels (request=64.00 MiB cached=0.00 GiB free=0.34 GiB reserve=1.59 GiB total=31.86 GiB)
ds4: ROCm q8 fp16 cache budget exhausted; using q8 kernels (request=64.00 MiB cached=0.00 GiB free=0.34 GiB reserve=1.59 GiB total=31.86 GiB)
ds4: ROCm q8 fp16 cache budget exhausted; using q8 kernels (request=64.00 MiB cached=0.00 GiB free=0.34 GiB reserve=1.59 GiB total=31.86 GiB)
ds4: ROCm q8 fp16 cache budget exhausted; using q8 kernels (request=64.00 MiB cached=0.00 GiB free=0.34 GiB reserve=1.59 GiB total=31.86 GiB)
ds4: ROCm q8 fp16 cache budget exhausted; using q8 kernels (request=64.00 MiB cached=0.00 GiB free=0.34 GiB reserve=1.59 GiB total=31.86 GiB)
ds4: ROCm q8 fp16 cache budget exhausted; using q8 kernels (request=64.00 MiB cached=0.00 GiB free=0.34 GiB reserve=1.59 GiB total=31.86 GiB)
ds4: ROCm q8 fp16 cache budget exhausted; using q8 kernels (request=64.00 MiB cached=0.00 GiB free=0.34 GiB reserve=1.59 GiB total=31.86 GiB)
ds4: ROCm q8 fp16 cache budget exhausted; using q8 kernels (request=64.00 MiB cached=0.00 GiB free=0.34 GiB reserve=1.59 GiB total=31.86 GiB)
ds4: ROCm q8 fp16 cache budget exhausted; using q8 kernels (request=64.00 MiB cached=0.00 GiB free=0.34 GiB reserve=1.59 GiB total=31.86 GiB)
ds4: ROCm q8 fp16 cache budget exhausted; using q8 kernels (request=64.00 MiB cached=0.00 GiB free=0.34 GiB reserve=1.59 GiB total=31.86 GiB)
ds4: ROCm q8 fp16 cache budget exhausted; using q8 kernels (request=64.00 MiB cached=0.00 GiB free=0.34 GiB reserve=1.59 GiB total=31.86 GiB)
ds4: ROCm q8 fp16 cache budget exhausted; using q8 kernels (request=64.00 MiB cached=0.00 GiB free=0.34 GiB reserve=1.59 GiB total=31.86 GiB)
ds4: ROCm q8 fp16 cache budget exhausted; using q8 kernels (request=64.00 MiB cached=0.00 GiB free=0.34 GiB reserve=1.59 GiB total=31.86 GiB)
ds4: ROCm q8 fp16 cache budget exhausted; using q8 kernels (request=64.00 MiB cached=0.00 GiB free=0.34 GiB reserve=1.59 GiB total=31.86 GiB)
ds4: ROCm q8 fp16 cache budget exhausted; using q8 kernels (request=64.00 MiB cached=0.00 GiB free=0.34 GiB reserve=1.59 GiB total=31.86 GiB)
ds4: ROCm q8 fp16 cache budget exhausted; using q8 kernels (request=64.00 MiB cached=0.00 GiB free=0.34 GiB reserve=1.59 GiB total=31.86 GiB)
ds4: ROCm q8 fp16 cache budget exhausted; using q8 kernels (request=64.00 MiB cached=0.00 GiB free=0.34 GiB reserve=1.59 GiB total=31.86 GiB)
ds4: ROCm q8 fp16 cache budget exhausted; using q8 kernels (request=64.00 MiB cached=0.00 GiB free=0.34 GiB reserve=1.59 GiB total=31.86 GiB)
ds4: ROCm q8 fp16 cache budget exhausted; using q8 kernels (request=64.00 MiB cached=0.00 GiB free=0.34 GiB reserve=1.59 GiB total=31.86 GiB)
ds4: ROCm q8 fp16 cache budget exhausted; using q8 kernels (request=64.00 MiB cached=0.00 GiB free=0.34 GiB reserve=1.59 GiB total=31.86 GiB)
ds4: ROCm q8 fp16 cache budget exhausted; using q8 kernels (request=64.00 MiB cached=0.00 GiB free=0.34 GiB reserve=1.59 GiB total=31.86 GiB)
ds4: ROCm q8 fp16 cache budget exhausted; using q8 kernels (request=64.00 MiB cached=0.00 GiB free=0.34 GiB reserve=1.59 GiB total=31.86 GiB)
ds4: ROCm q8 fp16 cache budget exhausted; using q8 kernels (request=64.00 MiB cached=0.00 GiB free=0.34 GiB reserve=1.59 GiB total=31.86 GiB)
ds4: ROCm q8 fp16 cache budget exhausted; using q8 kernels (request=64.00 MiB cached=0.00 GiB free=0.34 GiB reserve=1.59 GiB total=31.86 GiB)
ds4: ROCm q8 fp16 cache budget exhausted; using q8 kernels (request=64.00 MiB cached=0.00 GiB free=0.34 GiB reserve=1.59 GiB total=31.86 GiB)
ds4: ROCm q8 fp16 cache budget exhausted; using q8 kernels (request=64.00 MiB cached=0.00 GiB free=0.34 GiB reserve=1.59 GiB total=31.86 GiB)
ds4: ROCm q8 fp16 cache budget exhausted; using q8 kernels (request=64.00 MiB cached=0.00 GiB free=0.34 GiB reserve=1.59 GiB total=31.86 GiB)
case_021 cases=22 prompt=18 target=24 avg_nll=0.632359 lcp=3 api_target_mae=0.632359 api_top_coverage=96/120 api_top1=0.833 api_topn=0.260 api_pair=1.000
ds4: ROCm q8 fp16 cache budget exhausted; using q8 kernels (request=64.00 MiB cached=0.00 GiB free=0.34 GiB reserve=1.59 GiB total=31.86 GiB)
ds4: ROCm q8 fp16 cache budget exhausted; using q8 kernels (request=64.00 MiB cached=0.00 GiB free=0.34 GiB reserve=1.59 GiB total=31.86 GiB)
ds4: ROCm q8 fp16 cache budget exhausted; using q8 kernels (request=64.00 MiB cached=0.00 GiB free=0.34 GiB reserve=1.59 GiB total=31.86 GiB)
ds4: ROCm q8 fp16 cache budget exhausted; using q8 kernels (request=64.00 MiB cached=0.00 GiB free=0.34 GiB reserve=1.59 GiB total=31.86 GiB)
ds4: ROCm q8 fp16 cache budget exhausted; using q8 kernels (request=64.00 MiB cached=0.00 GiB free=0.34 GiB reserve=1.59 GiB total=31.86 GiB)
ds4: ROCm q8 fp16 cache budget exhausted; using q8 kernels (request=64.00 MiB cached=0.00 GiB free=0.34 GiB reserve=1.59 GiB total=31.86 GiB)
ds4: ROCm q8 fp16 cache budget exhausted; using q8 kernels (request=64.00 MiB cached=0.00 GiB free=0.34 GiB reserve=1.59 GiB total=31.86 GiB)
ds4: ROCm q8 fp16 cache budget exhausted; using q8 kernels (request=64.00 MiB cached=0.00 GiB free=0.34 GiB reserve=1.59 GiB total=31.86 GiB)
ds4: ROCm q8 fp16 cache budget exhausted; using q8 kernels (request=64.00 MiB cached=0.00 GiB free=0.34 GiB reserve=1.59 GiB total=31.86 GiB)
ds4: ROCm q8 fp16 cache budget exhausted; using q8 kernels (request=64.00 MiB cached=0.00 GiB free=0.34 GiB reserve=1.59 GiB total=31.86 GiB)
ds4: ROCm q8 fp16 cache budget exhausted; using q8 kernels (request=64.00 MiB cached=0.00 GiB free=0.34 GiB reserve=1.59 GiB total=31.86 GiB)
ds4: ROCm q8 fp16 cache budget exhausted; using q8 kernels (request=64.00 MiB cached=0.00 GiB free=0.34 GiB reserve=1.59 GiB total=31.86 GiB)
ds4: ROCm q8 fp16 cache budget exhausted; using q8 kernels (request=64.00 MiB cached=0.00 GiB free=0.34 GiB reserve=1.59 GiB total=31.86 GiB)
ds4: ROCm q8 fp16 cache budget exhausted; using q8 kernels (request=64.00 MiB cached=0.00 GiB free=0.34 GiB reserve=1.59 GiB total=31.86 GiB)
ds4: ROCm q8 fp16 cache budget exhausted; using q8 kernels (request=64.00 MiB cached=0.00 GiB free=0.34 GiB reserve=1.59 GiB total=31.86 GiB)
ds4: ROCm q8 fp16 cache budget exhausted; using q8 kernels (request=64.00 MiB cached=0.00 GiB free=0.34 GiB reserve=1.59 GiB total=31.86 GiB)
ds4: ROCm q8 fp16 cache budget exhausted; using q8 kernels (request=64.00 MiB cached=0.00 GiB free=0.34 GiB reserve=1.59 GiB total=31.86 GiB)
ds4: ROCm q8 fp16 cache budget exhausted; using q8 kernels (request=64.00 MiB cached=0.00 GiB free=0.34 GiB reserve=1.59 GiB total=31.86 GiB)
ds4: ROCm q8 fp16 cache budget exhausted; using q8 kernels (request=64.00 MiB cached=0.00 GiB free=0.34 GiB reserve=1.59 GiB total=31.86 GiB)
ds4: ROCm q8 fp16 cache budget exhausted; using q8 kernels (request=64.00 MiB cached=0.00 GiB free=0.34 GiB reserve=1.59 GiB total=31.86 GiB)
ds4: ROCm q8 fp16 cache budget exhausted; using q8 kernels (request=64.00 MiB cached=0.00 GiB free=0.34 GiB reserve=1.59 GiB total=31.86 GiB)
ds4: ROCm q8 fp16 cache budget exhausted; using q8 kernels (request=64.00 MiB cached=0.00 GiB free=0.34 GiB reserve=1.59 GiB total=31.86 GiB)
ds4: ROCm q8 fp16 cache budget exhausted; using q8 kernels (request=64.00 MiB cached=0.00 GiB free=0.34 GiB reserve=1.59 GiB total=31.86 GiB)
ds4: ROCm q8 fp16 cache budget exhausted; using q8 kernels (request=64.00 MiB cached=0.00 GiB free=0.34 GiB reserve=1.59 GiB total=31.86 GiB)
ds4: ROCm q8 fp16 cache budget exhausted; using q8 kernels (request=64.00 MiB cached=0.00 GiB free=0.34 GiB reserve=1.59 GiB total=31.86 GiB)
ds4: ROCm q8 fp16 cache budget exhausted; using q8 kernels (request=64.00 MiB cached=0.00 GiB free=0.34 GiB reserve=1.59 GiB total=31.86 GiB)
ds4: ROCm q8 fp16 cache budget exhausted; using q8 kernels (request=64.00 MiB cached=0.00 GiB free=0.34 GiB reserve=1.59 GiB total=31.86 GiB)
ds4: ROCm q8 fp16 cache budget exhausted; using q8 kernels (request=64.00 MiB cached=0.00 GiB free=0.34 GiB reserve=1.59 GiB total=31.86 GiB)
ds4: ROCm q8 fp16 cache budget exhausted; using q8 kernels (request=64.00 MiB cached=0.00 GiB free=0.34 GiB reserve=1.59 GiB total=31.86 GiB)
ds4: ROCm q8 fp16 cache budget exhausted; using q8 kernels (request=64.00 MiB cached=0.00 GiB free=0.34 GiB reserve=1.59 GiB total=31.86 GiB)
ds4: ROCm q8 fp16 cache budget exhausted; using q8 kernels (request=64.00 MiB cached=0.00 GiB free=0.34 GiB reserve=1.59 GiB total=31.86 GiB)
ds4: ROCm q8 fp16 cache budget exhausted; using q8 kernels (request=64.00 MiB cached=0.00 GiB free=0.34 GiB reserve=1.59 GiB total=31.86 GiB)
ds4: ROCm q8 fp16 cache budget exhausted; using q8 kernels (request=64.00 MiB cached=0.00 GiB free=0.34 GiB reserve=1.59 GiB total=31.86 GiB)
ds4: ROCm q8 fp16 cache budget exhausted; using q8 kernels (request=64.00 MiB cached=0.00 GiB free=0.34 GiB reserve=1.59 GiB total=31.86 GiB)
ds4: ROCm q8 fp16 cache budget exhausted; using q8 kernels (request=64.00 MiB cached=0.00 GiB free=0.34 GiB reserve=1.59 GiB total=31.86 GiB)
ds4: ROCm q8 fp16 cache budget exhausted; using q8 kernels (request=64.00 MiB cached=0.00 GiB free=0.34 GiB reserve=1.59 GiB total=31.86 GiB)
ds4: ROCm q8 fp16 cache budget exhausted; using q8 kernels (request=64.00 MiB cached=0.00 GiB free=0.34 GiB reserve=1.59 GiB total=31.86 GiB)
ds4: ROCm q8 fp16 cache budget exhausted; using q8 kernels (request=64.00 MiB cached=0.00 GiB free=0.34 GiB reserve=1.59 GiB total=31.86 GiB)
ds4: ROCm q8 fp16 cache budget exhausted; using q8 kernels (request=64.00 MiB cached=0.00 GiB free=0.34 GiB reserve=1.59 GiB total=31.86 GiB)
ds4: ROCm q8 fp16 cache budget exhausted; using q8 kernels (request=64.00 MiB cached=0.00 GiB free=0.34 GiB reserve=1.59 GiB total=31.86 GiB)
ds4: ROCm q8 fp16 cache budget exhausted; using q8 kernels (request=64.00 MiB cached=0.00 GiB free=0.34 GiB reserve=1.59 GiB total=31.86 GiB)
ds4: ROCm q8 fp16 cache budget exhausted; using q8 kernels (request=64.00 MiB cached=0.00 GiB free=0.34 GiB reserve=1.59 GiB total=31.86 GiB)
ds4: ROCm q8 fp16 cache budget exhausted; using q8 kernels (request=64.00 MiB cached=0.00 GiB free=0.34 GiB reserve=1.59 GiB total=31.86 GiB)
case_022 cases=23 prompt=16 target=24 avg_nll=0.763103 lcp=3 api_target_mae=0.763103 api_top_coverage=100/120 api_top1=0.833 api_topn=0.250 api_pair=1.000
ds4: ROCm q8 fp16 cache budget exhausted; using q8 kernels (request=64.00 MiB cached=0.00 GiB free=0.34 GiB reserve=1.59 GiB total=31.86 GiB)
ds4: ROCm q8 fp16 cache budget exhausted; using q8 kernels (request=64.00 MiB cached=0.00 GiB free=0.34 GiB reserve=1.59 GiB total=31.86 GiB)
ds4: ROCm q8 fp16 cache budget exhausted; using q8 kernels (request=64.00 MiB cached=0.00 GiB free=0.34 GiB reserve=1.59 GiB total=31.86 GiB)
ds4: ROCm q8 fp16 cache budget exhausted; using q8 kernels (request=64.00 MiB cached=0.00 GiB free=0.34 GiB reserve=1.59 GiB total=31.86 GiB)
ds4: ROCm q8 fp16 cache budget exhausted; using q8 kernels (request=64.00 MiB cached=0.00 GiB free=0.34 GiB reserve=1.59 GiB total=31.86 GiB)
ds4: ROCm q8 fp16 cache budget exhausted; using q8 kernels (request=64.00 MiB cached=0.00 GiB free=0.34 GiB reserve=1.59 GiB total=31.86 GiB)
ds4: ROCm q8 fp16 cache budget exhausted; using q8 kernels (request=64.00 MiB cached=0.00 GiB free=0.34 GiB reserve=1.59 GiB total=31.86 GiB)
ds4: ROCm q8 fp16 cache budget exhausted; using q8 kernels (request=64.00 MiB cached=0.00 GiB free=0.34 GiB reserve=1.59 GiB total=31.86 GiB)
ds4: ROCm q8 fp16 cache budget exhausted; using q8 kernels (request=64.00 MiB cached=0.00 GiB free=0.34 GiB reserve=1.59 GiB total=31.86 GiB)
ds4: ROCm q8 fp16 cache budget exhausted; using q8 kernels (request=64.00 MiB cached=0.00 GiB free=0.34 GiB reserve=1.59 GiB total=31.86 GiB)
ds4: ROCm q8 fp16 cache budget exhausted; using q8 kernels (request=64.00 MiB cached=0.00 GiB free=0.34 GiB reserve=1.59 GiB total=31.86 GiB)
ds4: ROCm q8 fp16 cache budget exhausted; using q8 kernels (request=64.00 MiB cached=0.00 GiB free=0.34 GiB reserve=1.59 GiB total=31.86 GiB)
ds4: ROCm q8 fp16 cache budget exhausted; using q8 kernels (request=64.00 MiB cached=0.00 GiB free=0.34 GiB reserve=1.59 GiB total=31.86 GiB)
ds4: ROCm q8 fp16 cache budget exhausted; using q8 kernels (request=64.00 MiB cached=0.00 GiB free=0.34 GiB reserve=1.59 GiB total=31.86 GiB)
ds4: ROCm q8 fp16 cache budget exhausted; using q8 kernels (request=64.00 MiB cached=0.00 GiB free=0.34 GiB reserve=1.59 GiB total=31.86 GiB)
ds4: ROCm q8 fp16 cache budget exhausted; using q8 kernels (request=64.00 MiB cached=0.00 GiB free=0.34 GiB reserve=1.59 GiB total=31.86 GiB)
ds4: ROCm q8 fp16 cache budget exhausted; using q8 kernels (request=64.00 MiB cached=0.00 GiB free=0.34 GiB reserve=1.59 GiB total=31.86 GiB)
ds4: ROCm q8 fp16 cache budget exhausted; using q8 kernels (request=64.00 MiB cached=0.00 GiB free=0.34 GiB reserve=1.59 GiB total=31.86 GiB)
ds4: ROCm q8 fp16 cache budget exhausted; using q8 kernels (request=64.00 MiB cached=0.00 GiB free=0.34 GiB reserve=1.59 GiB total=31.86 GiB)
ds4: ROCm q8 fp16 cache budget exhausted; using q8 kernels (request=64.00 MiB cached=0.00 GiB free=0.34 GiB reserve=1.59 GiB total=31.86 GiB)
ds4: ROCm q8 fp16 cache budget exhausted; using q8 kernels (request=64.00 MiB cached=0.00 GiB free=0.34 GiB reserve=1.59 GiB total=31.86 GiB)
ds4: ROCm q8 fp16 cache budget exhausted; using q8 kernels (request=64.00 MiB cached=0.00 GiB free=0.34 GiB reserve=1.59 GiB total=31.86 GiB)
ds4: ROCm q8 fp16 cache budget exhausted; using q8 kernels (request=64.00 MiB cached=0.00 GiB free=0.34 GiB reserve=1.59 GiB total=31.86 GiB)
ds4: ROCm q8 fp16 cache budget exhausted; using q8 kernels (request=64.00 MiB cached=0.00 GiB free=0.34 GiB reserve=1.59 GiB total=31.86 GiB)
ds4: ROCm q8 fp16 cache budget exhausted; using q8 kernels (request=64.00 MiB cached=0.00 GiB free=0.34 GiB reserve=1.59 GiB total=31.86 GiB)
ds4: ROCm q8 fp16 cache budget exhausted; using q8 kernels (request=64.00 MiB cached=0.00 GiB free=0.34 GiB reserve=1.59 GiB total=31.86 GiB)
ds4: ROCm q8 fp16 cache budget exhausted; using q8 kernels (request=64.00 MiB cached=0.00 GiB free=0.34 GiB reserve=1.59 GiB total=31.86 GiB)
ds4: ROCm q8 fp16 cache budget exhausted; using q8 kernels (request=64.00 MiB cached=0.00 GiB free=0.34 GiB reserve=1.59 GiB total=31.86 GiB)
ds4: ROCm q8 fp16 cache budget exhausted; using q8 kernels (request=64.00 MiB cached=0.00 GiB free=0.34 GiB reserve=1.59 GiB total=31.86 GiB)
ds4: ROCm q8 fp16 cache budget exhausted; using q8 kernels (request=64.00 MiB cached=0.00 GiB free=0.34 GiB reserve=1.59 GiB total=31.86 GiB)
ds4: ROCm q8 fp16 cache budget exhausted; using q8 kernels (request=64.00 MiB cached=0.00 GiB free=0.34 GiB reserve=1.59 GiB total=31.86 GiB)
ds4: ROCm q8 fp16 cache budget exhausted; using q8 kernels (request=64.00 MiB cached=0.00 GiB free=0.34 GiB reserve=1.59 GiB total=31.86 GiB)
ds4: ROCm q8 fp16 cache budget exhausted; using q8 kernels (request=64.00 MiB cached=0.00 GiB free=0.34 GiB reserve=1.59 GiB total=31.86 GiB)
ds4: ROCm q8 fp16 cache budget exhausted; using q8 kernels (request=64.00 MiB cached=0.00 GiB free=0.34 GiB reserve=1.59 GiB total=31.86 GiB)
ds4: ROCm q8 fp16 cache budget exhausted; using q8 kernels (request=64.00 MiB cached=0.00 GiB free=0.34 GiB reserve=1.59 GiB total=31.86 GiB)
ds4: ROCm q8 fp16 cache budget exhausted; using q8 kernels (request=64.00 MiB cached=0.00 GiB free=0.34 GiB reserve=1.59 GiB total=31.86 GiB)
ds4: ROCm q8 fp16 cache budget exhausted; using q8 kernels (request=64.00 MiB cached=0.00 GiB free=0.34 GiB reserve=1.59 GiB total=31.86 GiB)
ds4: ROCm q8 fp16 cache budget exhausted; using q8 kernels (request=64.00 MiB cached=0.00 GiB free=0.34 GiB reserve=1.59 GiB total=31.86 GiB)
ds4: ROCm q8 fp16 cache budget exhausted; using q8 kernels (request=64.00 MiB cached=0.00 GiB free=0.34 GiB reserve=1.59 GiB total=31.86 GiB)
ds4: ROCm q8 fp16 cache budget exhausted; using q8 kernels (request=64.00 MiB cached=0.00 GiB free=0.34 GiB reserve=1.59 GiB total=31.86 GiB)
ds4: ROCm q8 fp16 cache budget exhausted; using q8 kernels (request=64.00 MiB cached=0.00 GiB free=0.34 GiB reserve=1.59 GiB total=31.86 GiB)
ds4: ROCm q8 fp16 cache budget exhausted; using q8 kernels (request=64.00 MiB cached=0.00 GiB free=0.34 GiB reserve=1.59 GiB total=31.86 GiB)
ds4: ROCm q8 fp16 cache budget exhausted; using q8 kernels (request=64.00 MiB cached=0.00 GiB free=0.34 GiB reserve=1.59 GiB total=31.86 GiB)
case_023 cases=24 prompt=14 target=24 avg_nll=0.663965 lcp=0 api_target_mae=0.663965 api_top_coverage=114/120 api_top1=0.750 api_topn=0.579 api_pair=0.946
ds4: ROCm q8 fp16 cache budget exhausted; using q8 kernels (request=64.00 MiB cached=0.00 GiB free=0.34 GiB reserve=1.59 GiB total=31.86 GiB)
ds4: ROCm q8 fp16 cache budget exhausted; using q8 kernels (request=64.00 MiB cached=0.00 GiB free=0.34 GiB reserve=1.59 GiB total=31.86 GiB)
ds4: ROCm q8 fp16 cache budget exhausted; using q8 kernels (request=64.00 MiB cached=0.00 GiB free=0.34 GiB reserve=1.59 GiB total=31.86 GiB)
ds4: ROCm q8 fp16 cache budget exhausted; using q8 kernels (request=64.00 MiB cached=0.00 GiB free=0.34 GiB reserve=1.59 GiB total=31.86 GiB)
ds4: ROCm q8 fp16 cache budget exhausted; using q8 kernels (request=64.00 MiB cached=0.00 GiB free=0.34 GiB reserve=1.59 GiB total=31.86 GiB)
ds4: ROCm q8 fp16 cache budget exhausted; using q8 kernels (request=64.00 MiB cached=0.00 GiB free=0.34 GiB reserve=1.59 GiB total=31.86 GiB)
ds4: ROCm q8 fp16 cache budget exhausted; using q8 kernels (request=64.00 MiB cached=0.00 GiB free=0.34 GiB reserve=1.59 GiB total=31.86 GiB)
ds4: ROCm q8 fp16 cache budget exhausted; using q8 kernels (request=64.00 MiB cached=0.00 GiB free=0.34 GiB reserve=1.59 GiB total=31.86 GiB)
ds4: ROCm q8 fp16 cache budget exhausted; using q8 kernels (request=64.00 MiB cached=0.00 GiB free=0.34 GiB reserve=1.59 GiB total=31.86 GiB)
ds4: ROCm q8 fp16 cache budget exhausted; using q8 kernels (request=64.00 MiB cached=0.00 GiB free=0.34 GiB reserve=1.59 GiB total=31.86 GiB)
ds4: ROCm q8 fp16 cache budget exhausted; using q8 kernels (request=64.00 MiB cached=0.00 GiB free=0.34 GiB reserve=1.59 GiB total=31.86 GiB)
ds4: ROCm q8 fp16 cache budget exhausted; using q8 kernels (request=64.00 MiB cached=0.00 GiB free=0.34 GiB reserve=1.59 GiB total=31.86 GiB)
ds4: ROCm q8 fp16 cache budget exhausted; using q8 kernels (request=64.00 MiB cached=0.00 GiB free=0.34 GiB reserve=1.59 GiB total=31.86 GiB)
ds4: ROCm q8 fp16 cache budget exhausted; using q8 kernels (request=64.00 MiB cached=0.00 GiB free=0.34 GiB reserve=1.59 GiB total=31.86 GiB)
ds4: ROCm q8 fp16 cache budget exhausted; using q8 kernels (request=64.00 MiB cached=0.00 GiB free=0.34 GiB reserve=1.59 GiB total=31.86 GiB)
ds4: ROCm q8 fp16 cache budget exhausted; using q8 kernels (request=64.00 MiB cached=0.00 GiB free=0.34 GiB reserve=1.59 GiB total=31.86 GiB)
ds4: ROCm q8 fp16 cache budget exhausted; using q8 kernels (request=64.00 MiB cached=0.00 GiB free=0.34 GiB reserve=1.59 GiB total=31.86 GiB)
ds4: ROCm q8 fp16 cache budget exhausted; using q8 kernels (request=64.00 MiB cached=0.00 GiB free=0.34 GiB reserve=1.59 GiB total=31.86 GiB)
ds4: ROCm q8 fp16 cache budget exhausted; using q8 kernels (request=64.00 MiB cached=0.00 GiB free=0.34 GiB reserve=1.59 GiB total=31.86 GiB)
ds4: ROCm q8 fp16 cache budget exhausted; using q8 kernels (request=64.00 MiB cached=0.00 GiB free=0.34 GiB reserve=1.59 GiB total=31.86 GiB)
ds4: ROCm q8 fp16 cache budget exhausted; using q8 kernels (request=64.00 MiB cached=0.00 GiB free=0.34 GiB reserve=1.59 GiB total=31.86 GiB)
ds4: ROCm q8 fp16 cache budget exhausted; using q8 kernels (request=64.00 MiB cached=0.00 GiB free=0.34 GiB reserve=1.59 GiB total=31.86 GiB)
ds4: ROCm q8 fp16 cache budget exhausted; using q8 kernels (request=64.00 MiB cached=0.00 GiB free=0.34 GiB reserve=1.59 GiB total=31.86 GiB)
ds4: ROCm q8 fp16 cache budget exhausted; using q8 kernels (request=64.00 MiB cached=0.00 GiB free=0.34 GiB reserve=1.59 GiB total=31.86 GiB)
ds4: ROCm q8 fp16 cache budget exhausted; using q8 kernels (request=64.00 MiB cached=0.00 GiB free=0.34 GiB reserve=1.59 GiB total=31.86 GiB)
ds4: ROCm q8 fp16 cache budget exhausted; using q8 kernels (request=64.00 MiB cached=0.00 GiB free=0.34 GiB reserve=1.59 GiB total=31.86 GiB)
ds4: ROCm q8 fp16 cache budget exhausted; using q8 kernels (request=64.00 MiB cached=0.00 GiB free=0.34 GiB reserve=1.59 GiB total=31.86 GiB)
ds4: ROCm q8 fp16 cache budget exhausted; using q8 kernels (request=64.00 MiB cached=0.00 GiB free=0.34 GiB reserve=1.59 GiB total=31.86 GiB)
ds4: ROCm q8 fp16 cache budget exhausted; using q8 kernels (request=64.00 MiB cached=0.00 GiB free=0.34 GiB reserve=1.59 GiB total=31.86 GiB)
ds4: ROCm q8 fp16 cache budget exhausted; using q8 kernels (request=64.00 MiB cached=0.00 GiB free=0.34 GiB reserve=1.59 GiB total=31.86 GiB)
ds4: ROCm q8 fp16 cache budget exhausted; using q8 kernels (request=64.00 MiB cached=0.00 GiB free=0.34 GiB reserve=1.59 GiB total=31.86 GiB)
ds4: ROCm q8 fp16 cache budget exhausted; using q8 kernels (request=64.00 MiB cached=0.00 GiB free=0.34 GiB reserve=1.59 GiB total=31.86 GiB)
ds4: ROCm q8 fp16 cache budget exhausted; using q8 kernels (request=64.00 MiB cached=0.00 GiB free=0.34 GiB reserve=1.59 GiB total=31.86 GiB)
ds4: ROCm q8 fp16 cache budget exhausted; using q8 kernels (request=64.00 MiB cached=0.00 GiB free=0.34 GiB reserve=1.59 GiB total=31.86 GiB)
ds4: ROCm q8 fp16 cache budget exhausted; using q8 kernels (request=64.00 MiB cached=0.00 GiB free=0.34 GiB reserve=1.59 GiB total=31.86 GiB)
ds4: ROCm q8 fp16 cache budget exhausted; using q8 kernels (request=64.00 MiB cached=0.00 GiB free=0.34 GiB reserve=1.59 GiB total=31.86 GiB)
ds4: ROCm q8 fp16 cache budget exhausted; using q8 kernels (request=64.00 MiB cached=0.00 GiB free=0.34 GiB reserve=1.59 GiB total=31.86 GiB)
ds4: ROCm q8 fp16 cache budget exhausted; using q8 kernels (request=64.00 MiB cached=0.00 GiB free=0.34 GiB reserve=1.59 GiB total=31.86 GiB)
ds4: ROCm q8 fp16 cache budget exhausted; using q8 kernels (request=64.00 MiB cached=0.00 GiB free=0.34 GiB reserve=1.59 GiB total=31.86 GiB)
ds4: ROCm q8 fp16 cache budget exhausted; using q8 kernels (request=64.00 MiB cached=0.00 GiB free=0.34 GiB reserve=1.59 GiB total=31.86 GiB)
ds4: ROCm q8 fp16 cache budget exhausted; using q8 kernels (request=64.00 MiB cached=0.00 GiB free=0.34 GiB reserve=1.59 GiB total=31.86 GiB)
ds4: ROCm q8 fp16 cache budget exhausted; using q8 kernels (request=64.00 MiB cached=0.00 GiB free=0.34 GiB reserve=1.59 GiB total=31.86 GiB)
ds4: ROCm q8 fp16 cache budget exhausted; using q8 kernels (request=64.00 MiB cached=0.00 GiB free=0.34 GiB reserve=1.59 GiB total=31.86 GiB)
case_024 cases=25 prompt=15 target=24 avg_nll=0.565892 lcp=1 api_target_mae=0.565892 api_top_coverage=102/120 api_top1=0.792 api_topn=0.304 api_pair=0.987
ds4: ROCm q8 fp16 cache budget exhausted; using q8 kernels (request=64.00 MiB cached=0.00 GiB free=0.34 GiB reserve=1.59 GiB total=31.86 GiB)
ds4: ROCm q8 fp16 cache budget exhausted; using q8 kernels (request=64.00 MiB cached=0.00 GiB free=0.34 GiB reserve=1.59 GiB total=31.86 GiB)
ds4: ROCm q8 fp16 cache budget exhausted; using q8 kernels (request=64.00 MiB cached=0.00 GiB free=0.34 GiB reserve=1.59 GiB total=31.86 GiB)
ds4: ROCm q8 fp16 cache budget exhausted; using q8 kernels (request=64.00 MiB cached=0.00 GiB free=0.34 GiB reserve=1.59 GiB total=31.86 GiB)
ds4: ROCm q8 fp16 cache budget exhausted; using q8 kernels (request=64.00 MiB cached=0.00 GiB free=0.34 GiB reserve=1.59 GiB total=31.86 GiB)
ds4: ROCm q8 fp16 cache budget exhausted; using q8 kernels (request=64.00 MiB cached=0.00 GiB free=0.34 GiB reserve=1.59 GiB total=31.86 GiB)
ds4: ROCm q8 fp16 cache budget exhausted; using q8 kernels (request=64.00 MiB cached=0.00 GiB free=0.34 GiB reserve=1.59 GiB total=31.86 GiB)
ds4: ROCm q8 fp16 cache budget exhausted; using q8 kernels (request=64.00 MiB cached=0.00 GiB free=0.34 GiB reserve=1.59 GiB total=31.86 GiB)
ds4: ROCm q8 fp16 cache budget exhausted; using q8 kernels (request=64.00 MiB cached=0.00 GiB free=0.34 GiB reserve=1.59 GiB total=31.86 GiB)
ds4: ROCm q8 fp16 cache budget exhausted; using q8 kernels (request=64.00 MiB cached=0.00 GiB free=0.34 GiB reserve=1.59 GiB total=31.86 GiB)
ds4: ROCm q8 fp16 cache budget exhausted; using q8 kernels (request=64.00 MiB cached=0.00 GiB free=0.34 GiB reserve=1.59 GiB total=31.86 GiB)
ds4: ROCm q8 fp16 cache budget exhausted; using q8 kernels (request=64.00 MiB cached=0.00 GiB free=0.34 GiB reserve=1.59 GiB total=31.86 GiB)
ds4: ROCm q8 fp16 cache budget exhausted; using q8 kernels (request=64.00 MiB cached=0.00 GiB free=0.34 GiB reserve=1.59 GiB total=31.86 GiB)
ds4: ROCm q8 fp16 cache budget exhausted; using q8 kernels (request=64.00 MiB cached=0.00 GiB free=0.34 GiB reserve=1.59 GiB total=31.86 GiB)
ds4: ROCm q8 fp16 cache budget exhausted; using q8 kernels (request=64.00 MiB cached=0.00 GiB free=0.34 GiB reserve=1.59 GiB total=31.86 GiB)
ds4: ROCm q8 fp16 cache budget exhausted; using q8 kernels (request=64.00 MiB cached=0.00 GiB free=0.34 GiB reserve=1.59 GiB total=31.86 GiB)
ds4: ROCm q8 fp16 cache budget exhausted; using q8 kernels (request=64.00 MiB cached=0.00 GiB free=0.34 GiB reserve=1.59 GiB total=31.86 GiB)
ds4: ROCm q8 fp16 cache budget exhausted; using q8 kernels (request=64.00 MiB cached=0.00 GiB free=0.34 GiB reserve=1.59 GiB total=31.86 GiB)
ds4: ROCm q8 fp16 cache budget exhausted; using q8 kernels (request=64.00 MiB cached=0.00 GiB free=0.34 GiB reserve=1.59 GiB total=31.86 GiB)
ds4: ROCm q8 fp16 cache budget exhausted; using q8 kernels (request=64.00 MiB cached=0.00 GiB free=0.34 GiB reserve=1.59 GiB total=31.86 GiB)
ds4: ROCm q8 fp16 cache budget exhausted; using q8 kernels (request=64.00 MiB cached=0.00 GiB free=0.34 GiB reserve=1.59 GiB total=31.86 GiB)
ds4: ROCm q8 fp16 cache budget exhausted; using q8 kernels (request=64.00 MiB cached=0.00 GiB free=0.34 GiB reserve=1.59 GiB total=31.86 GiB)
ds4: ROCm q8 fp16 cache budget exhausted; using q8 kernels (request=64.00 MiB cached=0.00 GiB free=0.34 GiB reserve=1.59 GiB total=31.86 GiB)
ds4: ROCm q8 fp16 cache budget exhausted; using q8 kernels (request=64.00 MiB cached=0.00 GiB free=0.34 GiB reserve=1.59 GiB total=31.86 GiB)
ds4: ROCm q8 fp16 cache budget exhausted; using q8 kernels (request=64.00 MiB cached=0.00 GiB free=0.34 GiB reserve=1.59 GiB total=31.86 GiB)
ds4: ROCm q8 fp16 cache budget exhausted; using q8 kernels (request=64.00 MiB cached=0.00 GiB free=0.34 GiB reserve=1.59 GiB total=31.86 GiB)
ds4: ROCm q8 fp16 cache budget exhausted; using q8 kernels (request=64.00 MiB cached=0.00 GiB free=0.34 GiB reserve=1.59 GiB total=31.86 GiB)
ds4: ROCm q8 fp16 cache budget exhausted; using q8 kernels (request=64.00 MiB cached=0.00 GiB free=0.34 GiB reserve=1.59 GiB total=31.86 GiB)
ds4: ROCm q8 fp16 cache budget exhausted; using q8 kernels (request=64.00 MiB cached=0.00 GiB free=0.34 GiB reserve=1.59 GiB total=31.86 GiB)
ds4: ROCm q8 fp16 cache budget exhausted; using q8 kernels (request=64.00 MiB cached=0.00 GiB free=0.34 GiB reserve=1.59 GiB total=31.86 GiB)
ds4: ROCm q8 fp16 cache budget exhausted; using q8 kernels (request=64.00 MiB cached=0.00 GiB free=0.34 GiB reserve=1.59 GiB total=31.86 GiB)
ds4: ROCm q8 fp16 cache budget exhausted; using q8 kernels (request=64.00 MiB cached=0.00 GiB free=0.34 GiB reserve=1.59 GiB total=31.86 GiB)
ds4: ROCm q8 fp16 cache budget exhausted; using q8 kernels (request=64.00 MiB cached=0.00 GiB free=0.34 GiB reserve=1.59 GiB total=31.86 GiB)
ds4: ROCm q8 fp16 cache budget exhausted; using q8 kernels (request=64.00 MiB cached=0.00 GiB free=0.34 GiB reserve=1.59 GiB total=31.86 GiB)
ds4: ROCm q8 fp16 cache budget exhausted; using q8 kernels (request=64.00 MiB cached=0.00 GiB free=0.34 GiB reserve=1.59 GiB total=31.86 GiB)
ds4: ROCm q8 fp16 cache budget exhausted; using q8 kernels (request=64.00 MiB cached=0.00 GiB free=0.34 GiB reserve=1.59 GiB total=31.86 GiB)
ds4: ROCm q8 fp16 cache budget exhausted; using q8 kernels (request=64.00 MiB cached=0.00 GiB free=0.34 GiB reserve=1.59 GiB total=31.86 GiB)
ds4: ROCm q8 fp16 cache budget exhausted; using q8 kernels (request=64.00 MiB cached=0.00 GiB free=0.34 GiB reserve=1.59 GiB total=31.86 GiB)
ds4: ROCm q8 fp16 cache budget exhausted; using q8 kernels (request=64.00 MiB cached=0.00 GiB free=0.34 GiB reserve=1.59 GiB total=31.86 GiB)
ds4: ROCm q8 fp16 cache budget exhausted; using q8 kernels (request=64.00 MiB cached=0.00 GiB free=0.34 GiB reserve=1.59 GiB total=31.86 GiB)
ds4: ROCm q8 fp16 cache budget exhausted; using q8 kernels (request=64.00 MiB cached=0.00 GiB free=0.34 GiB reserve=1.59 GiB total=31.86 GiB)
ds4: ROCm q8 fp16 cache budget exhausted; using q8 kernels (request=64.00 MiB cached=0.00 GiB free=0.34 GiB reserve=1.59 GiB total=31.86 GiB)
ds4: ROCm q8 fp16 cache budget exhausted; using q8 kernels (request=64.00 MiB cached=0.00 GiB free=0.34 GiB reserve=1.59 GiB total=31.86 GiB)
case_025 cases=26 prompt=20 target=24 avg_nll=0.422927 lcp=4 api_target_mae=0.422927 api_top_coverage=97/120 api_top1=0.875 api_topn=0.289 api_pair=1.000
ds4: ROCm q8 fp16 cache budget exhausted; using q8 kernels (request=64.00 MiB cached=0.00 GiB free=0.34 GiB reserve=1.59 GiB total=31.86 GiB)
ds4: ROCm q8 fp16 cache budget exhausted; using q8 kernels (request=64.00 MiB cached=0.00 GiB free=0.34 GiB reserve=1.59 GiB total=31.86 GiB)
ds4: ROCm q8 fp16 cache budget exhausted; using q8 kernels (request=64.00 MiB cached=0.00 GiB free=0.34 GiB reserve=1.59 GiB total=31.86 GiB)
ds4: ROCm q8 fp16 cache budget exhausted; using q8 kernels (request=64.00 MiB cached=0.00 GiB free=0.34 GiB reserve=1.59 GiB total=31.86 GiB)
ds4: ROCm q8 fp16 cache budget exhausted; using q8 kernels (request=64.00 MiB cached=0.00 GiB free=0.34 GiB reserve=1.59 GiB total=31.86 GiB)
ds4: ROCm q8 fp16 cache budget exhausted; using q8 kernels (request=64.00 MiB cached=0.00 GiB free=0.34 GiB reserve=1.59 GiB total=31.86 GiB)
ds4: ROCm q8 fp16 cache budget exhausted; using q8 kernels (request=64.00 MiB cached=0.00 GiB free=0.34 GiB reserve=1.59 GiB total=31.86 GiB)
ds4: ROCm q8 fp16 cache budget exhausted; using q8 kernels (request=64.00 MiB cached=0.00 GiB free=0.34 GiB reserve=1.59 GiB total=31.86 GiB)
ds4: ROCm q8 fp16 cache budget exhausted; using q8 kernels (request=64.00 MiB cached=0.00 GiB free=0.34 GiB reserve=1.59 GiB total=31.86 GiB)
ds4: ROCm q8 fp16 cache budget exhausted; using q8 kernels (request=64.00 MiB cached=0.00 GiB free=0.34 GiB reserve=1.59 GiB total=31.86 GiB)
ds4: ROCm q8 fp16 cache budget exhausted; using q8 kernels (request=64.00 MiB cached=0.00 GiB free=0.34 GiB reserve=1.59 GiB total=31.86 GiB)
ds4: ROCm q8 fp16 cache budget exhausted; using q8 kernels (request=64.00 MiB cached=0.00 GiB free=0.34 GiB reserve=1.59 GiB total=31.86 GiB)
ds4: ROCm q8 fp16 cache budget exhausted; using q8 kernels (request=64.00 MiB cached=0.00 GiB free=0.34 GiB reserve=1.59 GiB total=31.86 GiB)
ds4: ROCm q8 fp16 cache budget exhausted; using q8 kernels (request=64.00 MiB cached=0.00 GiB free=0.34 GiB reserve=1.59 GiB total=31.86 GiB)
ds4: ROCm q8 fp16 cache budget exhausted; using q8 kernels (request=64.00 MiB cached=0.00 GiB free=0.34 GiB reserve=1.59 GiB total=31.86 GiB)
ds4: ROCm q8 fp16 cache budget exhausted; using q8 kernels (request=64.00 MiB cached=0.00 GiB free=0.34 GiB reserve=1.59 GiB total=31.86 GiB)
ds4: ROCm q8 fp16 cache budget exhausted; using q8 kernels (request=64.00 MiB cached=0.00 GiB free=0.34 GiB reserve=1.59 GiB total=31.86 GiB)
ds4: ROCm q8 fp16 cache budget exhausted; using q8 kernels (request=64.00 MiB cached=0.00 GiB free=0.34 GiB reserve=1.59 GiB total=31.86 GiB)
ds4: ROCm q8 fp16 cache budget exhausted; using q8 kernels (request=64.00 MiB cached=0.00 GiB free=0.34 GiB reserve=1.59 GiB total=31.86 GiB)
ds4: ROCm q8 fp16 cache budget exhausted; using q8 kernels (request=64.00 MiB cached=0.00 GiB free=0.34 GiB reserve=1.59 GiB total=31.86 GiB)
ds4: ROCm q8 fp16 cache budget exhausted; using q8 kernels (request=64.00 MiB cached=0.00 GiB free=0.34 GiB reserve=1.59 GiB total=31.86 GiB)
ds4: ROCm q8 fp16 cache budget exhausted; using q8 kernels (request=64.00 MiB cached=0.00 GiB free=0.34 GiB reserve=1.59 GiB total=31.86 GiB)
ds4: ROCm q8 fp16 cache budget exhausted; using q8 kernels (request=64.00 MiB cached=0.00 GiB free=0.34 GiB reserve=1.59 GiB total=31.86 GiB)
ds4: ROCm q8 fp16 cache budget exhausted; using q8 kernels (request=64.00 MiB cached=0.00 GiB free=0.34 GiB reserve=1.59 GiB total=31.86 GiB)
ds4: ROCm q8 fp16 cache budget exhausted; using q8 kernels (request=64.00 MiB cached=0.00 GiB free=0.34 GiB reserve=1.59 GiB total=31.86 GiB)
ds4: ROCm q8 fp16 cache budget exhausted; using q8 kernels (request=64.00 MiB cached=0.00 GiB free=0.34 GiB reserve=1.59 GiB total=31.86 GiB)
ds4: ROCm q8 fp16 cache budget exhausted; using q8 kernels (request=64.00 MiB cached=0.00 GiB free=0.34 GiB reserve=1.59 GiB total=31.86 GiB)
ds4: ROCm q8 fp16 cache budget exhausted; using q8 kernels (request=64.00 MiB cached=0.00 GiB free=0.34 GiB reserve=1.59 GiB total=31.86 GiB)
ds4: ROCm q8 fp16 cache budget exhausted; using q8 kernels (request=64.00 MiB cached=0.00 GiB free=0.34 GiB reserve=1.59 GiB total=31.86 GiB)
ds4: ROCm q8 fp16 cache budget exhausted; using q8 kernels (request=64.00 MiB cached=0.00 GiB free=0.34 GiB reserve=1.59 GiB total=31.86 GiB)
ds4: ROCm q8 fp16 cache budget exhausted; using q8 kernels (request=64.00 MiB cached=0.00 GiB free=0.34 GiB reserve=1.59 GiB total=31.86 GiB)
ds4: ROCm q8 fp16 cache budget exhausted; using q8 kernels (request=64.00 MiB cached=0.00 GiB free=0.34 GiB reserve=1.59 GiB total=31.86 GiB)
ds4: ROCm q8 fp16 cache budget exhausted; using q8 kernels (request=64.00 MiB cached=0.00 GiB free=0.34 GiB reserve=1.59 GiB total=31.86 GiB)
ds4: ROCm q8 fp16 cache budget exhausted; using q8 kernels (request=64.00 MiB cached=0.00 GiB free=0.34 GiB reserve=1.59 GiB total=31.86 GiB)
ds4: ROCm q8 fp16 cache budget exhausted; using q8 kernels (request=64.00 MiB cached=0.00 GiB free=0.34 GiB reserve=1.59 GiB total=31.86 GiB)
ds4: ROCm q8 fp16 cache budget exhausted; using q8 kernels (request=64.00 MiB cached=0.00 GiB free=0.34 GiB reserve=1.59 GiB total=31.86 GiB)
ds4: ROCm q8 fp16 cache budget exhausted; using q8 kernels (request=64.00 MiB cached=0.00 GiB free=0.34 GiB reserve=1.59 GiB total=31.86 GiB)
ds4: ROCm q8 fp16 cache budget exhausted; using q8 kernels (request=64.00 MiB cached=0.00 GiB free=0.34 GiB reserve=1.59 GiB total=31.86 GiB)
ds4: ROCm q8 fp16 cache budget exhausted; using q8 kernels (request=64.00 MiB cached=0.00 GiB free=0.34 GiB reserve=1.59 GiB total=31.86 GiB)
ds4: ROCm q8 fp16 cache budget exhausted; using q8 kernels (request=64.00 MiB cached=0.00 GiB free=0.34 GiB reserve=1.59 GiB total=31.86 GiB)
ds4: ROCm q8 fp16 cache budget exhausted; using q8 kernels (request=64.00 MiB cached=0.00 GiB free=0.34 GiB reserve=1.59 GiB total=31.86 GiB)
ds4: ROCm q8 fp16 cache budget exhausted; using q8 kernels (request=64.00 MiB cached=0.00 GiB free=0.34 GiB reserve=1.59 GiB total=31.86 GiB)
ds4: ROCm q8 fp16 cache budget exhausted; using q8 kernels (request=64.00 MiB cached=0.00 GiB free=0.34 GiB reserve=1.59 GiB total=31.86 GiB)
case_026 cases=27 prompt=17 target=24 avg_nll=0.731776 lcp=15 api_target_mae=0.731776 api_top_coverage=98/120 api_top1=0.792 api_topn=0.245 api_pair=0.986
ds4: ROCm q8 fp16 cache budget exhausted; using q8 kernels (request=64.00 MiB cached=0.00 GiB free=0.34 GiB reserve=1.59 GiB total=31.86 GiB)
ds4: ROCm q8 fp16 cache budget exhausted; using q8 kernels (request=64.00 MiB cached=0.00 GiB free=0.34 GiB reserve=1.59 GiB total=31.86 GiB)
ds4: ROCm q8 fp16 cache budget exhausted; using q8 kernels (request=64.00 MiB cached=0.00 GiB free=0.34 GiB reserve=1.59 GiB total=31.86 GiB)
ds4: ROCm q8 fp16 cache budget exhausted; using q8 kernels (request=64.00 MiB cached=0.00 GiB free=0.34 GiB reserve=1.59 GiB total=31.86 GiB)
ds4: ROCm q8 fp16 cache budget exhausted; using q8 kernels (request=64.00 MiB cached=0.00 GiB free=0.34 GiB reserve=1.59 GiB total=31.86 GiB)
ds4: ROCm q8 fp16 cache budget exhausted; using q8 kernels (request=64.00 MiB cached=0.00 GiB free=0.34 GiB reserve=1.59 GiB total=31.86 GiB)
ds4: ROCm q8 fp16 cache budget exhausted; using q8 kernels (request=64.00 MiB cached=0.00 GiB free=0.34 GiB reserve=1.59 GiB total=31.86 GiB)
ds4: ROCm q8 fp16 cache budget exhausted; using q8 kernels (request=64.00 MiB cached=0.00 GiB free=0.34 GiB reserve=1.59 GiB total=31.86 GiB)
ds4: ROCm q8 fp16 cache budget exhausted; using q8 kernels (request=64.00 MiB cached=0.00 GiB free=0.34 GiB reserve=1.59 GiB total=31.86 GiB)
ds4: ROCm q8 fp16 cache budget exhausted; using q8 kernels (request=64.00 MiB cached=0.00 GiB free=0.34 GiB reserve=1.59 GiB total=31.86 GiB)
ds4: ROCm q8 fp16 cache budget exhausted; using q8 kernels (request=64.00 MiB cached=0.00 GiB free=0.34 GiB reserve=1.59 GiB total=31.86 GiB)
ds4: ROCm q8 fp16 cache budget exhausted; using q8 kernels (request=64.00 MiB cached=0.00 GiB free=0.34 GiB reserve=1.59 GiB total=31.86 GiB)
ds4: ROCm q8 fp16 cache budget exhausted; using q8 kernels (request=64.00 MiB cached=0.00 GiB free=0.34 GiB reserve=1.59 GiB total=31.86 GiB)
ds4: ROCm q8 fp16 cache budget exhausted; using q8 kernels (request=64.00 MiB cached=0.00 GiB free=0.34 GiB reserve=1.59 GiB total=31.86 GiB)
ds4: ROCm q8 fp16 cache budget exhausted; using q8 kernels (request=64.00 MiB cached=0.00 GiB free=0.34 GiB reserve=1.59 GiB total=31.86 GiB)
ds4: ROCm q8 fp16 cache budget exhausted; using q8 kernels (request=64.00 MiB cached=0.00 GiB free=0.34 GiB reserve=1.59 GiB total=31.86 GiB)
ds4: ROCm q8 fp16 cache budget exhausted; using q8 kernels (request=64.00 MiB cached=0.00 GiB free=0.34 GiB reserve=1.59 GiB total=31.86 GiB)
ds4: ROCm q8 fp16 cache budget exhausted; using q8 kernels (request=64.00 MiB cached=0.00 GiB free=0.34 GiB reserve=1.59 GiB total=31.86 GiB)
ds4: ROCm q8 fp16 cache budget exhausted; using q8 kernels (request=64.00 MiB cached=0.00 GiB free=0.34 GiB reserve=1.59 GiB total=31.86 GiB)
ds4: ROCm q8 fp16 cache budget exhausted; using q8 kernels (request=64.00 MiB cached=0.00 GiB free=0.34 GiB reserve=1.59 GiB total=31.86 GiB)
ds4: ROCm q8 fp16 cache budget exhausted; using q8 kernels (request=64.00 MiB cached=0.00 GiB free=0.34 GiB reserve=1.59 GiB total=31.86 GiB)
ds4: ROCm q8 fp16 cache budget exhausted; using q8 kernels (request=64.00 MiB cached=0.00 GiB free=0.34 GiB reserve=1.59 GiB total=31.86 GiB)
ds4: ROCm q8 fp16 cache budget exhausted; using q8 kernels (request=64.00 MiB cached=0.00 GiB free=0.34 GiB reserve=1.59 GiB total=31.86 GiB)
ds4: ROCm q8 fp16 cache budget exhausted; using q8 kernels (request=64.00 MiB cached=0.00 GiB free=0.34 GiB reserve=1.59 GiB total=31.86 GiB)
ds4: ROCm q8 fp16 cache budget exhausted; using q8 kernels (request=64.00 MiB cached=0.00 GiB free=0.34 GiB reserve=1.59 GiB total=31.86 GiB)
ds4: ROCm q8 fp16 cache budget exhausted; using q8 kernels (request=64.00 MiB cached=0.00 GiB free=0.34 GiB reserve=1.59 GiB total=31.86 GiB)
ds4: ROCm q8 fp16 cache budget exhausted; using q8 kernels (request=64.00 MiB cached=0.00 GiB free=0.34 GiB reserve=1.59 GiB total=31.86 GiB)
ds4: ROCm q8 fp16 cache budget exhausted; using q8 kernels (request=64.00 MiB cached=0.00 GiB free=0.34 GiB reserve=1.59 GiB total=31.86 GiB)
ds4: ROCm q8 fp16 cache budget exhausted; using q8 kernels (request=64.00 MiB cached=0.00 GiB free=0.34 GiB reserve=1.59 GiB total=31.86 GiB)
ds4: ROCm q8 fp16 cache budget exhausted; using q8 kernels (request=64.00 MiB cached=0.00 GiB free=0.34 GiB reserve=1.59 GiB total=31.86 GiB)
ds4: ROCm q8 fp16 cache budget exhausted; using q8 kernels (request=64.00 MiB cached=0.00 GiB free=0.34 GiB reserve=1.59 GiB total=31.86 GiB)
ds4: ROCm q8 fp16 cache budget exhausted; using q8 kernels (request=64.00 MiB cached=0.00 GiB free=0.34 GiB reserve=1.59 GiB total=31.86 GiB)
ds4: ROCm q8 fp16 cache budget exhausted; using q8 kernels (request=64.00 MiB cached=0.00 GiB free=0.34 GiB reserve=1.59 GiB total=31.86 GiB)
ds4: ROCm q8 fp16 cache budget exhausted; using q8 kernels (request=64.00 MiB cached=0.00 GiB free=0.34 GiB reserve=1.59 GiB total=31.86 GiB)
ds4: ROCm q8 fp16 cache budget exhausted; using q8 kernels (request=64.00 MiB cached=0.00 GiB free=0.34 GiB reserve=1.59 GiB total=31.86 GiB)
ds4: ROCm q8 fp16 cache budget exhausted; using q8 kernels (request=64.00 MiB cached=0.00 GiB free=0.34 GiB reserve=1.59 GiB total=31.86 GiB)
ds4: ROCm q8 fp16 cache budget exhausted; using q8 kernels (request=64.00 MiB cached=0.00 GiB free=0.34 GiB reserve=1.59 GiB total=31.86 GiB)
ds4: ROCm q8 fp16 cache budget exhausted; using q8 kernels (request=64.00 MiB cached=0.00 GiB free=0.34 GiB reserve=1.59 GiB total=31.86 GiB)
ds4: ROCm q8 fp16 cache budget exhausted; using q8 kernels (request=64.00 MiB cached=0.00 GiB free=0.34 GiB reserve=1.59 GiB total=31.86 GiB)
ds4: ROCm q8 fp16 cache budget exhausted; using q8 kernels (request=64.00 MiB cached=0.00 GiB free=0.34 GiB reserve=1.59 GiB total=31.86 GiB)
ds4: ROCm q8 fp16 cache budget exhausted; using q8 kernels (request=64.00 MiB cached=0.00 GiB free=0.34 GiB reserve=1.59 GiB total=31.86 GiB)
ds4: ROCm q8 fp16 cache budget exhausted; using q8 kernels (request=64.00 MiB cached=0.00 GiB free=0.34 GiB reserve=1.59 GiB total=31.86 GiB)
ds4: ROCm q8 fp16 cache budget exhausted; using q8 kernels (request=64.00 MiB cached=0.00 GiB free=0.34 GiB reserve=1.59 GiB total=31.86 GiB)
case_027 cases=28 prompt=14 target=24 avg_nll=0.670932 lcp=2 api_target_mae=0.670932 api_top_coverage=97/120 api_top1=0.708 api_topn=0.268 api_pair=1.000
ds4: ROCm q8 fp16 cache budget exhausted; using q8 kernels (request=64.00 MiB cached=0.00 GiB free=0.34 GiB reserve=1.59 GiB total=31.86 GiB)
ds4: ROCm q8 fp16 cache budget exhausted; using q8 kernels (request=64.00 MiB cached=0.00 GiB free=0.34 GiB reserve=1.59 GiB total=31.86 GiB)
ds4: ROCm q8 fp16 cache budget exhausted; using q8 kernels (request=64.00 MiB cached=0.00 GiB free=0.34 GiB reserve=1.59 GiB total=31.86 GiB)
ds4: ROCm q8 fp16 cache budget exhausted; using q8 kernels (request=64.00 MiB cached=0.00 GiB free=0.34 GiB reserve=1.59 GiB total=31.86 GiB)
ds4: ROCm q8 fp16 cache budget exhausted; using q8 kernels (request=64.00 MiB cached=0.00 GiB free=0.34 GiB reserve=1.59 GiB total=31.86 GiB)
ds4: ROCm q8 fp16 cache budget exhausted; using q8 kernels (request=64.00 MiB cached=0.00 GiB free=0.34 GiB reserve=1.59 GiB total=31.86 GiB)
ds4: ROCm q8 fp16 cache budget exhausted; using q8 kernels (request=64.00 MiB cached=0.00 GiB free=0.34 GiB reserve=1.59 GiB total=31.86 GiB)
ds4: ROCm q8 fp16 cache budget exhausted; using q8 kernels (request=64.00 MiB cached=0.00 GiB free=0.34 GiB reserve=1.59 GiB total=31.86 GiB)
ds4: ROCm q8 fp16 cache budget exhausted; using q8 kernels (request=64.00 MiB cached=0.00 GiB free=0.34 GiB reserve=1.59 GiB total=31.86 GiB)
ds4: ROCm q8 fp16 cache budget exhausted; using q8 kernels (request=64.00 MiB cached=0.00 GiB free=0.34 GiB reserve=1.59 GiB total=31.86 GiB)
ds4: ROCm q8 fp16 cache budget exhausted; using q8 kernels (request=64.00 MiB cached=0.00 GiB free=0.34 GiB reserve=1.59 GiB total=31.86 GiB)
ds4: ROCm q8 fp16 cache budget exhausted; using q8 kernels (request=64.00 MiB cached=0.00 GiB free=0.34 GiB reserve=1.59 GiB total=31.86 GiB)
ds4: ROCm q8 fp16 cache budget exhausted; using q8 kernels (request=64.00 MiB cached=0.00 GiB free=0.34 GiB reserve=1.59 GiB total=31.86 GiB)
ds4: ROCm q8 fp16 cache budget exhausted; using q8 kernels (request=64.00 MiB cached=0.00 GiB free=0.34 GiB reserve=1.59 GiB total=31.86 GiB)
ds4: ROCm q8 fp16 cache budget exhausted; using q8 kernels (request=64.00 MiB cached=0.00 GiB free=0.34 GiB reserve=1.59 GiB total=31.86 GiB)
ds4: ROCm q8 fp16 cache budget exhausted; using q8 kernels (request=64.00 MiB cached=0.00 GiB free=0.34 GiB reserve=1.59 GiB total=31.86 GiB)
ds4: ROCm q8 fp16 cache budget exhausted; using q8 kernels (request=64.00 MiB cached=0.00 GiB free=0.34 GiB reserve=1.59 GiB total=31.86 GiB)
ds4: ROCm q8 fp16 cache budget exhausted; using q8 kernels (request=64.00 MiB cached=0.00 GiB free=0.34 GiB reserve=1.59 GiB total=31.86 GiB)
ds4: ROCm q8 fp16 cache budget exhausted; using q8 kernels (request=64.00 MiB cached=0.00 GiB free=0.34 GiB reserve=1.59 GiB total=31.86 GiB)
ds4: ROCm q8 fp16 cache budget exhausted; using q8 kernels (request=64.00 MiB cached=0.00 GiB free=0.34 GiB reserve=1.59 GiB total=31.86 GiB)
ds4: ROCm q8 fp16 cache budget exhausted; using q8 kernels (request=64.00 MiB cached=0.00 GiB free=0.34 GiB reserve=1.59 GiB total=31.86 GiB)
ds4: ROCm q8 fp16 cache budget exhausted; using q8 kernels (request=64.00 MiB cached=0.00 GiB free=0.34 GiB reserve=1.59 GiB total=31.86 GiB)
ds4: ROCm q8 fp16 cache budget exhausted; using q8 kernels (request=64.00 MiB cached=0.00 GiB free=0.34 GiB reserve=1.59 GiB total=31.86 GiB)
ds4: ROCm q8 fp16 cache budget exhausted; using q8 kernels (request=64.00 MiB cached=0.00 GiB free=0.34 GiB reserve=1.59 GiB total=31.86 GiB)
ds4: ROCm q8 fp16 cache budget exhausted; using q8 kernels (request=64.00 MiB cached=0.00 GiB free=0.34 GiB reserve=1.59 GiB total=31.86 GiB)
ds4: ROCm q8 fp16 cache budget exhausted; using q8 kernels (request=64.00 MiB cached=0.00 GiB free=0.34 GiB reserve=1.59 GiB total=31.86 GiB)
ds4: ROCm q8 fp16 cache budget exhausted; using q8 kernels (request=64.00 MiB cached=0.00 GiB free=0.34 GiB reserve=1.59 GiB total=31.86 GiB)
ds4: ROCm q8 fp16 cache budget exhausted; using q8 kernels (request=64.00 MiB cached=0.00 GiB free=0.34 GiB reserve=1.59 GiB total=31.86 GiB)
ds4: ROCm q8 fp16 cache budget exhausted; using q8 kernels (request=64.00 MiB cached=0.00 GiB free=0.34 GiB reserve=1.59 GiB total=31.86 GiB)
ds4: ROCm q8 fp16 cache budget exhausted; using q8 kernels (request=64.00 MiB cached=0.00 GiB free=0.34 GiB reserve=1.59 GiB total=31.86 GiB)
ds4: ROCm q8 fp16 cache budget exhausted; using q8 kernels (request=64.00 MiB cached=0.00 GiB free=0.34 GiB reserve=1.59 GiB total=31.86 GiB)
ds4: ROCm q8 fp16 cache budget exhausted; using q8 kernels (request=64.00 MiB cached=0.00 GiB free=0.34 GiB reserve=1.59 GiB total=31.86 GiB)
ds4: ROCm q8 fp16 cache budget exhausted; using q8 kernels (request=64.00 MiB cached=0.00 GiB free=0.34 GiB reserve=1.59 GiB total=31.86 GiB)
ds4: ROCm q8 fp16 cache budget exhausted; using q8 kernels (request=64.00 MiB cached=0.00 GiB free=0.34 GiB reserve=1.59 GiB total=31.86 GiB)
ds4: ROCm q8 fp16 cache budget exhausted; using q8 kernels (request=64.00 MiB cached=0.00 GiB free=0.34 GiB reserve=1.59 GiB total=31.86 GiB)
ds4: ROCm q8 fp16 cache budget exhausted; using q8 kernels (request=64.00 MiB cached=0.00 GiB free=0.34 GiB reserve=1.59 GiB total=31.86 GiB)
ds4: ROCm q8 fp16 cache budget exhausted; using q8 kernels (request=64.00 MiB cached=0.00 GiB free=0.34 GiB reserve=1.59 GiB total=31.86 GiB)
ds4: ROCm q8 fp16 cache budget exhausted; using q8 kernels (request=64.00 MiB cached=0.00 GiB free=0.34 GiB reserve=1.59 GiB total=31.86 GiB)
ds4: ROCm q8 fp16 cache budget exhausted; using q8 kernels (request=64.00 MiB cached=0.00 GiB free=0.34 GiB reserve=1.59 GiB total=31.86 GiB)
ds4: ROCm q8 fp16 cache budget exhausted; using q8 kernels (request=64.00 MiB cached=0.00 GiB free=0.34 GiB reserve=1.59 GiB total=31.86 GiB)
ds4: ROCm q8 fp16 cache budget exhausted; using q8 kernels (request=64.00 MiB cached=0.00 GiB free=0.34 GiB reserve=1.59 GiB total=31.86 GiB)
ds4: ROCm q8 fp16 cache budget exhausted; using q8 kernels (request=64.00 MiB cached=0.00 GiB free=0.34 GiB reserve=1.59 GiB total=31.86 GiB)
ds4: ROCm q8 fp16 cache budget exhausted; using q8 kernels (request=64.00 MiB cached=0.00 GiB free=0.34 GiB reserve=1.59 GiB total=31.86 GiB)
case_028 cases=29 prompt=16 target=24 avg_nll=0.722080 lcp=4 api_target_mae=0.722080 api_top_coverage=97/120 api_top1=0.708 api_topn=0.268 api_pair=1.000
ds4: ROCm q8 fp16 cache budget exhausted; using q8 kernels (request=64.00 MiB cached=0.00 GiB free=0.34 GiB reserve=1.59 GiB total=31.86 GiB)
ds4: ROCm q8 fp16 cache budget exhausted; using q8 kernels (request=64.00 MiB cached=0.00 GiB free=0.34 GiB reserve=1.59 GiB total=31.86 GiB)
ds4: ROCm q8 fp16 cache budget exhausted; using q8 kernels (request=64.00 MiB cached=0.00 GiB free=0.34 GiB reserve=1.59 GiB total=31.86 GiB)
ds4: ROCm q8 fp16 cache budget exhausted; using q8 kernels (request=64.00 MiB cached=0.00 GiB free=0.34 GiB reserve=1.59 GiB total=31.86 GiB)
ds4: ROCm q8 fp16 cache budget exhausted; using q8 kernels (request=64.00 MiB cached=0.00 GiB free=0.34 GiB reserve=1.59 GiB total=31.86 GiB)
ds4: ROCm q8 fp16 cache budget exhausted; using q8 kernels (request=64.00 MiB cached=0.00 GiB free=0.34 GiB reserve=1.59 GiB total=31.86 GiB)
ds4: ROCm q8 fp16 cache budget exhausted; using q8 kernels (request=64.00 MiB cached=0.00 GiB free=0.34 GiB reserve=1.59 GiB total=31.86 GiB)
ds4: ROCm q8 fp16 cache budget exhausted; using q8 kernels (request=64.00 MiB cached=0.00 GiB free=0.34 GiB reserve=1.59 GiB total=31.86 GiB)
ds4: ROCm q8 fp16 cache budget exhausted; using q8 kernels (request=64.00 MiB cached=0.00 GiB free=0.34 GiB reserve=1.59 GiB total=31.86 GiB)
ds4: ROCm q8 fp16 cache budget exhausted; using q8 kernels (request=64.00 MiB cached=0.00 GiB free=0.34 GiB reserve=1.59 GiB total=31.86 GiB)
ds4: ROCm q8 fp16 cache budget exhausted; using q8 kernels (request=64.00 MiB cached=0.00 GiB free=0.34 GiB reserve=1.59 GiB total=31.86 GiB)
ds4: ROCm q8 fp16 cache budget exhausted; using q8 kernels (request=64.00 MiB cached=0.00 GiB free=0.34 GiB reserve=1.59 GiB total=31.86 GiB)
ds4: ROCm q8 fp16 cache budget exhausted; using q8 kernels (request=64.00 MiB cached=0.00 GiB free=0.34 GiB reserve=1.59 GiB total=31.86 GiB)
ds4: ROCm q8 fp16 cache budget exhausted; using q8 kernels (request=64.00 MiB cached=0.00 GiB free=0.34 GiB reserve=1.59 GiB total=31.86 GiB)
ds4: ROCm q8 fp16 cache budget exhausted; using q8 kernels (request=64.00 MiB cached=0.00 GiB free=0.34 GiB reserve=1.59 GiB total=31.86 GiB)
ds4: ROCm q8 fp16 cache budget exhausted; using q8 kernels (request=64.00 MiB cached=0.00 GiB free=0.34 GiB reserve=1.59 GiB total=31.86 GiB)
ds4: ROCm q8 fp16 cache budget exhausted; using q8 kernels (request=64.00 MiB cached=0.00 GiB free=0.34 GiB reserve=1.59 GiB total=31.86 GiB)
ds4: ROCm q8 fp16 cache budget exhausted; using q8 kernels (request=64.00 MiB cached=0.00 GiB free=0.34 GiB reserve=1.59 GiB total=31.86 GiB)
ds4: ROCm q8 fp16 cache budget exhausted; using q8 kernels (request=64.00 MiB cached=0.00 GiB free=0.34 GiB reserve=1.59 GiB total=31.86 GiB)
ds4: ROCm q8 fp16 cache budget exhausted; using q8 kernels (request=64.00 MiB cached=0.00 GiB free=0.34 GiB reserve=1.59 GiB total=31.86 GiB)
ds4: ROCm q8 fp16 cache budget exhausted; using q8 kernels (request=64.00 MiB cached=0.00 GiB free=0.34 GiB reserve=1.59 GiB total=31.86 GiB)
ds4: ROCm q8 fp16 cache budget exhausted; using q8 kernels (request=64.00 MiB cached=0.00 GiB free=0.34 GiB reserve=1.59 GiB total=31.86 GiB)
ds4: ROCm q8 fp16 cache budget exhausted; using q8 kernels (request=64.00 MiB cached=0.00 GiB free=0.34 GiB reserve=1.59 GiB total=31.86 GiB)
ds4: ROCm q8 fp16 cache budget exhausted; using q8 kernels (request=64.00 MiB cached=0.00 GiB free=0.34 GiB reserve=1.59 GiB total=31.86 GiB)
ds4: ROCm q8 fp16 cache budget exhausted; using q8 kernels (request=64.00 MiB cached=0.00 GiB free=0.34 GiB reserve=1.59 GiB total=31.86 GiB)
ds4: ROCm q8 fp16 cache budget exhausted; using q8 kernels (request=64.00 MiB cached=0.00 GiB free=0.34 GiB reserve=1.59 GiB total=31.86 GiB)
ds4: ROCm q8 fp16 cache budget exhausted; using q8 kernels (request=64.00 MiB cached=0.00 GiB free=0.34 GiB reserve=1.59 GiB total=31.86 GiB)
ds4: ROCm q8 fp16 cache budget exhausted; using q8 kernels (request=64.00 MiB cached=0.00 GiB free=0.34 GiB reserve=1.59 GiB total=31.86 GiB)
ds4: ROCm q8 fp16 cache budget exhausted; using q8 kernels (request=64.00 MiB cached=0.00 GiB free=0.34 GiB reserve=1.59 GiB total=31.86 GiB)
ds4: ROCm q8 fp16 cache budget exhausted; using q8 kernels (request=64.00 MiB cached=0.00 GiB free=0.34 GiB reserve=1.59 GiB total=31.86 GiB)
ds4: ROCm q8 fp16 cache budget exhausted; using q8 kernels (request=64.00 MiB cached=0.00 GiB free=0.34 GiB reserve=1.59 GiB total=31.86 GiB)
ds4: ROCm q8 fp16 cache budget exhausted; using q8 kernels (request=64.00 MiB cached=0.00 GiB free=0.34 GiB reserve=1.59 GiB total=31.86 GiB)
ds4: ROCm q8 fp16 cache budget exhausted; using q8 kernels (request=64.00 MiB cached=0.00 GiB free=0.34 GiB reserve=1.59 GiB total=31.86 GiB)
ds4: ROCm q8 fp16 cache budget exhausted; using q8 kernels (request=64.00 MiB cached=0.00 GiB free=0.34 GiB reserve=1.59 GiB total=31.86 GiB)
ds4: ROCm q8 fp16 cache budget exhausted; using q8 kernels (request=64.00 MiB cached=0.00 GiB free=0.34 GiB reserve=1.59 GiB total=31.86 GiB)
ds4: ROCm q8 fp16 cache budget exhausted; using q8 kernels (request=64.00 MiB cached=0.00 GiB free=0.34 GiB reserve=1.59 GiB total=31.86 GiB)
ds4: ROCm q8 fp16 cache budget exhausted; using q8 kernels (request=64.00 MiB cached=0.00 GiB free=0.34 GiB reserve=1.59 GiB total=31.86 GiB)
ds4: ROCm q8 fp16 cache budget exhausted; using q8 kernels (request=64.00 MiB cached=0.00 GiB free=0.34 GiB reserve=1.59 GiB total=31.86 GiB)
ds4: ROCm q8 fp16 cache budget exhausted; using q8 kernels (request=64.00 MiB cached=0.00 GiB free=0.34 GiB reserve=1.59 GiB total=31.86 GiB)
ds4: ROCm q8 fp16 cache budget exhausted; using q8 kernels (request=64.00 MiB cached=0.00 GiB free=0.34 GiB reserve=1.59 GiB total=31.86 GiB)
ds4: ROCm q8 fp16 cache budget exhausted; using q8 kernels (request=64.00 MiB cached=0.00 GiB free=0.34 GiB reserve=1.59 GiB total=31.86 GiB)
ds4: ROCm q8 fp16 cache budget exhausted; using q8 kernels (request=64.00 MiB cached=0.00 GiB free=0.34 GiB reserve=1.59 GiB total=31.86 GiB)
ds4: ROCm q8 fp16 cache budget exhausted; using q8 kernels (request=64.00 MiB cached=0.00 GiB free=0.34 GiB reserve=1.59 GiB total=31.86 GiB)
case_029 cases=30 prompt=18 target=24 avg_nll=1.390340 lcp=0 api_target_mae=1.390340 api_top_coverage=119/120 api_top1=0.583 api_topn=0.605 api_pair=0.895
ds4: ROCm q8 fp16 cache budget exhausted; using q8 kernels (request=64.00 MiB cached=0.00 GiB free=0.34 GiB reserve=1.59 GiB total=31.86 GiB)
ds4: ROCm q8 fp16 cache budget exhausted; using q8 kernels (request=64.00 MiB cached=0.00 GiB free=0.34 GiB reserve=1.59 GiB total=31.86 GiB)
ds4: ROCm q8 fp16 cache budget exhausted; using q8 kernels (request=64.00 MiB cached=0.00 GiB free=0.34 GiB reserve=1.59 GiB total=31.86 GiB)
ds4: ROCm q8 fp16 cache budget exhausted; using q8 kernels (request=64.00 MiB cached=0.00 GiB free=0.34 GiB reserve=1.59 GiB total=31.86 GiB)
ds4: ROCm q8 fp16 cache budget exhausted; using q8 kernels (request=64.00 MiB cached=0.00 GiB free=0.34 GiB reserve=1.59 GiB total=31.86 GiB)
ds4: ROCm q8 fp16 cache budget exhausted; using q8 kernels (request=64.00 MiB cached=0.00 GiB free=0.34 GiB reserve=1.59 GiB total=31.86 GiB)
ds4: ROCm q8 fp16 cache budget exhausted; using q8 kernels (request=64.00 MiB cached=0.00 GiB free=0.34 GiB reserve=1.59 GiB total=31.86 GiB)
ds4: ROCm q8 fp16 cache budget exhausted; using q8 kernels (request=64.00 MiB cached=0.00 GiB free=0.34 GiB reserve=1.59 GiB total=31.86 GiB)
ds4: ROCm q8 fp16 cache budget exhausted; using q8 kernels (request=64.00 MiB cached=0.00 GiB free=0.34 GiB reserve=1.59 GiB total=31.86 GiB)
ds4: ROCm q8 fp16 cache budget exhausted; using q8 kernels (request=64.00 MiB cached=0.00 GiB free=0.34 GiB reserve=1.59 GiB total=31.86 GiB)
ds4: ROCm q8 fp16 cache budget exhausted; using q8 kernels (request=64.00 MiB cached=0.00 GiB free=0.34 GiB reserve=1.59 GiB total=31.86 GiB)
ds4: ROCm q8 fp16 cache budget exhausted; using q8 kernels (request=64.00 MiB cached=0.00 GiB free=0.34 GiB reserve=1.59 GiB total=31.86 GiB)
ds4: ROCm q8 fp16 cache budget exhausted; using q8 kernels (request=64.00 MiB cached=0.00 GiB free=0.34 GiB reserve=1.59 GiB total=31.86 GiB)
ds4: ROCm q8 fp16 cache budget exhausted; using q8 kernels (request=64.00 MiB cached=0.00 GiB free=0.34 GiB reserve=1.59 GiB total=31.86 GiB)
ds4: ROCm q8 fp16 cache budget exhausted; using q8 kernels (request=64.00 MiB cached=0.00 GiB free=0.34 GiB reserve=1.59 GiB total=31.86 GiB)
ds4: ROCm q8 fp16 cache budget exhausted; using q8 kernels (request=64.00 MiB cached=0.00 GiB free=0.34 GiB reserve=1.59 GiB total=31.86 GiB)
ds4: ROCm q8 fp16 cache budget exhausted; using q8 kernels (request=64.00 MiB cached=0.00 GiB free=0.34 GiB reserve=1.59 GiB total=31.86 GiB)
ds4: ROCm q8 fp16 cache budget exhausted; using q8 kernels (request=64.00 MiB cached=0.00 GiB free=0.34 GiB reserve=1.59 GiB total=31.86 GiB)
ds4: ROCm q8 fp16 cache budget exhausted; using q8 kernels (request=64.00 MiB cached=0.00 GiB free=0.34 GiB reserve=1.59 GiB total=31.86 GiB)
ds4: ROCm q8 fp16 cache budget exhausted; using q8 kernels (request=64.00 MiB cached=0.00 GiB free=0.34 GiB reserve=1.59 GiB total=31.86 GiB)
ds4: ROCm q8 fp16 cache budget exhausted; using q8 kernels (request=64.00 MiB cached=0.00 GiB free=0.34 GiB reserve=1.59 GiB total=31.86 GiB)
ds4: ROCm q8 fp16 cache budget exhausted; using q8 kernels (request=64.00 MiB cached=0.00 GiB free=0.34 GiB reserve=1.59 GiB total=31.86 GiB)
ds4: ROCm q8 fp16 cache budget exhausted; using q8 kernels (request=64.00 MiB cached=0.00 GiB free=0.34 GiB reserve=1.59 GiB total=31.86 GiB)
ds4: ROCm q8 fp16 cache budget exhausted; using q8 kernels (request=64.00 MiB cached=0.00 GiB free=0.34 GiB reserve=1.59 GiB total=31.86 GiB)
ds4: ROCm q8 fp16 cache budget exhausted; using q8 kernels (request=64.00 MiB cached=0.00 GiB free=0.34 GiB reserve=1.59 GiB total=31.86 GiB)
ds4: ROCm q8 fp16 cache budget exhausted; using q8 kernels (request=64.00 MiB cached=0.00 GiB free=0.34 GiB reserve=1.59 GiB total=31.86 GiB)
ds4: ROCm q8 fp16 cache budget exhausted; using q8 kernels (request=64.00 MiB cached=0.00 GiB free=0.34 GiB reserve=1.59 GiB total=31.86 GiB)
ds4: ROCm q8 fp16 cache budget exhausted; using q8 kernels (request=64.00 MiB cached=0.00 GiB free=0.34 GiB reserve=1.59 GiB total=31.86 GiB)
ds4: ROCm q8 fp16 cache budget exhausted; using q8 kernels (request=64.00 MiB cached=0.00 GiB free=0.34 GiB reserve=1.59 GiB total=31.86 GiB)
ds4: ROCm q8 fp16 cache budget exhausted; using q8 kernels (request=64.00 MiB cached=0.00 GiB free=0.34 GiB reserve=1.59 GiB total=31.86 GiB)
ds4: ROCm q8 fp16 cache budget exhausted; using q8 kernels (request=64.00 MiB cached=0.00 GiB free=0.34 GiB reserve=1.59 GiB total=31.86 GiB)
ds4: ROCm q8 fp16 cache budget exhausted; using q8 kernels (request=64.00 MiB cached=0.00 GiB free=0.34 GiB reserve=1.59 GiB total=31.86 GiB)
ds4: ROCm q8 fp16 cache budget exhausted; using q8 kernels (request=64.00 MiB cached=0.00 GiB free=0.34 GiB reserve=1.59 GiB total=31.86 GiB)
ds4: ROCm q8 fp16 cache budget exhausted; using q8 kernels (request=64.00 MiB cached=0.00 GiB free=0.34 GiB reserve=1.59 GiB total=31.86 GiB)
ds4: ROCm q8 fp16 cache budget exhausted; using q8 kernels (request=64.00 MiB cached=0.00 GiB free=0.34 GiB reserve=1.59 GiB total=31.86 GiB)
ds4: ROCm q8 fp16 cache budget exhausted; using q8 kernels (request=64.00 MiB cached=0.00 GiB free=0.34 GiB reserve=1.59 GiB total=31.86 GiB)
ds4: ROCm q8 fp16 cache budget exhausted; using q8 kernels (request=64.00 MiB cached=0.00 GiB free=0.34 GiB reserve=1.59 GiB total=31.86 GiB)
ds4: ROCm q8 fp16 cache budget exhausted; using q8 kernels (request=64.00 MiB cached=0.00 GiB free=0.34 GiB reserve=1.59 GiB total=31.86 GiB)
ds4: ROCm q8 fp16 cache budget exhausted; using q8 kernels (request=64.00 MiB cached=0.00 GiB free=0.34 GiB reserve=1.59 GiB total=31.86 GiB)
ds4: ROCm q8 fp16 cache budget exhausted; using q8 kernels (request=64.00 MiB cached=0.00 GiB free=0.34 GiB reserve=1.59 GiB total=31.86 GiB)
ds4: ROCm q8 fp16 cache budget exhausted; using q8 kernels (request=64.00 MiB cached=0.00 GiB free=0.34 GiB reserve=1.59 GiB total=31.86 GiB)
ds4: ROCm q8 fp16 cache budget exhausted; using q8 kernels (request=64.00 MiB cached=0.00 GiB free=0.34 GiB reserve=1.59 GiB total=31.86 GiB)
ds4: ROCm q8 fp16 cache budget exhausted; using q8 kernels (request=64.00 MiB cached=0.00 GiB free=0.34 GiB reserve=1.59 GiB total=31.86 GiB)
case_030 cases=31 prompt=23 target=24 avg_nll=0.730871 lcp=0 api_target_mae=0.730871 api_top_coverage=97/120 api_top1=0.792 api_topn=0.268 api_pair=0.945
ds4: ROCm q8 fp16 cache budget exhausted; using q8 kernels (request=64.00 MiB cached=0.00 GiB free=0.34 GiB reserve=1.59 GiB total=31.86 GiB)
ds4: ROCm q8 fp16 cache budget exhausted; using q8 kernels (request=64.00 MiB cached=0.00 GiB free=0.34 GiB reserve=1.59 GiB total=31.86 GiB)
ds4: ROCm q8 fp16 cache budget exhausted; using q8 kernels (request=64.00 MiB cached=0.00 GiB free=0.34 GiB reserve=1.59 GiB total=31.86 GiB)
ds4: ROCm q8 fp16 cache budget exhausted; using q8 kernels (request=64.00 MiB cached=0.00 GiB free=0.34 GiB reserve=1.59 GiB total=31.86 GiB)
ds4: ROCm q8 fp16 cache budget exhausted; using q8 kernels (request=64.00 MiB cached=0.00 GiB free=0.34 GiB reserve=1.59 GiB total=31.86 GiB)
ds4: ROCm q8 fp16 cache budget exhausted; using q8 kernels (request=64.00 MiB cached=0.00 GiB free=0.34 GiB reserve=1.59 GiB total=31.86 GiB)
ds4: ROCm q8 fp16 cache budget exhausted; using q8 kernels (request=64.00 MiB cached=0.00 GiB free=0.34 GiB reserve=1.59 GiB total=31.86 GiB)
ds4: ROCm q8 fp16 cache budget exhausted; using q8 kernels (request=64.00 MiB cached=0.00 GiB free=0.34 GiB reserve=1.59 GiB total=31.86 GiB)
ds4: ROCm q8 fp16 cache budget exhausted; using q8 kernels (request=64.00 MiB cached=0.00 GiB free=0.34 GiB reserve=1.59 GiB total=31.86 GiB)
ds4: ROCm q8 fp16 cache budget exhausted; using q8 kernels (request=64.00 MiB cached=0.00 GiB free=0.34 GiB reserve=1.59 GiB total=31.86 GiB)
ds4: ROCm q8 fp16 cache budget exhausted; using q8 kernels (request=64.00 MiB cached=0.00 GiB free=0.34 GiB reserve=1.59 GiB total=31.86 GiB)
ds4: ROCm q8 fp16 cache budget exhausted; using q8 kernels (request=64.00 MiB cached=0.00 GiB free=0.34 GiB reserve=1.59 GiB total=31.86 GiB)
ds4: ROCm q8 fp16 cache budget exhausted; using q8 kernels (request=64.00 MiB cached=0.00 GiB free=0.34 GiB reserve=1.59 GiB total=31.86 GiB)
ds4: ROCm q8 fp16 cache budget exhausted; using q8 kernels (request=64.00 MiB cached=0.00 GiB free=0.34 GiB reserve=1.59 GiB total=31.86 GiB)
ds4: ROCm q8 fp16 cache budget exhausted; using q8 kernels (request=64.00 MiB cached=0.00 GiB free=0.34 GiB reserve=1.59 GiB total=31.86 GiB)
ds4: ROCm q8 fp16 cache budget exhausted; using q8 kernels (request=64.00 MiB cached=0.00 GiB free=0.34 GiB reserve=1.59 GiB total=31.86 GiB)
ds4: ROCm q8 fp16 cache budget exhausted; using q8 kernels (request=64.00 MiB cached=0.00 GiB free=0.34 GiB reserve=1.59 GiB total=31.86 GiB)
ds4: ROCm q8 fp16 cache budget exhausted; using q8 kernels (request=64.00 MiB cached=0.00 GiB free=0.34 GiB reserve=1.59 GiB total=31.86 GiB)
ds4: ROCm q8 fp16 cache budget exhausted; using q8 kernels (request=64.00 MiB cached=0.00 GiB free=0.34 GiB reserve=1.59 GiB total=31.86 GiB)
ds4: ROCm q8 fp16 cache budget exhausted; using q8 kernels (request=64.00 MiB cached=0.00 GiB free=0.34 GiB reserve=1.59 GiB total=31.86 GiB)
ds4: ROCm q8 fp16 cache budget exhausted; using q8 kernels (request=64.00 MiB cached=0.00 GiB free=0.34 GiB reserve=1.59 GiB total=31.86 GiB)
ds4: ROCm q8 fp16 cache budget exhausted; using q8 kernels (request=64.00 MiB cached=0.00 GiB free=0.34 GiB reserve=1.59 GiB total=31.86 GiB)
ds4: ROCm q8 fp16 cache budget exhausted; using q8 kernels (request=64.00 MiB cached=0.00 GiB free=0.34 GiB reserve=1.59 GiB total=31.86 GiB)
ds4: ROCm q8 fp16 cache budget exhausted; using q8 kernels (request=64.00 MiB cached=0.00 GiB free=0.34 GiB reserve=1.59 GiB total=31.86 GiB)
ds4: ROCm q8 fp16 cache budget exhausted; using q8 kernels (request=64.00 MiB cached=0.00 GiB free=0.34 GiB reserve=1.59 GiB total=31.86 GiB)
ds4: ROCm q8 fp16 cache budget exhausted; using q8 kernels (request=64.00 MiB cached=0.00 GiB free=0.34 GiB reserve=1.59 GiB total=31.86 GiB)
ds4: ROCm q8 fp16 cache budget exhausted; using q8 kernels (request=64.00 MiB cached=0.00 GiB free=0.34 GiB reserve=1.59 GiB total=31.86 GiB)
ds4: ROCm q8 fp16 cache budget exhausted; using q8 kernels (request=64.00 MiB cached=0.00 GiB free=0.34 GiB reserve=1.59 GiB total=31.86 GiB)
ds4: ROCm q8 fp16 cache budget exhausted; using q8 kernels (request=64.00 MiB cached=0.00 GiB free=0.34 GiB reserve=1.59 GiB total=31.86 GiB)
ds4: ROCm q8 fp16 cache budget exhausted; using q8 kernels (request=64.00 MiB cached=0.00 GiB free=0.34 GiB reserve=1.59 GiB total=31.86 GiB)
ds4: ROCm q8 fp16 cache budget exhausted; using q8 kernels (request=64.00 MiB cached=0.00 GiB free=0.34 GiB reserve=1.59 GiB total=31.86 GiB)
ds4: ROCm q8 fp16 cache budget exhausted; using q8 kernels (request=64.00 MiB cached=0.00 GiB free=0.34 GiB reserve=1.59 GiB total=31.86 GiB)
ds4: ROCm q8 fp16 cache budget exhausted; using q8 kernels (request=64.00 MiB cached=0.00 GiB free=0.34 GiB reserve=1.59 GiB total=31.86 GiB)
ds4: ROCm q8 fp16 cache budget exhausted; using q8 kernels (request=64.00 MiB cached=0.00 GiB free=0.34 GiB reserve=1.59 GiB total=31.86 GiB)
ds4: ROCm q8 fp16 cache budget exhausted; using q8 kernels (request=64.00 MiB cached=0.00 GiB free=0.34 GiB reserve=1.59 GiB total=31.86 GiB)
ds4: ROCm q8 fp16 cache budget exhausted; using q8 kernels (request=64.00 MiB cached=0.00 GiB free=0.34 GiB reserve=1.59 GiB total=31.86 GiB)
ds4: ROCm q8 fp16 cache budget exhausted; using q8 kernels (request=64.00 MiB cached=0.00 GiB free=0.34 GiB reserve=1.59 GiB total=31.86 GiB)
ds4: ROCm q8 fp16 cache budget exhausted; using q8 kernels (request=64.00 MiB cached=0.00 GiB free=0.34 GiB reserve=1.59 GiB total=31.86 GiB)
ds4: ROCm q8 fp16 cache budget exhausted; using q8 kernels (request=64.00 MiB cached=0.00 GiB free=0.34 GiB reserve=1.59 GiB total=31.86 GiB)
ds4: ROCm q8 fp16 cache budget exhausted; using q8 kernels (request=64.00 MiB cached=0.00 GiB free=0.34 GiB reserve=1.59 GiB total=31.86 GiB)
ds4: ROCm q8 fp16 cache budget exhausted; using q8 kernels (request=64.00 MiB cached=0.00 GiB free=0.34 GiB reserve=1.59 GiB total=31.86 GiB)
ds4: ROCm q8 fp16 cache budget exhausted; using q8 kernels (request=64.00 MiB cached=0.00 GiB free=0.34 GiB reserve=1.59 GiB total=31.86 GiB)
ds4: ROCm q8 fp16 cache budget exhausted; using q8 kernels (request=64.00 MiB cached=0.00 GiB free=0.34 GiB reserve=1.59 GiB total=31.86 GiB)
case_031 cases=32 prompt=22 target=24 avg_nll=0.464648 lcp=2 api_target_mae=0.464648 api_top_coverage=97/120 api_top1=0.875 api_topn=0.268 api_pair=1.000
ds4: ROCm q8 fp16 cache budget exhausted; using q8 kernels (request=64.00 MiB cached=0.00 GiB free=0.34 GiB reserve=1.59 GiB total=31.86 GiB)
ds4: ROCm q8 fp16 cache budget exhausted; using q8 kernels (request=64.00 MiB cached=0.00 GiB free=0.34 GiB reserve=1.59 GiB total=31.86 GiB)
ds4: ROCm q8 fp16 cache budget exhausted; using q8 kernels (request=64.00 MiB cached=0.00 GiB free=0.34 GiB reserve=1.59 GiB total=31.86 GiB)
ds4: ROCm q8 fp16 cache budget exhausted; using q8 kernels (request=64.00 MiB cached=0.00 GiB free=0.34 GiB reserve=1.59 GiB total=31.86 GiB)
ds4: ROCm q8 fp16 cache budget exhausted; using q8 kernels (request=64.00 MiB cached=0.00 GiB free=0.34 GiB reserve=1.59 GiB total=31.86 GiB)
ds4: ROCm q8 fp16 cache budget exhausted; using q8 kernels (request=64.00 MiB cached=0.00 GiB free=0.34 GiB reserve=1.59 GiB total=31.86 GiB)
ds4: ROCm q8 fp16 cache budget exhausted; using q8 kernels (request=64.00 MiB cached=0.00 GiB free=0.34 GiB reserve=1.59 GiB total=31.86 GiB)
ds4: ROCm q8 fp16 cache budget exhausted; using q8 kernels (request=64.00 MiB cached=0.00 GiB free=0.34 GiB reserve=1.59 GiB total=31.86 GiB)
ds4: ROCm q8 fp16 cache budget exhausted; using q8 kernels (request=64.00 MiB cached=0.00 GiB free=0.34 GiB reserve=1.59 GiB total=31.86 GiB)
ds4: ROCm q8 fp16 cache budget exhausted; using q8 kernels (request=64.00 MiB cached=0.00 GiB free=0.34 GiB reserve=1.59 GiB total=31.86 GiB)
ds4: ROCm q8 fp16 cache budget exhausted; using q8 kernels (request=64.00 MiB cached=0.00 GiB free=0.34 GiB reserve=1.59 GiB total=31.86 GiB)
ds4: ROCm q8 fp16 cache budget exhausted; using q8 kernels (request=64.00 MiB cached=0.00 GiB free=0.34 GiB reserve=1.59 GiB total=31.86 GiB)
ds4: ROCm q8 fp16 cache budget exhausted; using q8 kernels (request=64.00 MiB cached=0.00 GiB free=0.34 GiB reserve=1.59 GiB total=31.86 GiB)
ds4: ROCm q8 fp16 cache budget exhausted; using q8 kernels (request=64.00 MiB cached=0.00 GiB free=0.34 GiB reserve=1.59 GiB total=31.86 GiB)
ds4: ROCm q8 fp16 cache budget exhausted; using q8 kernels (request=64.00 MiB cached=0.00 GiB free=0.34 GiB reserve=1.59 GiB total=31.86 GiB)
ds4: ROCm q8 fp16 cache budget exhausted; using q8 kernels (request=64.00 MiB cached=0.00 GiB free=0.34 GiB reserve=1.59 GiB total=31.86 GiB)
ds4: ROCm q8 fp16 cache budget exhausted; using q8 kernels (request=64.00 MiB cached=0.00 GiB free=0.34 GiB reserve=1.59 GiB total=31.86 GiB)
ds4: ROCm q8 fp16 cache budget exhausted; using q8 kernels (request=64.00 MiB cached=0.00 GiB free=0.34 GiB reserve=1.59 GiB total=31.86 GiB)
ds4: ROCm q8 fp16 cache budget exhausted; using q8 kernels (request=64.00 MiB cached=0.00 GiB free=0.34 GiB reserve=1.59 GiB total=31.86 GiB)
ds4: ROCm q8 fp16 cache budget exhausted; using q8 kernels (request=64.00 MiB cached=0.00 GiB free=0.34 GiB reserve=1.59 GiB total=31.86 GiB)
ds4: ROCm q8 fp16 cache budget exhausted; using q8 kernels (request=64.00 MiB cached=0.00 GiB free=0.34 GiB reserve=1.59 GiB total=31.86 GiB)
ds4: ROCm q8 fp16 cache budget exhausted; using q8 kernels (request=64.00 MiB cached=0.00 GiB free=0.34 GiB reserve=1.59 GiB total=31.86 GiB)
ds4: ROCm q8 fp16 cache budget exhausted; using q8 kernels (request=64.00 MiB cached=0.00 GiB free=0.34 GiB reserve=1.59 GiB total=31.86 GiB)
ds4: ROCm q8 fp16 cache budget exhausted; using q8 kernels (request=64.00 MiB cached=0.00 GiB free=0.34 GiB reserve=1.59 GiB total=31.86 GiB)
ds4: ROCm q8 fp16 cache budget exhausted; using q8 kernels (request=64.00 MiB cached=0.00 GiB free=0.34 GiB reserve=1.59 GiB total=31.86 GiB)
ds4: ROCm q8 fp16 cache budget exhausted; using q8 kernels (request=64.00 MiB cached=0.00 GiB free=0.34 GiB reserve=1.59 GiB total=31.86 GiB)
ds4: ROCm q8 fp16 cache budget exhausted; using q8 kernels (request=64.00 MiB cached=0.00 GiB free=0.34 GiB reserve=1.59 GiB total=31.86 GiB)
ds4: ROCm q8 fp16 cache budget exhausted; using q8 kernels (request=64.00 MiB cached=0.00 GiB free=0.34 GiB reserve=1.59 GiB total=31.86 GiB)
ds4: ROCm q8 fp16 cache budget exhausted; using q8 kernels (request=64.00 MiB cached=0.00 GiB free=0.34 GiB reserve=1.59 GiB total=31.86 GiB)
ds4: ROCm q8 fp16 cache budget exhausted; using q8 kernels (request=64.00 MiB cached=0.00 GiB free=0.34 GiB reserve=1.59 GiB total=31.86 GiB)
ds4: ROCm q8 fp16 cache budget exhausted; using q8 kernels (request=64.00 MiB cached=0.00 GiB free=0.34 GiB reserve=1.59 GiB total=31.86 GiB)
ds4: ROCm q8 fp16 cache budget exhausted; using q8 kernels (request=64.00 MiB cached=0.00 GiB free=0.34 GiB reserve=1.59 GiB total=31.86 GiB)
ds4: ROCm q8 fp16 cache budget exhausted; using q8 kernels (request=64.00 MiB cached=0.00 GiB free=0.34 GiB reserve=1.59 GiB total=31.86 GiB)
ds4: ROCm q8 fp16 cache budget exhausted; using q8 kernels (request=64.00 MiB cached=0.00 GiB free=0.34 GiB reserve=1.59 GiB total=31.86 GiB)
ds4: ROCm q8 fp16 cache budget exhausted; using q8 kernels (request=64.00 MiB cached=0.00 GiB free=0.34 GiB reserve=1.59 GiB total=31.86 GiB)
ds4: ROCm q8 fp16 cache budget exhausted; using q8 kernels (request=64.00 MiB cached=0.00 GiB free=0.34 GiB reserve=1.59 GiB total=31.86 GiB)
ds4: ROCm q8 fp16 cache budget exhausted; using q8 kernels (request=64.00 MiB cached=0.00 GiB free=0.34 GiB reserve=1.59 GiB total=31.86 GiB)
ds4: ROCm q8 fp16 cache budget exhausted; using q8 kernels (request=64.00 MiB cached=0.00 GiB free=0.34 GiB reserve=1.59 GiB total=31.86 GiB)
ds4: ROCm q8 fp16 cache budget exhausted; using q8 kernels (request=64.00 MiB cached=0.00 GiB free=0.34 GiB reserve=1.59 GiB total=31.86 GiB)
ds4: ROCm q8 fp16 cache budget exhausted; using q8 kernels (request=64.00 MiB cached=0.00 GiB free=0.34 GiB reserve=1.59 GiB total=31.86 GiB)
ds4: ROCm q8 fp16 cache budget exhausted; using q8 kernels (request=64.00 MiB cached=0.00 GiB free=0.34 GiB reserve=1.59 GiB total=31.86 GiB)
ds4: ROCm q8 fp16 cache budget exhausted; using q8 kernels (request=64.00 MiB cached=0.00 GiB free=0.34 GiB reserve=1.59 GiB total=31.86 GiB)
ds4: ROCm q8 fp16 cache budget exhausted; using q8 kernels (request=64.00 MiB cached=0.00 GiB free=0.34 GiB reserve=1.59 GiB total=31.86 GiB)
case_032 cases=33 prompt=18 target=24 avg_nll=0.877001 lcp=0 api_target_mae=0.877001 api_top_coverage=97/120 api_top1=0.708 api_topn=0.247 api_pair=0.973
ds4: ROCm q8 fp16 cache budget exhausted; using q8 kernels (request=64.00 MiB cached=0.00 GiB free=0.34 GiB reserve=1.59 GiB total=31.86 GiB)
ds4: ROCm q8 fp16 cache budget exhausted; using q8 kernels (request=64.00 MiB cached=0.00 GiB free=0.34 GiB reserve=1.59 GiB total=31.86 GiB)
ds4: ROCm q8 fp16 cache budget exhausted; using q8 kernels (request=64.00 MiB cached=0.00 GiB free=0.34 GiB reserve=1.59 GiB total=31.86 GiB)
ds4: ROCm q8 fp16 cache budget exhausted; using q8 kernels (request=64.00 MiB cached=0.00 GiB free=0.34 GiB reserve=1.59 GiB total=31.86 GiB)
ds4: ROCm q8 fp16 cache budget exhausted; using q8 kernels (request=64.00 MiB cached=0.00 GiB free=0.34 GiB reserve=1.59 GiB total=31.86 GiB)
ds4: ROCm q8 fp16 cache budget exhausted; using q8 kernels (request=64.00 MiB cached=0.00 GiB free=0.34 GiB reserve=1.59 GiB total=31.86 GiB)
ds4: ROCm q8 fp16 cache budget exhausted; using q8 kernels (request=64.00 MiB cached=0.00 GiB free=0.34 GiB reserve=1.59 GiB total=31.86 GiB)
ds4: ROCm q8 fp16 cache budget exhausted; using q8 kernels (request=64.00 MiB cached=0.00 GiB free=0.34 GiB reserve=1.59 GiB total=31.86 GiB)
ds4: ROCm q8 fp16 cache budget exhausted; using q8 kernels (request=64.00 MiB cached=0.00 GiB free=0.34 GiB reserve=1.59 GiB total=31.86 GiB)
ds4: ROCm q8 fp16 cache budget exhausted; using q8 kernels (request=64.00 MiB cached=0.00 GiB free=0.34 GiB reserve=1.59 GiB total=31.86 GiB)
ds4: ROCm q8 fp16 cache budget exhausted; using q8 kernels (request=64.00 MiB cached=0.00 GiB free=0.34 GiB reserve=1.59 GiB total=31.86 GiB)
ds4: ROCm q8 fp16 cache budget exhausted; using q8 kernels (request=64.00 MiB cached=0.00 GiB free=0.34 GiB reserve=1.59 GiB total=31.86 GiB)
ds4: ROCm q8 fp16 cache budget exhausted; using q8 kernels (request=64.00 MiB cached=0.00 GiB free=0.34 GiB reserve=1.59 GiB total=31.86 GiB)
ds4: ROCm q8 fp16 cache budget exhausted; using q8 kernels (request=64.00 MiB cached=0.00 GiB free=0.34 GiB reserve=1.59 GiB total=31.86 GiB)
ds4: ROCm q8 fp16 cache budget exhausted; using q8 kernels (request=64.00 MiB cached=0.00 GiB free=0.34 GiB reserve=1.59 GiB total=31.86 GiB)
ds4: ROCm q8 fp16 cache budget exhausted; using q8 kernels (request=64.00 MiB cached=0.00 GiB free=0.34 GiB reserve=1.59 GiB total=31.86 GiB)
ds4: ROCm q8 fp16 cache budget exhausted; using q8 kernels (request=64.00 MiB cached=0.00 GiB free=0.34 GiB reserve=1.59 GiB total=31.86 GiB)
ds4: ROCm q8 fp16 cache budget exhausted; using q8 kernels (request=64.00 MiB cached=0.00 GiB free=0.34 GiB reserve=1.59 GiB total=31.86 GiB)
ds4: ROCm q8 fp16 cache budget exhausted; using q8 kernels (request=64.00 MiB cached=0.00 GiB free=0.34 GiB reserve=1.59 GiB total=31.86 GiB)
ds4: ROCm q8 fp16 cache budget exhausted; using q8 kernels (request=64.00 MiB cached=0.00 GiB free=0.34 GiB reserve=1.59 GiB total=31.86 GiB)
ds4: ROCm q8 fp16 cache budget exhausted; using q8 kernels (request=64.00 MiB cached=0.00 GiB free=0.34 GiB reserve=1.59 GiB total=31.86 GiB)
ds4: ROCm q8 fp16 cache budget exhausted; using q8 kernels (request=64.00 MiB cached=0.00 GiB free=0.34 GiB reserve=1.59 GiB total=31.86 GiB)
ds4: ROCm q8 fp16 cache budget exhausted; using q8 kernels (request=64.00 MiB cached=0.00 GiB free=0.34 GiB reserve=1.59 GiB total=31.86 GiB)
ds4: ROCm q8 fp16 cache budget exhausted; using q8 kernels (request=64.00 MiB cached=0.00 GiB free=0.34 GiB reserve=1.59 GiB total=31.86 GiB)
ds4: ROCm q8 fp16 cache budget exhausted; using q8 kernels (request=64.00 MiB cached=0.00 GiB free=0.34 GiB reserve=1.59 GiB total=31.86 GiB)
ds4: ROCm q8 fp16 cache budget exhausted; using q8 kernels (request=64.00 MiB cached=0.00 GiB free=0.34 GiB reserve=1.59 GiB total=31.86 GiB)
ds4: ROCm q8 fp16 cache budget exhausted; using q8 kernels (request=64.00 MiB cached=0.00 GiB free=0.34 GiB reserve=1.59 GiB total=31.86 GiB)
ds4: ROCm q8 fp16 cache budget exhausted; using q8 kernels (request=64.00 MiB cached=0.00 GiB free=0.34 GiB reserve=1.59 GiB total=31.86 GiB)
ds4: ROCm q8 fp16 cache budget exhausted; using q8 kernels (request=64.00 MiB cached=0.00 GiB free=0.34 GiB reserve=1.59 GiB total=31.86 GiB)
ds4: ROCm q8 fp16 cache budget exhausted; using q8 kernels (request=64.00 MiB cached=0.00 GiB free=0.34 GiB reserve=1.59 GiB total=31.86 GiB)
ds4: ROCm q8 fp16 cache budget exhausted; using q8 kernels (request=64.00 MiB cached=0.00 GiB free=0.34 GiB reserve=1.59 GiB total=31.86 GiB)
ds4: ROCm q8 fp16 cache budget exhausted; using q8 kernels (request=64.00 MiB cached=0.00 GiB free=0.34 GiB reserve=1.59 GiB total=31.86 GiB)
ds4: ROCm q8 fp16 cache budget exhausted; using q8 kernels (request=64.00 MiB cached=0.00 GiB free=0.34 GiB reserve=1.59 GiB total=31.86 GiB)
ds4: ROCm q8 fp16 cache budget exhausted; using q8 kernels (request=64.00 MiB cached=0.00 GiB free=0.34 GiB reserve=1.59 GiB total=31.86 GiB)
ds4: ROCm q8 fp16 cache budget exhausted; using q8 kernels (request=64.00 MiB cached=0.00 GiB free=0.34 GiB reserve=1.59 GiB total=31.86 GiB)
ds4: ROCm q8 fp16 cache budget exhausted; using q8 kernels (request=64.00 MiB cached=0.00 GiB free=0.34 GiB reserve=1.59 GiB total=31.86 GiB)
ds4: ROCm q8 fp16 cache budget exhausted; using q8 kernels (request=64.00 MiB cached=0.00 GiB free=0.34 GiB reserve=1.59 GiB total=31.86 GiB)
ds4: ROCm q8 fp16 cache budget exhausted; using q8 kernels (request=64.00 MiB cached=0.00 GiB free=0.34 GiB reserve=1.59 GiB total=31.86 GiB)
ds4: ROCm q8 fp16 cache budget exhausted; using q8 kernels (request=64.00 MiB cached=0.00 GiB free=0.34 GiB reserve=1.59 GiB total=31.86 GiB)
ds4: ROCm q8 fp16 cache budget exhausted; using q8 kernels (request=64.00 MiB cached=0.00 GiB free=0.34 GiB reserve=1.59 GiB total=31.86 GiB)
ds4: ROCm q8 fp16 cache budget exhausted; using q8 kernels (request=64.00 MiB cached=0.00 GiB free=0.34 GiB reserve=1.59 GiB total=31.86 GiB)
ds4: ROCm q8 fp16 cache budget exhausted; using q8 kernels (request=64.00 MiB cached=0.00 GiB free=0.34 GiB reserve=1.59 GiB total=31.86 GiB)
ds4: ROCm q8 fp16 cache budget exhausted; using q8 kernels (request=64.00 MiB cached=0.00 GiB free=0.34 GiB reserve=1.59 GiB total=31.86 GiB)
case_033 cases=34 prompt=15 target=24 avg_nll=1.047691 lcp=0 api_target_mae=1.047691 api_top_coverage=97/120 api_top1=0.625 api_topn=0.268 api_pair=0.973
ds4: ROCm q8 fp16 cache budget exhausted; using q8 kernels (request=64.00 MiB cached=0.00 GiB free=0.34 GiB reserve=1.59 GiB total=31.86 GiB)
ds4: ROCm q8 fp16 cache budget exhausted; using q8 kernels (request=64.00 MiB cached=0.00 GiB free=0.34 GiB reserve=1.59 GiB total=31.86 GiB)
ds4: ROCm q8 fp16 cache budget exhausted; using q8 kernels (request=64.00 MiB cached=0.00 GiB free=0.34 GiB reserve=1.59 GiB total=31.86 GiB)
ds4: ROCm q8 fp16 cache budget exhausted; using q8 kernels (request=64.00 MiB cached=0.00 GiB free=0.34 GiB reserve=1.59 GiB total=31.86 GiB)
ds4: ROCm q8 fp16 cache budget exhausted; using q8 kernels (request=64.00 MiB cached=0.00 GiB free=0.34 GiB reserve=1.59 GiB total=31.86 GiB)
ds4: ROCm q8 fp16 cache budget exhausted; using q8 kernels (request=64.00 MiB cached=0.00 GiB free=0.34 GiB reserve=1.59 GiB total=31.86 GiB)
ds4: ROCm q8 fp16 cache budget exhausted; using q8 kernels (request=64.00 MiB cached=0.00 GiB free=0.34 GiB reserve=1.59 GiB total=31.86 GiB)
ds4: ROCm q8 fp16 cache budget exhausted; using q8 kernels (request=64.00 MiB cached=0.00 GiB free=0.34 GiB reserve=1.59 GiB total=31.86 GiB)
ds4: ROCm q8 fp16 cache budget exhausted; using q8 kernels (request=64.00 MiB cached=0.00 GiB free=0.34 GiB reserve=1.59 GiB total=31.86 GiB)
ds4: ROCm q8 fp16 cache budget exhausted; using q8 kernels (request=64.00 MiB cached=0.00 GiB free=0.34 GiB reserve=1.59 GiB total=31.86 GiB)
ds4: ROCm q8 fp16 cache budget exhausted; using q8 kernels (request=64.00 MiB cached=0.00 GiB free=0.34 GiB reserve=1.59 GiB total=31.86 GiB)
ds4: ROCm q8 fp16 cache budget exhausted; using q8 kernels (request=64.00 MiB cached=0.00 GiB free=0.34 GiB reserve=1.59 GiB total=31.86 GiB)
ds4: ROCm q8 fp16 cache budget exhausted; using q8 kernels (request=64.00 MiB cached=0.00 GiB free=0.34 GiB reserve=1.59 GiB total=31.86 GiB)
ds4: ROCm q8 fp16 cache budget exhausted; using q8 kernels (request=64.00 MiB cached=0.00 GiB free=0.34 GiB reserve=1.59 GiB total=31.86 GiB)
ds4: ROCm q8 fp16 cache budget exhausted; using q8 kernels (request=64.00 MiB cached=0.00 GiB free=0.34 GiB reserve=1.59 GiB total=31.86 GiB)
ds4: ROCm q8 fp16 cache budget exhausted; using q8 kernels (request=64.00 MiB cached=0.00 GiB free=0.34 GiB reserve=1.59 GiB total=31.86 GiB)
ds4: ROCm q8 fp16 cache budget exhausted; using q8 kernels (request=64.00 MiB cached=0.00 GiB free=0.34 GiB reserve=1.59 GiB total=31.86 GiB)
ds4: ROCm q8 fp16 cache budget exhausted; using q8 kernels (request=64.00 MiB cached=0.00 GiB free=0.34 GiB reserve=1.59 GiB total=31.86 GiB)
ds4: ROCm q8 fp16 cache budget exhausted; using q8 kernels (request=64.00 MiB cached=0.00 GiB free=0.34 GiB reserve=1.59 GiB total=31.86 GiB)
ds4: ROCm q8 fp16 cache budget exhausted; using q8 kernels (request=64.00 MiB cached=0.00 GiB free=0.34 GiB reserve=1.59 GiB total=31.86 GiB)
ds4: ROCm q8 fp16 cache budget exhausted; using q8 kernels (request=64.00 MiB cached=0.00 GiB free=0.34 GiB reserve=1.59 GiB total=31.86 GiB)
ds4: ROCm q8 fp16 cache budget exhausted; using q8 kernels (request=64.00 MiB cached=0.00 GiB free=0.34 GiB reserve=1.59 GiB total=31.86 GiB)
ds4: ROCm q8 fp16 cache budget exhausted; using q8 kernels (request=64.00 MiB cached=0.00 GiB free=0.34 GiB reserve=1.59 GiB total=31.86 GiB)
ds4: ROCm q8 fp16 cache budget exhausted; using q8 kernels (request=64.00 MiB cached=0.00 GiB free=0.34 GiB reserve=1.59 GiB total=31.86 GiB)
ds4: ROCm q8 fp16 cache budget exhausted; using q8 kernels (request=64.00 MiB cached=0.00 GiB free=0.34 GiB reserve=1.59 GiB total=31.86 GiB)
ds4: ROCm q8 fp16 cache budget exhausted; using q8 kernels (request=64.00 MiB cached=0.00 GiB free=0.34 GiB reserve=1.59 GiB total=31.86 GiB)
ds4: ROCm q8 fp16 cache budget exhausted; using q8 kernels (request=64.00 MiB cached=0.00 GiB free=0.34 GiB reserve=1.59 GiB total=31.86 GiB)
ds4: ROCm q8 fp16 cache budget exhausted; using q8 kernels (request=64.00 MiB cached=0.00 GiB free=0.34 GiB reserve=1.59 GiB total=31.86 GiB)
ds4: ROCm q8 fp16 cache budget exhausted; using q8 kernels (request=64.00 MiB cached=0.00 GiB free=0.34 GiB reserve=1.59 GiB total=31.86 GiB)
ds4: ROCm q8 fp16 cache budget exhausted; using q8 kernels (request=64.00 MiB cached=0.00 GiB free=0.34 GiB reserve=1.59 GiB total=31.86 GiB)
ds4: ROCm q8 fp16 cache budget exhausted; using q8 kernels (request=64.00 MiB cached=0.00 GiB free=0.34 GiB reserve=1.59 GiB total=31.86 GiB)
ds4: ROCm q8 fp16 cache budget exhausted; using q8 kernels (request=64.00 MiB cached=0.00 GiB free=0.34 GiB reserve=1.59 GiB total=31.86 GiB)
ds4: ROCm q8 fp16 cache budget exhausted; using q8 kernels (request=64.00 MiB cached=0.00 GiB free=0.34 GiB reserve=1.59 GiB total=31.86 GiB)
ds4: ROCm q8 fp16 cache budget exhausted; using q8 kernels (request=64.00 MiB cached=0.00 GiB free=0.34 GiB reserve=1.59 GiB total=31.86 GiB)
ds4: ROCm q8 fp16 cache budget exhausted; using q8 kernels (request=64.00 MiB cached=0.00 GiB free=0.34 GiB reserve=1.59 GiB total=31.86 GiB)
ds4: ROCm q8 fp16 cache budget exhausted; using q8 kernels (request=64.00 MiB cached=0.00 GiB free=0.34 GiB reserve=1.59 GiB total=31.86 GiB)
ds4: ROCm q8 fp16 cache budget exhausted; using q8 kernels (request=64.00 MiB cached=0.00 GiB free=0.34 GiB reserve=1.59 GiB total=31.86 GiB)
ds4: ROCm q8 fp16 cache budget exhausted; using q8 kernels (request=64.00 MiB cached=0.00 GiB free=0.34 GiB reserve=1.59 GiB total=31.86 GiB)
ds4: ROCm q8 fp16 cache budget exhausted; using q8 kernels (request=64.00 MiB cached=0.00 GiB free=0.34 GiB reserve=1.59 GiB total=31.86 GiB)
ds4: ROCm q8 fp16 cache budget exhausted; using q8 kernels (request=64.00 MiB cached=0.00 GiB free=0.34 GiB reserve=1.59 GiB total=31.86 GiB)
ds4: ROCm q8 fp16 cache budget exhausted; using q8 kernels (request=64.00 MiB cached=0.00 GiB free=0.34 GiB reserve=1.59 GiB total=31.86 GiB)
ds4: ROCm q8 fp16 cache budget exhausted; using q8 kernels (request=64.00 MiB cached=0.00 GiB free=0.34 GiB reserve=1.59 GiB total=31.86 GiB)
ds4: ROCm q8 fp16 cache budget exhausted; using q8 kernels (request=64.00 MiB cached=0.00 GiB free=0.34 GiB reserve=1.59 GiB total=31.86 GiB)
case_034 cases=35 prompt=22 target=24 avg_nll=0.478147 lcp=6 api_target_mae=0.478147 api_top_coverage=97/120 api_top1=0.833 api_topn=0.268 api_pair=1.000
ds4: ROCm q8 fp16 cache budget exhausted; using q8 kernels (request=64.00 MiB cached=0.00 GiB free=0.34 GiB reserve=1.59 GiB total=31.86 GiB)
ds4: ROCm q8 fp16 cache budget exhausted; using q8 kernels (request=64.00 MiB cached=0.00 GiB free=0.34 GiB reserve=1.59 GiB total=31.86 GiB)
ds4: ROCm q8 fp16 cache budget exhausted; using q8 kernels (request=64.00 MiB cached=0.00 GiB free=0.34 GiB reserve=1.59 GiB total=31.86 GiB)
ds4: ROCm q8 fp16 cache budget exhausted; using q8 kernels (request=64.00 MiB cached=0.00 GiB free=0.34 GiB reserve=1.59 GiB total=31.86 GiB)
ds4: ROCm q8 fp16 cache budget exhausted; using q8 kernels (request=64.00 MiB cached=0.00 GiB free=0.34 GiB reserve=1.59 GiB total=31.86 GiB)
ds4: ROCm q8 fp16 cache budget exhausted; using q8 kernels (request=64.00 MiB cached=0.00 GiB free=0.34 GiB reserve=1.59 GiB total=31.86 GiB)
ds4: ROCm q8 fp16 cache budget exhausted; using q8 kernels (request=64.00 MiB cached=0.00 GiB free=0.34 GiB reserve=1.59 GiB total=31.86 GiB)
ds4: ROCm q8 fp16 cache budget exhausted; using q8 kernels (request=64.00 MiB cached=0.00 GiB free=0.34 GiB reserve=1.59 GiB total=31.86 GiB)
ds4: ROCm q8 fp16 cache budget exhausted; using q8 kernels (request=64.00 MiB cached=0.00 GiB free=0.34 GiB reserve=1.59 GiB total=31.86 GiB)
ds4: ROCm q8 fp16 cache budget exhausted; using q8 kernels (request=64.00 MiB cached=0.00 GiB free=0.34 GiB reserve=1.59 GiB total=31.86 GiB)
ds4: ROCm q8 fp16 cache budget exhausted; using q8 kernels (request=64.00 MiB cached=0.00 GiB free=0.34 GiB reserve=1.59 GiB total=31.86 GiB)
ds4: ROCm q8 fp16 cache budget exhausted; using q8 kernels (request=64.00 MiB cached=0.00 GiB free=0.34 GiB reserve=1.59 GiB total=31.86 GiB)
ds4: ROCm q8 fp16 cache budget exhausted; using q8 kernels (request=64.00 MiB cached=0.00 GiB free=0.34 GiB reserve=1.59 GiB total=31.86 GiB)
ds4: ROCm q8 fp16 cache budget exhausted; using q8 kernels (request=64.00 MiB cached=0.00 GiB free=0.34 GiB reserve=1.59 GiB total=31.86 GiB)
ds4: ROCm q8 fp16 cache budget exhausted; using q8 kernels (request=64.00 MiB cached=0.00 GiB free=0.34 GiB reserve=1.59 GiB total=31.86 GiB)
ds4: ROCm q8 fp16 cache budget exhausted; using q8 kernels (request=64.00 MiB cached=0.00 GiB free=0.34 GiB reserve=1.59 GiB total=31.86 GiB)
ds4: ROCm q8 fp16 cache budget exhausted; using q8 kernels (request=64.00 MiB cached=0.00 GiB free=0.34 GiB reserve=1.59 GiB total=31.86 GiB)
ds4: ROCm q8 fp16 cache budget exhausted; using q8 kernels (request=64.00 MiB cached=0.00 GiB free=0.34 GiB reserve=1.59 GiB total=31.86 GiB)
ds4: ROCm q8 fp16 cache budget exhausted; using q8 kernels (request=64.00 MiB cached=0.00 GiB free=0.34 GiB reserve=1.59 GiB total=31.86 GiB)
ds4: ROCm q8 fp16 cache budget exhausted; using q8 kernels (request=64.00 MiB cached=0.00 GiB free=0.34 GiB reserve=1.59 GiB total=31.86 GiB)
ds4: ROCm q8 fp16 cache budget exhausted; using q8 kernels (request=64.00 MiB cached=0.00 GiB free=0.34 GiB reserve=1.59 GiB total=31.86 GiB)
ds4: ROCm q8 fp16 cache budget exhausted; using q8 kernels (request=64.00 MiB cached=0.00 GiB free=0.34 GiB reserve=1.59 GiB total=31.86 GiB)
ds4: ROCm q8 fp16 cache budget exhausted; using q8 kernels (request=64.00 MiB cached=0.00 GiB free=0.34 GiB reserve=1.59 GiB total=31.86 GiB)
ds4: ROCm q8 fp16 cache budget exhausted; using q8 kernels (request=64.00 MiB cached=0.00 GiB free=0.34 GiB reserve=1.59 GiB total=31.86 GiB)
ds4: ROCm q8 fp16 cache budget exhausted; using q8 kernels (request=64.00 MiB cached=0.00 GiB free=0.34 GiB reserve=1.59 GiB total=31.86 GiB)
ds4: ROCm q8 fp16 cache budget exhausted; using q8 kernels (request=64.00 MiB cached=0.00 GiB free=0.34 GiB reserve=1.59 GiB total=31.86 GiB)
ds4: ROCm q8 fp16 cache budget exhausted; using q8 kernels (request=64.00 MiB cached=0.00 GiB free=0.34 GiB reserve=1.59 GiB total=31.86 GiB)
ds4: ROCm q8 fp16 cache budget exhausted; using q8 kernels (request=64.00 MiB cached=0.00 GiB free=0.34 GiB reserve=1.59 GiB total=31.86 GiB)
ds4: ROCm q8 fp16 cache budget exhausted; using q8 kernels (request=64.00 MiB cached=0.00 GiB free=0.34 GiB reserve=1.59 GiB total=31.86 GiB)
ds4: ROCm q8 fp16 cache budget exhausted; using q8 kernels (request=64.00 MiB cached=0.00 GiB free=0.34 GiB reserve=1.59 GiB total=31.86 GiB)
ds4: ROCm q8 fp16 cache budget exhausted; using q8 kernels (request=64.00 MiB cached=0.00 GiB free=0.34 GiB reserve=1.59 GiB total=31.86 GiB)
ds4: ROCm q8 fp16 cache budget exhausted; using q8 kernels (request=64.00 MiB cached=0.00 GiB free=0.34 GiB reserve=1.59 GiB total=31.86 GiB)
ds4: ROCm q8 fp16 cache budget exhausted; using q8 kernels (request=64.00 MiB cached=0.00 GiB free=0.34 GiB reserve=1.59 GiB total=31.86 GiB)
ds4: ROCm q8 fp16 cache budget exhausted; using q8 kernels (request=64.00 MiB cached=0.00 GiB free=0.34 GiB reserve=1.59 GiB total=31.86 GiB)
ds4: ROCm q8 fp16 cache budget exhausted; using q8 kernels (request=64.00 MiB cached=0.00 GiB free=0.34 GiB reserve=1.59 GiB total=31.86 GiB)
ds4: ROCm q8 fp16 cache budget exhausted; using q8 kernels (request=64.00 MiB cached=0.00 GiB free=0.34 GiB reserve=1.59 GiB total=31.86 GiB)
ds4: ROCm q8 fp16 cache budget exhausted; using q8 kernels (request=64.00 MiB cached=0.00 GiB free=0.34 GiB reserve=1.59 GiB total=31.86 GiB)
ds4: ROCm q8 fp16 cache budget exhausted; using q8 kernels (request=64.00 MiB cached=0.00 GiB free=0.34 GiB reserve=1.59 GiB total=31.86 GiB)
ds4: ROCm q8 fp16 cache budget exhausted; using q8 kernels (request=64.00 MiB cached=0.00 GiB free=0.34 GiB reserve=1.59 GiB total=31.86 GiB)
ds4: ROCm q8 fp16 cache budget exhausted; using q8 kernels (request=64.00 MiB cached=0.00 GiB free=0.34 GiB reserve=1.59 GiB total=31.86 GiB)
ds4: ROCm q8 fp16 cache budget exhausted; using q8 kernels (request=64.00 MiB cached=0.00 GiB free=0.34 GiB reserve=1.59 GiB total=31.86 GiB)
ds4: ROCm q8 fp16 cache budget exhausted; using q8 kernels (request=64.00 MiB cached=0.00 GiB free=0.34 GiB reserve=1.59 GiB total=31.86 GiB)
ds4: ROCm q8 fp16 cache budget exhausted; using q8 kernels (request=64.00 MiB cached=0.00 GiB free=0.34 GiB reserve=1.59 GiB total=31.86 GiB)
case_035 cases=36 prompt=23 target=24 avg_nll=0.647330 lcp=1 api_target_mae=0.647330 api_top_coverage=96/120 api_top1=0.792 api_topn=0.240 api_pair=1.000
ds4: ROCm q8 fp16 cache budget exhausted; using q8 kernels (request=64.00 MiB cached=0.00 GiB free=0.34 GiB reserve=1.59 GiB total=31.86 GiB)
ds4: ROCm q8 fp16 cache budget exhausted; using q8 kernels (request=64.00 MiB cached=0.00 GiB free=0.34 GiB reserve=1.59 GiB total=31.86 GiB)
ds4: ROCm q8 fp16 cache budget exhausted; using q8 kernels (request=64.00 MiB cached=0.00 GiB free=0.34 GiB reserve=1.59 GiB total=31.86 GiB)
ds4: ROCm q8 fp16 cache budget exhausted; using q8 kernels (request=64.00 MiB cached=0.00 GiB free=0.34 GiB reserve=1.59 GiB total=31.86 GiB)
ds4: ROCm q8 fp16 cache budget exhausted; using q8 kernels (request=64.00 MiB cached=0.00 GiB free=0.34 GiB reserve=1.59 GiB total=31.86 GiB)
ds4: ROCm q8 fp16 cache budget exhausted; using q8 kernels (request=64.00 MiB cached=0.00 GiB free=0.34 GiB reserve=1.59 GiB total=31.86 GiB)
ds4: ROCm q8 fp16 cache budget exhausted; using q8 kernels (request=64.00 MiB cached=0.00 GiB free=0.34 GiB reserve=1.59 GiB total=31.86 GiB)
ds4: ROCm q8 fp16 cache budget exhausted; using q8 kernels (request=64.00 MiB cached=0.00 GiB free=0.34 GiB reserve=1.59 GiB total=31.86 GiB)
ds4: ROCm q8 fp16 cache budget exhausted; using q8 kernels (request=64.00 MiB cached=0.00 GiB free=0.34 GiB reserve=1.59 GiB total=31.86 GiB)
ds4: ROCm q8 fp16 cache budget exhausted; using q8 kernels (request=64.00 MiB cached=0.00 GiB free=0.34 GiB reserve=1.59 GiB total=31.86 GiB)
ds4: ROCm q8 fp16 cache budget exhausted; using q8 kernels (request=64.00 MiB cached=0.00 GiB free=0.34 GiB reserve=1.59 GiB total=31.86 GiB)
ds4: ROCm q8 fp16 cache budget exhausted; using q8 kernels (request=64.00 MiB cached=0.00 GiB free=0.34 GiB reserve=1.59 GiB total=31.86 GiB)
ds4: ROCm q8 fp16 cache budget exhausted; using q8 kernels (request=64.00 MiB cached=0.00 GiB free=0.34 GiB reserve=1.59 GiB total=31.86 GiB)
ds4: ROCm q8 fp16 cache budget exhausted; using q8 kernels (request=64.00 MiB cached=0.00 GiB free=0.34 GiB reserve=1.59 GiB total=31.86 GiB)
ds4: ROCm q8 fp16 cache budget exhausted; using q8 kernels (request=64.00 MiB cached=0.00 GiB free=0.34 GiB reserve=1.59 GiB total=31.86 GiB)
ds4: ROCm q8 fp16 cache budget exhausted; using q8 kernels (request=64.00 MiB cached=0.00 GiB free=0.34 GiB reserve=1.59 GiB total=31.86 GiB)
ds4: ROCm q8 fp16 cache budget exhausted; using q8 kernels (request=64.00 MiB cached=0.00 GiB free=0.34 GiB reserve=1.59 GiB total=31.86 GiB)
ds4: ROCm q8 fp16 cache budget exhausted; using q8 kernels (request=64.00 MiB cached=0.00 GiB free=0.34 GiB reserve=1.59 GiB total=31.86 GiB)
ds4: ROCm q8 fp16 cache budget exhausted; using q8 kernels (request=64.00 MiB cached=0.00 GiB free=0.34 GiB reserve=1.59 GiB total=31.86 GiB)
ds4: ROCm q8 fp16 cache budget exhausted; using q8 kernels (request=64.00 MiB cached=0.00 GiB free=0.34 GiB reserve=1.59 GiB total=31.86 GiB)
ds4: ROCm q8 fp16 cache budget exhausted; using q8 kernels (request=64.00 MiB cached=0.00 GiB free=0.34 GiB reserve=1.59 GiB total=31.86 GiB)
ds4: ROCm q8 fp16 cache budget exhausted; using q8 kernels (request=64.00 MiB cached=0.00 GiB free=0.34 GiB reserve=1.59 GiB total=31.86 GiB)
ds4: ROCm q8 fp16 cache budget exhausted; using q8 kernels (request=64.00 MiB cached=0.00 GiB free=0.34 GiB reserve=1.59 GiB total=31.86 GiB)
ds4: ROCm q8 fp16 cache budget exhausted; using q8 kernels (request=64.00 MiB cached=0.00 GiB free=0.34 GiB reserve=1.59 GiB total=31.86 GiB)
ds4: ROCm q8 fp16 cache budget exhausted; using q8 kernels (request=64.00 MiB cached=0.00 GiB free=0.34 GiB reserve=1.59 GiB total=31.86 GiB)
ds4: ROCm q8 fp16 cache budget exhausted; using q8 kernels (request=64.00 MiB cached=0.00 GiB free=0.34 GiB reserve=1.59 GiB total=31.86 GiB)
ds4: ROCm q8 fp16 cache budget exhausted; using q8 kernels (request=64.00 MiB cached=0.00 GiB free=0.34 GiB reserve=1.59 GiB total=31.86 GiB)
ds4: ROCm q8 fp16 cache budget exhausted; using q8 kernels (request=64.00 MiB cached=0.00 GiB free=0.34 GiB reserve=1.59 GiB total=31.86 GiB)
ds4: ROCm q8 fp16 cache budget exhausted; using q8 kernels (request=64.00 MiB cached=0.00 GiB free=0.34 GiB reserve=1.59 GiB total=31.86 GiB)
ds4: ROCm q8 fp16 cache budget exhausted; using q8 kernels (request=64.00 MiB cached=0.00 GiB free=0.34 GiB reserve=1.59 GiB total=31.86 GiB)
ds4: ROCm q8 fp16 cache budget exhausted; using q8 kernels (request=64.00 MiB cached=0.00 GiB free=0.34 GiB reserve=1.59 GiB total=31.86 GiB)
ds4: ROCm q8 fp16 cache budget exhausted; using q8 kernels (request=64.00 MiB cached=0.00 GiB free=0.34 GiB reserve=1.59 GiB total=31.86 GiB)
ds4: ROCm q8 fp16 cache budget exhausted; using q8 kernels (request=64.00 MiB cached=0.00 GiB free=0.34 GiB reserve=1.59 GiB total=31.86 GiB)
ds4: ROCm q8 fp16 cache budget exhausted; using q8 kernels (request=64.00 MiB cached=0.00 GiB free=0.34 GiB reserve=1.59 GiB total=31.86 GiB)
ds4: ROCm q8 fp16 cache budget exhausted; using q8 kernels (request=64.00 MiB cached=0.00 GiB free=0.34 GiB reserve=1.59 GiB total=31.86 GiB)
ds4: ROCm q8 fp16 cache budget exhausted; using q8 kernels (request=64.00 MiB cached=0.00 GiB free=0.34 GiB reserve=1.59 GiB total=31.86 GiB)
ds4: ROCm q8 fp16 cache budget exhausted; using q8 kernels (request=64.00 MiB cached=0.00 GiB free=0.34 GiB reserve=1.59 GiB total=31.86 GiB)
ds4: ROCm q8 fp16 cache budget exhausted; using q8 kernels (request=64.00 MiB cached=0.00 GiB free=0.34 GiB reserve=1.59 GiB total=31.86 GiB)
ds4: ROCm q8 fp16 cache budget exhausted; using q8 kernels (request=64.00 MiB cached=0.00 GiB free=0.34 GiB reserve=1.59 GiB total=31.86 GiB)
ds4: ROCm q8 fp16 cache budget exhausted; using q8 kernels (request=64.00 MiB cached=0.00 GiB free=0.34 GiB reserve=1.59 GiB total=31.86 GiB)
ds4: ROCm q8 fp16 cache budget exhausted; using q8 kernels (request=64.00 MiB cached=0.00 GiB free=0.34 GiB reserve=1.59 GiB total=31.86 GiB)
ds4: ROCm q8 fp16 cache budget exhausted; using q8 kernels (request=64.00 MiB cached=0.00 GiB free=0.34 GiB reserve=1.59 GiB total=31.86 GiB)
ds4: ROCm q8 fp16 cache budget exhausted; using q8 kernels (request=64.00 MiB cached=0.00 GiB free=0.34 GiB reserve=1.59 GiB total=31.86 GiB)
case_036 cases=37 prompt=21 target=24 avg_nll=0.559405 lcp=4 api_target_mae=0.559405 api_top_coverage=96/120 api_top1=0.833 api_topn=0.250 api_pair=1.000
ds4: ROCm q8 fp16 cache budget exhausted; using q8 kernels (request=64.00 MiB cached=0.00 GiB free=0.34 GiB reserve=1.59 GiB total=31.86 GiB)
ds4: ROCm q8 fp16 cache budget exhausted; using q8 kernels (request=64.00 MiB cached=0.00 GiB free=0.34 GiB reserve=1.59 GiB total=31.86 GiB)
ds4: ROCm q8 fp16 cache budget exhausted; using q8 kernels (request=64.00 MiB cached=0.00 GiB free=0.34 GiB reserve=1.59 GiB total=31.86 GiB)
ds4: ROCm q8 fp16 cache budget exhausted; using q8 kernels (request=64.00 MiB cached=0.00 GiB free=0.34 GiB reserve=1.59 GiB total=31.86 GiB)
ds4: ROCm q8 fp16 cache budget exhausted; using q8 kernels (request=64.00 MiB cached=0.00 GiB free=0.34 GiB reserve=1.59 GiB total=31.86 GiB)
ds4: ROCm q8 fp16 cache budget exhausted; using q8 kernels (request=64.00 MiB cached=0.00 GiB free=0.34 GiB reserve=1.59 GiB total=31.86 GiB)
ds4: ROCm q8 fp16 cache budget exhausted; using q8 kernels (request=64.00 MiB cached=0.00 GiB free=0.34 GiB reserve=1.59 GiB total=31.86 GiB)
ds4: ROCm q8 fp16 cache budget exhausted; using q8 kernels (request=64.00 MiB cached=0.00 GiB free=0.34 GiB reserve=1.59 GiB total=31.86 GiB)
ds4: ROCm q8 fp16 cache budget exhausted; using q8 kernels (request=64.00 MiB cached=0.00 GiB free=0.34 GiB reserve=1.59 GiB total=31.86 GiB)
ds4: ROCm q8 fp16 cache budget exhausted; using q8 kernels (request=64.00 MiB cached=0.00 GiB free=0.34 GiB reserve=1.59 GiB total=31.86 GiB)
ds4: ROCm q8 fp16 cache budget exhausted; using q8 kernels (request=64.00 MiB cached=0.00 GiB free=0.34 GiB reserve=1.59 GiB total=31.86 GiB)
ds4: ROCm q8 fp16 cache budget exhausted; using q8 kernels (request=64.00 MiB cached=0.00 GiB free=0.34 GiB reserve=1.59 GiB total=31.86 GiB)
ds4: ROCm q8 fp16 cache budget exhausted; using q8 kernels (request=64.00 MiB cached=0.00 GiB free=0.34 GiB reserve=1.59 GiB total=31.86 GiB)
ds4: ROCm q8 fp16 cache budget exhausted; using q8 kernels (request=64.00 MiB cached=0.00 GiB free=0.34 GiB reserve=1.59 GiB total=31.86 GiB)
ds4: ROCm q8 fp16 cache budget exhausted; using q8 kernels (request=64.00 MiB cached=0.00 GiB free=0.34 GiB reserve=1.59 GiB total=31.86 GiB)
ds4: ROCm q8 fp16 cache budget exhausted; using q8 kernels (request=64.00 MiB cached=0.00 GiB free=0.34 GiB reserve=1.59 GiB total=31.86 GiB)
ds4: ROCm q8 fp16 cache budget exhausted; using q8 kernels (request=64.00 MiB cached=0.00 GiB free=0.34 GiB reserve=1.59 GiB total=31.86 GiB)
ds4: ROCm q8 fp16 cache budget exhausted; using q8 kernels (request=64.00 MiB cached=0.00 GiB free=0.34 GiB reserve=1.59 GiB total=31.86 GiB)
ds4: ROCm q8 fp16 cache budget exhausted; using q8 kernels (request=64.00 MiB cached=0.00 GiB free=0.34 GiB reserve=1.59 GiB total=31.86 GiB)
ds4: ROCm q8 fp16 cache budget exhausted; using q8 kernels (request=64.00 MiB cached=0.00 GiB free=0.34 GiB reserve=1.59 GiB total=31.86 GiB)
ds4: ROCm q8 fp16 cache budget exhausted; using q8 kernels (request=64.00 MiB cached=0.00 GiB free=0.34 GiB reserve=1.59 GiB total=31.86 GiB)
ds4: ROCm q8 fp16 cache budget exhausted; using q8 kernels (request=64.00 MiB cached=0.00 GiB free=0.34 GiB reserve=1.59 GiB total=31.86 GiB)
ds4: ROCm q8 fp16 cache budget exhausted; using q8 kernels (request=64.00 MiB cached=0.00 GiB free=0.34 GiB reserve=1.59 GiB total=31.86 GiB)
ds4: ROCm q8 fp16 cache budget exhausted; using q8 kernels (request=64.00 MiB cached=0.00 GiB free=0.34 GiB reserve=1.59 GiB total=31.86 GiB)
ds4: ROCm q8 fp16 cache budget exhausted; using q8 kernels (request=64.00 MiB cached=0.00 GiB free=0.34 GiB reserve=1.59 GiB total=31.86 GiB)
ds4: ROCm q8 fp16 cache budget exhausted; using q8 kernels (request=64.00 MiB cached=0.00 GiB free=0.34 GiB reserve=1.59 GiB total=31.86 GiB)
ds4: ROCm q8 fp16 cache budget exhausted; using q8 kernels (request=64.00 MiB cached=0.00 GiB free=0.34 GiB reserve=1.59 GiB total=31.86 GiB)
ds4: ROCm q8 fp16 cache budget exhausted; using q8 kernels (request=64.00 MiB cached=0.00 GiB free=0.34 GiB reserve=1.59 GiB total=31.86 GiB)
ds4: ROCm q8 fp16 cache budget exhausted; using q8 kernels (request=64.00 MiB cached=0.00 GiB free=0.34 GiB reserve=1.59 GiB total=31.86 GiB)
ds4: ROCm q8 fp16 cache budget exhausted; using q8 kernels (request=64.00 MiB cached=0.00 GiB free=0.34 GiB reserve=1.59 GiB total=31.86 GiB)
ds4: ROCm q8 fp16 cache budget exhausted; using q8 kernels (request=64.00 MiB cached=0.00 GiB free=0.34 GiB reserve=1.59 GiB total=31.86 GiB)
ds4: ROCm q8 fp16 cache budget exhausted; using q8 kernels (request=64.00 MiB cached=0.00 GiB free=0.34 GiB reserve=1.59 GiB total=31.86 GiB)
ds4: ROCm q8 fp16 cache budget exhausted; using q8 kernels (request=64.00 MiB cached=0.00 GiB free=0.34 GiB reserve=1.59 GiB total=31.86 GiB)
ds4: ROCm q8 fp16 cache budget exhausted; using q8 kernels (request=64.00 MiB cached=0.00 GiB free=0.34 GiB reserve=1.59 GiB total=31.86 GiB)
ds4: ROCm q8 fp16 cache budget exhausted; using q8 kernels (request=64.00 MiB cached=0.00 GiB free=0.34 GiB reserve=1.59 GiB total=31.86 GiB)
ds4: ROCm q8 fp16 cache budget exhausted; using q8 kernels (request=64.00 MiB cached=0.00 GiB free=0.34 GiB reserve=1.59 GiB total=31.86 GiB)
ds4: ROCm q8 fp16 cache budget exhausted; using q8 kernels (request=64.00 MiB cached=0.00 GiB free=0.34 GiB reserve=1.59 GiB total=31.86 GiB)
ds4: ROCm q8 fp16 cache budget exhausted; using q8 kernels (request=64.00 MiB cached=0.00 GiB free=0.34 GiB reserve=1.59 GiB total=31.86 GiB)
ds4: ROCm q8 fp16 cache budget exhausted; using q8 kernels (request=64.00 MiB cached=0.00 GiB free=0.34 GiB reserve=1.59 GiB total=31.86 GiB)
ds4: ROCm q8 fp16 cache budget exhausted; using q8 kernels (request=64.00 MiB cached=0.00 GiB free=0.34 GiB reserve=1.59 GiB total=31.86 GiB)
ds4: ROCm q8 fp16 cache budget exhausted; using q8 kernels (request=64.00 MiB cached=0.00 GiB free=0.34 GiB reserve=1.59 GiB total=31.86 GiB)
ds4: ROCm q8 fp16 cache budget exhausted; using q8 kernels (request=64.00 MiB cached=0.00 GiB free=0.34 GiB reserve=1.59 GiB total=31.86 GiB)
ds4: ROCm q8 fp16 cache budget exhausted; using q8 kernels (request=64.00 MiB cached=0.00 GiB free=0.34 GiB reserve=1.59 GiB total=31.86 GiB)
case_037 cases=38 prompt=18 target=24 avg_nll=1.186669 lcp=0 api_target_mae=1.186669 api_top_coverage=97/120 api_top1=0.542 api_topn=0.258 api_pair=0.986
ds4: ROCm q8 fp16 cache budget exhausted; using q8 kernels (request=64.00 MiB cached=0.00 GiB free=0.34 GiB reserve=1.59 GiB total=31.86 GiB)
ds4: ROCm q8 fp16 cache budget exhausted; using q8 kernels (request=64.00 MiB cached=0.00 GiB free=0.34 GiB reserve=1.59 GiB total=31.86 GiB)
ds4: ROCm q8 fp16 cache budget exhausted; using q8 kernels (request=64.00 MiB cached=0.00 GiB free=0.34 GiB reserve=1.59 GiB total=31.86 GiB)
ds4: ROCm q8 fp16 cache budget exhausted; using q8 kernels (request=64.00 MiB cached=0.00 GiB free=0.34 GiB reserve=1.59 GiB total=31.86 GiB)
ds4: ROCm q8 fp16 cache budget exhausted; using q8 kernels (request=64.00 MiB cached=0.00 GiB free=0.34 GiB reserve=1.59 GiB total=31.86 GiB)
ds4: ROCm q8 fp16 cache budget exhausted; using q8 kernels (request=64.00 MiB cached=0.00 GiB free=0.34 GiB reserve=1.59 GiB total=31.86 GiB)
ds4: ROCm q8 fp16 cache budget exhausted; using q8 kernels (request=64.00 MiB cached=0.00 GiB free=0.34 GiB reserve=1.59 GiB total=31.86 GiB)
ds4: ROCm q8 fp16 cache budget exhausted; using q8 kernels (request=64.00 MiB cached=0.00 GiB free=0.34 GiB reserve=1.59 GiB total=31.86 GiB)
ds4: ROCm q8 fp16 cache budget exhausted; using q8 kernels (request=64.00 MiB cached=0.00 GiB free=0.34 GiB reserve=1.59 GiB total=31.86 GiB)
ds4: ROCm q8 fp16 cache budget exhausted; using q8 kernels (request=64.00 MiB cached=0.00 GiB free=0.34 GiB reserve=1.59 GiB total=31.86 GiB)
ds4: ROCm q8 fp16 cache budget exhausted; using q8 kernels (request=64.00 MiB cached=0.00 GiB free=0.34 GiB reserve=1.59 GiB total=31.86 GiB)
ds4: ROCm q8 fp16 cache budget exhausted; using q8 kernels (request=64.00 MiB cached=0.00 GiB free=0.34 GiB reserve=1.59 GiB total=31.86 GiB)
ds4: ROCm q8 fp16 cache budget exhausted; using q8 kernels (request=64.00 MiB cached=0.00 GiB free=0.34 GiB reserve=1.59 GiB total=31.86 GiB)
ds4: ROCm q8 fp16 cache budget exhausted; using q8 kernels (request=64.00 MiB cached=0.00 GiB free=0.34 GiB reserve=1.59 GiB total=31.86 GiB)
ds4: ROCm q8 fp16 cache budget exhausted; using q8 kernels (request=64.00 MiB cached=0.00 GiB free=0.34 GiB reserve=1.59 GiB total=31.86 GiB)
ds4: ROCm q8 fp16 cache budget exhausted; using q8 kernels (request=64.00 MiB cached=0.00 GiB free=0.34 GiB reserve=1.59 GiB total=31.86 GiB)
ds4: ROCm q8 fp16 cache budget exhausted; using q8 kernels (request=64.00 MiB cached=0.00 GiB free=0.34 GiB reserve=1.59 GiB total=31.86 GiB)
ds4: ROCm q8 fp16 cache budget exhausted; using q8 kernels (request=64.00 MiB cached=0.00 GiB free=0.34 GiB reserve=1.59 GiB total=31.86 GiB)
ds4: ROCm q8 fp16 cache budget exhausted; using q8 kernels (request=64.00 MiB cached=0.00 GiB free=0.34 GiB reserve=1.59 GiB total=31.86 GiB)
ds4: ROCm q8 fp16 cache budget exhausted; using q8 kernels (request=64.00 MiB cached=0.00 GiB free=0.34 GiB reserve=1.59 GiB total=31.86 GiB)
ds4: ROCm q8 fp16 cache budget exhausted; using q8 kernels (request=64.00 MiB cached=0.00 GiB free=0.34 GiB reserve=1.59 GiB total=31.86 GiB)
ds4: ROCm q8 fp16 cache budget exhausted; using q8 kernels (request=64.00 MiB cached=0.00 GiB free=0.34 GiB reserve=1.59 GiB total=31.86 GiB)
ds4: ROCm q8 fp16 cache budget exhausted; using q8 kernels (request=64.00 MiB cached=0.00 GiB free=0.34 GiB reserve=1.59 GiB total=31.86 GiB)
ds4: ROCm q8 fp16 cache budget exhausted; using q8 kernels (request=64.00 MiB cached=0.00 GiB free=0.34 GiB reserve=1.59 GiB total=31.86 GiB)
ds4: ROCm q8 fp16 cache budget exhausted; using q8 kernels (request=64.00 MiB cached=0.00 GiB free=0.34 GiB reserve=1.59 GiB total=31.86 GiB)
ds4: ROCm q8 fp16 cache budget exhausted; using q8 kernels (request=64.00 MiB cached=0.00 GiB free=0.34 GiB reserve=1.59 GiB total=31.86 GiB)
ds4: ROCm q8 fp16 cache budget exhausted; using q8 kernels (request=64.00 MiB cached=0.00 GiB free=0.34 GiB reserve=1.59 GiB total=31.86 GiB)
ds4: ROCm q8 fp16 cache budget exhausted; using q8 kernels (request=64.00 MiB cached=0.00 GiB free=0.34 GiB reserve=1.59 GiB total=31.86 GiB)
ds4: ROCm q8 fp16 cache budget exhausted; using q8 kernels (request=64.00 MiB cached=0.00 GiB free=0.34 GiB reserve=1.59 GiB total=31.86 GiB)
ds4: ROCm q8 fp16 cache budget exhausted; using q8 kernels (request=64.00 MiB cached=0.00 GiB free=0.34 GiB reserve=1.59 GiB total=31.86 GiB)
ds4: ROCm q8 fp16 cache budget exhausted; using q8 kernels (request=64.00 MiB cached=0.00 GiB free=0.34 GiB reserve=1.59 GiB total=31.86 GiB)
ds4: ROCm q8 fp16 cache budget exhausted; using q8 kernels (request=64.00 MiB cached=0.00 GiB free=0.34 GiB reserve=1.59 GiB total=31.86 GiB)
ds4: ROCm q8 fp16 cache budget exhausted; using q8 kernels (request=64.00 MiB cached=0.00 GiB free=0.34 GiB reserve=1.59 GiB total=31.86 GiB)
ds4: ROCm q8 fp16 cache budget exhausted; using q8 kernels (request=64.00 MiB cached=0.00 GiB free=0.34 GiB reserve=1.59 GiB total=31.86 GiB)
ds4: ROCm q8 fp16 cache budget exhausted; using q8 kernels (request=64.00 MiB cached=0.00 GiB free=0.34 GiB reserve=1.59 GiB total=31.86 GiB)
ds4: ROCm q8 fp16 cache budget exhausted; using q8 kernels (request=64.00 MiB cached=0.00 GiB free=0.34 GiB reserve=1.59 GiB total=31.86 GiB)
ds4: ROCm q8 fp16 cache budget exhausted; using q8 kernels (request=64.00 MiB cached=0.00 GiB free=0.34 GiB reserve=1.59 GiB total=31.86 GiB)
ds4: ROCm q8 fp16 cache budget exhausted; using q8 kernels (request=64.00 MiB cached=0.00 GiB free=0.34 GiB reserve=1.59 GiB total=31.86 GiB)
ds4: ROCm q8 fp16 cache budget exhausted; using q8 kernels (request=64.00 MiB cached=0.00 GiB free=0.34 GiB reserve=1.59 GiB total=31.86 GiB)
ds4: ROCm q8 fp16 cache budget exhausted; using q8 kernels (request=64.00 MiB cached=0.00 GiB free=0.34 GiB reserve=1.59 GiB total=31.86 GiB)
ds4: ROCm q8 fp16 cache budget exhausted; using q8 kernels (request=64.00 MiB cached=0.00 GiB free=0.34 GiB reserve=1.59 GiB total=31.86 GiB)
ds4: ROCm q8 fp16 cache budget exhausted; using q8 kernels (request=64.00 MiB cached=0.00 GiB free=0.34 GiB reserve=1.59 GiB total=31.86 GiB)
ds4: ROCm q8 fp16 cache budget exhausted; using q8 kernels (request=64.00 MiB cached=0.00 GiB free=0.34 GiB reserve=1.59 GiB total=31.86 GiB)
case_038 cases=39 prompt=26 target=24 avg_nll=0.346398 lcp=0 api_target_mae=0.346398 api_top_coverage=97/120 api_top1=0.875 api_topn=0.247 api_pair=1.000
ds4: ROCm q8 fp16 cache budget exhausted; using q8 kernels (request=64.00 MiB cached=0.00 GiB free=0.34 GiB reserve=1.59 GiB total=31.86 GiB)
ds4: ROCm q8 fp16 cache budget exhausted; using q8 kernels (request=64.00 MiB cached=0.00 GiB free=0.34 GiB reserve=1.59 GiB total=31.86 GiB)
ds4: ROCm q8 fp16 cache budget exhausted; using q8 kernels (request=64.00 MiB cached=0.00 GiB free=0.34 GiB reserve=1.59 GiB total=31.86 GiB)
ds4: ROCm q8 fp16 cache budget exhausted; using q8 kernels (request=64.00 MiB cached=0.00 GiB free=0.34 GiB reserve=1.59 GiB total=31.86 GiB)
ds4: ROCm q8 fp16 cache budget exhausted; using q8 kernels (request=64.00 MiB cached=0.00 GiB free=0.34 GiB reserve=1.59 GiB total=31.86 GiB)
ds4: ROCm q8 fp16 cache budget exhausted; using q8 kernels (request=64.00 MiB cached=0.00 GiB free=0.34 GiB reserve=1.59 GiB total=31.86 GiB)
ds4: ROCm q8 fp16 cache budget exhausted; using q8 kernels (request=64.00 MiB cached=0.00 GiB free=0.34 GiB reserve=1.59 GiB total=31.86 GiB)
ds4: ROCm q8 fp16 cache budget exhausted; using q8 kernels (request=64.00 MiB cached=0.00 GiB free=0.34 GiB reserve=1.59 GiB total=31.86 GiB)
ds4: ROCm q8 fp16 cache budget exhausted; using q8 kernels (request=64.00 MiB cached=0.00 GiB free=0.34 GiB reserve=1.59 GiB total=31.86 GiB)
ds4: ROCm q8 fp16 cache budget exhausted; using q8 kernels (request=64.00 MiB cached=0.00 GiB free=0.34 GiB reserve=1.59 GiB total=31.86 GiB)
ds4: ROCm q8 fp16 cache budget exhausted; using q8 kernels (request=64.00 MiB cached=0.00 GiB free=0.34 GiB reserve=1.59 GiB total=31.86 GiB)
ds4: ROCm q8 fp16 cache budget exhausted; using q8 kernels (request=64.00 MiB cached=0.00 GiB free=0.34 GiB reserve=1.59 GiB total=31.86 GiB)
ds4: ROCm q8 fp16 cache budget exhausted; using q8 kernels (request=64.00 MiB cached=0.00 GiB free=0.34 GiB reserve=1.59 GiB total=31.86 GiB)
ds4: ROCm q8 fp16 cache budget exhausted; using q8 kernels (request=64.00 MiB cached=0.00 GiB free=0.34 GiB reserve=1.59 GiB total=31.86 GiB)
ds4: ROCm q8 fp16 cache budget exhausted; using q8 kernels (request=64.00 MiB cached=0.00 GiB free=0.34 GiB reserve=1.59 GiB total=31.86 GiB)
ds4: ROCm q8 fp16 cache budget exhausted; using q8 kernels (request=64.00 MiB cached=0.00 GiB free=0.34 GiB reserve=1.59 GiB total=31.86 GiB)
ds4: ROCm q8 fp16 cache budget exhausted; using q8 kernels (request=64.00 MiB cached=0.00 GiB free=0.34 GiB reserve=1.59 GiB total=31.86 GiB)
ds4: ROCm q8 fp16 cache budget exhausted; using q8 kernels (request=64.00 MiB cached=0.00 GiB free=0.34 GiB reserve=1.59 GiB total=31.86 GiB)
ds4: ROCm q8 fp16 cache budget exhausted; using q8 kernels (request=64.00 MiB cached=0.00 GiB free=0.34 GiB reserve=1.59 GiB total=31.86 GiB)
ds4: ROCm q8 fp16 cache budget exhausted; using q8 kernels (request=64.00 MiB cached=0.00 GiB free=0.34 GiB reserve=1.59 GiB total=31.86 GiB)
ds4: ROCm q8 fp16 cache budget exhausted; using q8 kernels (request=64.00 MiB cached=0.00 GiB free=0.34 GiB reserve=1.59 GiB total=31.86 GiB)
ds4: ROCm q8 fp16 cache budget exhausted; using q8 kernels (request=64.00 MiB cached=0.00 GiB free=0.34 GiB reserve=1.59 GiB total=31.86 GiB)
ds4: ROCm q8 fp16 cache budget exhausted; using q8 kernels (request=64.00 MiB cached=0.00 GiB free=0.34 GiB reserve=1.59 GiB total=31.86 GiB)
ds4: ROCm q8 fp16 cache budget exhausted; using q8 kernels (request=64.00 MiB cached=0.00 GiB free=0.34 GiB reserve=1.59 GiB total=31.86 GiB)
ds4: ROCm q8 fp16 cache budget exhausted; using q8 kernels (request=64.00 MiB cached=0.00 GiB free=0.34 GiB reserve=1.59 GiB total=31.86 GiB)
ds4: ROCm q8 fp16 cache budget exhausted; using q8 kernels (request=64.00 MiB cached=0.00 GiB free=0.34 GiB reserve=1.59 GiB total=31.86 GiB)
ds4: ROCm q8 fp16 cache budget exhausted; using q8 kernels (request=64.00 MiB cached=0.00 GiB free=0.34 GiB reserve=1.59 GiB total=31.86 GiB)
ds4: ROCm q8 fp16 cache budget exhausted; using q8 kernels (request=64.00 MiB cached=0.00 GiB free=0.34 GiB reserve=1.59 GiB total=31.86 GiB)
ds4: ROCm q8 fp16 cache budget exhausted; using q8 kernels (request=64.00 MiB cached=0.00 GiB free=0.34 GiB reserve=1.59 GiB total=31.86 GiB)
ds4: ROCm q8 fp16 cache budget exhausted; using q8 kernels (request=64.00 MiB cached=0.00 GiB free=0.34 GiB reserve=1.59 GiB total=31.86 GiB)
ds4: ROCm q8 fp16 cache budget exhausted; using q8 kernels (request=64.00 MiB cached=0.00 GiB free=0.34 GiB reserve=1.59 GiB total=31.86 GiB)
ds4: ROCm q8 fp16 cache budget exhausted; using q8 kernels (request=64.00 MiB cached=0.00 GiB free=0.34 GiB reserve=1.59 GiB total=31.86 GiB)
ds4: ROCm q8 fp16 cache budget exhausted; using q8 kernels (request=64.00 MiB cached=0.00 GiB free=0.34 GiB reserve=1.59 GiB total=31.86 GiB)
ds4: ROCm q8 fp16 cache budget exhausted; using q8 kernels (request=64.00 MiB cached=0.00 GiB free=0.34 GiB reserve=1.59 GiB total=31.86 GiB)
ds4: ROCm q8 fp16 cache budget exhausted; using q8 kernels (request=64.00 MiB cached=0.00 GiB free=0.34 GiB reserve=1.59 GiB total=31.86 GiB)
ds4: ROCm q8 fp16 cache budget exhausted; using q8 kernels (request=64.00 MiB cached=0.00 GiB free=0.34 GiB reserve=1.59 GiB total=31.86 GiB)
ds4: ROCm q8 fp16 cache budget exhausted; using q8 kernels (request=64.00 MiB cached=0.00 GiB free=0.34 GiB reserve=1.59 GiB total=31.86 GiB)
ds4: ROCm q8 fp16 cache budget exhausted; using q8 kernels (request=64.00 MiB cached=0.00 GiB free=0.34 GiB reserve=1.59 GiB total=31.86 GiB)
ds4: ROCm q8 fp16 cache budget exhausted; using q8 kernels (request=64.00 MiB cached=0.00 GiB free=0.34 GiB reserve=1.59 GiB total=31.86 GiB)
ds4: ROCm q8 fp16 cache budget exhausted; using q8 kernels (request=64.00 MiB cached=0.00 GiB free=0.34 GiB reserve=1.59 GiB total=31.86 GiB)
ds4: ROCm q8 fp16 cache budget exhausted; using q8 kernels (request=64.00 MiB cached=0.00 GiB free=0.34 GiB reserve=1.59 GiB total=31.86 GiB)
ds4: ROCm q8 fp16 cache budget exhausted; using q8 kernels (request=64.00 MiB cached=0.00 GiB free=0.34 GiB reserve=1.59 GiB total=31.86 GiB)
ds4: ROCm q8 fp16 cache budget exhausted; using q8 kernels (request=64.00 MiB cached=0.00 GiB free=0.34 GiB reserve=1.59 GiB total=31.86 GiB)
case_039 cases=40 prompt=23 target=24 avg_nll=1.257495 lcp=0 api_target_mae=1.257495 api_top_coverage=99/120 api_top1=0.667 api_topn=0.232 api_pair=0.987
ds4: ROCm q8 fp16 cache budget exhausted; using q8 kernels (request=64.00 MiB cached=0.00 GiB free=0.34 GiB reserve=1.59 GiB total=31.86 GiB)
ds4: ROCm q8 fp16 cache budget exhausted; using q8 kernels (request=64.00 MiB cached=0.00 GiB free=0.34 GiB reserve=1.59 GiB total=31.86 GiB)
ds4: ROCm q8 fp16 cache budget exhausted; using q8 kernels (request=64.00 MiB cached=0.00 GiB free=0.34 GiB reserve=1.59 GiB total=31.86 GiB)
ds4: ROCm q8 fp16 cache budget exhausted; using q8 kernels (request=64.00 MiB cached=0.00 GiB free=0.34 GiB reserve=1.59 GiB total=31.86 GiB)
ds4: ROCm q8 fp16 cache budget exhausted; using q8 kernels (request=64.00 MiB cached=0.00 GiB free=0.34 GiB reserve=1.59 GiB total=31.86 GiB)
ds4: ROCm q8 fp16 cache budget exhausted; using q8 kernels (request=64.00 MiB cached=0.00 GiB free=0.34 GiB reserve=1.59 GiB total=31.86 GiB)
ds4: ROCm q8 fp16 cache budget exhausted; using q8 kernels (request=64.00 MiB cached=0.00 GiB free=0.34 GiB reserve=1.59 GiB total=31.86 GiB)
ds4: ROCm q8 fp16 cache budget exhausted; using q8 kernels (request=64.00 MiB cached=0.00 GiB free=0.34 GiB reserve=1.59 GiB total=31.86 GiB)
ds4: ROCm q8 fp16 cache budget exhausted; using q8 kernels (request=64.00 MiB cached=0.00 GiB free=0.34 GiB reserve=1.59 GiB total=31.86 GiB)
ds4: ROCm q8 fp16 cache budget exhausted; using q8 kernels (request=64.00 MiB cached=0.00 GiB free=0.34 GiB reserve=1.59 GiB total=31.86 GiB)
ds4: ROCm q8 fp16 cache budget exhausted; using q8 kernels (request=64.00 MiB cached=0.00 GiB free=0.34 GiB reserve=1.59 GiB total=31.86 GiB)
ds4: ROCm q8 fp16 cache budget exhausted; using q8 kernels (request=64.00 MiB cached=0.00 GiB free=0.34 GiB reserve=1.59 GiB total=31.86 GiB)
ds4: ROCm q8 fp16 cache budget exhausted; using q8 kernels (request=64.00 MiB cached=0.00 GiB free=0.34 GiB reserve=1.59 GiB total=31.86 GiB)
ds4: ROCm q8 fp16 cache budget exhausted; using q8 kernels (request=64.00 MiB cached=0.00 GiB free=0.34 GiB reserve=1.59 GiB total=31.86 GiB)
ds4: ROCm q8 fp16 cache budget exhausted; using q8 kernels (request=64.00 MiB cached=0.00 GiB free=0.34 GiB reserve=1.59 GiB total=31.86 GiB)
ds4: ROCm q8 fp16 cache budget exhausted; using q8 kernels (request=64.00 MiB cached=0.00 GiB free=0.34 GiB reserve=1.59 GiB total=31.86 GiB)
ds4: ROCm q8 fp16 cache budget exhausted; using q8 kernels (request=64.00 MiB cached=0.00 GiB free=0.34 GiB reserve=1.59 GiB total=31.86 GiB)
ds4: ROCm q8 fp16 cache budget exhausted; using q8 kernels (request=64.00 MiB cached=0.00 GiB free=0.34 GiB reserve=1.59 GiB total=31.86 GiB)
ds4: ROCm q8 fp16 cache budget exhausted; using q8 kernels (request=64.00 MiB cached=0.00 GiB free=0.34 GiB reserve=1.59 GiB total=31.86 GiB)
ds4: ROCm q8 fp16 cache budget exhausted; using q8 kernels (request=64.00 MiB cached=0.00 GiB free=0.34 GiB reserve=1.59 GiB total=31.86 GiB)
ds4: ROCm q8 fp16 cache budget exhausted; using q8 kernels (request=64.00 MiB cached=0.00 GiB free=0.34 GiB reserve=1.59 GiB total=31.86 GiB)
ds4: ROCm q8 fp16 cache budget exhausted; using q8 kernels (request=64.00 MiB cached=0.00 GiB free=0.34 GiB reserve=1.59 GiB total=31.86 GiB)
ds4: ROCm q8 fp16 cache budget exhausted; using q8 kernels (request=64.00 MiB cached=0.00 GiB free=0.34 GiB reserve=1.59 GiB total=31.86 GiB)
ds4: ROCm q8 fp16 cache budget exhausted; using q8 kernels (request=64.00 MiB cached=0.00 GiB free=0.34 GiB reserve=1.59 GiB total=31.86 GiB)
ds4: ROCm q8 fp16 cache budget exhausted; using q8 kernels (request=64.00 MiB cached=0.00 GiB free=0.34 GiB reserve=1.59 GiB total=31.86 GiB)
ds4: ROCm q8 fp16 cache budget exhausted; using q8 kernels (request=64.00 MiB cached=0.00 GiB free=0.34 GiB reserve=1.59 GiB total=31.86 GiB)
ds4: ROCm q8 fp16 cache budget exhausted; using q8 kernels (request=64.00 MiB cached=0.00 GiB free=0.34 GiB reserve=1.59 GiB total=31.86 GiB)
ds4: ROCm q8 fp16 cache budget exhausted; using q8 kernels (request=64.00 MiB cached=0.00 GiB free=0.34 GiB reserve=1.59 GiB total=31.86 GiB)
ds4: ROCm q8 fp16 cache budget exhausted; using q8 kernels (request=64.00 MiB cached=0.00 GiB free=0.34 GiB reserve=1.59 GiB total=31.86 GiB)
ds4: ROCm q8 fp16 cache budget exhausted; using q8 kernels (request=64.00 MiB cached=0.00 GiB free=0.34 GiB reserve=1.59 GiB total=31.86 GiB)
ds4: ROCm q8 fp16 cache budget exhausted; using q8 kernels (request=64.00 MiB cached=0.00 GiB free=0.34 GiB reserve=1.59 GiB total=31.86 GiB)
ds4: ROCm q8 fp16 cache budget exhausted; using q8 kernels (request=64.00 MiB cached=0.00 GiB free=0.34 GiB reserve=1.59 GiB total=31.86 GiB)
ds4: ROCm q8 fp16 cache budget exhausted; using q8 kernels (request=64.00 MiB cached=0.00 GiB free=0.34 GiB reserve=1.59 GiB total=31.86 GiB)
ds4: ROCm q8 fp16 cache budget exhausted; using q8 kernels (request=64.00 MiB cached=0.00 GiB free=0.34 GiB reserve=1.59 GiB total=31.86 GiB)
ds4: ROCm q8 fp16 cache budget exhausted; using q8 kernels (request=64.00 MiB cached=0.00 GiB free=0.34 GiB reserve=1.59 GiB total=31.86 GiB)
ds4: ROCm q8 fp16 cache budget exhausted; using q8 kernels (request=64.00 MiB cached=0.00 GiB free=0.34 GiB reserve=1.59 GiB total=31.86 GiB)
ds4: ROCm q8 fp16 cache budget exhausted; using q8 kernels (request=64.00 MiB cached=0.00 GiB free=0.34 GiB reserve=1.59 GiB total=31.86 GiB)
ds4: ROCm q8 fp16 cache budget exhausted; using q8 kernels (request=64.00 MiB cached=0.00 GiB free=0.34 GiB reserve=1.59 GiB total=31.86 GiB)
ds4: ROCm q8 fp16 cache budget exhausted; using q8 kernels (request=64.00 MiB cached=0.00 GiB free=0.34 GiB reserve=1.59 GiB total=31.86 GiB)
ds4: ROCm q8 fp16 cache budget exhausted; using q8 kernels (request=64.00 MiB cached=0.00 GiB free=0.34 GiB reserve=1.59 GiB total=31.86 GiB)
ds4: ROCm q8 fp16 cache budget exhausted; using q8 kernels (request=64.00 MiB cached=0.00 GiB free=0.34 GiB reserve=1.59 GiB total=31.86 GiB)
ds4: ROCm q8 fp16 cache budget exhausted; using q8 kernels (request=64.00 MiB cached=0.00 GiB free=0.34 GiB reserve=1.59 GiB total=31.86 GiB)
ds4: ROCm q8 fp16 cache budget exhausted; using q8 kernels (request=64.00 MiB cached=0.00 GiB free=0.34 GiB reserve=1.59 GiB total=31.86 GiB)
case_040 cases=41 prompt=21 target=24 avg_nll=0.958114 lcp=9 api_target_mae=0.958114 api_top_coverage=99/120 api_top1=0.750 api_topn=0.263 api_pair=1.000
ds4: ROCm q8 fp16 cache budget exhausted; using q8 kernels (request=64.00 MiB cached=0.00 GiB free=0.34 GiB reserve=1.59 GiB total=31.86 GiB)
ds4: ROCm q8 fp16 cache budget exhausted; using q8 kernels (request=64.00 MiB cached=0.00 GiB free=0.34 GiB reserve=1.59 GiB total=31.86 GiB)
ds4: ROCm q8 fp16 cache budget exhausted; using q8 kernels (request=64.00 MiB cached=0.00 GiB free=0.34 GiB reserve=1.59 GiB total=31.86 GiB)
ds4: ROCm q8 fp16 cache budget exhausted; using q8 kernels (request=64.00 MiB cached=0.00 GiB free=0.34 GiB reserve=1.59 GiB total=31.86 GiB)
ds4: ROCm q8 fp16 cache budget exhausted; using q8 kernels (request=64.00 MiB cached=0.00 GiB free=0.34 GiB reserve=1.59 GiB total=31.86 GiB)
ds4: ROCm q8 fp16 cache budget exhausted; using q8 kernels (request=64.00 MiB cached=0.00 GiB free=0.34 GiB reserve=1.59 GiB total=31.86 GiB)
ds4: ROCm q8 fp16 cache budget exhausted; using q8 kernels (request=64.00 MiB cached=0.00 GiB free=0.34 GiB reserve=1.59 GiB total=31.86 GiB)
ds4: ROCm q8 fp16 cache budget exhausted; using q8 kernels (request=64.00 MiB cached=0.00 GiB free=0.34 GiB reserve=1.59 GiB total=31.86 GiB)
ds4: ROCm q8 fp16 cache budget exhausted; using q8 kernels (request=64.00 MiB cached=0.00 GiB free=0.34 GiB reserve=1.59 GiB total=31.86 GiB)
ds4: ROCm q8 fp16 cache budget exhausted; using q8 kernels (request=64.00 MiB cached=0.00 GiB free=0.34 GiB reserve=1.59 GiB total=31.86 GiB)
ds4: ROCm q8 fp16 cache budget exhausted; using q8 kernels (request=64.00 MiB cached=0.00 GiB free=0.34 GiB reserve=1.59 GiB total=31.86 GiB)
ds4: ROCm q8 fp16 cache budget exhausted; using q8 kernels (request=64.00 MiB cached=0.00 GiB free=0.34 GiB reserve=1.59 GiB total=31.86 GiB)
ds4: ROCm q8 fp16 cache budget exhausted; using q8 kernels (request=64.00 MiB cached=0.00 GiB free=0.34 GiB reserve=1.59 GiB total=31.86 GiB)
ds4: ROCm q8 fp16 cache budget exhausted; using q8 kernels (request=64.00 MiB cached=0.00 GiB free=0.34 GiB reserve=1.59 GiB total=31.86 GiB)
ds4: ROCm q8 fp16 cache budget exhausted; using q8 kernels (request=64.00 MiB cached=0.00 GiB free=0.34 GiB reserve=1.59 GiB total=31.86 GiB)
ds4: ROCm q8 fp16 cache budget exhausted; using q8 kernels (request=64.00 MiB cached=0.00 GiB free=0.34 GiB reserve=1.59 GiB total=31.86 GiB)
ds4: ROCm q8 fp16 cache budget exhausted; using q8 kernels (request=64.00 MiB cached=0.00 GiB free=0.34 GiB reserve=1.59 GiB total=31.86 GiB)
ds4: ROCm q8 fp16 cache budget exhausted; using q8 kernels (request=64.00 MiB cached=0.00 GiB free=0.34 GiB reserve=1.59 GiB total=31.86 GiB)
ds4: ROCm q8 fp16 cache budget exhausted; using q8 kernels (request=64.00 MiB cached=0.00 GiB free=0.34 GiB reserve=1.59 GiB total=31.86 GiB)
ds4: ROCm q8 fp16 cache budget exhausted; using q8 kernels (request=64.00 MiB cached=0.00 GiB free=0.34 GiB reserve=1.59 GiB total=31.86 GiB)
ds4: ROCm q8 fp16 cache budget exhausted; using q8 kernels (request=64.00 MiB cached=0.00 GiB free=0.34 GiB reserve=1.59 GiB total=31.86 GiB)
ds4: ROCm q8 fp16 cache budget exhausted; using q8 kernels (request=64.00 MiB cached=0.00 GiB free=0.34 GiB reserve=1.59 GiB total=31.86 GiB)
ds4: ROCm q8 fp16 cache budget exhausted; using q8 kernels (request=64.00 MiB cached=0.00 GiB free=0.34 GiB reserve=1.59 GiB total=31.86 GiB)
ds4: ROCm q8 fp16 cache budget exhausted; using q8 kernels (request=64.00 MiB cached=0.00 GiB free=0.34 GiB reserve=1.59 GiB total=31.86 GiB)
ds4: ROCm q8 fp16 cache budget exhausted; using q8 kernels (request=64.00 MiB cached=0.00 GiB free=0.34 GiB reserve=1.59 GiB total=31.86 GiB)
ds4: ROCm q8 fp16 cache budget exhausted; using q8 kernels (request=64.00 MiB cached=0.00 GiB free=0.34 GiB reserve=1.59 GiB total=31.86 GiB)
ds4: ROCm q8 fp16 cache budget exhausted; using q8 kernels (request=64.00 MiB cached=0.00 GiB free=0.34 GiB reserve=1.59 GiB total=31.86 GiB)
ds4: ROCm q8 fp16 cache budget exhausted; using q8 kernels (request=64.00 MiB cached=0.00 GiB free=0.34 GiB reserve=1.59 GiB total=31.86 GiB)
ds4: ROCm q8 fp16 cache budget exhausted; using q8 kernels (request=64.00 MiB cached=0.00 GiB free=0.34 GiB reserve=1.59 GiB total=31.86 GiB)
ds4: ROCm q8 fp16 cache budget exhausted; using q8 kernels (request=64.00 MiB cached=0.00 GiB free=0.34 GiB reserve=1.59 GiB total=31.86 GiB)
ds4: ROCm q8 fp16 cache budget exhausted; using q8 kernels (request=64.00 MiB cached=0.00 GiB free=0.34 GiB reserve=1.59 GiB total=31.86 GiB)
ds4: ROCm q8 fp16 cache budget exhausted; using q8 kernels (request=64.00 MiB cached=0.00 GiB free=0.34 GiB reserve=1.59 GiB total=31.86 GiB)
ds4: ROCm q8 fp16 cache budget exhausted; using q8 kernels (request=64.00 MiB cached=0.00 GiB free=0.34 GiB reserve=1.59 GiB total=31.86 GiB)
ds4: ROCm q8 fp16 cache budget exhausted; using q8 kernels (request=64.00 MiB cached=0.00 GiB free=0.34 GiB reserve=1.59 GiB total=31.86 GiB)
ds4: ROCm q8 fp16 cache budget exhausted; using q8 kernels (request=64.00 MiB cached=0.00 GiB free=0.34 GiB reserve=1.59 GiB total=31.86 GiB)
ds4: ROCm q8 fp16 cache budget exhausted; using q8 kernels (request=64.00 MiB cached=0.00 GiB free=0.34 GiB reserve=1.59 GiB total=31.86 GiB)
ds4: ROCm q8 fp16 cache budget exhausted; using q8 kernels (request=64.00 MiB cached=0.00 GiB free=0.34 GiB reserve=1.59 GiB total=31.86 GiB)
ds4: ROCm q8 fp16 cache budget exhausted; using q8 kernels (request=64.00 MiB cached=0.00 GiB free=0.34 GiB reserve=1.59 GiB total=31.86 GiB)
ds4: ROCm q8 fp16 cache budget exhausted; using q8 kernels (request=64.00 MiB cached=0.00 GiB free=0.34 GiB reserve=1.59 GiB total=31.86 GiB)
ds4: ROCm q8 fp16 cache budget exhausted; using q8 kernels (request=64.00 MiB cached=0.00 GiB free=0.34 GiB reserve=1.59 GiB total=31.86 GiB)
ds4: ROCm q8 fp16 cache budget exhausted; using q8 kernels (request=64.00 MiB cached=0.00 GiB free=0.34 GiB reserve=1.59 GiB total=31.86 GiB)
ds4: ROCm q8 fp16 cache budget exhausted; using q8 kernels (request=64.00 MiB cached=0.00 GiB free=0.34 GiB reserve=1.59 GiB total=31.86 GiB)
ds4: ROCm q8 fp16 cache budget exhausted; using q8 kernels (request=64.00 MiB cached=0.00 GiB free=0.34 GiB reserve=1.59 GiB total=31.86 GiB)
case_041 cases=42 prompt=15 target=24 avg_nll=1.119103 lcp=5 api_target_mae=1.119103 api_top_coverage=101/120 api_top1=0.792 api_topn=0.238 api_pair=0.987
ds4: ROCm q8 fp16 cache budget exhausted; using q8 kernels (request=64.00 MiB cached=0.00 GiB free=0.34 GiB reserve=1.59 GiB total=31.86 GiB)
ds4: ROCm q8 fp16 cache budget exhausted; using q8 kernels (request=64.00 MiB cached=0.00 GiB free=0.34 GiB reserve=1.59 GiB total=31.86 GiB)
ds4: ROCm q8 fp16 cache budget exhausted; using q8 kernels (request=64.00 MiB cached=0.00 GiB free=0.34 GiB reserve=1.59 GiB total=31.86 GiB)
ds4: ROCm q8 fp16 cache budget exhausted; using q8 kernels (request=64.00 MiB cached=0.00 GiB free=0.34 GiB reserve=1.59 GiB total=31.86 GiB)
ds4: ROCm q8 fp16 cache budget exhausted; using q8 kernels (request=64.00 MiB cached=0.00 GiB free=0.34 GiB reserve=1.59 GiB total=31.86 GiB)
ds4: ROCm q8 fp16 cache budget exhausted; using q8 kernels (request=64.00 MiB cached=0.00 GiB free=0.34 GiB reserve=1.59 GiB total=31.86 GiB)
ds4: ROCm q8 fp16 cache budget exhausted; using q8 kernels (request=64.00 MiB cached=0.00 GiB free=0.34 GiB reserve=1.59 GiB total=31.86 GiB)
ds4: ROCm q8 fp16 cache budget exhausted; using q8 kernels (request=64.00 MiB cached=0.00 GiB free=0.34 GiB reserve=1.59 GiB total=31.86 GiB)
ds4: ROCm q8 fp16 cache budget exhausted; using q8 kernels (request=64.00 MiB cached=0.00 GiB free=0.34 GiB reserve=1.59 GiB total=31.86 GiB)
ds4: ROCm q8 fp16 cache budget exhausted; using q8 kernels (request=64.00 MiB cached=0.00 GiB free=0.34 GiB reserve=1.59 GiB total=31.86 GiB)
ds4: ROCm q8 fp16 cache budget exhausted; using q8 kernels (request=64.00 MiB cached=0.00 GiB free=0.34 GiB reserve=1.59 GiB total=31.86 GiB)
ds4: ROCm q8 fp16 cache budget exhausted; using q8 kernels (request=64.00 MiB cached=0.00 GiB free=0.34 GiB reserve=1.59 GiB total=31.86 GiB)
ds4: ROCm q8 fp16 cache budget exhausted; using q8 kernels (request=64.00 MiB cached=0.00 GiB free=0.34 GiB reserve=1.59 GiB total=31.86 GiB)
ds4: ROCm q8 fp16 cache budget exhausted; using q8 kernels (request=64.00 MiB cached=0.00 GiB free=0.34 GiB reserve=1.59 GiB total=31.86 GiB)
ds4: ROCm q8 fp16 cache budget exhausted; using q8 kernels (request=64.00 MiB cached=0.00 GiB free=0.34 GiB reserve=1.59 GiB total=31.86 GiB)
ds4: ROCm q8 fp16 cache budget exhausted; using q8 kernels (request=64.00 MiB cached=0.00 GiB free=0.34 GiB reserve=1.59 GiB total=31.86 GiB)
ds4: ROCm q8 fp16 cache budget exhausted; using q8 kernels (request=64.00 MiB cached=0.00 GiB free=0.34 GiB reserve=1.59 GiB total=31.86 GiB)
ds4: ROCm q8 fp16 cache budget exhausted; using q8 kernels (request=64.00 MiB cached=0.00 GiB free=0.34 GiB reserve=1.59 GiB total=31.86 GiB)
ds4: ROCm q8 fp16 cache budget exhausted; using q8 kernels (request=64.00 MiB cached=0.00 GiB free=0.34 GiB reserve=1.59 GiB total=31.86 GiB)
ds4: ROCm q8 fp16 cache budget exhausted; using q8 kernels (request=64.00 MiB cached=0.00 GiB free=0.34 GiB reserve=1.59 GiB total=31.86 GiB)
ds4: ROCm q8 fp16 cache budget exhausted; using q8 kernels (request=64.00 MiB cached=0.00 GiB free=0.34 GiB reserve=1.59 GiB total=31.86 GiB)
ds4: ROCm q8 fp16 cache budget exhausted; using q8 kernels (request=64.00 MiB cached=0.00 GiB free=0.34 GiB reserve=1.59 GiB total=31.86 GiB)
ds4: ROCm q8 fp16 cache budget exhausted; using q8 kernels (request=64.00 MiB cached=0.00 GiB free=0.34 GiB reserve=1.59 GiB total=31.86 GiB)
ds4: ROCm q8 fp16 cache budget exhausted; using q8 kernels (request=64.00 MiB cached=0.00 GiB free=0.34 GiB reserve=1.59 GiB total=31.86 GiB)
ds4: ROCm q8 fp16 cache budget exhausted; using q8 kernels (request=64.00 MiB cached=0.00 GiB free=0.34 GiB reserve=1.59 GiB total=31.86 GiB)
ds4: ROCm q8 fp16 cache budget exhausted; using q8 kernels (request=64.00 MiB cached=0.00 GiB free=0.34 GiB reserve=1.59 GiB total=31.86 GiB)
ds4: ROCm q8 fp16 cache budget exhausted; using q8 kernels (request=64.00 MiB cached=0.00 GiB free=0.34 GiB reserve=1.59 GiB total=31.86 GiB)
ds4: ROCm q8 fp16 cache budget exhausted; using q8 kernels (request=64.00 MiB cached=0.00 GiB free=0.34 GiB reserve=1.59 GiB total=31.86 GiB)
ds4: ROCm q8 fp16 cache budget exhausted; using q8 kernels (request=64.00 MiB cached=0.00 GiB free=0.34 GiB reserve=1.59 GiB total=31.86 GiB)
ds4: ROCm q8 fp16 cache budget exhausted; using q8 kernels (request=64.00 MiB cached=0.00 GiB free=0.34 GiB reserve=1.59 GiB total=31.86 GiB)
ds4: ROCm q8 fp16 cache budget exhausted; using q8 kernels (request=64.00 MiB cached=0.00 GiB free=0.34 GiB reserve=1.59 GiB total=31.86 GiB)
ds4: ROCm q8 fp16 cache budget exhausted; using q8 kernels (request=64.00 MiB cached=0.00 GiB free=0.34 GiB reserve=1.59 GiB total=31.86 GiB)
ds4: ROCm q8 fp16 cache budget exhausted; using q8 kernels (request=64.00 MiB cached=0.00 GiB free=0.34 GiB reserve=1.59 GiB total=31.86 GiB)
ds4: ROCm q8 fp16 cache budget exhausted; using q8 kernels (request=64.00 MiB cached=0.00 GiB free=0.34 GiB reserve=1.59 GiB total=31.86 GiB)
ds4: ROCm q8 fp16 cache budget exhausted; using q8 kernels (request=64.00 MiB cached=0.00 GiB free=0.34 GiB reserve=1.59 GiB total=31.86 GiB)
ds4: ROCm q8 fp16 cache budget exhausted; using q8 kernels (request=64.00 MiB cached=0.00 GiB free=0.34 GiB reserve=1.59 GiB total=31.86 GiB)
ds4: ROCm q8 fp16 cache budget exhausted; using q8 kernels (request=64.00 MiB cached=0.00 GiB free=0.34 GiB reserve=1.59 GiB total=31.86 GiB)
ds4: ROCm q8 fp16 cache budget exhausted; using q8 kernels (request=64.00 MiB cached=0.00 GiB free=0.34 GiB reserve=1.59 GiB total=31.86 GiB)
ds4: ROCm q8 fp16 cache budget exhausted; using q8 kernels (request=64.00 MiB cached=0.00 GiB free=0.34 GiB reserve=1.59 GiB total=31.86 GiB)
ds4: ROCm q8 fp16 cache budget exhausted; using q8 kernels (request=64.00 MiB cached=0.00 GiB free=0.34 GiB reserve=1.59 GiB total=31.86 GiB)
ds4: ROCm q8 fp16 cache budget exhausted; using q8 kernels (request=64.00 MiB cached=0.00 GiB free=0.34 GiB reserve=1.59 GiB total=31.86 GiB)
ds4: ROCm q8 fp16 cache budget exhausted; using q8 kernels (request=64.00 MiB cached=0.00 GiB free=0.34 GiB reserve=1.59 GiB total=31.86 GiB)
ds4: ROCm q8 fp16 cache budget exhausted; using q8 kernels (request=64.00 MiB cached=0.00 GiB free=0.34 GiB reserve=1.59 GiB total=31.86 GiB)
case_042 cases=43 prompt=14 target=24 avg_nll=1.396051 lcp=1 api_target_mae=1.396051 api_top_coverage=100/120 api_top1=0.542 api_topn=0.280 api_pair=1.000
ds4: ROCm q8 fp16 cache budget exhausted; using q8 kernels (request=64.00 MiB cached=0.00 GiB free=0.34 GiB reserve=1.59 GiB total=31.86 GiB)
ds4: ROCm q8 fp16 cache budget exhausted; using q8 kernels (request=64.00 MiB cached=0.00 GiB free=0.34 GiB reserve=1.59 GiB total=31.86 GiB)
ds4: ROCm q8 fp16 cache budget exhausted; using q8 kernels (request=64.00 MiB cached=0.00 GiB free=0.34 GiB reserve=1.59 GiB total=31.86 GiB)
ds4: ROCm q8 fp16 cache budget exhausted; using q8 kernels (request=64.00 MiB cached=0.00 GiB free=0.34 GiB reserve=1.59 GiB total=31.86 GiB)
ds4: ROCm q8 fp16 cache budget exhausted; using q8 kernels (request=64.00 MiB cached=0.00 GiB free=0.34 GiB reserve=1.59 GiB total=31.86 GiB)
ds4: ROCm q8 fp16 cache budget exhausted; using q8 kernels (request=64.00 MiB cached=0.00 GiB free=0.34 GiB reserve=1.59 GiB total=31.86 GiB)
ds4: ROCm q8 fp16 cache budget exhausted; using q8 kernels (request=64.00 MiB cached=0.00 GiB free=0.34 GiB reserve=1.59 GiB total=31.86 GiB)
ds4: ROCm q8 fp16 cache budget exhausted; using q8 kernels (request=64.00 MiB cached=0.00 GiB free=0.34 GiB reserve=1.59 GiB total=31.86 GiB)
ds4: ROCm q8 fp16 cache budget exhausted; using q8 kernels (request=64.00 MiB cached=0.00 GiB free=0.34 GiB reserve=1.59 GiB total=31.86 GiB)
ds4: ROCm q8 fp16 cache budget exhausted; using q8 kernels (request=64.00 MiB cached=0.00 GiB free=0.34 GiB reserve=1.59 GiB total=31.86 GiB)
ds4: ROCm q8 fp16 cache budget exhausted; using q8 kernels (request=64.00 MiB cached=0.00 GiB free=0.34 GiB reserve=1.59 GiB total=31.86 GiB)
ds4: ROCm q8 fp16 cache budget exhausted; using q8 kernels (request=64.00 MiB cached=0.00 GiB free=0.34 GiB reserve=1.59 GiB total=31.86 GiB)
ds4: ROCm q8 fp16 cache budget exhausted; using q8 kernels (request=64.00 MiB cached=0.00 GiB free=0.34 GiB reserve=1.59 GiB total=31.86 GiB)
ds4: ROCm q8 fp16 cache budget exhausted; using q8 kernels (request=64.00 MiB cached=0.00 GiB free=0.34 GiB reserve=1.59 GiB total=31.86 GiB)
ds4: ROCm q8 fp16 cache budget exhausted; using q8 kernels (request=64.00 MiB cached=0.00 GiB free=0.34 GiB reserve=1.59 GiB total=31.86 GiB)
ds4: ROCm q8 fp16 cache budget exhausted; using q8 kernels (request=64.00 MiB cached=0.00 GiB free=0.34 GiB reserve=1.59 GiB total=31.86 GiB)
ds4: ROCm q8 fp16 cache budget exhausted; using q8 kernels (request=64.00 MiB cached=0.00 GiB free=0.34 GiB reserve=1.59 GiB total=31.86 GiB)
ds4: ROCm q8 fp16 cache budget exhausted; using q8 kernels (request=64.00 MiB cached=0.00 GiB free=0.34 GiB reserve=1.59 GiB total=31.86 GiB)
ds4: ROCm q8 fp16 cache budget exhausted; using q8 kernels (request=64.00 MiB cached=0.00 GiB free=0.34 GiB reserve=1.59 GiB total=31.86 GiB)
ds4: ROCm q8 fp16 cache budget exhausted; using q8 kernels (request=64.00 MiB cached=0.00 GiB free=0.34 GiB reserve=1.59 GiB total=31.86 GiB)
ds4: ROCm q8 fp16 cache budget exhausted; using q8 kernels (request=64.00 MiB cached=0.00 GiB free=0.34 GiB reserve=1.59 GiB total=31.86 GiB)
ds4: ROCm q8 fp16 cache budget exhausted; using q8 kernels (request=64.00 MiB cached=0.00 GiB free=0.34 GiB reserve=1.59 GiB total=31.86 GiB)
ds4: ROCm q8 fp16 cache budget exhausted; using q8 kernels (request=64.00 MiB cached=0.00 GiB free=0.34 GiB reserve=1.59 GiB total=31.86 GiB)
ds4: ROCm q8 fp16 cache budget exhausted; using q8 kernels (request=64.00 MiB cached=0.00 GiB free=0.34 GiB reserve=1.59 GiB total=31.86 GiB)
ds4: ROCm q8 fp16 cache budget exhausted; using q8 kernels (request=64.00 MiB cached=0.00 GiB free=0.34 GiB reserve=1.59 GiB total=31.86 GiB)
ds4: ROCm q8 fp16 cache budget exhausted; using q8 kernels (request=64.00 MiB cached=0.00 GiB free=0.34 GiB reserve=1.59 GiB total=31.86 GiB)
ds4: ROCm q8 fp16 cache budget exhausted; using q8 kernels (request=64.00 MiB cached=0.00 GiB free=0.34 GiB reserve=1.59 GiB total=31.86 GiB)
ds4: ROCm q8 fp16 cache budget exhausted; using q8 kernels (request=64.00 MiB cached=0.00 GiB free=0.34 GiB reserve=1.59 GiB total=31.86 GiB)
ds4: ROCm q8 fp16 cache budget exhausted; using q8 kernels (request=64.00 MiB cached=0.00 GiB free=0.34 GiB reserve=1.59 GiB total=31.86 GiB)
ds4: ROCm q8 fp16 cache budget exhausted; using q8 kernels (request=64.00 MiB cached=0.00 GiB free=0.34 GiB reserve=1.59 GiB total=31.86 GiB)
ds4: ROCm q8 fp16 cache budget exhausted; using q8 kernels (request=64.00 MiB cached=0.00 GiB free=0.34 GiB reserve=1.59 GiB total=31.86 GiB)
ds4: ROCm q8 fp16 cache budget exhausted; using q8 kernels (request=64.00 MiB cached=0.00 GiB free=0.34 GiB reserve=1.59 GiB total=31.86 GiB)
ds4: ROCm q8 fp16 cache budget exhausted; using q8 kernels (request=64.00 MiB cached=0.00 GiB free=0.34 GiB reserve=1.59 GiB total=31.86 GiB)
ds4: ROCm q8 fp16 cache budget exhausted; using q8 kernels (request=64.00 MiB cached=0.00 GiB free=0.34 GiB reserve=1.59 GiB total=31.86 GiB)
ds4: ROCm q8 fp16 cache budget exhausted; using q8 kernels (request=64.00 MiB cached=0.00 GiB free=0.34 GiB reserve=1.59 GiB total=31.86 GiB)
ds4: ROCm q8 fp16 cache budget exhausted; using q8 kernels (request=64.00 MiB cached=0.00 GiB free=0.34 GiB reserve=1.59 GiB total=31.86 GiB)
ds4: ROCm q8 fp16 cache budget exhausted; using q8 kernels (request=64.00 MiB cached=0.00 GiB free=0.34 GiB reserve=1.59 GiB total=31.86 GiB)
ds4: ROCm q8 fp16 cache budget exhausted; using q8 kernels (request=64.00 MiB cached=0.00 GiB free=0.34 GiB reserve=1.59 GiB total=31.86 GiB)
ds4: ROCm q8 fp16 cache budget exhausted; using q8 kernels (request=64.00 MiB cached=0.00 GiB free=0.34 GiB reserve=1.59 GiB total=31.86 GiB)
ds4: ROCm q8 fp16 cache budget exhausted; using q8 kernels (request=64.00 MiB cached=0.00 GiB free=0.34 GiB reserve=1.59 GiB total=31.86 GiB)
ds4: ROCm q8 fp16 cache budget exhausted; using q8 kernels (request=64.00 MiB cached=0.00 GiB free=0.34 GiB reserve=1.59 GiB total=31.86 GiB)
ds4: ROCm q8 fp16 cache budget exhausted; using q8 kernels (request=64.00 MiB cached=0.00 GiB free=0.34 GiB reserve=1.59 GiB total=31.86 GiB)
ds4: ROCm q8 fp16 cache budget exhausted; using q8 kernels (request=64.00 MiB cached=0.00 GiB free=0.34 GiB reserve=1.59 GiB total=31.86 GiB)
case_043 cases=44 prompt=18 target=24 avg_nll=0.728921 lcp=11 api_target_mae=0.728921 api_top_coverage=100/120 api_top1=0.833 api_topn=0.250 api_pair=0.974
ds4: ROCm q8 fp16 cache budget exhausted; using q8 kernels (request=64.00 MiB cached=0.00 GiB free=0.34 GiB reserve=1.59 GiB total=31.86 GiB)
ds4: ROCm q8 fp16 cache budget exhausted; using q8 kernels (request=64.00 MiB cached=0.00 GiB free=0.34 GiB reserve=1.59 GiB total=31.86 GiB)
ds4: ROCm q8 fp16 cache budget exhausted; using q8 kernels (request=64.00 MiB cached=0.00 GiB free=0.34 GiB reserve=1.59 GiB total=31.86 GiB)
ds4: ROCm q8 fp16 cache budget exhausted; using q8 kernels (request=64.00 MiB cached=0.00 GiB free=0.34 GiB reserve=1.59 GiB total=31.86 GiB)
ds4: ROCm q8 fp16 cache budget exhausted; using q8 kernels (request=64.00 MiB cached=0.00 GiB free=0.34 GiB reserve=1.59 GiB total=31.86 GiB)
ds4: ROCm q8 fp16 cache budget exhausted; using q8 kernels (request=64.00 MiB cached=0.00 GiB free=0.34 GiB reserve=1.59 GiB total=31.86 GiB)
ds4: ROCm q8 fp16 cache budget exhausted; using q8 kernels (request=64.00 MiB cached=0.00 GiB free=0.34 GiB reserve=1.59 GiB total=31.86 GiB)
ds4: ROCm q8 fp16 cache budget exhausted; using q8 kernels (request=64.00 MiB cached=0.00 GiB free=0.34 GiB reserve=1.59 GiB total=31.86 GiB)
ds4: ROCm q8 fp16 cache budget exhausted; using q8 kernels (request=64.00 MiB cached=0.00 GiB free=0.34 GiB reserve=1.59 GiB total=31.86 GiB)
ds4: ROCm q8 fp16 cache budget exhausted; using q8 kernels (request=64.00 MiB cached=0.00 GiB free=0.34 GiB reserve=1.59 GiB total=31.86 GiB)
ds4: ROCm q8 fp16 cache budget exhausted; using q8 kernels (request=64.00 MiB cached=0.00 GiB free=0.34 GiB reserve=1.59 GiB total=31.86 GiB)
ds4: ROCm q8 fp16 cache budget exhausted; using q8 kernels (request=64.00 MiB cached=0.00 GiB free=0.34 GiB reserve=1.59 GiB total=31.86 GiB)
ds4: ROCm q8 fp16 cache budget exhausted; using q8 kernels (request=64.00 MiB cached=0.00 GiB free=0.34 GiB reserve=1.59 GiB total=31.86 GiB)
ds4: ROCm q8 fp16 cache budget exhausted; using q8 kernels (request=64.00 MiB cached=0.00 GiB free=0.34 GiB reserve=1.59 GiB total=31.86 GiB)
ds4: ROCm q8 fp16 cache budget exhausted; using q8 kernels (request=64.00 MiB cached=0.00 GiB free=0.34 GiB reserve=1.59 GiB total=31.86 GiB)
ds4: ROCm q8 fp16 cache budget exhausted; using q8 kernels (request=64.00 MiB cached=0.00 GiB free=0.34 GiB reserve=1.59 GiB total=31.86 GiB)
ds4: ROCm q8 fp16 cache budget exhausted; using q8 kernels (request=64.00 MiB cached=0.00 GiB free=0.34 GiB reserve=1.59 GiB total=31.86 GiB)
ds4: ROCm q8 fp16 cache budget exhausted; using q8 kernels (request=64.00 MiB cached=0.00 GiB free=0.34 GiB reserve=1.59 GiB total=31.86 GiB)
ds4: ROCm q8 fp16 cache budget exhausted; using q8 kernels (request=64.00 MiB cached=0.00 GiB free=0.34 GiB reserve=1.59 GiB total=31.86 GiB)
ds4: ROCm q8 fp16 cache budget exhausted; using q8 kernels (request=64.00 MiB cached=0.00 GiB free=0.34 GiB reserve=1.59 GiB total=31.86 GiB)
ds4: ROCm q8 fp16 cache budget exhausted; using q8 kernels (request=64.00 MiB cached=0.00 GiB free=0.34 GiB reserve=1.59 GiB total=31.86 GiB)
ds4: ROCm q8 fp16 cache budget exhausted; using q8 kernels (request=64.00 MiB cached=0.00 GiB free=0.34 GiB reserve=1.59 GiB total=31.86 GiB)
ds4: ROCm q8 fp16 cache budget exhausted; using q8 kernels (request=64.00 MiB cached=0.00 GiB free=0.34 GiB reserve=1.59 GiB total=31.86 GiB)
ds4: ROCm q8 fp16 cache budget exhausted; using q8 kernels (request=64.00 MiB cached=0.00 GiB free=0.34 GiB reserve=1.59 GiB total=31.86 GiB)
ds4: ROCm q8 fp16 cache budget exhausted; using q8 kernels (request=64.00 MiB cached=0.00 GiB free=0.34 GiB reserve=1.59 GiB total=31.86 GiB)
ds4: ROCm q8 fp16 cache budget exhausted; using q8 kernels (request=64.00 MiB cached=0.00 GiB free=0.34 GiB reserve=1.59 GiB total=31.86 GiB)
ds4: ROCm q8 fp16 cache budget exhausted; using q8 kernels (request=64.00 MiB cached=0.00 GiB free=0.34 GiB reserve=1.59 GiB total=31.86 GiB)
ds4: ROCm q8 fp16 cache budget exhausted; using q8 kernels (request=64.00 MiB cached=0.00 GiB free=0.34 GiB reserve=1.59 GiB total=31.86 GiB)
ds4: ROCm q8 fp16 cache budget exhausted; using q8 kernels (request=64.00 MiB cached=0.00 GiB free=0.34 GiB reserve=1.59 GiB total=31.86 GiB)
ds4: ROCm q8 fp16 cache budget exhausted; using q8 kernels (request=64.00 MiB cached=0.00 GiB free=0.34 GiB reserve=1.59 GiB total=31.86 GiB)
ds4: ROCm q8 fp16 cache budget exhausted; using q8 kernels (request=64.00 MiB cached=0.00 GiB free=0.34 GiB reserve=1.59 GiB total=31.86 GiB)
ds4: ROCm q8 fp16 cache budget exhausted; using q8 kernels (request=64.00 MiB cached=0.00 GiB free=0.34 GiB reserve=1.59 GiB total=31.86 GiB)
ds4: ROCm q8 fp16 cache budget exhausted; using q8 kernels (request=64.00 MiB cached=0.00 GiB free=0.34 GiB reserve=1.59 GiB total=31.86 GiB)
ds4: ROCm q8 fp16 cache budget exhausted; using q8 kernels (request=64.00 MiB cached=0.00 GiB free=0.34 GiB reserve=1.59 GiB total=31.86 GiB)
ds4: ROCm q8 fp16 cache budget exhausted; using q8 kernels (request=64.00 MiB cached=0.00 GiB free=0.34 GiB reserve=1.59 GiB total=31.86 GiB)
ds4: ROCm q8 fp16 cache budget exhausted; using q8 kernels (request=64.00 MiB cached=0.00 GiB free=0.34 GiB reserve=1.59 GiB total=31.86 GiB)
ds4: ROCm q8 fp16 cache budget exhausted; using q8 kernels (request=64.00 MiB cached=0.00 GiB free=0.34 GiB reserve=1.59 GiB total=31.86 GiB)
ds4: ROCm q8 fp16 cache budget exhausted; using q8 kernels (request=64.00 MiB cached=0.00 GiB free=0.34 GiB reserve=1.59 GiB total=31.86 GiB)
ds4: ROCm q8 fp16 cache budget exhausted; using q8 kernels (request=64.00 MiB cached=0.00 GiB free=0.34 GiB reserve=1.59 GiB total=31.86 GiB)
ds4: ROCm q8 fp16 cache budget exhausted; using q8 kernels (request=64.00 MiB cached=0.00 GiB free=0.34 GiB reserve=1.59 GiB total=31.86 GiB)
ds4: ROCm q8 fp16 cache budget exhausted; using q8 kernels (request=64.00 MiB cached=0.00 GiB free=0.34 GiB reserve=1.59 GiB total=31.86 GiB)
ds4: ROCm q8 fp16 cache budget exhausted; using q8 kernels (request=64.00 MiB cached=0.00 GiB free=0.34 GiB reserve=1.59 GiB total=31.86 GiB)
ds4: ROCm q8 fp16 cache budget exhausted; using q8 kernels (request=64.00 MiB cached=0.00 GiB free=0.34 GiB reserve=1.59 GiB total=31.86 GiB)
case_044 cases=45 prompt=20 target=24 avg_nll=0.633924 lcp=0 api_target_mae=0.633924 api_top_coverage=98/120 api_top1=0.708 api_topn=0.265 api_pair=0.986
ds4: ROCm q8 fp16 cache budget exhausted; using q8 kernels (request=64.00 MiB cached=0.00 GiB free=0.34 GiB reserve=1.59 GiB total=31.86 GiB)
ds4: ROCm q8 fp16 cache budget exhausted; using q8 kernels (request=64.00 MiB cached=0.00 GiB free=0.34 GiB reserve=1.59 GiB total=31.86 GiB)
ds4: ROCm q8 fp16 cache budget exhausted; using q8 kernels (request=64.00 MiB cached=0.00 GiB free=0.34 GiB reserve=1.59 GiB total=31.86 GiB)
ds4: ROCm q8 fp16 cache budget exhausted; using q8 kernels (request=64.00 MiB cached=0.00 GiB free=0.34 GiB reserve=1.59 GiB total=31.86 GiB)
ds4: ROCm q8 fp16 cache budget exhausted; using q8 kernels (request=64.00 MiB cached=0.00 GiB free=0.34 GiB reserve=1.59 GiB total=31.86 GiB)
ds4: ROCm q8 fp16 cache budget exhausted; using q8 kernels (request=64.00 MiB cached=0.00 GiB free=0.34 GiB reserve=1.59 GiB total=31.86 GiB)
ds4: ROCm q8 fp16 cache budget exhausted; using q8 kernels (request=64.00 MiB cached=0.00 GiB free=0.34 GiB reserve=1.59 GiB total=31.86 GiB)
ds4: ROCm q8 fp16 cache budget exhausted; using q8 kernels (request=64.00 MiB cached=0.00 GiB free=0.34 GiB reserve=1.59 GiB total=31.86 GiB)
ds4: ROCm q8 fp16 cache budget exhausted; using q8 kernels (request=64.00 MiB cached=0.00 GiB free=0.34 GiB reserve=1.59 GiB total=31.86 GiB)
ds4: ROCm q8 fp16 cache budget exhausted; using q8 kernels (request=64.00 MiB cached=0.00 GiB free=0.34 GiB reserve=1.59 GiB total=31.86 GiB)
ds4: ROCm q8 fp16 cache budget exhausted; using q8 kernels (request=64.00 MiB cached=0.00 GiB free=0.34 GiB reserve=1.59 GiB total=31.86 GiB)
ds4: ROCm q8 fp16 cache budget exhausted; using q8 kernels (request=64.00 MiB cached=0.00 GiB free=0.34 GiB reserve=1.59 GiB total=31.86 GiB)
ds4: ROCm q8 fp16 cache budget exhausted; using q8 kernels (request=64.00 MiB cached=0.00 GiB free=0.34 GiB reserve=1.59 GiB total=31.86 GiB)
ds4: ROCm q8 fp16 cache budget exhausted; using q8 kernels (request=64.00 MiB cached=0.00 GiB free=0.34 GiB reserve=1.59 GiB total=31.86 GiB)
ds4: ROCm q8 fp16 cache budget exhausted; using q8 kernels (request=64.00 MiB cached=0.00 GiB free=0.34 GiB reserve=1.59 GiB total=31.86 GiB)
ds4: ROCm q8 fp16 cache budget exhausted; using q8 kernels (request=64.00 MiB cached=0.00 GiB free=0.34 GiB reserve=1.59 GiB total=31.86 GiB)
ds4: ROCm q8 fp16 cache budget exhausted; using q8 kernels (request=64.00 MiB cached=0.00 GiB free=0.34 GiB reserve=1.59 GiB total=31.86 GiB)
ds4: ROCm q8 fp16 cache budget exhausted; using q8 kernels (request=64.00 MiB cached=0.00 GiB free=0.34 GiB reserve=1.59 GiB total=31.86 GiB)
ds4: ROCm q8 fp16 cache budget exhausted; using q8 kernels (request=64.00 MiB cached=0.00 GiB free=0.34 GiB reserve=1.59 GiB total=31.86 GiB)
ds4: ROCm q8 fp16 cache budget exhausted; using q8 kernels (request=64.00 MiB cached=0.00 GiB free=0.34 GiB reserve=1.59 GiB total=31.86 GiB)
ds4: ROCm q8 fp16 cache budget exhausted; using q8 kernels (request=64.00 MiB cached=0.00 GiB free=0.34 GiB reserve=1.59 GiB total=31.86 GiB)
ds4: ROCm q8 fp16 cache budget exhausted; using q8 kernels (request=64.00 MiB cached=0.00 GiB free=0.34 GiB reserve=1.59 GiB total=31.86 GiB)
ds4: ROCm q8 fp16 cache budget exhausted; using q8 kernels (request=64.00 MiB cached=0.00 GiB free=0.34 GiB reserve=1.59 GiB total=31.86 GiB)
ds4: ROCm q8 fp16 cache budget exhausted; using q8 kernels (request=64.00 MiB cached=0.00 GiB free=0.34 GiB reserve=1.59 GiB total=31.86 GiB)
ds4: ROCm q8 fp16 cache budget exhausted; using q8 kernels (request=64.00 MiB cached=0.00 GiB free=0.34 GiB reserve=1.59 GiB total=31.86 GiB)
ds4: ROCm q8 fp16 cache budget exhausted; using q8 kernels (request=64.00 MiB cached=0.00 GiB free=0.34 GiB reserve=1.59 GiB total=31.86 GiB)
ds4: ROCm q8 fp16 cache budget exhausted; using q8 kernels (request=64.00 MiB cached=0.00 GiB free=0.34 GiB reserve=1.59 GiB total=31.86 GiB)
ds4: ROCm q8 fp16 cache budget exhausted; using q8 kernels (request=64.00 MiB cached=0.00 GiB free=0.34 GiB reserve=1.59 GiB total=31.86 GiB)
ds4: ROCm q8 fp16 cache budget exhausted; using q8 kernels (request=64.00 MiB cached=0.00 GiB free=0.34 GiB reserve=1.59 GiB total=31.86 GiB)
ds4: ROCm q8 fp16 cache budget exhausted; using q8 kernels (request=64.00 MiB cached=0.00 GiB free=0.34 GiB reserve=1.59 GiB total=31.86 GiB)
ds4: ROCm q8 fp16 cache budget exhausted; using q8 kernels (request=64.00 MiB cached=0.00 GiB free=0.34 GiB reserve=1.59 GiB total=31.86 GiB)
ds4: ROCm q8 fp16 cache budget exhausted; using q8 kernels (request=64.00 MiB cached=0.00 GiB free=0.34 GiB reserve=1.59 GiB total=31.86 GiB)
ds4: ROCm q8 fp16 cache budget exhausted; using q8 kernels (request=64.00 MiB cached=0.00 GiB free=0.34 GiB reserve=1.59 GiB total=31.86 GiB)
ds4: ROCm q8 fp16 cache budget exhausted; using q8 kernels (request=64.00 MiB cached=0.00 GiB free=0.34 GiB reserve=1.59 GiB total=31.86 GiB)
ds4: ROCm q8 fp16 cache budget exhausted; using q8 kernels (request=64.00 MiB cached=0.00 GiB free=0.34 GiB reserve=1.59 GiB total=31.86 GiB)
ds4: ROCm q8 fp16 cache budget exhausted; using q8 kernels (request=64.00 MiB cached=0.00 GiB free=0.34 GiB reserve=1.59 GiB total=31.86 GiB)
ds4: ROCm q8 fp16 cache budget exhausted; using q8 kernels (request=64.00 MiB cached=0.00 GiB free=0.34 GiB reserve=1.59 GiB total=31.86 GiB)
ds4: ROCm q8 fp16 cache budget exhausted; using q8 kernels (request=64.00 MiB cached=0.00 GiB free=0.34 GiB reserve=1.59 GiB total=31.86 GiB)
ds4: ROCm q8 fp16 cache budget exhausted; using q8 kernels (request=64.00 MiB cached=0.00 GiB free=0.34 GiB reserve=1.59 GiB total=31.86 GiB)
ds4: ROCm q8 fp16 cache budget exhausted; using q8 kernels (request=64.00 MiB cached=0.00 GiB free=0.34 GiB reserve=1.59 GiB total=31.86 GiB)
ds4: ROCm q8 fp16 cache budget exhausted; using q8 kernels (request=64.00 MiB cached=0.00 GiB free=0.34 GiB reserve=1.59 GiB total=31.86 GiB)
ds4: ROCm q8 fp16 cache budget exhausted; using q8 kernels (request=64.00 MiB cached=0.00 GiB free=0.34 GiB reserve=1.59 GiB total=31.86 GiB)
ds4: ROCm q8 fp16 cache budget exhausted; using q8 kernels (request=64.00 MiB cached=0.00 GiB free=0.34 GiB reserve=1.59 GiB total=31.86 GiB)
case_045 cases=46 prompt=18 target=24 avg_nll=1.310892 lcp=3 api_target_mae=1.310892 api_top_coverage=100/120 api_top1=0.708 api_topn=0.260 api_pair=0.987
ds4: ROCm q8 fp16 cache budget exhausted; using q8 kernels (request=64.00 MiB cached=0.00 GiB free=0.34 GiB reserve=1.59 GiB total=31.86 GiB)
ds4: ROCm q8 fp16 cache budget exhausted; using q8 kernels (request=64.00 MiB cached=0.00 GiB free=0.34 GiB reserve=1.59 GiB total=31.86 GiB)
ds4: ROCm q8 fp16 cache budget exhausted; using q8 kernels (request=64.00 MiB cached=0.00 GiB free=0.34 GiB reserve=1.59 GiB total=31.86 GiB)
ds4: ROCm q8 fp16 cache budget exhausted; using q8 kernels (request=64.00 MiB cached=0.00 GiB free=0.34 GiB reserve=1.59 GiB total=31.86 GiB)
ds4: ROCm q8 fp16 cache budget exhausted; using q8 kernels (request=64.00 MiB cached=0.00 GiB free=0.34 GiB reserve=1.59 GiB total=31.86 GiB)
ds4: ROCm q8 fp16 cache budget exhausted; using q8 kernels (request=64.00 MiB cached=0.00 GiB free=0.34 GiB reserve=1.59 GiB total=31.86 GiB)
ds4: ROCm q8 fp16 cache budget exhausted; using q8 kernels (request=64.00 MiB cached=0.00 GiB free=0.34 GiB reserve=1.59 GiB total=31.86 GiB)
ds4: ROCm q8 fp16 cache budget exhausted; using q8 kernels (request=64.00 MiB cached=0.00 GiB free=0.34 GiB reserve=1.59 GiB total=31.86 GiB)
ds4: ROCm q8 fp16 cache budget exhausted; using q8 kernels (request=64.00 MiB cached=0.00 GiB free=0.34 GiB reserve=1.59 GiB total=31.86 GiB)
ds4: ROCm q8 fp16 cache budget exhausted; using q8 kernels (request=64.00 MiB cached=0.00 GiB free=0.34 GiB reserve=1.59 GiB total=31.86 GiB)
ds4: ROCm q8 fp16 cache budget exhausted; using q8 kernels (request=64.00 MiB cached=0.00 GiB free=0.34 GiB reserve=1.59 GiB total=31.86 GiB)
ds4: ROCm q8 fp16 cache budget exhausted; using q8 kernels (request=64.00 MiB cached=0.00 GiB free=0.34 GiB reserve=1.59 GiB total=31.86 GiB)
ds4: ROCm q8 fp16 cache budget exhausted; using q8 kernels (request=64.00 MiB cached=0.00 GiB free=0.34 GiB reserve=1.59 GiB total=31.86 GiB)
ds4: ROCm q8 fp16 cache budget exhausted; using q8 kernels (request=64.00 MiB cached=0.00 GiB free=0.34 GiB reserve=1.59 GiB total=31.86 GiB)
ds4: ROCm q8 fp16 cache budget exhausted; using q8 kernels (request=64.00 MiB cached=0.00 GiB free=0.34 GiB reserve=1.59 GiB total=31.86 GiB)
ds4: ROCm q8 fp16 cache budget exhausted; using q8 kernels (request=64.00 MiB cached=0.00 GiB free=0.34 GiB reserve=1.59 GiB total=31.86 GiB)
ds4: ROCm q8 fp16 cache budget exhausted; using q8 kernels (request=64.00 MiB cached=0.00 GiB free=0.34 GiB reserve=1.59 GiB total=31.86 GiB)
ds4: ROCm q8 fp16 cache budget exhausted; using q8 kernels (request=64.00 MiB cached=0.00 GiB free=0.34 GiB reserve=1.59 GiB total=31.86 GiB)
ds4: ROCm q8 fp16 cache budget exhausted; using q8 kernels (request=64.00 MiB cached=0.00 GiB free=0.34 GiB reserve=1.59 GiB total=31.86 GiB)
ds4: ROCm q8 fp16 cache budget exhausted; using q8 kernels (request=64.00 MiB cached=0.00 GiB free=0.34 GiB reserve=1.59 GiB total=31.86 GiB)
ds4: ROCm q8 fp16 cache budget exhausted; using q8 kernels (request=64.00 MiB cached=0.00 GiB free=0.34 GiB reserve=1.59 GiB total=31.86 GiB)
ds4: ROCm q8 fp16 cache budget exhausted; using q8 kernels (request=64.00 MiB cached=0.00 GiB free=0.34 GiB reserve=1.59 GiB total=31.86 GiB)
ds4: ROCm q8 fp16 cache budget exhausted; using q8 kernels (request=64.00 MiB cached=0.00 GiB free=0.34 GiB reserve=1.59 GiB total=31.86 GiB)
ds4: ROCm q8 fp16 cache budget exhausted; using q8 kernels (request=64.00 MiB cached=0.00 GiB free=0.34 GiB reserve=1.59 GiB total=31.86 GiB)
ds4: ROCm q8 fp16 cache budget exhausted; using q8 kernels (request=64.00 MiB cached=0.00 GiB free=0.34 GiB reserve=1.59 GiB total=31.86 GiB)
ds4: ROCm q8 fp16 cache budget exhausted; using q8 kernels (request=64.00 MiB cached=0.00 GiB free=0.34 GiB reserve=1.59 GiB total=31.86 GiB)
ds4: ROCm q8 fp16 cache budget exhausted; using q8 kernels (request=64.00 MiB cached=0.00 GiB free=0.34 GiB reserve=1.59 GiB total=31.86 GiB)
ds4: ROCm q8 fp16 cache budget exhausted; using q8 kernels (request=64.00 MiB cached=0.00 GiB free=0.34 GiB reserve=1.59 GiB total=31.86 GiB)
ds4: ROCm q8 fp16 cache budget exhausted; using q8 kernels (request=64.00 MiB cached=0.00 GiB free=0.34 GiB reserve=1.59 GiB total=31.86 GiB)
ds4: ROCm q8 fp16 cache budget exhausted; using q8 kernels (request=64.00 MiB cached=0.00 GiB free=0.34 GiB reserve=1.59 GiB total=31.86 GiB)
ds4: ROCm q8 fp16 cache budget exhausted; using q8 kernels (request=64.00 MiB cached=0.00 GiB free=0.34 GiB reserve=1.59 GiB total=31.86 GiB)
ds4: ROCm q8 fp16 cache budget exhausted; using q8 kernels (request=64.00 MiB cached=0.00 GiB free=0.34 GiB reserve=1.59 GiB total=31.86 GiB)
ds4: ROCm q8 fp16 cache budget exhausted; using q8 kernels (request=64.00 MiB cached=0.00 GiB free=0.34 GiB reserve=1.59 GiB total=31.86 GiB)
ds4: ROCm q8 fp16 cache budget exhausted; using q8 kernels (request=64.00 MiB cached=0.00 GiB free=0.34 GiB reserve=1.59 GiB total=31.86 GiB)
ds4: ROCm q8 fp16 cache budget exhausted; using q8 kernels (request=64.00 MiB cached=0.00 GiB free=0.34 GiB reserve=1.59 GiB total=31.86 GiB)
ds4: ROCm q8 fp16 cache budget exhausted; using q8 kernels (request=64.00 MiB cached=0.00 GiB free=0.34 GiB reserve=1.59 GiB total=31.86 GiB)
ds4: ROCm q8 fp16 cache budget exhausted; using q8 kernels (request=64.00 MiB cached=0.00 GiB free=0.34 GiB reserve=1.59 GiB total=31.86 GiB)
ds4: ROCm q8 fp16 cache budget exhausted; using q8 kernels (request=64.00 MiB cached=0.00 GiB free=0.34 GiB reserve=1.59 GiB total=31.86 GiB)
ds4: ROCm q8 fp16 cache budget exhausted; using q8 kernels (request=64.00 MiB cached=0.00 GiB free=0.34 GiB reserve=1.59 GiB total=31.86 GiB)
ds4: ROCm q8 fp16 cache budget exhausted; using q8 kernels (request=64.00 MiB cached=0.00 GiB free=0.34 GiB reserve=1.59 GiB total=31.86 GiB)
ds4: ROCm q8 fp16 cache budget exhausted; using q8 kernels (request=64.00 MiB cached=0.00 GiB free=0.34 GiB reserve=1.59 GiB total=31.86 GiB)
ds4: ROCm q8 fp16 cache budget exhausted; using q8 kernels (request=64.00 MiB cached=0.00 GiB free=0.34 GiB reserve=1.59 GiB total=31.86 GiB)
ds4: ROCm q8 fp16 cache budget exhausted; using q8 kernels (request=64.00 MiB cached=0.00 GiB free=0.34 GiB reserve=1.59 GiB total=31.86 GiB)
case_046 cases=47 prompt=19 target=24 avg_nll=0.957867 lcp=0 api_target_mae=0.957867 api_top_coverage=99/120 api_top1=0.792 api_topn=0.273 api_pair=0.974
ds4: ROCm q8 fp16 cache budget exhausted; using q8 kernels (request=64.00 MiB cached=0.00 GiB free=0.34 GiB reserve=1.59 GiB total=31.86 GiB)
ds4: ROCm q8 fp16 cache budget exhausted; using q8 kernels (request=64.00 MiB cached=0.00 GiB free=0.34 GiB reserve=1.59 GiB total=31.86 GiB)
ds4: ROCm q8 fp16 cache budget exhausted; using q8 kernels (request=64.00 MiB cached=0.00 GiB free=0.34 GiB reserve=1.59 GiB total=31.86 GiB)
ds4: ROCm q8 fp16 cache budget exhausted; using q8 kernels (request=64.00 MiB cached=0.00 GiB free=0.34 GiB reserve=1.59 GiB total=31.86 GiB)
ds4: ROCm q8 fp16 cache budget exhausted; using q8 kernels (request=64.00 MiB cached=0.00 GiB free=0.34 GiB reserve=1.59 GiB total=31.86 GiB)
ds4: ROCm q8 fp16 cache budget exhausted; using q8 kernels (request=64.00 MiB cached=0.00 GiB free=0.34 GiB reserve=1.59 GiB total=31.86 GiB)
ds4: ROCm q8 fp16 cache budget exhausted; using q8 kernels (request=64.00 MiB cached=0.00 GiB free=0.34 GiB reserve=1.59 GiB total=31.86 GiB)
ds4: ROCm q8 fp16 cache budget exhausted; using q8 kernels (request=64.00 MiB cached=0.00 GiB free=0.34 GiB reserve=1.59 GiB total=31.86 GiB)
ds4: ROCm q8 fp16 cache budget exhausted; using q8 kernels (request=64.00 MiB cached=0.00 GiB free=0.34 GiB reserve=1.59 GiB total=31.86 GiB)
ds4: ROCm q8 fp16 cache budget exhausted; using q8 kernels (request=64.00 MiB cached=0.00 GiB free=0.34 GiB reserve=1.59 GiB total=31.86 GiB)
ds4: ROCm q8 fp16 cache budget exhausted; using q8 kernels (request=64.00 MiB cached=0.00 GiB free=0.34 GiB reserve=1.59 GiB total=31.86 GiB)
ds4: ROCm q8 fp16 cache budget exhausted; using q8 kernels (request=64.00 MiB cached=0.00 GiB free=0.34 GiB reserve=1.59 GiB total=31.86 GiB)
ds4: ROCm q8 fp16 cache budget exhausted; using q8 kernels (request=64.00 MiB cached=0.00 GiB free=0.34 GiB reserve=1.59 GiB total=31.86 GiB)
ds4: ROCm q8 fp16 cache budget exhausted; using q8 kernels (request=64.00 MiB cached=0.00 GiB free=0.34 GiB reserve=1.59 GiB total=31.86 GiB)
ds4: ROCm q8 fp16 cache budget exhausted; using q8 kernels (request=64.00 MiB cached=0.00 GiB free=0.34 GiB reserve=1.59 GiB total=31.86 GiB)
ds4: ROCm q8 fp16 cache budget exhausted; using q8 kernels (request=64.00 MiB cached=0.00 GiB free=0.34 GiB reserve=1.59 GiB total=31.86 GiB)
ds4: ROCm q8 fp16 cache budget exhausted; using q8 kernels (request=64.00 MiB cached=0.00 GiB free=0.34 GiB reserve=1.59 GiB total=31.86 GiB)
ds4: ROCm q8 fp16 cache budget exhausted; using q8 kernels (request=64.00 MiB cached=0.00 GiB free=0.34 GiB reserve=1.59 GiB total=31.86 GiB)
ds4: ROCm q8 fp16 cache budget exhausted; using q8 kernels (request=64.00 MiB cached=0.00 GiB free=0.34 GiB reserve=1.59 GiB total=31.86 GiB)
ds4: ROCm q8 fp16 cache budget exhausted; using q8 kernels (request=64.00 MiB cached=0.00 GiB free=0.34 GiB reserve=1.59 GiB total=31.86 GiB)
ds4: ROCm q8 fp16 cache budget exhausted; using q8 kernels (request=64.00 MiB cached=0.00 GiB free=0.34 GiB reserve=1.59 GiB total=31.86 GiB)
ds4: ROCm q8 fp16 cache budget exhausted; using q8 kernels (request=64.00 MiB cached=0.00 GiB free=0.34 GiB reserve=1.59 GiB total=31.86 GiB)
ds4: ROCm q8 fp16 cache budget exhausted; using q8 kernels (request=64.00 MiB cached=0.00 GiB free=0.34 GiB reserve=1.59 GiB total=31.86 GiB)
ds4: ROCm q8 fp16 cache budget exhausted; using q8 kernels (request=64.00 MiB cached=0.00 GiB free=0.34 GiB reserve=1.59 GiB total=31.86 GiB)
ds4: ROCm q8 fp16 cache budget exhausted; using q8 kernels (request=64.00 MiB cached=0.00 GiB free=0.34 GiB reserve=1.59 GiB total=31.86 GiB)
ds4: ROCm q8 fp16 cache budget exhausted; using q8 kernels (request=64.00 MiB cached=0.00 GiB free=0.34 GiB reserve=1.59 GiB total=31.86 GiB)
ds4: ROCm q8 fp16 cache budget exhausted; using q8 kernels (request=64.00 MiB cached=0.00 GiB free=0.34 GiB reserve=1.59 GiB total=31.86 GiB)
ds4: ROCm q8 fp16 cache budget exhausted; using q8 kernels (request=64.00 MiB cached=0.00 GiB free=0.34 GiB reserve=1.59 GiB total=31.86 GiB)
ds4: ROCm q8 fp16 cache budget exhausted; using q8 kernels (request=64.00 MiB cached=0.00 GiB free=0.34 GiB reserve=1.59 GiB total=31.86 GiB)
ds4: ROCm q8 fp16 cache budget exhausted; using q8 kernels (request=64.00 MiB cached=0.00 GiB free=0.34 GiB reserve=1.59 GiB total=31.86 GiB)
ds4: ROCm q8 fp16 cache budget exhausted; using q8 kernels (request=64.00 MiB cached=0.00 GiB free=0.34 GiB reserve=1.59 GiB total=31.86 GiB)
ds4: ROCm q8 fp16 cache budget exhausted; using q8 kernels (request=64.00 MiB cached=0.00 GiB free=0.34 GiB reserve=1.59 GiB total=31.86 GiB)
ds4: ROCm q8 fp16 cache budget exhausted; using q8 kernels (request=64.00 MiB cached=0.00 GiB free=0.34 GiB reserve=1.59 GiB total=31.86 GiB)
ds4: ROCm q8 fp16 cache budget exhausted; using q8 kernels (request=64.00 MiB cached=0.00 GiB free=0.34 GiB reserve=1.59 GiB total=31.86 GiB)
ds4: ROCm q8 fp16 cache budget exhausted; using q8 kernels (request=64.00 MiB cached=0.00 GiB free=0.34 GiB reserve=1.59 GiB total=31.86 GiB)
ds4: ROCm q8 fp16 cache budget exhausted; using q8 kernels (request=64.00 MiB cached=0.00 GiB free=0.34 GiB reserve=1.59 GiB total=31.86 GiB)
ds4: ROCm q8 fp16 cache budget exhausted; using q8 kernels (request=64.00 MiB cached=0.00 GiB free=0.34 GiB reserve=1.59 GiB total=31.86 GiB)
ds4: ROCm q8 fp16 cache budget exhausted; using q8 kernels (request=64.00 MiB cached=0.00 GiB free=0.34 GiB reserve=1.59 GiB total=31.86 GiB)
ds4: ROCm q8 fp16 cache budget exhausted; using q8 kernels (request=64.00 MiB cached=0.00 GiB free=0.34 GiB reserve=1.59 GiB total=31.86 GiB)
ds4: ROCm q8 fp16 cache budget exhausted; using q8 kernels (request=64.00 MiB cached=0.00 GiB free=0.34 GiB reserve=1.59 GiB total=31.86 GiB)
ds4: ROCm q8 fp16 cache budget exhausted; using q8 kernels (request=64.00 MiB cached=0.00 GiB free=0.34 GiB reserve=1.59 GiB total=31.86 GiB)
ds4: ROCm q8 fp16 cache budget exhausted; using q8 kernels (request=64.00 MiB cached=0.00 GiB free=0.34 GiB reserve=1.59 GiB total=31.86 GiB)
ds4: ROCm q8 fp16 cache budget exhausted; using q8 kernels (request=64.00 MiB cached=0.00 GiB free=0.34 GiB reserve=1.59 GiB total=31.86 GiB)
case_047 cases=48 prompt=16 target=24 avg_nll=0.859694 lcp=0 api_target_mae=0.859694 api_top_coverage=100/120 api_top1=0.792 api_topn=0.290 api_pair=0.987
ds4: ROCm q8 fp16 cache budget exhausted; using q8 kernels (request=64.00 MiB cached=0.00 GiB free=0.34 GiB reserve=1.59 GiB total=31.86 GiB)
ds4: ROCm q8 fp16 cache budget exhausted; using q8 kernels (request=64.00 MiB cached=0.00 GiB free=0.34 GiB reserve=1.59 GiB total=31.86 GiB)
ds4: ROCm q8 fp16 cache budget exhausted; using q8 kernels (request=64.00 MiB cached=0.00 GiB free=0.34 GiB reserve=1.59 GiB total=31.86 GiB)
ds4: ROCm q8 fp16 cache budget exhausted; using q8 kernels (request=64.00 MiB cached=0.00 GiB free=0.34 GiB reserve=1.59 GiB total=31.86 GiB)
ds4: ROCm q8 fp16 cache budget exhausted; using q8 kernels (request=64.00 MiB cached=0.00 GiB free=0.34 GiB reserve=1.59 GiB total=31.86 GiB)
ds4: ROCm q8 fp16 cache budget exhausted; using q8 kernels (request=64.00 MiB cached=0.00 GiB free=0.34 GiB reserve=1.59 GiB total=31.86 GiB)
ds4: ROCm q8 fp16 cache budget exhausted; using q8 kernels (request=64.00 MiB cached=0.00 GiB free=0.34 GiB reserve=1.59 GiB total=31.86 GiB)
ds4: ROCm q8 fp16 cache budget exhausted; using q8 kernels (request=64.00 MiB cached=0.00 GiB free=0.34 GiB reserve=1.59 GiB total=31.86 GiB)
ds4: ROCm q8 fp16 cache budget exhausted; using q8 kernels (request=64.00 MiB cached=0.00 GiB free=0.34 GiB reserve=1.59 GiB total=31.86 GiB)
ds4: ROCm q8 fp16 cache budget exhausted; using q8 kernels (request=64.00 MiB cached=0.00 GiB free=0.34 GiB reserve=1.59 GiB total=31.86 GiB)
ds4: ROCm q8 fp16 cache budget exhausted; using q8 kernels (request=64.00 MiB cached=0.00 GiB free=0.34 GiB reserve=1.59 GiB total=31.86 GiB)
ds4: ROCm q8 fp16 cache budget exhausted; using q8 kernels (request=64.00 MiB cached=0.00 GiB free=0.34 GiB reserve=1.59 GiB total=31.86 GiB)
ds4: ROCm q8 fp16 cache budget exhausted; using q8 kernels (request=64.00 MiB cached=0.00 GiB free=0.34 GiB reserve=1.59 GiB total=31.86 GiB)
ds4: ROCm q8 fp16 cache budget exhausted; using q8 kernels (request=64.00 MiB cached=0.00 GiB free=0.34 GiB reserve=1.59 GiB total=31.86 GiB)
ds4: ROCm q8 fp16 cache budget exhausted; using q8 kernels (request=64.00 MiB cached=0.00 GiB free=0.34 GiB reserve=1.59 GiB total=31.86 GiB)
ds4: ROCm q8 fp16 cache budget exhausted; using q8 kernels (request=64.00 MiB cached=0.00 GiB free=0.34 GiB reserve=1.59 GiB total=31.86 GiB)
ds4: ROCm q8 fp16 cache budget exhausted; using q8 kernels (request=64.00 MiB cached=0.00 GiB free=0.34 GiB reserve=1.59 GiB total=31.86 GiB)
ds4: ROCm q8 fp16 cache budget exhausted; using q8 kernels (request=64.00 MiB cached=0.00 GiB free=0.34 GiB reserve=1.59 GiB total=31.86 GiB)
ds4: ROCm q8 fp16 cache budget exhausted; using q8 kernels (request=64.00 MiB cached=0.00 GiB free=0.34 GiB reserve=1.59 GiB total=31.86 GiB)
ds4: ROCm q8 fp16 cache budget exhausted; using q8 kernels (request=64.00 MiB cached=0.00 GiB free=0.34 GiB reserve=1.59 GiB total=31.86 GiB)
ds4: ROCm q8 fp16 cache budget exhausted; using q8 kernels (request=64.00 MiB cached=0.00 GiB free=0.34 GiB reserve=1.59 GiB total=31.86 GiB)
ds4: ROCm q8 fp16 cache budget exhausted; using q8 kernels (request=64.00 MiB cached=0.00 GiB free=0.34 GiB reserve=1.59 GiB total=31.86 GiB)
ds4: ROCm q8 fp16 cache budget exhausted; using q8 kernels (request=64.00 MiB cached=0.00 GiB free=0.34 GiB reserve=1.59 GiB total=31.86 GiB)
ds4: ROCm q8 fp16 cache budget exhausted; using q8 kernels (request=64.00 MiB cached=0.00 GiB free=0.34 GiB reserve=1.59 GiB total=31.86 GiB)
ds4: ROCm q8 fp16 cache budget exhausted; using q8 kernels (request=64.00 MiB cached=0.00 GiB free=0.34 GiB reserve=1.59 GiB total=31.86 GiB)
ds4: ROCm q8 fp16 cache budget exhausted; using q8 kernels (request=64.00 MiB cached=0.00 GiB free=0.34 GiB reserve=1.59 GiB total=31.86 GiB)
ds4: ROCm q8 fp16 cache budget exhausted; using q8 kernels (request=64.00 MiB cached=0.00 GiB free=0.34 GiB reserve=1.59 GiB total=31.86 GiB)
ds4: ROCm q8 fp16 cache budget exhausted; using q8 kernels (request=64.00 MiB cached=0.00 GiB free=0.34 GiB reserve=1.59 GiB total=31.86 GiB)
ds4: ROCm q8 fp16 cache budget exhausted; using q8 kernels (request=64.00 MiB cached=0.00 GiB free=0.34 GiB reserve=1.59 GiB total=31.86 GiB)
ds4: ROCm q8 fp16 cache budget exhausted; using q8 kernels (request=64.00 MiB cached=0.00 GiB free=0.34 GiB reserve=1.59 GiB total=31.86 GiB)
ds4: ROCm q8 fp16 cache budget exhausted; using q8 kernels (request=64.00 MiB cached=0.00 GiB free=0.34 GiB reserve=1.59 GiB total=31.86 GiB)
ds4: ROCm q8 fp16 cache budget exhausted; using q8 kernels (request=64.00 MiB cached=0.00 GiB free=0.34 GiB reserve=1.59 GiB total=31.86 GiB)
ds4: ROCm q8 fp16 cache budget exhausted; using q8 kernels (request=64.00 MiB cached=0.00 GiB free=0.34 GiB reserve=1.59 GiB total=31.86 GiB)
ds4: ROCm q8 fp16 cache budget exhausted; using q8 kernels (request=64.00 MiB cached=0.00 GiB free=0.34 GiB reserve=1.59 GiB total=31.86 GiB)
ds4: ROCm q8 fp16 cache budget exhausted; using q8 kernels (request=64.00 MiB cached=0.00 GiB free=0.34 GiB reserve=1.59 GiB total=31.86 GiB)
ds4: ROCm q8 fp16 cache budget exhausted; using q8 kernels (request=64.00 MiB cached=0.00 GiB free=0.34 GiB reserve=1.59 GiB total=31.86 GiB)
ds4: ROCm q8 fp16 cache budget exhausted; using q8 kernels (request=64.00 MiB cached=0.00 GiB free=0.34 GiB reserve=1.59 GiB total=31.86 GiB)
ds4: ROCm q8 fp16 cache budget exhausted; using q8 kernels (request=64.00 MiB cached=0.00 GiB free=0.34 GiB reserve=1.59 GiB total=31.86 GiB)
ds4: ROCm q8 fp16 cache budget exhausted; using q8 kernels (request=64.00 MiB cached=0.00 GiB free=0.34 GiB reserve=1.59 GiB total=31.86 GiB)
ds4: ROCm q8 fp16 cache budget exhausted; using q8 kernels (request=64.00 MiB cached=0.00 GiB free=0.34 GiB reserve=1.59 GiB total=31.86 GiB)
ds4: ROCm q8 fp16 cache budget exhausted; using q8 kernels (request=64.00 MiB cached=0.00 GiB free=0.34 GiB reserve=1.59 GiB total=31.86 GiB)
ds4: ROCm q8 fp16 cache budget exhausted; using q8 kernels (request=64.00 MiB cached=0.00 GiB free=0.34 GiB reserve=1.59 GiB total=31.86 GiB)
ds4: ROCm q8 fp16 cache budget exhausted; using q8 kernels (request=64.00 MiB cached=0.00 GiB free=0.34 GiB reserve=1.59 GiB total=31.86 GiB)
case_048 cases=49 prompt=18 target=24 avg_nll=0.657355 lcp=3 api_target_mae=0.657355 api_top_coverage=96/120 api_top1=0.708 api_topn=0.250 api_pair=1.000
ds4: ROCm q8 fp16 cache budget exhausted; using q8 kernels (request=64.00 MiB cached=0.00 GiB free=0.34 GiB reserve=1.59 GiB total=31.86 GiB)
ds4: ROCm q8 fp16 cache budget exhausted; using q8 kernels (request=64.00 MiB cached=0.00 GiB free=0.34 GiB reserve=1.59 GiB total=31.86 GiB)
ds4: ROCm q8 fp16 cache budget exhausted; using q8 kernels (request=64.00 MiB cached=0.00 GiB free=0.34 GiB reserve=1.59 GiB total=31.86 GiB)
ds4: ROCm q8 fp16 cache budget exhausted; using q8 kernels (request=64.00 MiB cached=0.00 GiB free=0.34 GiB reserve=1.59 GiB total=31.86 GiB)
ds4: ROCm q8 fp16 cache budget exhausted; using q8 kernels (request=64.00 MiB cached=0.00 GiB free=0.34 GiB reserve=1.59 GiB total=31.86 GiB)
ds4: ROCm q8 fp16 cache budget exhausted; using q8 kernels (request=64.00 MiB cached=0.00 GiB free=0.34 GiB reserve=1.59 GiB total=31.86 GiB)
ds4: ROCm q8 fp16 cache budget exhausted; using q8 kernels (request=64.00 MiB cached=0.00 GiB free=0.34 GiB reserve=1.59 GiB total=31.86 GiB)
ds4: ROCm q8 fp16 cache budget exhausted; using q8 kernels (request=64.00 MiB cached=0.00 GiB free=0.34 GiB reserve=1.59 GiB total=31.86 GiB)
ds4: ROCm q8 fp16 cache budget exhausted; using q8 kernels (request=64.00 MiB cached=0.00 GiB free=0.34 GiB reserve=1.59 GiB total=31.86 GiB)
ds4: ROCm q8 fp16 cache budget exhausted; using q8 kernels (request=64.00 MiB cached=0.00 GiB free=0.34 GiB reserve=1.59 GiB total=31.86 GiB)
ds4: ROCm q8 fp16 cache budget exhausted; using q8 kernels (request=64.00 MiB cached=0.00 GiB free=0.34 GiB reserve=1.59 GiB total=31.86 GiB)
ds4: ROCm q8 fp16 cache budget exhausted; using q8 kernels (request=64.00 MiB cached=0.00 GiB free=0.34 GiB reserve=1.59 GiB total=31.86 GiB)
ds4: ROCm q8 fp16 cache budget exhausted; using q8 kernels (request=64.00 MiB cached=0.00 GiB free=0.34 GiB reserve=1.59 GiB total=31.86 GiB)
ds4: ROCm q8 fp16 cache budget exhausted; using q8 kernels (request=64.00 MiB cached=0.00 GiB free=0.34 GiB reserve=1.59 GiB total=31.86 GiB)
ds4: ROCm q8 fp16 cache budget exhausted; using q8 kernels (request=64.00 MiB cached=0.00 GiB free=0.34 GiB reserve=1.59 GiB total=31.86 GiB)
ds4: ROCm q8 fp16 cache budget exhausted; using q8 kernels (request=64.00 MiB cached=0.00 GiB free=0.34 GiB reserve=1.59 GiB total=31.86 GiB)
ds4: ROCm q8 fp16 cache budget exhausted; using q8 kernels (request=64.00 MiB cached=0.00 GiB free=0.34 GiB reserve=1.59 GiB total=31.86 GiB)
ds4: ROCm q8 fp16 cache budget exhausted; using q8 kernels (request=64.00 MiB cached=0.00 GiB free=0.34 GiB reserve=1.59 GiB total=31.86 GiB)
ds4: ROCm q8 fp16 cache budget exhausted; using q8 kernels (request=64.00 MiB cached=0.00 GiB free=0.34 GiB reserve=1.59 GiB total=31.86 GiB)
ds4: ROCm q8 fp16 cache budget exhausted; using q8 kernels (request=64.00 MiB cached=0.00 GiB free=0.34 GiB reserve=1.59 GiB total=31.86 GiB)
ds4: ROCm q8 fp16 cache budget exhausted; using q8 kernels (request=64.00 MiB cached=0.00 GiB free=0.34 GiB reserve=1.59 GiB total=31.86 GiB)
ds4: ROCm q8 fp16 cache budget exhausted; using q8 kernels (request=64.00 MiB cached=0.00 GiB free=0.34 GiB reserve=1.59 GiB total=31.86 GiB)
ds4: ROCm q8 fp16 cache budget exhausted; using q8 kernels (request=64.00 MiB cached=0.00 GiB free=0.34 GiB reserve=1.59 GiB total=31.86 GiB)
ds4: ROCm q8 fp16 cache budget exhausted; using q8 kernels (request=64.00 MiB cached=0.00 GiB free=0.34 GiB reserve=1.59 GiB total=31.86 GiB)
ds4: ROCm q8 fp16 cache budget exhausted; using q8 kernels (request=64.00 MiB cached=0.00 GiB free=0.34 GiB reserve=1.59 GiB total=31.86 GiB)
ds4: ROCm q8 fp16 cache budget exhausted; using q8 kernels (request=64.00 MiB cached=0.00 GiB free=0.34 GiB reserve=1.59 GiB total=31.86 GiB)
ds4: ROCm q8 fp16 cache budget exhausted; using q8 kernels (request=64.00 MiB cached=0.00 GiB free=0.34 GiB reserve=1.59 GiB total=31.86 GiB)
ds4: ROCm q8 fp16 cache budget exhausted; using q8 kernels (request=64.00 MiB cached=0.00 GiB free=0.34 GiB reserve=1.59 GiB total=31.86 GiB)
ds4: ROCm q8 fp16 cache budget exhausted; using q8 kernels (request=64.00 MiB cached=0.00 GiB free=0.34 GiB reserve=1.59 GiB total=31.86 GiB)
ds4: ROCm q8 fp16 cache budget exhausted; using q8 kernels (request=64.00 MiB cached=0.00 GiB free=0.34 GiB reserve=1.59 GiB total=31.86 GiB)
ds4: ROCm q8 fp16 cache budget exhausted; using q8 kernels (request=64.00 MiB cached=0.00 GiB free=0.34 GiB reserve=1.59 GiB total=31.86 GiB)
ds4: ROCm q8 fp16 cache budget exhausted; using q8 kernels (request=64.00 MiB cached=0.00 GiB free=0.34 GiB reserve=1.59 GiB total=31.86 GiB)
ds4: ROCm q8 fp16 cache budget exhausted; using q8 kernels (request=64.00 MiB cached=0.00 GiB free=0.34 GiB reserve=1.59 GiB total=31.86 GiB)
ds4: ROCm q8 fp16 cache budget exhausted; using q8 kernels (request=64.00 MiB cached=0.00 GiB free=0.34 GiB reserve=1.59 GiB total=31.86 GiB)
ds4: ROCm q8 fp16 cache budget exhausted; using q8 kernels (request=64.00 MiB cached=0.00 GiB free=0.34 GiB reserve=1.59 GiB total=31.86 GiB)
ds4: ROCm q8 fp16 cache budget exhausted; using q8 kernels (request=64.00 MiB cached=0.00 GiB free=0.34 GiB reserve=1.59 GiB total=31.86 GiB)
ds4: ROCm q8 fp16 cache budget exhausted; using q8 kernels (request=64.00 MiB cached=0.00 GiB free=0.34 GiB reserve=1.59 GiB total=31.86 GiB)
ds4: ROCm q8 fp16 cache budget exhausted; using q8 kernels (request=64.00 MiB cached=0.00 GiB free=0.34 GiB reserve=1.59 GiB total=31.86 GiB)
ds4: ROCm q8 fp16 cache budget exhausted; using q8 kernels (request=64.00 MiB cached=0.00 GiB free=0.34 GiB reserve=1.59 GiB total=31.86 GiB)
ds4: ROCm q8 fp16 cache budget exhausted; using q8 kernels (request=64.00 MiB cached=0.00 GiB free=0.34 GiB reserve=1.59 GiB total=31.86 GiB)
ds4: ROCm q8 fp16 cache budget exhausted; using q8 kernels (request=64.00 MiB cached=0.00 GiB free=0.34 GiB reserve=1.59 GiB total=31.86 GiB)
ds4: ROCm q8 fp16 cache budget exhausted; using q8 kernels (request=64.00 MiB cached=0.00 GiB free=0.34 GiB reserve=1.59 GiB total=31.86 GiB)
ds4: ROCm q8 fp16 cache budget exhausted; using q8 kernels (request=64.00 MiB cached=0.00 GiB free=0.34 GiB reserve=1.59 GiB total=31.86 GiB)
case_049 cases=50 prompt=18 target=24 avg_nll=0.918060 lcp=2 api_target_mae=0.918060 api_top_coverage=96/120 api_top1=0.625 api_topn=0.240 api_pair=1.000
ds4: ROCm q8 fp16 cache budget exhausted; using q8 kernels (request=64.00 MiB cached=0.00 GiB free=0.34 GiB reserve=1.59 GiB total=31.86 GiB)
ds4: ROCm q8 fp16 cache budget exhausted; using q8 kernels (request=64.00 MiB cached=0.00 GiB free=0.34 GiB reserve=1.59 GiB total=31.86 GiB)
ds4: ROCm q8 fp16 cache budget exhausted; using q8 kernels (request=64.00 MiB cached=0.00 GiB free=0.34 GiB reserve=1.59 GiB total=31.86 GiB)
ds4: ROCm q8 fp16 cache budget exhausted; using q8 kernels (request=64.00 MiB cached=0.00 GiB free=0.34 GiB reserve=1.59 GiB total=31.86 GiB)
ds4: ROCm q8 fp16 cache budget exhausted; using q8 kernels (request=64.00 MiB cached=0.00 GiB free=0.34 GiB reserve=1.59 GiB total=31.86 GiB)
ds4: ROCm q8 fp16 cache budget exhausted; using q8 kernels (request=64.00 MiB cached=0.00 GiB free=0.34 GiB reserve=1.59 GiB total=31.86 GiB)
ds4: ROCm q8 fp16 cache budget exhausted; using q8 kernels (request=64.00 MiB cached=0.00 GiB free=0.34 GiB reserve=1.59 GiB total=31.86 GiB)
ds4: ROCm q8 fp16 cache budget exhausted; using q8 kernels (request=64.00 MiB cached=0.00 GiB free=0.34 GiB reserve=1.59 GiB total=31.86 GiB)
ds4: ROCm q8 fp16 cache budget exhausted; using q8 kernels (request=64.00 MiB cached=0.00 GiB free=0.34 GiB reserve=1.59 GiB total=31.86 GiB)
ds4: ROCm q8 fp16 cache budget exhausted; using q8 kernels (request=64.00 MiB cached=0.00 GiB free=0.34 GiB reserve=1.59 GiB total=31.86 GiB)
ds4: ROCm q8 fp16 cache budget exhausted; using q8 kernels (request=64.00 MiB cached=0.00 GiB free=0.34 GiB reserve=1.59 GiB total=31.86 GiB)
ds4: ROCm q8 fp16 cache budget exhausted; using q8 kernels (request=64.00 MiB cached=0.00 GiB free=0.34 GiB reserve=1.59 GiB total=31.86 GiB)
ds4: ROCm q8 fp16 cache budget exhausted; using q8 kernels (request=64.00 MiB cached=0.00 GiB free=0.34 GiB reserve=1.59 GiB total=31.86 GiB)
ds4: ROCm q8 fp16 cache budget exhausted; using q8 kernels (request=64.00 MiB cached=0.00 GiB free=0.34 GiB reserve=1.59 GiB total=31.86 GiB)
ds4: ROCm q8 fp16 cache budget exhausted; using q8 kernels (request=64.00 MiB cached=0.00 GiB free=0.34 GiB reserve=1.59 GiB total=31.86 GiB)
ds4: ROCm q8 fp16 cache budget exhausted; using q8 kernels (request=64.00 MiB cached=0.00 GiB free=0.34 GiB reserve=1.59 GiB total=31.86 GiB)
ds4: ROCm q8 fp16 cache budget exhausted; using q8 kernels (request=64.00 MiB cached=0.00 GiB free=0.34 GiB reserve=1.59 GiB total=31.86 GiB)
ds4: ROCm q8 fp16 cache budget exhausted; using q8 kernels (request=64.00 MiB cached=0.00 GiB free=0.34 GiB reserve=1.59 GiB total=31.86 GiB)
ds4: ROCm q8 fp16 cache budget exhausted; using q8 kernels (request=64.00 MiB cached=0.00 GiB free=0.34 GiB reserve=1.59 GiB total=31.86 GiB)
ds4: ROCm q8 fp16 cache budget exhausted; using q8 kernels (request=64.00 MiB cached=0.00 GiB free=0.34 GiB reserve=1.59 GiB total=31.86 GiB)
ds4: ROCm q8 fp16 cache budget exhausted; using q8 kernels (request=64.00 MiB cached=0.00 GiB free=0.34 GiB reserve=1.59 GiB total=31.86 GiB)
ds4: ROCm q8 fp16 cache budget exhausted; using q8 kernels (request=64.00 MiB cached=0.00 GiB free=0.34 GiB reserve=1.59 GiB total=31.86 GiB)
ds4: ROCm q8 fp16 cache budget exhausted; using q8 kernels (request=64.00 MiB cached=0.00 GiB free=0.34 GiB reserve=1.59 GiB total=31.86 GiB)
ds4: ROCm q8 fp16 cache budget exhausted; using q8 kernels (request=64.00 MiB cached=0.00 GiB free=0.34 GiB reserve=1.59 GiB total=31.86 GiB)
ds4: ROCm q8 fp16 cache budget exhausted; using q8 kernels (request=64.00 MiB cached=0.00 GiB free=0.34 GiB reserve=1.59 GiB total=31.86 GiB)
ds4: ROCm q8 fp16 cache budget exhausted; using q8 kernels (request=64.00 MiB cached=0.00 GiB free=0.34 GiB reserve=1.59 GiB total=31.86 GiB)
ds4: ROCm q8 fp16 cache budget exhausted; using q8 kernels (request=64.00 MiB cached=0.00 GiB free=0.34 GiB reserve=1.59 GiB total=31.86 GiB)
ds4: ROCm q8 fp16 cache budget exhausted; using q8 kernels (request=64.00 MiB cached=0.00 GiB free=0.34 GiB reserve=1.59 GiB total=31.86 GiB)
ds4: ROCm q8 fp16 cache budget exhausted; using q8 kernels (request=64.00 MiB cached=0.00 GiB free=0.34 GiB reserve=1.59 GiB total=31.86 GiB)
ds4: ROCm q8 fp16 cache budget exhausted; using q8 kernels (request=64.00 MiB cached=0.00 GiB free=0.34 GiB reserve=1.59 GiB total=31.86 GiB)
ds4: ROCm q8 fp16 cache budget exhausted; using q8 kernels (request=64.00 MiB cached=0.00 GiB free=0.34 GiB reserve=1.59 GiB total=31.86 GiB)
ds4: ROCm q8 fp16 cache budget exhausted; using q8 kernels (request=64.00 MiB cached=0.00 GiB free=0.34 GiB reserve=1.59 GiB total=31.86 GiB)
ds4: ROCm q8 fp16 cache budget exhausted; using q8 kernels (request=64.00 MiB cached=0.00 GiB free=0.34 GiB reserve=1.59 GiB total=31.86 GiB)
ds4: ROCm q8 fp16 cache budget exhausted; using q8 kernels (request=64.00 MiB cached=0.00 GiB free=0.34 GiB reserve=1.59 GiB total=31.86 GiB)
ds4: ROCm q8 fp16 cache budget exhausted; using q8 kernels (request=64.00 MiB cached=0.00 GiB free=0.34 GiB reserve=1.59 GiB total=31.86 GiB)
ds4: ROCm q8 fp16 cache budget exhausted; using q8 kernels (request=64.00 MiB cached=0.00 GiB free=0.34 GiB reserve=1.59 GiB total=31.86 GiB)
ds4: ROCm q8 fp16 cache budget exhausted; using q8 kernels (request=64.00 MiB cached=0.00 GiB free=0.34 GiB reserve=1.59 GiB total=31.86 GiB)
ds4: ROCm q8 fp16 cache budget exhausted; using q8 kernels (request=64.00 MiB cached=0.00 GiB free=0.34 GiB reserve=1.59 GiB total=31.86 GiB)
ds4: ROCm q8 fp16 cache budget exhausted; using q8 kernels (request=64.00 MiB cached=0.00 GiB free=0.34 GiB reserve=1.59 GiB total=31.86 GiB)
ds4: ROCm q8 fp16 cache budget exhausted; using q8 kernels (request=64.00 MiB cached=0.00 GiB free=0.34 GiB reserve=1.59 GiB total=31.86 GiB)
ds4: ROCm q8 fp16 cache budget exhausted; using q8 kernels (request=64.00 MiB cached=0.00 GiB free=0.34 GiB reserve=1.59 GiB total=31.86 GiB)
ds4: ROCm q8 fp16 cache budget exhausted; using q8 kernels (request=64.00 MiB cached=0.00 GiB free=0.34 GiB reserve=1.59 GiB total=31.86 GiB)
ds4: ROCm q8 fp16 cache budget exhausted; using q8 kernels (request=64.00 MiB cached=0.00 GiB free=0.34 GiB reserve=1.59 GiB total=31.86 GiB)
case_050 cases=51 prompt=27 target=24 avg_nll=0.498440 lcp=9 api_target_mae=0.498440 api_top_coverage=97/120 api_top1=0.875 api_topn=0.247 api_pair=1.000
ds4: ROCm q8 fp16 cache budget exhausted; using q8 kernels (request=64.00 MiB cached=0.00 GiB free=0.34 GiB reserve=1.59 GiB total=31.86 GiB)
ds4: ROCm q8 fp16 cache budget exhausted; using q8 kernels (request=64.00 MiB cached=0.00 GiB free=0.34 GiB reserve=1.59 GiB total=31.86 GiB)
ds4: ROCm q8 fp16 cache budget exhausted; using q8 kernels (request=64.00 MiB cached=0.00 GiB free=0.34 GiB reserve=1.59 GiB total=31.86 GiB)
ds4: ROCm q8 fp16 cache budget exhausted; using q8 kernels (request=64.00 MiB cached=0.00 GiB free=0.34 GiB reserve=1.59 GiB total=31.86 GiB)
ds4: ROCm q8 fp16 cache budget exhausted; using q8 kernels (request=64.00 MiB cached=0.00 GiB free=0.34 GiB reserve=1.59 GiB total=31.86 GiB)
ds4: ROCm q8 fp16 cache budget exhausted; using q8 kernels (request=64.00 MiB cached=0.00 GiB free=0.34 GiB reserve=1.59 GiB total=31.86 GiB)
ds4: ROCm q8 fp16 cache budget exhausted; using q8 kernels (request=64.00 MiB cached=0.00 GiB free=0.34 GiB reserve=1.59 GiB total=31.86 GiB)
ds4: ROCm q8 fp16 cache budget exhausted; using q8 kernels (request=64.00 MiB cached=0.00 GiB free=0.34 GiB reserve=1.59 GiB total=31.86 GiB)
ds4: ROCm q8 fp16 cache budget exhausted; using q8 kernels (request=64.00 MiB cached=0.00 GiB free=0.34 GiB reserve=1.59 GiB total=31.86 GiB)
ds4: ROCm q8 fp16 cache budget exhausted; using q8 kernels (request=64.00 MiB cached=0.00 GiB free=0.34 GiB reserve=1.59 GiB total=31.86 GiB)
ds4: ROCm q8 fp16 cache budget exhausted; using q8 kernels (request=64.00 MiB cached=0.00 GiB free=0.34 GiB reserve=1.59 GiB total=31.86 GiB)
ds4: ROCm q8 fp16 cache budget exhausted; using q8 kernels (request=64.00 MiB cached=0.00 GiB free=0.34 GiB reserve=1.59 GiB total=31.86 GiB)
ds4: ROCm q8 fp16 cache budget exhausted; using q8 kernels (request=64.00 MiB cached=0.00 GiB free=0.34 GiB reserve=1.59 GiB total=31.86 GiB)
ds4: ROCm q8 fp16 cache budget exhausted; using q8 kernels (request=64.00 MiB cached=0.00 GiB free=0.34 GiB reserve=1.59 GiB total=31.86 GiB)
ds4: ROCm q8 fp16 cache budget exhausted; using q8 kernels (request=64.00 MiB cached=0.00 GiB free=0.34 GiB reserve=1.59 GiB total=31.86 GiB)
ds4: ROCm q8 fp16 cache budget exhausted; using q8 kernels (request=64.00 MiB cached=0.00 GiB free=0.34 GiB reserve=1.59 GiB total=31.86 GiB)
ds4: ROCm q8 fp16 cache budget exhausted; using q8 kernels (request=64.00 MiB cached=0.00 GiB free=0.34 GiB reserve=1.59 GiB total=31.86 GiB)
ds4: ROCm q8 fp16 cache budget exhausted; using q8 kernels (request=64.00 MiB cached=0.00 GiB free=0.34 GiB reserve=1.59 GiB total=31.86 GiB)
ds4: ROCm q8 fp16 cache budget exhausted; using q8 kernels (request=64.00 MiB cached=0.00 GiB free=0.34 GiB reserve=1.59 GiB total=31.86 GiB)
ds4: ROCm q8 fp16 cache budget exhausted; using q8 kernels (request=64.00 MiB cached=0.00 GiB free=0.34 GiB reserve=1.59 GiB total=31.86 GiB)
ds4: ROCm q8 fp16 cache budget exhausted; using q8 kernels (request=64.00 MiB cached=0.00 GiB free=0.34 GiB reserve=1.59 GiB total=31.86 GiB)
ds4: ROCm q8 fp16 cache budget exhausted; using q8 kernels (request=64.00 MiB cached=0.00 GiB free=0.34 GiB reserve=1.59 GiB total=31.86 GiB)
ds4: ROCm q8 fp16 cache budget exhausted; using q8 kernels (request=64.00 MiB cached=0.00 GiB free=0.34 GiB reserve=1.59 GiB total=31.86 GiB)
ds4: ROCm q8 fp16 cache budget exhausted; using q8 kernels (request=64.00 MiB cached=0.00 GiB free=0.34 GiB reserve=1.59 GiB total=31.86 GiB)
ds4: ROCm q8 fp16 cache budget exhausted; using q8 kernels (request=64.00 MiB cached=0.00 GiB free=0.34 GiB reserve=1.59 GiB total=31.86 GiB)
ds4: ROCm q8 fp16 cache budget exhausted; using q8 kernels (request=64.00 MiB cached=0.00 GiB free=0.34 GiB reserve=1.59 GiB total=31.86 GiB)
ds4: ROCm q8 fp16 cache budget exhausted; using q8 kernels (request=64.00 MiB cached=0.00 GiB free=0.34 GiB reserve=1.59 GiB total=31.86 GiB)
ds4: ROCm q8 fp16 cache budget exhausted; using q8 kernels (request=64.00 MiB cached=0.00 GiB free=0.34 GiB reserve=1.59 GiB total=31.86 GiB)
ds4: ROCm q8 fp16 cache budget exhausted; using q8 kernels (request=64.00 MiB cached=0.00 GiB free=0.34 GiB reserve=1.59 GiB total=31.86 GiB)
ds4: ROCm q8 fp16 cache budget exhausted; using q8 kernels (request=64.00 MiB cached=0.00 GiB free=0.34 GiB reserve=1.59 GiB total=31.86 GiB)
ds4: ROCm q8 fp16 cache budget exhausted; using q8 kernels (request=64.00 MiB cached=0.00 GiB free=0.34 GiB reserve=1.59 GiB total=31.86 GiB)
ds4: ROCm q8 fp16 cache budget exhausted; using q8 kernels (request=64.00 MiB cached=0.00 GiB free=0.34 GiB reserve=1.59 GiB total=31.86 GiB)
ds4: ROCm q8 fp16 cache budget exhausted; using q8 kernels (request=64.00 MiB cached=0.00 GiB free=0.34 GiB reserve=1.59 GiB total=31.86 GiB)
ds4: ROCm q8 fp16 cache budget exhausted; using q8 kernels (request=64.00 MiB cached=0.00 GiB free=0.34 GiB reserve=1.59 GiB total=31.86 GiB)
ds4: ROCm q8 fp16 cache budget exhausted; using q8 kernels (request=64.00 MiB cached=0.00 GiB free=0.34 GiB reserve=1.59 GiB total=31.86 GiB)
ds4: ROCm q8 fp16 cache budget exhausted; using q8 kernels (request=64.00 MiB cached=0.00 GiB free=0.34 GiB reserve=1.59 GiB total=31.86 GiB)
ds4: ROCm q8 fp16 cache budget exhausted; using q8 kernels (request=64.00 MiB cached=0.00 GiB free=0.34 GiB reserve=1.59 GiB total=31.86 GiB)
ds4: ROCm q8 fp16 cache budget exhausted; using q8 kernels (request=64.00 MiB cached=0.00 GiB free=0.34 GiB reserve=1.59 GiB total=31.86 GiB)
ds4: ROCm q8 fp16 cache budget exhausted; using q8 kernels (request=64.00 MiB cached=0.00 GiB free=0.34 GiB reserve=1.59 GiB total=31.86 GiB)
ds4: ROCm q8 fp16 cache budget exhausted; using q8 kernels (request=64.00 MiB cached=0.00 GiB free=0.34 GiB reserve=1.59 GiB total=31.86 GiB)
ds4: ROCm q8 fp16 cache budget exhausted; using q8 kernels (request=64.00 MiB cached=0.00 GiB free=0.34 GiB reserve=1.59 GiB total=31.86 GiB)
ds4: ROCm q8 fp16 cache budget exhausted; using q8 kernels (request=64.00 MiB cached=0.00 GiB free=0.34 GiB reserve=1.59 GiB total=31.86 GiB)
ds4: ROCm q8 fp16 cache budget exhausted; using q8 kernels (request=64.00 MiB cached=0.00 GiB free=0.34 GiB reserve=1.59 GiB total=31.86 GiB)
case_051 cases=52 prompt=21 target=24 avg_nll=0.121405 lcp=14 api_target_mae=0.121405 api_top_coverage=120/120 api_top1=0.958 api_topn=0.650 api_pair=0.990
ds4: ROCm q8 fp16 cache budget exhausted; using q8 kernels (request=64.00 MiB cached=0.00 GiB free=0.34 GiB reserve=1.59 GiB total=31.86 GiB)
ds4: ROCm q8 fp16 cache budget exhausted; using q8 kernels (request=64.00 MiB cached=0.00 GiB free=0.34 GiB reserve=1.59 GiB total=31.86 GiB)
ds4: ROCm q8 fp16 cache budget exhausted; using q8 kernels (request=64.00 MiB cached=0.00 GiB free=0.34 GiB reserve=1.59 GiB total=31.86 GiB)
ds4: ROCm q8 fp16 cache budget exhausted; using q8 kernels (request=64.00 MiB cached=0.00 GiB free=0.34 GiB reserve=1.59 GiB total=31.86 GiB)
ds4: ROCm q8 fp16 cache budget exhausted; using q8 kernels (request=64.00 MiB cached=0.00 GiB free=0.34 GiB reserve=1.59 GiB total=31.86 GiB)
ds4: ROCm q8 fp16 cache budget exhausted; using q8 kernels (request=64.00 MiB cached=0.00 GiB free=0.34 GiB reserve=1.59 GiB total=31.86 GiB)
ds4: ROCm q8 fp16 cache budget exhausted; using q8 kernels (request=64.00 MiB cached=0.00 GiB free=0.34 GiB reserve=1.59 GiB total=31.86 GiB)
ds4: ROCm q8 fp16 cache budget exhausted; using q8 kernels (request=64.00 MiB cached=0.00 GiB free=0.34 GiB reserve=1.59 GiB total=31.86 GiB)
ds4: ROCm q8 fp16 cache budget exhausted; using q8 kernels (request=64.00 MiB cached=0.00 GiB free=0.34 GiB reserve=1.59 GiB total=31.86 GiB)
ds4: ROCm q8 fp16 cache budget exhausted; using q8 kernels (request=64.00 MiB cached=0.00 GiB free=0.34 GiB reserve=1.59 GiB total=31.86 GiB)
ds4: ROCm q8 fp16 cache budget exhausted; using q8 kernels (request=64.00 MiB cached=0.00 GiB free=0.34 GiB reserve=1.59 GiB total=31.86 GiB)
ds4: ROCm q8 fp16 cache budget exhausted; using q8 kernels (request=64.00 MiB cached=0.00 GiB free=0.34 GiB reserve=1.59 GiB total=31.86 GiB)
ds4: ROCm q8 fp16 cache budget exhausted; using q8 kernels (request=64.00 MiB cached=0.00 GiB free=0.34 GiB reserve=1.59 GiB total=31.86 GiB)
ds4: ROCm q8 fp16 cache budget exhausted; using q8 kernels (request=64.00 MiB cached=0.00 GiB free=0.34 GiB reserve=1.59 GiB total=31.86 GiB)
ds4: ROCm q8 fp16 cache budget exhausted; using q8 kernels (request=64.00 MiB cached=0.00 GiB free=0.34 GiB reserve=1.59 GiB total=31.86 GiB)
ds4: ROCm q8 fp16 cache budget exhausted; using q8 kernels (request=64.00 MiB cached=0.00 GiB free=0.34 GiB reserve=1.59 GiB total=31.86 GiB)
ds4: ROCm q8 fp16 cache budget exhausted; using q8 kernels (request=64.00 MiB cached=0.00 GiB free=0.34 GiB reserve=1.59 GiB total=31.86 GiB)
ds4: ROCm q8 fp16 cache budget exhausted; using q8 kernels (request=64.00 MiB cached=0.00 GiB free=0.34 GiB reserve=1.59 GiB total=31.86 GiB)
ds4: ROCm q8 fp16 cache budget exhausted; using q8 kernels (request=64.00 MiB cached=0.00 GiB free=0.34 GiB reserve=1.59 GiB total=31.86 GiB)
ds4: ROCm q8 fp16 cache budget exhausted; using q8 kernels (request=64.00 MiB cached=0.00 GiB free=0.34 GiB reserve=1.59 GiB total=31.86 GiB)
ds4: ROCm q8 fp16 cache budget exhausted; using q8 kernels (request=64.00 MiB cached=0.00 GiB free=0.34 GiB reserve=1.59 GiB total=31.86 GiB)
ds4: ROCm q8 fp16 cache budget exhausted; using q8 kernels (request=64.00 MiB cached=0.00 GiB free=0.34 GiB reserve=1.59 GiB total=31.86 GiB)
ds4: ROCm q8 fp16 cache budget exhausted; using q8 kernels (request=64.00 MiB cached=0.00 GiB free=0.34 GiB reserve=1.59 GiB total=31.86 GiB)
ds4: ROCm q8 fp16 cache budget exhausted; using q8 kernels (request=64.00 MiB cached=0.00 GiB free=0.34 GiB reserve=1.59 GiB total=31.86 GiB)
ds4: ROCm q8 fp16 cache budget exhausted; using q8 kernels (request=64.00 MiB cached=0.00 GiB free=0.34 GiB reserve=1.59 GiB total=31.86 GiB)
ds4: ROCm q8 fp16 cache budget exhausted; using q8 kernels (request=64.00 MiB cached=0.00 GiB free=0.34 GiB reserve=1.59 GiB total=31.86 GiB)
ds4: ROCm q8 fp16 cache budget exhausted; using q8 kernels (request=64.00 MiB cached=0.00 GiB free=0.34 GiB reserve=1.59 GiB total=31.86 GiB)
ds4: ROCm q8 fp16 cache budget exhausted; using q8 kernels (request=64.00 MiB cached=0.00 GiB free=0.34 GiB reserve=1.59 GiB total=31.86 GiB)
ds4: ROCm q8 fp16 cache budget exhausted; using q8 kernels (request=64.00 MiB cached=0.00 GiB free=0.34 GiB reserve=1.59 GiB total=31.86 GiB)
ds4: ROCm q8 fp16 cache budget exhausted; using q8 kernels (request=64.00 MiB cached=0.00 GiB free=0.34 GiB reserve=1.59 GiB total=31.86 GiB)
ds4: ROCm q8 fp16 cache budget exhausted; using q8 kernels (request=64.00 MiB cached=0.00 GiB free=0.34 GiB reserve=1.59 GiB total=31.86 GiB)
ds4: ROCm q8 fp16 cache budget exhausted; using q8 kernels (request=64.00 MiB cached=0.00 GiB free=0.34 GiB reserve=1.59 GiB total=31.86 GiB)
ds4: ROCm q8 fp16 cache budget exhausted; using q8 kernels (request=64.00 MiB cached=0.00 GiB free=0.34 GiB reserve=1.59 GiB total=31.86 GiB)
ds4: ROCm q8 fp16 cache budget exhausted; using q8 kernels (request=64.00 MiB cached=0.00 GiB free=0.34 GiB reserve=1.59 GiB total=31.86 GiB)
ds4: ROCm q8 fp16 cache budget exhausted; using q8 kernels (request=64.00 MiB cached=0.00 GiB free=0.34 GiB reserve=1.59 GiB total=31.86 GiB)
ds4: ROCm q8 fp16 cache budget exhausted; using q8 kernels (request=64.00 MiB cached=0.00 GiB free=0.34 GiB reserve=1.59 GiB total=31.86 GiB)
ds4: ROCm q8 fp16 cache budget exhausted; using q8 kernels (request=64.00 MiB cached=0.00 GiB free=0.34 GiB reserve=1.59 GiB total=31.86 GiB)
ds4: ROCm q8 fp16 cache budget exhausted; using q8 kernels (request=64.00 MiB cached=0.00 GiB free=0.34 GiB reserve=1.59 GiB total=31.86 GiB)
ds4: ROCm q8 fp16 cache budget exhausted; using q8 kernels (request=64.00 MiB cached=0.00 GiB free=0.34 GiB reserve=1.59 GiB total=31.86 GiB)
ds4: ROCm q8 fp16 cache budget exhausted; using q8 kernels (request=64.00 MiB cached=0.00 GiB free=0.34 GiB reserve=1.59 GiB total=31.86 GiB)
ds4: ROCm q8 fp16 cache budget exhausted; using q8 kernels (request=64.00 MiB cached=0.00 GiB free=0.34 GiB reserve=1.59 GiB total=31.86 GiB)
ds4: ROCm q8 fp16 cache budget exhausted; using q8 kernels (request=64.00 MiB cached=0.00 GiB free=0.34 GiB reserve=1.59 GiB total=31.86 GiB)
ds4: ROCm q8 fp16 cache budget exhausted; using q8 kernels (request=64.00 MiB cached=0.00 GiB free=0.34 GiB reserve=1.59 GiB total=31.86 GiB)
case_052 cases=53 prompt=19 target=24 avg_nll=0.708586 lcp=0 api_target_mae=0.708586 api_top_coverage=119/120 api_top1=0.750 api_topn=0.664 api_pair=0.959
ds4: ROCm q8 fp16 cache budget exhausted; using q8 kernels (request=64.00 MiB cached=0.00 GiB free=0.34 GiB reserve=1.59 GiB total=31.86 GiB)
ds4: ROCm q8 fp16 cache budget exhausted; using q8 kernels (request=64.00 MiB cached=0.00 GiB free=0.34 GiB reserve=1.59 GiB total=31.86 GiB)
ds4: ROCm q8 fp16 cache budget exhausted; using q8 kernels (request=64.00 MiB cached=0.00 GiB free=0.34 GiB reserve=1.59 GiB total=31.86 GiB)
ds4: ROCm q8 fp16 cache budget exhausted; using q8 kernels (request=64.00 MiB cached=0.00 GiB free=0.34 GiB reserve=1.59 GiB total=31.86 GiB)
ds4: ROCm q8 fp16 cache budget exhausted; using q8 kernels (request=64.00 MiB cached=0.00 GiB free=0.34 GiB reserve=1.59 GiB total=31.86 GiB)
ds4: ROCm q8 fp16 cache budget exhausted; using q8 kernels (request=64.00 MiB cached=0.00 GiB free=0.34 GiB reserve=1.59 GiB total=31.86 GiB)
ds4: ROCm q8 fp16 cache budget exhausted; using q8 kernels (request=64.00 MiB cached=0.00 GiB free=0.34 GiB reserve=1.59 GiB total=31.86 GiB)
ds4: ROCm q8 fp16 cache budget exhausted; using q8 kernels (request=64.00 MiB cached=0.00 GiB free=0.34 GiB reserve=1.59 GiB total=31.86 GiB)
ds4: ROCm q8 fp16 cache budget exhausted; using q8 kernels (request=64.00 MiB cached=0.00 GiB free=0.34 GiB reserve=1.59 GiB total=31.86 GiB)
ds4: ROCm q8 fp16 cache budget exhausted; using q8 kernels (request=64.00 MiB cached=0.00 GiB free=0.34 GiB reserve=1.59 GiB total=31.86 GiB)
ds4: ROCm q8 fp16 cache budget exhausted; using q8 kernels (request=64.00 MiB cached=0.00 GiB free=0.34 GiB reserve=1.59 GiB total=31.86 GiB)
ds4: ROCm q8 fp16 cache budget exhausted; using q8 kernels (request=64.00 MiB cached=0.00 GiB free=0.34 GiB reserve=1.59 GiB total=31.86 GiB)
ds4: ROCm q8 fp16 cache budget exhausted; using q8 kernels (request=64.00 MiB cached=0.00 GiB free=0.34 GiB reserve=1.59 GiB total=31.86 GiB)
ds4: ROCm q8 fp16 cache budget exhausted; using q8 kernels (request=64.00 MiB cached=0.00 GiB free=0.34 GiB reserve=1.59 GiB total=31.86 GiB)
ds4: ROCm q8 fp16 cache budget exhausted; using q8 kernels (request=64.00 MiB cached=0.00 GiB free=0.34 GiB reserve=1.59 GiB total=31.86 GiB)
ds4: ROCm q8 fp16 cache budget exhausted; using q8 kernels (request=64.00 MiB cached=0.00 GiB free=0.34 GiB reserve=1.59 GiB total=31.86 GiB)
ds4: ROCm q8 fp16 cache budget exhausted; using q8 kernels (request=64.00 MiB cached=0.00 GiB free=0.34 GiB reserve=1.59 GiB total=31.86 GiB)
ds4: ROCm q8 fp16 cache budget exhausted; using q8 kernels (request=64.00 MiB cached=0.00 GiB free=0.34 GiB reserve=1.59 GiB total=31.86 GiB)
ds4: ROCm q8 fp16 cache budget exhausted; using q8 kernels (request=64.00 MiB cached=0.00 GiB free=0.34 GiB reserve=1.59 GiB total=31.86 GiB)
ds4: ROCm q8 fp16 cache budget exhausted; using q8 kernels (request=64.00 MiB cached=0.00 GiB free=0.34 GiB reserve=1.59 GiB total=31.86 GiB)
ds4: ROCm q8 fp16 cache budget exhausted; using q8 kernels (request=64.00 MiB cached=0.00 GiB free=0.34 GiB reserve=1.59 GiB total=31.86 GiB)
ds4: ROCm q8 fp16 cache budget exhausted; using q8 kernels (request=64.00 MiB cached=0.00 GiB free=0.34 GiB reserve=1.59 GiB total=31.86 GiB)
ds4: ROCm q8 fp16 cache budget exhausted; using q8 kernels (request=64.00 MiB cached=0.00 GiB free=0.34 GiB reserve=1.59 GiB total=31.86 GiB)
ds4: ROCm q8 fp16 cache budget exhausted; using q8 kernels (request=64.00 MiB cached=0.00 GiB free=0.34 GiB reserve=1.59 GiB total=31.86 GiB)
ds4: ROCm q8 fp16 cache budget exhausted; using q8 kernels (request=64.00 MiB cached=0.00 GiB free=0.34 GiB reserve=1.59 GiB total=31.86 GiB)
ds4: ROCm q8 fp16 cache budget exhausted; using q8 kernels (request=64.00 MiB cached=0.00 GiB free=0.34 GiB reserve=1.59 GiB total=31.86 GiB)
ds4: ROCm q8 fp16 cache budget exhausted; using q8 kernels (request=64.00 MiB cached=0.00 GiB free=0.34 GiB reserve=1.59 GiB total=31.86 GiB)
ds4: ROCm q8 fp16 cache budget exhausted; using q8 kernels (request=64.00 MiB cached=0.00 GiB free=0.34 GiB reserve=1.59 GiB total=31.86 GiB)
ds4: ROCm q8 fp16 cache budget exhausted; using q8 kernels (request=64.00 MiB cached=0.00 GiB free=0.34 GiB reserve=1.59 GiB total=31.86 GiB)
ds4: ROCm q8 fp16 cache budget exhausted; using q8 kernels (request=64.00 MiB cached=0.00 GiB free=0.34 GiB reserve=1.59 GiB total=31.86 GiB)
ds4: ROCm q8 fp16 cache budget exhausted; using q8 kernels (request=64.00 MiB cached=0.00 GiB free=0.34 GiB reserve=1.59 GiB total=31.86 GiB)
ds4: ROCm q8 fp16 cache budget exhausted; using q8 kernels (request=64.00 MiB cached=0.00 GiB free=0.34 GiB reserve=1.59 GiB total=31.86 GiB)
ds4: ROCm q8 fp16 cache budget exhausted; using q8 kernels (request=64.00 MiB cached=0.00 GiB free=0.34 GiB reserve=1.59 GiB total=31.86 GiB)
ds4: ROCm q8 fp16 cache budget exhausted; using q8 kernels (request=64.00 MiB cached=0.00 GiB free=0.34 GiB reserve=1.59 GiB total=31.86 GiB)
ds4: ROCm q8 fp16 cache budget exhausted; using q8 kernels (request=64.00 MiB cached=0.00 GiB free=0.34 GiB reserve=1.59 GiB total=31.86 GiB)
ds4: ROCm q8 fp16 cache budget exhausted; using q8 kernels (request=64.00 MiB cached=0.00 GiB free=0.34 GiB reserve=1.59 GiB total=31.86 GiB)
ds4: ROCm q8 fp16 cache budget exhausted; using q8 kernels (request=64.00 MiB cached=0.00 GiB free=0.34 GiB reserve=1.59 GiB total=31.86 GiB)
ds4: ROCm q8 fp16 cache budget exhausted; using q8 kernels (request=64.00 MiB cached=0.00 GiB free=0.34 GiB reserve=1.59 GiB total=31.86 GiB)
ds4: ROCm q8 fp16 cache budget exhausted; using q8 kernels (request=64.00 MiB cached=0.00 GiB free=0.34 GiB reserve=1.59 GiB total=31.86 GiB)
ds4: ROCm q8 fp16 cache budget exhausted; using q8 kernels (request=64.00 MiB cached=0.00 GiB free=0.34 GiB reserve=1.59 GiB total=31.86 GiB)
ds4: ROCm q8 fp16 cache budget exhausted; using q8 kernels (request=64.00 MiB cached=0.00 GiB free=0.34 GiB reserve=1.59 GiB total=31.86 GiB)
ds4: ROCm q8 fp16 cache budget exhausted; using q8 kernels (request=64.00 MiB cached=0.00 GiB free=0.34 GiB reserve=1.59 GiB total=31.86 GiB)
ds4: ROCm q8 fp16 cache budget exhausted; using q8 kernels (request=64.00 MiB cached=0.00 GiB free=0.34 GiB reserve=1.59 GiB total=31.86 GiB)
case_053 cases=54 prompt=22 target=24 avg_nll=1.015809 lcp=2 api_target_mae=1.015809 api_top_coverage=120/120 api_top1=0.750 api_topn=0.675 api_pair=0.948
ds4: ROCm q8 fp16 cache budget exhausted; using q8 kernels (request=64.00 MiB cached=0.00 GiB free=0.34 GiB reserve=1.59 GiB total=31.86 GiB)
ds4: ROCm q8 fp16 cache budget exhausted; using q8 kernels (request=64.00 MiB cached=0.00 GiB free=0.34 GiB reserve=1.59 GiB total=31.86 GiB)
ds4: ROCm q8 fp16 cache budget exhausted; using q8 kernels (request=64.00 MiB cached=0.00 GiB free=0.34 GiB reserve=1.59 GiB total=31.86 GiB)
ds4: ROCm q8 fp16 cache budget exhausted; using q8 kernels (request=64.00 MiB cached=0.00 GiB free=0.34 GiB reserve=1.59 GiB total=31.86 GiB)
ds4: ROCm q8 fp16 cache budget exhausted; using q8 kernels (request=64.00 MiB cached=0.00 GiB free=0.34 GiB reserve=1.59 GiB total=31.86 GiB)
ds4: ROCm q8 fp16 cache budget exhausted; using q8 kernels (request=64.00 MiB cached=0.00 GiB free=0.34 GiB reserve=1.59 GiB total=31.86 GiB)
ds4: ROCm q8 fp16 cache budget exhausted; using q8 kernels (request=64.00 MiB cached=0.00 GiB free=0.34 GiB reserve=1.59 GiB total=31.86 GiB)
ds4: ROCm q8 fp16 cache budget exhausted; using q8 kernels (request=64.00 MiB cached=0.00 GiB free=0.34 GiB reserve=1.59 GiB total=31.86 GiB)
ds4: ROCm q8 fp16 cache budget exhausted; using q8 kernels (request=64.00 MiB cached=0.00 GiB free=0.34 GiB reserve=1.59 GiB total=31.86 GiB)
ds4: ROCm q8 fp16 cache budget exhausted; using q8 kernels (request=64.00 MiB cached=0.00 GiB free=0.34 GiB reserve=1.59 GiB total=31.86 GiB)
ds4: ROCm q8 fp16 cache budget exhausted; using q8 kernels (request=64.00 MiB cached=0.00 GiB free=0.34 GiB reserve=1.59 GiB total=31.86 GiB)
ds4: ROCm q8 fp16 cache budget exhausted; using q8 kernels (request=64.00 MiB cached=0.00 GiB free=0.34 GiB reserve=1.59 GiB total=31.86 GiB)
ds4: ROCm q8 fp16 cache budget exhausted; using q8 kernels (request=64.00 MiB cached=0.00 GiB free=0.34 GiB reserve=1.59 GiB total=31.86 GiB)
ds4: ROCm q8 fp16 cache budget exhausted; using q8 kernels (request=64.00 MiB cached=0.00 GiB free=0.34 GiB reserve=1.59 GiB total=31.86 GiB)
ds4: ROCm q8 fp16 cache budget exhausted; using q8 kernels (request=64.00 MiB cached=0.00 GiB free=0.34 GiB reserve=1.59 GiB total=31.86 GiB)
ds4: ROCm q8 fp16 cache budget exhausted; using q8 kernels (request=64.00 MiB cached=0.00 GiB free=0.34 GiB reserve=1.59 GiB total=31.86 GiB)
ds4: ROCm q8 fp16 cache budget exhausted; using q8 kernels (request=64.00 MiB cached=0.00 GiB free=0.34 GiB reserve=1.59 GiB total=31.86 GiB)
ds4: ROCm q8 fp16 cache budget exhausted; using q8 kernels (request=64.00 MiB cached=0.00 GiB free=0.34 GiB reserve=1.59 GiB total=31.86 GiB)
ds4: ROCm q8 fp16 cache budget exhausted; using q8 kernels (request=64.00 MiB cached=0.00 GiB free=0.34 GiB reserve=1.59 GiB total=31.86 GiB)
ds4: ROCm q8 fp16 cache budget exhausted; using q8 kernels (request=64.00 MiB cached=0.00 GiB free=0.34 GiB reserve=1.59 GiB total=31.86 GiB)
ds4: ROCm q8 fp16 cache budget exhausted; using q8 kernels (request=64.00 MiB cached=0.00 GiB free=0.34 GiB reserve=1.59 GiB total=31.86 GiB)
ds4: ROCm q8 fp16 cache budget exhausted; using q8 kernels (request=64.00 MiB cached=0.00 GiB free=0.34 GiB reserve=1.59 GiB total=31.86 GiB)
ds4: ROCm q8 fp16 cache budget exhausted; using q8 kernels (request=64.00 MiB cached=0.00 GiB free=0.34 GiB reserve=1.59 GiB total=31.86 GiB)
ds4: ROCm q8 fp16 cache budget exhausted; using q8 kernels (request=64.00 MiB cached=0.00 GiB free=0.34 GiB reserve=1.59 GiB total=31.86 GiB)
ds4: ROCm q8 fp16 cache budget exhausted; using q8 kernels (request=64.00 MiB cached=0.00 GiB free=0.34 GiB reserve=1.59 GiB total=31.86 GiB)
ds4: ROCm q8 fp16 cache budget exhausted; using q8 kernels (request=64.00 MiB cached=0.00 GiB free=0.34 GiB reserve=1.59 GiB total=31.86 GiB)
ds4: ROCm q8 fp16 cache budget exhausted; using q8 kernels (request=64.00 MiB cached=0.00 GiB free=0.34 GiB reserve=1.59 GiB total=31.86 GiB)
ds4: ROCm q8 fp16 cache budget exhausted; using q8 kernels (request=64.00 MiB cached=0.00 GiB free=0.34 GiB reserve=1.59 GiB total=31.86 GiB)
ds4: ROCm q8 fp16 cache budget exhausted; using q8 kernels (request=64.00 MiB cached=0.00 GiB free=0.34 GiB reserve=1.59 GiB total=31.86 GiB)
ds4: ROCm q8 fp16 cache budget exhausted; using q8 kernels (request=64.00 MiB cached=0.00 GiB free=0.34 GiB reserve=1.59 GiB total=31.86 GiB)
ds4: ROCm q8 fp16 cache budget exhausted; using q8 kernels (request=64.00 MiB cached=0.00 GiB free=0.34 GiB reserve=1.59 GiB total=31.86 GiB)
ds4: ROCm q8 fp16 cache budget exhausted; using q8 kernels (request=64.00 MiB cached=0.00 GiB free=0.34 GiB reserve=1.59 GiB total=31.86 GiB)
ds4: ROCm q8 fp16 cache budget exhausted; using q8 kernels (request=64.00 MiB cached=0.00 GiB free=0.34 GiB reserve=1.59 GiB total=31.86 GiB)
ds4: ROCm q8 fp16 cache budget exhausted; using q8 kernels (request=64.00 MiB cached=0.00 GiB free=0.34 GiB reserve=1.59 GiB total=31.86 GiB)
ds4: ROCm q8 fp16 cache budget exhausted; using q8 kernels (request=64.00 MiB cached=0.00 GiB free=0.34 GiB reserve=1.59 GiB total=31.86 GiB)
ds4: ROCm q8 fp16 cache budget exhausted; using q8 kernels (request=64.00 MiB cached=0.00 GiB free=0.34 GiB reserve=1.59 GiB total=31.86 GiB)
ds4: ROCm q8 fp16 cache budget exhausted; using q8 kernels (request=64.00 MiB cached=0.00 GiB free=0.34 GiB reserve=1.59 GiB total=31.86 GiB)
ds4: ROCm q8 fp16 cache budget exhausted; using q8 kernels (request=64.00 MiB cached=0.00 GiB free=0.34 GiB reserve=1.59 GiB total=31.86 GiB)
ds4: ROCm q8 fp16 cache budget exhausted; using q8 kernels (request=64.00 MiB cached=0.00 GiB free=0.34 GiB reserve=1.59 GiB total=31.86 GiB)
ds4: ROCm q8 fp16 cache budget exhausted; using q8 kernels (request=64.00 MiB cached=0.00 GiB free=0.34 GiB reserve=1.59 GiB total=31.86 GiB)
ds4: ROCm q8 fp16 cache budget exhausted; using q8 kernels (request=64.00 MiB cached=0.00 GiB free=0.34 GiB reserve=1.59 GiB total=31.86 GiB)
ds4: ROCm q8 fp16 cache budget exhausted; using q8 kernels (request=64.00 MiB cached=0.00 GiB free=0.34 GiB reserve=1.59 GiB total=31.86 GiB)
ds4: ROCm q8 fp16 cache budget exhausted; using q8 kernels (request=64.00 MiB cached=0.00 GiB free=0.34 GiB reserve=1.59 GiB total=31.86 GiB)
case_054 cases=55 prompt=24 target=24 avg_nll=0.187136 lcp=1 api_target_mae=0.187136 api_top_coverage=96/120 api_top1=0.958 api_topn=0.250 api_pair=1.000
ds4: ROCm q8 fp16 cache budget exhausted; using q8 kernels (request=64.00 MiB cached=0.00 GiB free=0.34 GiB reserve=1.59 GiB total=31.86 GiB)
ds4: ROCm q8 fp16 cache budget exhausted; using q8 kernels (request=64.00 MiB cached=0.00 GiB free=0.34 GiB reserve=1.59 GiB total=31.86 GiB)
ds4: ROCm q8 fp16 cache budget exhausted; using q8 kernels (request=64.00 MiB cached=0.00 GiB free=0.34 GiB reserve=1.59 GiB total=31.86 GiB)
ds4: ROCm q8 fp16 cache budget exhausted; using q8 kernels (request=64.00 MiB cached=0.00 GiB free=0.34 GiB reserve=1.59 GiB total=31.86 GiB)
ds4: ROCm q8 fp16 cache budget exhausted; using q8 kernels (request=64.00 MiB cached=0.00 GiB free=0.34 GiB reserve=1.59 GiB total=31.86 GiB)
ds4: ROCm q8 fp16 cache budget exhausted; using q8 kernels (request=64.00 MiB cached=0.00 GiB free=0.34 GiB reserve=1.59 GiB total=31.86 GiB)
ds4: ROCm q8 fp16 cache budget exhausted; using q8 kernels (request=64.00 MiB cached=0.00 GiB free=0.34 GiB reserve=1.59 GiB total=31.86 GiB)
ds4: ROCm q8 fp16 cache budget exhausted; using q8 kernels (request=64.00 MiB cached=0.00 GiB free=0.34 GiB reserve=1.59 GiB total=31.86 GiB)
ds4: ROCm q8 fp16 cache budget exhausted; using q8 kernels (request=64.00 MiB cached=0.00 GiB free=0.34 GiB reserve=1.59 GiB total=31.86 GiB)
ds4: ROCm q8 fp16 cache budget exhausted; using q8 kernels (request=64.00 MiB cached=0.00 GiB free=0.34 GiB reserve=1.59 GiB total=31.86 GiB)
ds4: ROCm q8 fp16 cache budget exhausted; using q8 kernels (request=64.00 MiB cached=0.00 GiB free=0.34 GiB reserve=1.59 GiB total=31.86 GiB)
ds4: ROCm q8 fp16 cache budget exhausted; using q8 kernels (request=64.00 MiB cached=0.00 GiB free=0.34 GiB reserve=1.59 GiB total=31.86 GiB)
ds4: ROCm q8 fp16 cache budget exhausted; using q8 kernels (request=64.00 MiB cached=0.00 GiB free=0.34 GiB reserve=1.59 GiB total=31.86 GiB)
ds4: ROCm q8 fp16 cache budget exhausted; using q8 kernels (request=64.00 MiB cached=0.00 GiB free=0.34 GiB reserve=1.59 GiB total=31.86 GiB)
ds4: ROCm q8 fp16 cache budget exhausted; using q8 kernels (request=64.00 MiB cached=0.00 GiB free=0.34 GiB reserve=1.59 GiB total=31.86 GiB)
ds4: ROCm q8 fp16 cache budget exhausted; using q8 kernels (request=64.00 MiB cached=0.00 GiB free=0.34 GiB reserve=1.59 GiB total=31.86 GiB)
ds4: ROCm q8 fp16 cache budget exhausted; using q8 kernels (request=64.00 MiB cached=0.00 GiB free=0.34 GiB reserve=1.59 GiB total=31.86 GiB)
ds4: ROCm q8 fp16 cache budget exhausted; using q8 kernels (request=64.00 MiB cached=0.00 GiB free=0.34 GiB reserve=1.59 GiB total=31.86 GiB)
ds4: ROCm q8 fp16 cache budget exhausted; using q8 kernels (request=64.00 MiB cached=0.00 GiB free=0.34 GiB reserve=1.59 GiB total=31.86 GiB)
ds4: ROCm q8 fp16 cache budget exhausted; using q8 kernels (request=64.00 MiB cached=0.00 GiB free=0.34 GiB reserve=1.59 GiB total=31.86 GiB)
ds4: ROCm q8 fp16 cache budget exhausted; using q8 kernels (request=64.00 MiB cached=0.00 GiB free=0.34 GiB reserve=1.59 GiB total=31.86 GiB)
ds4: ROCm q8 fp16 cache budget exhausted; using q8 kernels (request=64.00 MiB cached=0.00 GiB free=0.34 GiB reserve=1.59 GiB total=31.86 GiB)
ds4: ROCm q8 fp16 cache budget exhausted; using q8 kernels (request=64.00 MiB cached=0.00 GiB free=0.34 GiB reserve=1.59 GiB total=31.86 GiB)
ds4: ROCm q8 fp16 cache budget exhausted; using q8 kernels (request=64.00 MiB cached=0.00 GiB free=0.34 GiB reserve=1.59 GiB total=31.86 GiB)
ds4: ROCm q8 fp16 cache budget exhausted; using q8 kernels (request=64.00 MiB cached=0.00 GiB free=0.34 GiB reserve=1.59 GiB total=31.86 GiB)
ds4: ROCm q8 fp16 cache budget exhausted; using q8 kernels (request=64.00 MiB cached=0.00 GiB free=0.34 GiB reserve=1.59 GiB total=31.86 GiB)
ds4: ROCm q8 fp16 cache budget exhausted; using q8 kernels (request=64.00 MiB cached=0.00 GiB free=0.34 GiB reserve=1.59 GiB total=31.86 GiB)
ds4: ROCm q8 fp16 cache budget exhausted; using q8 kernels (request=64.00 MiB cached=0.00 GiB free=0.34 GiB reserve=1.59 GiB total=31.86 GiB)
ds4: ROCm q8 fp16 cache budget exhausted; using q8 kernels (request=64.00 MiB cached=0.00 GiB free=0.34 GiB reserve=1.59 GiB total=31.86 GiB)
ds4: ROCm q8 fp16 cache budget exhausted; using q8 kernels (request=64.00 MiB cached=0.00 GiB free=0.34 GiB reserve=1.59 GiB total=31.86 GiB)
ds4: ROCm q8 fp16 cache budget exhausted; using q8 kernels (request=64.00 MiB cached=0.00 GiB free=0.34 GiB reserve=1.59 GiB total=31.86 GiB)
ds4: ROCm q8 fp16 cache budget exhausted; using q8 kernels (request=64.00 MiB cached=0.00 GiB free=0.34 GiB reserve=1.59 GiB total=31.86 GiB)
ds4: ROCm q8 fp16 cache budget exhausted; using q8 kernels (request=64.00 MiB cached=0.00 GiB free=0.34 GiB reserve=1.59 GiB total=31.86 GiB)
ds4: ROCm q8 fp16 cache budget exhausted; using q8 kernels (request=64.00 MiB cached=0.00 GiB free=0.34 GiB reserve=1.59 GiB total=31.86 GiB)
ds4: ROCm q8 fp16 cache budget exhausted; using q8 kernels (request=64.00 MiB cached=0.00 GiB free=0.34 GiB reserve=1.59 GiB total=31.86 GiB)
ds4: ROCm q8 fp16 cache budget exhausted; using q8 kernels (request=64.00 MiB cached=0.00 GiB free=0.34 GiB reserve=1.59 GiB total=31.86 GiB)
ds4: ROCm q8 fp16 cache budget exhausted; using q8 kernels (request=64.00 MiB cached=0.00 GiB free=0.34 GiB reserve=1.59 GiB total=31.86 GiB)
ds4: ROCm q8 fp16 cache budget exhausted; using q8 kernels (request=64.00 MiB cached=0.00 GiB free=0.34 GiB reserve=1.59 GiB total=31.86 GiB)
ds4: ROCm q8 fp16 cache budget exhausted; using q8 kernels (request=64.00 MiB cached=0.00 GiB free=0.34 GiB reserve=1.59 GiB total=31.86 GiB)
ds4: ROCm q8 fp16 cache budget exhausted; using q8 kernels (request=64.00 MiB cached=0.00 GiB free=0.34 GiB reserve=1.59 GiB total=31.86 GiB)
ds4: ROCm q8 fp16 cache budget exhausted; using q8 kernels (request=64.00 MiB cached=0.00 GiB free=0.34 GiB reserve=1.59 GiB total=31.86 GiB)
ds4: ROCm q8 fp16 cache budget exhausted; using q8 kernels (request=64.00 MiB cached=0.00 GiB free=0.34 GiB reserve=1.59 GiB total=31.86 GiB)
ds4: ROCm q8 fp16 cache budget exhausted; using q8 kernels (request=64.00 MiB cached=0.00 GiB free=0.34 GiB reserve=1.59 GiB total=31.86 GiB)
case_055 cases=56 prompt=25 target=24 avg_nll=1.105263 lcp=0 api_target_mae=1.105263 api_top_coverage=96/120 api_top1=0.625 api_topn=0.240 api_pair=0.986
ds4: ROCm q8 fp16 cache budget exhausted; using q8 kernels (request=64.00 MiB cached=0.00 GiB free=0.34 GiB reserve=1.59 GiB total=31.86 GiB)
ds4: ROCm q8 fp16 cache budget exhausted; using q8 kernels (request=64.00 MiB cached=0.00 GiB free=0.34 GiB reserve=1.59 GiB total=31.86 GiB)
ds4: ROCm q8 fp16 cache budget exhausted; using q8 kernels (request=64.00 MiB cached=0.00 GiB free=0.34 GiB reserve=1.59 GiB total=31.86 GiB)
ds4: ROCm q8 fp16 cache budget exhausted; using q8 kernels (request=64.00 MiB cached=0.00 GiB free=0.34 GiB reserve=1.59 GiB total=31.86 GiB)
ds4: ROCm q8 fp16 cache budget exhausted; using q8 kernels (request=64.00 MiB cached=0.00 GiB free=0.34 GiB reserve=1.59 GiB total=31.86 GiB)
ds4: ROCm q8 fp16 cache budget exhausted; using q8 kernels (request=64.00 MiB cached=0.00 GiB free=0.34 GiB reserve=1.59 GiB total=31.86 GiB)
ds4: ROCm q8 fp16 cache budget exhausted; using q8 kernels (request=64.00 MiB cached=0.00 GiB free=0.34 GiB reserve=1.59 GiB total=31.86 GiB)
ds4: ROCm q8 fp16 cache budget exhausted; using q8 kernels (request=64.00 MiB cached=0.00 GiB free=0.34 GiB reserve=1.59 GiB total=31.86 GiB)
ds4: ROCm q8 fp16 cache budget exhausted; using q8 kernels (request=64.00 MiB cached=0.00 GiB free=0.34 GiB reserve=1.59 GiB total=31.86 GiB)
ds4: ROCm q8 fp16 cache budget exhausted; using q8 kernels (request=64.00 MiB cached=0.00 GiB free=0.34 GiB reserve=1.59 GiB total=31.86 GiB)
ds4: ROCm q8 fp16 cache budget exhausted; using q8 kernels (request=64.00 MiB cached=0.00 GiB free=0.34 GiB reserve=1.59 GiB total=31.86 GiB)
ds4: ROCm q8 fp16 cache budget exhausted; using q8 kernels (request=64.00 MiB cached=0.00 GiB free=0.34 GiB reserve=1.59 GiB total=31.86 GiB)
ds4: ROCm q8 fp16 cache budget exhausted; using q8 kernels (request=64.00 MiB cached=0.00 GiB free=0.34 GiB reserve=1.59 GiB total=31.86 GiB)
ds4: ROCm q8 fp16 cache budget exhausted; using q8 kernels (request=64.00 MiB cached=0.00 GiB free=0.34 GiB reserve=1.59 GiB total=31.86 GiB)
ds4: ROCm q8 fp16 cache budget exhausted; using q8 kernels (request=64.00 MiB cached=0.00 GiB free=0.34 GiB reserve=1.59 GiB total=31.86 GiB)
ds4: ROCm q8 fp16 cache budget exhausted; using q8 kernels (request=64.00 MiB cached=0.00 GiB free=0.34 GiB reserve=1.59 GiB total=31.86 GiB)
ds4: ROCm q8 fp16 cache budget exhausted; using q8 kernels (request=64.00 MiB cached=0.00 GiB free=0.34 GiB reserve=1.59 GiB total=31.86 GiB)
ds4: ROCm q8 fp16 cache budget exhausted; using q8 kernels (request=64.00 MiB cached=0.00 GiB free=0.34 GiB reserve=1.59 GiB total=31.86 GiB)
ds4: ROCm q8 fp16 cache budget exhausted; using q8 kernels (request=64.00 MiB cached=0.00 GiB free=0.34 GiB reserve=1.59 GiB total=31.86 GiB)
ds4: ROCm q8 fp16 cache budget exhausted; using q8 kernels (request=64.00 MiB cached=0.00 GiB free=0.34 GiB reserve=1.59 GiB total=31.86 GiB)
ds4: ROCm q8 fp16 cache budget exhausted; using q8 kernels (request=64.00 MiB cached=0.00 GiB free=0.34 GiB reserve=1.59 GiB total=31.86 GiB)
ds4: ROCm q8 fp16 cache budget exhausted; using q8 kernels (request=64.00 MiB cached=0.00 GiB free=0.34 GiB reserve=1.59 GiB total=31.86 GiB)
ds4: ROCm q8 fp16 cache budget exhausted; using q8 kernels (request=64.00 MiB cached=0.00 GiB free=0.34 GiB reserve=1.59 GiB total=31.86 GiB)
ds4: ROCm q8 fp16 cache budget exhausted; using q8 kernels (request=64.00 MiB cached=0.00 GiB free=0.34 GiB reserve=1.59 GiB total=31.86 GiB)
ds4: ROCm q8 fp16 cache budget exhausted; using q8 kernels (request=64.00 MiB cached=0.00 GiB free=0.34 GiB reserve=1.59 GiB total=31.86 GiB)
ds4: ROCm q8 fp16 cache budget exhausted; using q8 kernels (request=64.00 MiB cached=0.00 GiB free=0.34 GiB reserve=1.59 GiB total=31.86 GiB)
ds4: ROCm q8 fp16 cache budget exhausted; using q8 kernels (request=64.00 MiB cached=0.00 GiB free=0.34 GiB reserve=1.59 GiB total=31.86 GiB)
ds4: ROCm q8 fp16 cache budget exhausted; using q8 kernels (request=64.00 MiB cached=0.00 GiB free=0.34 GiB reserve=1.59 GiB total=31.86 GiB)
ds4: ROCm q8 fp16 cache budget exhausted; using q8 kernels (request=64.00 MiB cached=0.00 GiB free=0.34 GiB reserve=1.59 GiB total=31.86 GiB)
ds4: ROCm q8 fp16 cache budget exhausted; using q8 kernels (request=64.00 MiB cached=0.00 GiB free=0.34 GiB reserve=1.59 GiB total=31.86 GiB)
ds4: ROCm q8 fp16 cache budget exhausted; using q8 kernels (request=64.00 MiB cached=0.00 GiB free=0.34 GiB reserve=1.59 GiB total=31.86 GiB)
ds4: ROCm q8 fp16 cache budget exhausted; using q8 kernels (request=64.00 MiB cached=0.00 GiB free=0.34 GiB reserve=1.59 GiB total=31.86 GiB)
ds4: ROCm q8 fp16 cache budget exhausted; using q8 kernels (request=64.00 MiB cached=0.00 GiB free=0.34 GiB reserve=1.59 GiB total=31.86 GiB)
ds4: ROCm q8 fp16 cache budget exhausted; using q8 kernels (request=64.00 MiB cached=0.00 GiB free=0.34 GiB reserve=1.59 GiB total=31.86 GiB)
ds4: ROCm q8 fp16 cache budget exhausted; using q8 kernels (request=64.00 MiB cached=0.00 GiB free=0.34 GiB reserve=1.59 GiB total=31.86 GiB)
ds4: ROCm q8 fp16 cache budget exhausted; using q8 kernels (request=64.00 MiB cached=0.00 GiB free=0.34 GiB reserve=1.59 GiB total=31.86 GiB)
ds4: ROCm q8 fp16 cache budget exhausted; using q8 kernels (request=64.00 MiB cached=0.00 GiB free=0.34 GiB reserve=1.59 GiB total=31.86 GiB)
ds4: ROCm q8 fp16 cache budget exhausted; using q8 kernels (request=64.00 MiB cached=0.00 GiB free=0.34 GiB reserve=1.59 GiB total=31.86 GiB)
ds4: ROCm q8 fp16 cache budget exhausted; using q8 kernels (request=64.00 MiB cached=0.00 GiB free=0.34 GiB reserve=1.59 GiB total=31.86 GiB)
ds4: ROCm q8 fp16 cache budget exhausted; using q8 kernels (request=64.00 MiB cached=0.00 GiB free=0.34 GiB reserve=1.59 GiB total=31.86 GiB)
ds4: ROCm q8 fp16 cache budget exhausted; using q8 kernels (request=64.00 MiB cached=0.00 GiB free=0.34 GiB reserve=1.59 GiB total=31.86 GiB)
ds4: ROCm q8 fp16 cache budget exhausted; using q8 kernels (request=64.00 MiB cached=0.00 GiB free=0.34 GiB reserve=1.59 GiB total=31.86 GiB)
ds4: ROCm q8 fp16 cache budget exhausted; using q8 kernels (request=64.00 MiB cached=0.00 GiB free=0.34 GiB reserve=1.59 GiB total=31.86 GiB)
case_056 cases=57 prompt=18 target=24 avg_nll=1.395219 lcp=0 api_target_mae=1.395219 api_top_coverage=97/120 api_top1=0.750 api_topn=0.216 api_pair=0.986
ds4: ROCm q8 fp16 cache budget exhausted; using q8 kernels (request=64.00 MiB cached=0.00 GiB free=0.34 GiB reserve=1.59 GiB total=31.86 GiB)
ds4: ROCm q8 fp16 cache budget exhausted; using q8 kernels (request=64.00 MiB cached=0.00 GiB free=0.34 GiB reserve=1.59 GiB total=31.86 GiB)
ds4: ROCm q8 fp16 cache budget exhausted; using q8 kernels (request=64.00 MiB cached=0.00 GiB free=0.34 GiB reserve=1.59 GiB total=31.86 GiB)
ds4: ROCm q8 fp16 cache budget exhausted; using q8 kernels (request=64.00 MiB cached=0.00 GiB free=0.34 GiB reserve=1.59 GiB total=31.86 GiB)
ds4: ROCm q8 fp16 cache budget exhausted; using q8 kernels (request=64.00 MiB cached=0.00 GiB free=0.34 GiB reserve=1.59 GiB total=31.86 GiB)
ds4: ROCm q8 fp16 cache budget exhausted; using q8 kernels (request=64.00 MiB cached=0.00 GiB free=0.34 GiB reserve=1.59 GiB total=31.86 GiB)
ds4: ROCm q8 fp16 cache budget exhausted; using q8 kernels (request=64.00 MiB cached=0.00 GiB free=0.34 GiB reserve=1.59 GiB total=31.86 GiB)
ds4: ROCm q8 fp16 cache budget exhausted; using q8 kernels (request=64.00 MiB cached=0.00 GiB free=0.34 GiB reserve=1.59 GiB total=31.86 GiB)
ds4: ROCm q8 fp16 cache budget exhausted; using q8 kernels (request=64.00 MiB cached=0.00 GiB free=0.34 GiB reserve=1.59 GiB total=31.86 GiB)
ds4: ROCm q8 fp16 cache budget exhausted; using q8 kernels (request=64.00 MiB cached=0.00 GiB free=0.34 GiB reserve=1.59 GiB total=31.86 GiB)
ds4: ROCm q8 fp16 cache budget exhausted; using q8 kernels (request=64.00 MiB cached=0.00 GiB free=0.34 GiB reserve=1.59 GiB total=31.86 GiB)
ds4: ROCm q8 fp16 cache budget exhausted; using q8 kernels (request=64.00 MiB cached=0.00 GiB free=0.34 GiB reserve=1.59 GiB total=31.86 GiB)
ds4: ROCm q8 fp16 cache budget exhausted; using q8 kernels (request=64.00 MiB cached=0.00 GiB free=0.34 GiB reserve=1.59 GiB total=31.86 GiB)
ds4: ROCm q8 fp16 cache budget exhausted; using q8 kernels (request=64.00 MiB cached=0.00 GiB free=0.34 GiB reserve=1.59 GiB total=31.86 GiB)
ds4: ROCm q8 fp16 cache budget exhausted; using q8 kernels (request=64.00 MiB cached=0.00 GiB free=0.34 GiB reserve=1.59 GiB total=31.86 GiB)
ds4: ROCm q8 fp16 cache budget exhausted; using q8 kernels (request=64.00 MiB cached=0.00 GiB free=0.34 GiB reserve=1.59 GiB total=31.86 GiB)
ds4: ROCm q8 fp16 cache budget exhausted; using q8 kernels (request=64.00 MiB cached=0.00 GiB free=0.34 GiB reserve=1.59 GiB total=31.86 GiB)
ds4: ROCm q8 fp16 cache budget exhausted; using q8 kernels (request=64.00 MiB cached=0.00 GiB free=0.34 GiB reserve=1.59 GiB total=31.86 GiB)
ds4: ROCm q8 fp16 cache budget exhausted; using q8 kernels (request=64.00 MiB cached=0.00 GiB free=0.34 GiB reserve=1.59 GiB total=31.86 GiB)
ds4: ROCm q8 fp16 cache budget exhausted; using q8 kernels (request=64.00 MiB cached=0.00 GiB free=0.34 GiB reserve=1.59 GiB total=31.86 GiB)
ds4: ROCm q8 fp16 cache budget exhausted; using q8 kernels (request=64.00 MiB cached=0.00 GiB free=0.34 GiB reserve=1.59 GiB total=31.86 GiB)
ds4: ROCm q8 fp16 cache budget exhausted; using q8 kernels (request=64.00 MiB cached=0.00 GiB free=0.34 GiB reserve=1.59 GiB total=31.86 GiB)
ds4: ROCm q8 fp16 cache budget exhausted; using q8 kernels (request=64.00 MiB cached=0.00 GiB free=0.34 GiB reserve=1.59 GiB total=31.86 GiB)
ds4: ROCm q8 fp16 cache budget exhausted; using q8 kernels (request=64.00 MiB cached=0.00 GiB free=0.34 GiB reserve=1.59 GiB total=31.86 GiB)
ds4: ROCm q8 fp16 cache budget exhausted; using q8 kernels (request=64.00 MiB cached=0.00 GiB free=0.34 GiB reserve=1.59 GiB total=31.86 GiB)
ds4: ROCm q8 fp16 cache budget exhausted; using q8 kernels (request=64.00 MiB cached=0.00 GiB free=0.34 GiB reserve=1.59 GiB total=31.86 GiB)
ds4: ROCm q8 fp16 cache budget exhausted; using q8 kernels (request=64.00 MiB cached=0.00 GiB free=0.34 GiB reserve=1.59 GiB total=31.86 GiB)
ds4: ROCm q8 fp16 cache budget exhausted; using q8 kernels (request=64.00 MiB cached=0.00 GiB free=0.34 GiB reserve=1.59 GiB total=31.86 GiB)
ds4: ROCm q8 fp16 cache budget exhausted; using q8 kernels (request=64.00 MiB cached=0.00 GiB free=0.34 GiB reserve=1.59 GiB total=31.86 GiB)
ds4: ROCm q8 fp16 cache budget exhausted; using q8 kernels (request=64.00 MiB cached=0.00 GiB free=0.34 GiB reserve=1.59 GiB total=31.86 GiB)
ds4: ROCm q8 fp16 cache budget exhausted; using q8 kernels (request=64.00 MiB cached=0.00 GiB free=0.34 GiB reserve=1.59 GiB total=31.86 GiB)
ds4: ROCm q8 fp16 cache budget exhausted; using q8 kernels (request=64.00 MiB cached=0.00 GiB free=0.34 GiB reserve=1.59 GiB total=31.86 GiB)
ds4: ROCm q8 fp16 cache budget exhausted; using q8 kernels (request=64.00 MiB cached=0.00 GiB free=0.34 GiB reserve=1.59 GiB total=31.86 GiB)
ds4: ROCm q8 fp16 cache budget exhausted; using q8 kernels (request=64.00 MiB cached=0.00 GiB free=0.34 GiB reserve=1.59 GiB total=31.86 GiB)
ds4: ROCm q8 fp16 cache budget exhausted; using q8 kernels (request=64.00 MiB cached=0.00 GiB free=0.34 GiB reserve=1.59 GiB total=31.86 GiB)
ds4: ROCm q8 fp16 cache budget exhausted; using q8 kernels (request=64.00 MiB cached=0.00 GiB free=0.34 GiB reserve=1.59 GiB total=31.86 GiB)
ds4: ROCm q8 fp16 cache budget exhausted; using q8 kernels (request=64.00 MiB cached=0.00 GiB free=0.34 GiB reserve=1.59 GiB total=31.86 GiB)
ds4: ROCm q8 fp16 cache budget exhausted; using q8 kernels (request=64.00 MiB cached=0.00 GiB free=0.34 GiB reserve=1.59 GiB total=31.86 GiB)
ds4: ROCm q8 fp16 cache budget exhausted; using q8 kernels (request=64.00 MiB cached=0.00 GiB free=0.34 GiB reserve=1.59 GiB total=31.86 GiB)
ds4: ROCm q8 fp16 cache budget exhausted; using q8 kernels (request=64.00 MiB cached=0.00 GiB free=0.34 GiB reserve=1.59 GiB total=31.86 GiB)
ds4: ROCm q8 fp16 cache budget exhausted; using q8 kernels (request=64.00 MiB cached=0.00 GiB free=0.34 GiB reserve=1.59 GiB total=31.86 GiB)
ds4: ROCm q8 fp16 cache budget exhausted; using q8 kernels (request=64.00 MiB cached=0.00 GiB free=0.34 GiB reserve=1.59 GiB total=31.86 GiB)
ds4: ROCm q8 fp16 cache budget exhausted; using q8 kernels (request=64.00 MiB cached=0.00 GiB free=0.34 GiB reserve=1.59 GiB total=31.86 GiB)
case_057 cases=58 prompt=22 target=24 avg_nll=0.626125 lcp=0 api_target_mae=0.626125 api_top_coverage=98/120 api_top1=0.833 api_topn=0.265 api_pair=0.959
ds4: ROCm q8 fp16 cache budget exhausted; using q8 kernels (request=64.00 MiB cached=0.00 GiB free=0.34 GiB reserve=1.59 GiB total=31.86 GiB)
ds4: ROCm q8 fp16 cache budget exhausted; using q8 kernels (request=64.00 MiB cached=0.00 GiB free=0.34 GiB reserve=1.59 GiB total=31.86 GiB)
ds4: ROCm q8 fp16 cache budget exhausted; using q8 kernels (request=64.00 MiB cached=0.00 GiB free=0.34 GiB reserve=1.59 GiB total=31.86 GiB)
ds4: ROCm q8 fp16 cache budget exhausted; using q8 kernels (request=64.00 MiB cached=0.00 GiB free=0.34 GiB reserve=1.59 GiB total=31.86 GiB)
ds4: ROCm q8 fp16 cache budget exhausted; using q8 kernels (request=64.00 MiB cached=0.00 GiB free=0.34 GiB reserve=1.59 GiB total=31.86 GiB)
ds4: ROCm q8 fp16 cache budget exhausted; using q8 kernels (request=64.00 MiB cached=0.00 GiB free=0.34 GiB reserve=1.59 GiB total=31.86 GiB)
ds4: ROCm q8 fp16 cache budget exhausted; using q8 kernels (request=64.00 MiB cached=0.00 GiB free=0.34 GiB reserve=1.59 GiB total=31.86 GiB)
ds4: ROCm q8 fp16 cache budget exhausted; using q8 kernels (request=64.00 MiB cached=0.00 GiB free=0.34 GiB reserve=1.59 GiB total=31.86 GiB)
ds4: ROCm q8 fp16 cache budget exhausted; using q8 kernels (request=64.00 MiB cached=0.00 GiB free=0.34 GiB reserve=1.59 GiB total=31.86 GiB)
ds4: ROCm q8 fp16 cache budget exhausted; using q8 kernels (request=64.00 MiB cached=0.00 GiB free=0.34 GiB reserve=1.59 GiB total=31.86 GiB)
ds4: ROCm q8 fp16 cache budget exhausted; using q8 kernels (request=64.00 MiB cached=0.00 GiB free=0.34 GiB reserve=1.59 GiB total=31.86 GiB)
ds4: ROCm q8 fp16 cache budget exhausted; using q8 kernels (request=64.00 MiB cached=0.00 GiB free=0.34 GiB reserve=1.59 GiB total=31.86 GiB)
ds4: ROCm q8 fp16 cache budget exhausted; using q8 kernels (request=64.00 MiB cached=0.00 GiB free=0.34 GiB reserve=1.59 GiB total=31.86 GiB)
ds4: ROCm q8 fp16 cache budget exhausted; using q8 kernels (request=64.00 MiB cached=0.00 GiB free=0.34 GiB reserve=1.59 GiB total=31.86 GiB)
ds4: ROCm q8 fp16 cache budget exhausted; using q8 kernels (request=64.00 MiB cached=0.00 GiB free=0.34 GiB reserve=1.59 GiB total=31.86 GiB)
ds4: ROCm q8 fp16 cache budget exhausted; using q8 kernels (request=64.00 MiB cached=0.00 GiB free=0.34 GiB reserve=1.59 GiB total=31.86 GiB)
ds4: ROCm q8 fp16 cache budget exhausted; using q8 kernels (request=64.00 MiB cached=0.00 GiB free=0.34 GiB reserve=1.59 GiB total=31.86 GiB)
ds4: ROCm q8 fp16 cache budget exhausted; using q8 kernels (request=64.00 MiB cached=0.00 GiB free=0.34 GiB reserve=1.59 GiB total=31.86 GiB)
ds4: ROCm q8 fp16 cache budget exhausted; using q8 kernels (request=64.00 MiB cached=0.00 GiB free=0.34 GiB reserve=1.59 GiB total=31.86 GiB)
ds4: ROCm q8 fp16 cache budget exhausted; using q8 kernels (request=64.00 MiB cached=0.00 GiB free=0.34 GiB reserve=1.59 GiB total=31.86 GiB)
ds4: ROCm q8 fp16 cache budget exhausted; using q8 kernels (request=64.00 MiB cached=0.00 GiB free=0.34 GiB reserve=1.59 GiB total=31.86 GiB)
ds4: ROCm q8 fp16 cache budget exhausted; using q8 kernels (request=64.00 MiB cached=0.00 GiB free=0.34 GiB reserve=1.59 GiB total=31.86 GiB)
ds4: ROCm q8 fp16 cache budget exhausted; using q8 kernels (request=64.00 MiB cached=0.00 GiB free=0.34 GiB reserve=1.59 GiB total=31.86 GiB)
ds4: ROCm q8 fp16 cache budget exhausted; using q8 kernels (request=64.00 MiB cached=0.00 GiB free=0.34 GiB reserve=1.59 GiB total=31.86 GiB)
ds4: ROCm q8 fp16 cache budget exhausted; using q8 kernels (request=64.00 MiB cached=0.00 GiB free=0.34 GiB reserve=1.59 GiB total=31.86 GiB)
ds4: ROCm q8 fp16 cache budget exhausted; using q8 kernels (request=64.00 MiB cached=0.00 GiB free=0.34 GiB reserve=1.59 GiB total=31.86 GiB)
ds4: ROCm q8 fp16 cache budget exhausted; using q8 kernels (request=64.00 MiB cached=0.00 GiB free=0.34 GiB reserve=1.59 GiB total=31.86 GiB)
ds4: ROCm q8 fp16 cache budget exhausted; using q8 kernels (request=64.00 MiB cached=0.00 GiB free=0.34 GiB reserve=1.59 GiB total=31.86 GiB)
ds4: ROCm q8 fp16 cache budget exhausted; using q8 kernels (request=64.00 MiB cached=0.00 GiB free=0.34 GiB reserve=1.59 GiB total=31.86 GiB)
ds4: ROCm q8 fp16 cache budget exhausted; using q8 kernels (request=64.00 MiB cached=0.00 GiB free=0.34 GiB reserve=1.59 GiB total=31.86 GiB)
ds4: ROCm q8 fp16 cache budget exhausted; using q8 kernels (request=64.00 MiB cached=0.00 GiB free=0.34 GiB reserve=1.59 GiB total=31.86 GiB)
ds4: ROCm q8 fp16 cache budget exhausted; using q8 kernels (request=64.00 MiB cached=0.00 GiB free=0.34 GiB reserve=1.59 GiB total=31.86 GiB)
ds4: ROCm q8 fp16 cache budget exhausted; using q8 kernels (request=64.00 MiB cached=0.00 GiB free=0.34 GiB reserve=1.59 GiB total=31.86 GiB)
ds4: ROCm q8 fp16 cache budget exhausted; using q8 kernels (request=64.00 MiB cached=0.00 GiB free=0.34 GiB reserve=1.59 GiB total=31.86 GiB)
ds4: ROCm q8 fp16 cache budget exhausted; using q8 kernels (request=64.00 MiB cached=0.00 GiB free=0.34 GiB reserve=1.59 GiB total=31.86 GiB)
ds4: ROCm q8 fp16 cache budget exhausted; using q8 kernels (request=64.00 MiB cached=0.00 GiB free=0.34 GiB reserve=1.59 GiB total=31.86 GiB)
ds4: ROCm q8 fp16 cache budget exhausted; using q8 kernels (request=64.00 MiB cached=0.00 GiB free=0.34 GiB reserve=1.59 GiB total=31.86 GiB)
ds4: ROCm q8 fp16 cache budget exhausted; using q8 kernels (request=64.00 MiB cached=0.00 GiB free=0.34 GiB reserve=1.59 GiB total=31.86 GiB)
ds4: ROCm q8 fp16 cache budget exhausted; using q8 kernels (request=64.00 MiB cached=0.00 GiB free=0.34 GiB reserve=1.59 GiB total=31.86 GiB)
ds4: ROCm q8 fp16 cache budget exhausted; using q8 kernels (request=64.00 MiB cached=0.00 GiB free=0.34 GiB reserve=1.59 GiB total=31.86 GiB)
ds4: ROCm q8 fp16 cache budget exhausted; using q8 kernels (request=64.00 MiB cached=0.00 GiB free=0.34 GiB reserve=1.59 GiB total=31.86 GiB)
ds4: ROCm q8 fp16 cache budget exhausted; using q8 kernels (request=64.00 MiB cached=0.00 GiB free=0.34 GiB reserve=1.59 GiB total=31.86 GiB)
ds4: ROCm q8 fp16 cache budget exhausted; using q8 kernels (request=64.00 MiB cached=0.00 GiB free=0.34 GiB reserve=1.59 GiB total=31.86 GiB)
case_058 cases=59 prompt=25 target=24 avg_nll=0.760122 lcp=4 api_target_mae=0.760122 api_top_coverage=97/120 api_top1=0.750 api_topn=0.258 api_pair=1.000
ds4: ROCm q8 fp16 cache budget exhausted; using q8 kernels (request=64.00 MiB cached=0.00 GiB free=0.34 GiB reserve=1.59 GiB total=31.86 GiB)
ds4: ROCm q8 fp16 cache budget exhausted; using q8 kernels (request=64.00 MiB cached=0.00 GiB free=0.34 GiB reserve=1.59 GiB total=31.86 GiB)
ds4: ROCm q8 fp16 cache budget exhausted; using q8 kernels (request=64.00 MiB cached=0.00 GiB free=0.34 GiB reserve=1.59 GiB total=31.86 GiB)
ds4: ROCm q8 fp16 cache budget exhausted; using q8 kernels (request=64.00 MiB cached=0.00 GiB free=0.34 GiB reserve=1.59 GiB total=31.86 GiB)
ds4: ROCm q8 fp16 cache budget exhausted; using q8 kernels (request=64.00 MiB cached=0.00 GiB free=0.34 GiB reserve=1.59 GiB total=31.86 GiB)
ds4: ROCm q8 fp16 cache budget exhausted; using q8 kernels (request=64.00 MiB cached=0.00 GiB free=0.34 GiB reserve=1.59 GiB total=31.86 GiB)
ds4: ROCm q8 fp16 cache budget exhausted; using q8 kernels (request=64.00 MiB cached=0.00 GiB free=0.34 GiB reserve=1.59 GiB total=31.86 GiB)
ds4: ROCm q8 fp16 cache budget exhausted; using q8 kernels (request=64.00 MiB cached=0.00 GiB free=0.34 GiB reserve=1.59 GiB total=31.86 GiB)
ds4: ROCm q8 fp16 cache budget exhausted; using q8 kernels (request=64.00 MiB cached=0.00 GiB free=0.34 GiB reserve=1.59 GiB total=31.86 GiB)
ds4: ROCm q8 fp16 cache budget exhausted; using q8 kernels (request=64.00 MiB cached=0.00 GiB free=0.34 GiB reserve=1.59 GiB total=31.86 GiB)
ds4: ROCm q8 fp16 cache budget exhausted; using q8 kernels (request=64.00 MiB cached=0.00 GiB free=0.34 GiB reserve=1.59 GiB total=31.86 GiB)
ds4: ROCm q8 fp16 cache budget exhausted; using q8 kernels (request=64.00 MiB cached=0.00 GiB free=0.34 GiB reserve=1.59 GiB total=31.86 GiB)
ds4: ROCm q8 fp16 cache budget exhausted; using q8 kernels (request=64.00 MiB cached=0.00 GiB free=0.34 GiB reserve=1.59 GiB total=31.86 GiB)
ds4: ROCm q8 fp16 cache budget exhausted; using q8 kernels (request=64.00 MiB cached=0.00 GiB free=0.34 GiB reserve=1.59 GiB total=31.86 GiB)
ds4: ROCm q8 fp16 cache budget exhausted; using q8 kernels (request=64.00 MiB cached=0.00 GiB free=0.34 GiB reserve=1.59 GiB total=31.86 GiB)
ds4: ROCm q8 fp16 cache budget exhausted; using q8 kernels (request=64.00 MiB cached=0.00 GiB free=0.34 GiB reserve=1.59 GiB total=31.86 GiB)
ds4: ROCm q8 fp16 cache budget exhausted; using q8 kernels (request=64.00 MiB cached=0.00 GiB free=0.34 GiB reserve=1.59 GiB total=31.86 GiB)
ds4: ROCm q8 fp16 cache budget exhausted; using q8 kernels (request=64.00 MiB cached=0.00 GiB free=0.34 GiB reserve=1.59 GiB total=31.86 GiB)
ds4: ROCm q8 fp16 cache budget exhausted; using q8 kernels (request=64.00 MiB cached=0.00 GiB free=0.34 GiB reserve=1.59 GiB total=31.86 GiB)
ds4: ROCm q8 fp16 cache budget exhausted; using q8 kernels (request=64.00 MiB cached=0.00 GiB free=0.34 GiB reserve=1.59 GiB total=31.86 GiB)
ds4: ROCm q8 fp16 cache budget exhausted; using q8 kernels (request=64.00 MiB cached=0.00 GiB free=0.34 GiB reserve=1.59 GiB total=31.86 GiB)
ds4: ROCm q8 fp16 cache budget exhausted; using q8 kernels (request=64.00 MiB cached=0.00 GiB free=0.34 GiB reserve=1.59 GiB total=31.86 GiB)
ds4: ROCm q8 fp16 cache budget exhausted; using q8 kernels (request=64.00 MiB cached=0.00 GiB free=0.34 GiB reserve=1.59 GiB total=31.86 GiB)
ds4: ROCm q8 fp16 cache budget exhausted; using q8 kernels (request=64.00 MiB cached=0.00 GiB free=0.34 GiB reserve=1.59 GiB total=31.86 GiB)
ds4: ROCm q8 fp16 cache budget exhausted; using q8 kernels (request=64.00 MiB cached=0.00 GiB free=0.34 GiB reserve=1.59 GiB total=31.86 GiB)
ds4: ROCm q8 fp16 cache budget exhausted; using q8 kernels (request=64.00 MiB cached=0.00 GiB free=0.34 GiB reserve=1.59 GiB total=31.86 GiB)
ds4: ROCm q8 fp16 cache budget exhausted; using q8 kernels (request=64.00 MiB cached=0.00 GiB free=0.34 GiB reserve=1.59 GiB total=31.86 GiB)
ds4: ROCm q8 fp16 cache budget exhausted; using q8 kernels (request=64.00 MiB cached=0.00 GiB free=0.34 GiB reserve=1.59 GiB total=31.86 GiB)
ds4: ROCm q8 fp16 cache budget exhausted; using q8 kernels (request=64.00 MiB cached=0.00 GiB free=0.34 GiB reserve=1.59 GiB total=31.86 GiB)
ds4: ROCm q8 fp16 cache budget exhausted; using q8 kernels (request=64.00 MiB cached=0.00 GiB free=0.34 GiB reserve=1.59 GiB total=31.86 GiB)
ds4: ROCm q8 fp16 cache budget exhausted; using q8 kernels (request=64.00 MiB cached=0.00 GiB free=0.34 GiB reserve=1.59 GiB total=31.86 GiB)
ds4: ROCm q8 fp16 cache budget exhausted; using q8 kernels (request=64.00 MiB cached=0.00 GiB free=0.34 GiB reserve=1.59 GiB total=31.86 GiB)
ds4: ROCm q8 fp16 cache budget exhausted; using q8 kernels (request=64.00 MiB cached=0.00 GiB free=0.34 GiB reserve=1.59 GiB total=31.86 GiB)
ds4: ROCm q8 fp16 cache budget exhausted; using q8 kernels (request=64.00 MiB cached=0.00 GiB free=0.34 GiB reserve=1.59 GiB total=31.86 GiB)
ds4: ROCm q8 fp16 cache budget exhausted; using q8 kernels (request=64.00 MiB cached=0.00 GiB free=0.34 GiB reserve=1.59 GiB total=31.86 GiB)
ds4: ROCm q8 fp16 cache budget exhausted; using q8 kernels (request=64.00 MiB cached=0.00 GiB free=0.34 GiB reserve=1.59 GiB total=31.86 GiB)
ds4: ROCm q8 fp16 cache budget exhausted; using q8 kernels (request=64.00 MiB cached=0.00 GiB free=0.34 GiB reserve=1.59 GiB total=31.86 GiB)
ds4: ROCm q8 fp16 cache budget exhausted; using q8 kernels (request=64.00 MiB cached=0.00 GiB free=0.34 GiB reserve=1.59 GiB total=31.86 GiB)
ds4: ROCm q8 fp16 cache budget exhausted; using q8 kernels (request=64.00 MiB cached=0.00 GiB free=0.34 GiB reserve=1.59 GiB total=31.86 GiB)
ds4: ROCm q8 fp16 cache budget exhausted; using q8 kernels (request=64.00 MiB cached=0.00 GiB free=0.34 GiB reserve=1.59 GiB total=31.86 GiB)
ds4: ROCm q8 fp16 cache budget exhausted; using q8 kernels (request=64.00 MiB cached=0.00 GiB free=0.34 GiB reserve=1.59 GiB total=31.86 GiB)
ds4: ROCm q8 fp16 cache budget exhausted; using q8 kernels (request=64.00 MiB cached=0.00 GiB free=0.34 GiB reserve=1.59 GiB total=31.86 GiB)
ds4: ROCm q8 fp16 cache budget exhausted; using q8 kernels (request=64.00 MiB cached=0.00 GiB free=0.34 GiB reserve=1.59 GiB total=31.86 GiB)
case_059 cases=60 prompt=23 target=24 avg_nll=1.019580 lcp=0 api_target_mae=1.019580 api_top_coverage=96/120 api_top1=0.667 api_topn=0.229 api_pair=1.000
ds4: ROCm q8 fp16 cache budget exhausted; using q8 kernels (request=64.00 MiB cached=0.00 GiB free=0.34 GiB reserve=1.59 GiB total=31.86 GiB)
ds4: ROCm q8 fp16 cache budget exhausted; using q8 kernels (request=64.00 MiB cached=0.00 GiB free=0.34 GiB reserve=1.59 GiB total=31.86 GiB)
ds4: ROCm q8 fp16 cache budget exhausted; using q8 kernels (request=64.00 MiB cached=0.00 GiB free=0.34 GiB reserve=1.59 GiB total=31.86 GiB)
ds4: ROCm q8 fp16 cache budget exhausted; using q8 kernels (request=64.00 MiB cached=0.00 GiB free=0.34 GiB reserve=1.59 GiB total=31.86 GiB)
ds4: ROCm q8 fp16 cache budget exhausted; using q8 kernels (request=64.00 MiB cached=0.00 GiB free=0.34 GiB reserve=1.59 GiB total=31.86 GiB)
ds4: ROCm q8 fp16 cache budget exhausted; using q8 kernels (request=64.00 MiB cached=0.00 GiB free=0.34 GiB reserve=1.59 GiB total=31.86 GiB)
ds4: ROCm q8 fp16 cache budget exhausted; using q8 kernels (request=64.00 MiB cached=0.00 GiB free=0.34 GiB reserve=1.59 GiB total=31.86 GiB)
ds4: ROCm q8 fp16 cache budget exhausted; using q8 kernels (request=64.00 MiB cached=0.00 GiB free=0.34 GiB reserve=1.59 GiB total=31.86 GiB)
ds4: ROCm q8 fp16 cache budget exhausted; using q8 kernels (request=64.00 MiB cached=0.00 GiB free=0.34 GiB reserve=1.59 GiB total=31.86 GiB)
ds4: ROCm q8 fp16 cache budget exhausted; using q8 kernels (request=64.00 MiB cached=0.00 GiB free=0.34 GiB reserve=1.59 GiB total=31.86 GiB)
ds4: ROCm q8 fp16 cache budget exhausted; using q8 kernels (request=64.00 MiB cached=0.00 GiB free=0.34 GiB reserve=1.59 GiB total=31.86 GiB)
ds4: ROCm q8 fp16 cache budget exhausted; using q8 kernels (request=64.00 MiB cached=0.00 GiB free=0.34 GiB reserve=1.59 GiB total=31.86 GiB)
ds4: ROCm q8 fp16 cache budget exhausted; using q8 kernels (request=64.00 MiB cached=0.00 GiB free=0.34 GiB reserve=1.59 GiB total=31.86 GiB)
ds4: ROCm q8 fp16 cache budget exhausted; using q8 kernels (request=64.00 MiB cached=0.00 GiB free=0.34 GiB reserve=1.59 GiB total=31.86 GiB)
ds4: ROCm q8 fp16 cache budget exhausted; using q8 kernels (request=64.00 MiB cached=0.00 GiB free=0.34 GiB reserve=1.59 GiB total=31.86 GiB)
ds4: ROCm q8 fp16 cache budget exhausted; using q8 kernels (request=64.00 MiB cached=0.00 GiB free=0.34 GiB reserve=1.59 GiB total=31.86 GiB)
ds4: ROCm q8 fp16 cache budget exhausted; using q8 kernels (request=64.00 MiB cached=0.00 GiB free=0.34 GiB reserve=1.59 GiB total=31.86 GiB)
ds4: ROCm q8 fp16 cache budget exhausted; using q8 kernels (request=64.00 MiB cached=0.00 GiB free=0.34 GiB reserve=1.59 GiB total=31.86 GiB)
ds4: ROCm q8 fp16 cache budget exhausted; using q8 kernels (request=64.00 MiB cached=0.00 GiB free=0.34 GiB reserve=1.59 GiB total=31.86 GiB)
ds4: ROCm q8 fp16 cache budget exhausted; using q8 kernels (request=64.00 MiB cached=0.00 GiB free=0.34 GiB reserve=1.59 GiB total=31.86 GiB)
ds4: ROCm q8 fp16 cache budget exhausted; using q8 kernels (request=64.00 MiB cached=0.00 GiB free=0.34 GiB reserve=1.59 GiB total=31.86 GiB)
ds4: ROCm q8 fp16 cache budget exhausted; using q8 kernels (request=64.00 MiB cached=0.00 GiB free=0.34 GiB reserve=1.59 GiB total=31.86 GiB)
ds4: ROCm q8 fp16 cache budget exhausted; using q8 kernels (request=64.00 MiB cached=0.00 GiB free=0.34 GiB reserve=1.59 GiB total=31.86 GiB)
ds4: ROCm q8 fp16 cache budget exhausted; using q8 kernels (request=64.00 MiB cached=0.00 GiB free=0.34 GiB reserve=1.59 GiB total=31.86 GiB)
ds4: ROCm q8 fp16 cache budget exhausted; using q8 kernels (request=64.00 MiB cached=0.00 GiB free=0.34 GiB reserve=1.59 GiB total=31.86 GiB)
ds4: ROCm q8 fp16 cache budget exhausted; using q8 kernels (request=64.00 MiB cached=0.00 GiB free=0.34 GiB reserve=1.59 GiB total=31.86 GiB)
ds4: ROCm q8 fp16 cache budget exhausted; using q8 kernels (request=64.00 MiB cached=0.00 GiB free=0.34 GiB reserve=1.59 GiB total=31.86 GiB)
ds4: ROCm q8 fp16 cache budget exhausted; using q8 kernels (request=64.00 MiB cached=0.00 GiB free=0.34 GiB reserve=1.59 GiB total=31.86 GiB)
ds4: ROCm q8 fp16 cache budget exhausted; using q8 kernels (request=64.00 MiB cached=0.00 GiB free=0.34 GiB reserve=1.59 GiB total=31.86 GiB)
ds4: ROCm q8 fp16 cache budget exhausted; using q8 kernels (request=64.00 MiB cached=0.00 GiB free=0.34 GiB reserve=1.59 GiB total=31.86 GiB)
ds4: ROCm q8 fp16 cache budget exhausted; using q8 kernels (request=64.00 MiB cached=0.00 GiB free=0.34 GiB reserve=1.59 GiB total=31.86 GiB)
ds4: ROCm q8 fp16 cache budget exhausted; using q8 kernels (request=64.00 MiB cached=0.00 GiB free=0.34 GiB reserve=1.59 GiB total=31.86 GiB)
ds4: ROCm q8 fp16 cache budget exhausted; using q8 kernels (request=64.00 MiB cached=0.00 GiB free=0.34 GiB reserve=1.59 GiB total=31.86 GiB)
ds4: ROCm q8 fp16 cache budget exhausted; using q8 kernels (request=64.00 MiB cached=0.00 GiB free=0.34 GiB reserve=1.59 GiB total=31.86 GiB)
ds4: ROCm q8 fp16 cache budget exhausted; using q8 kernels (request=64.00 MiB cached=0.00 GiB free=0.34 GiB reserve=1.59 GiB total=31.86 GiB)
ds4: ROCm q8 fp16 cache budget exhausted; using q8 kernels (request=64.00 MiB cached=0.00 GiB free=0.34 GiB reserve=1.59 GiB total=31.86 GiB)
ds4: ROCm q8 fp16 cache budget exhausted; using q8 kernels (request=64.00 MiB cached=0.00 GiB free=0.34 GiB reserve=1.59 GiB total=31.86 GiB)
ds4: ROCm q8 fp16 cache budget exhausted; using q8 kernels (request=64.00 MiB cached=0.00 GiB free=0.34 GiB reserve=1.59 GiB total=31.86 GiB)
ds4: ROCm q8 fp16 cache budget exhausted; using q8 kernels (request=64.00 MiB cached=0.00 GiB free=0.34 GiB reserve=1.59 GiB total=31.86 GiB)
ds4: ROCm q8 fp16 cache budget exhausted; using q8 kernels (request=64.00 MiB cached=0.00 GiB free=0.34 GiB reserve=1.59 GiB total=31.86 GiB)
ds4: ROCm q8 fp16 cache budget exhausted; using q8 kernels (request=64.00 MiB cached=0.00 GiB free=0.34 GiB reserve=1.59 GiB total=31.86 GiB)
ds4: ROCm q8 fp16 cache budget exhausted; using q8 kernels (request=64.00 MiB cached=0.00 GiB free=0.34 GiB reserve=1.59 GiB total=31.86 GiB)
ds4: ROCm q8 fp16 cache budget exhausted; using q8 kernels (request=64.00 MiB cached=0.00 GiB free=0.34 GiB reserve=1.59 GiB total=31.86 GiB)
case_060 cases=61 prompt=17 target=24 avg_nll=0.126647 lcp=3 api_target_mae=0.126647 api_top_coverage=97/120 api_top1=0.958 api_topn=0.289 api_pair=1.000
ds4: ROCm q8 fp16 cache budget exhausted; using q8 kernels (request=64.00 MiB cached=0.00 GiB free=0.34 GiB reserve=1.59 GiB total=31.86 GiB)
ds4: ROCm q8 fp16 cache budget exhausted; using q8 kernels (request=64.00 MiB cached=0.00 GiB free=0.34 GiB reserve=1.59 GiB total=31.86 GiB)
ds4: ROCm q8 fp16 cache budget exhausted; using q8 kernels (request=64.00 MiB cached=0.00 GiB free=0.34 GiB reserve=1.59 GiB total=31.86 GiB)
ds4: ROCm q8 fp16 cache budget exhausted; using q8 kernels (request=64.00 MiB cached=0.00 GiB free=0.34 GiB reserve=1.59 GiB total=31.86 GiB)
ds4: ROCm q8 fp16 cache budget exhausted; using q8 kernels (request=64.00 MiB cached=0.00 GiB free=0.34 GiB reserve=1.59 GiB total=31.86 GiB)
ds4: ROCm q8 fp16 cache budget exhausted; using q8 kernels (request=64.00 MiB cached=0.00 GiB free=0.34 GiB reserve=1.59 GiB total=31.86 GiB)
ds4: ROCm q8 fp16 cache budget exhausted; using q8 kernels (request=64.00 MiB cached=0.00 GiB free=0.34 GiB reserve=1.59 GiB total=31.86 GiB)
ds4: ROCm q8 fp16 cache budget exhausted; using q8 kernels (request=64.00 MiB cached=0.00 GiB free=0.34 GiB reserve=1.59 GiB total=31.86 GiB)
ds4: ROCm q8 fp16 cache budget exhausted; using q8 kernels (request=64.00 MiB cached=0.00 GiB free=0.34 GiB reserve=1.59 GiB total=31.86 GiB)
ds4: ROCm q8 fp16 cache budget exhausted; using q8 kernels (request=64.00 MiB cached=0.00 GiB free=0.34 GiB reserve=1.59 GiB total=31.86 GiB)
ds4: ROCm q8 fp16 cache budget exhausted; using q8 kernels (request=64.00 MiB cached=0.00 GiB free=0.34 GiB reserve=1.59 GiB total=31.86 GiB)
ds4: ROCm q8 fp16 cache budget exhausted; using q8 kernels (request=64.00 MiB cached=0.00 GiB free=0.34 GiB reserve=1.59 GiB total=31.86 GiB)
ds4: ROCm q8 fp16 cache budget exhausted; using q8 kernels (request=64.00 MiB cached=0.00 GiB free=0.34 GiB reserve=1.59 GiB total=31.86 GiB)
ds4: ROCm q8 fp16 cache budget exhausted; using q8 kernels (request=64.00 MiB cached=0.00 GiB free=0.34 GiB reserve=1.59 GiB total=31.86 GiB)
ds4: ROCm q8 fp16 cache budget exhausted; using q8 kernels (request=64.00 MiB cached=0.00 GiB free=0.34 GiB reserve=1.59 GiB total=31.86 GiB)
ds4: ROCm q8 fp16 cache budget exhausted; using q8 kernels (request=64.00 MiB cached=0.00 GiB free=0.34 GiB reserve=1.59 GiB total=31.86 GiB)
ds4: ROCm q8 fp16 cache budget exhausted; using q8 kernels (request=64.00 MiB cached=0.00 GiB free=0.34 GiB reserve=1.59 GiB total=31.86 GiB)
ds4: ROCm q8 fp16 cache budget exhausted; using q8 kernels (request=64.00 MiB cached=0.00 GiB free=0.34 GiB reserve=1.59 GiB total=31.86 GiB)
ds4: ROCm q8 fp16 cache budget exhausted; using q8 kernels (request=64.00 MiB cached=0.00 GiB free=0.34 GiB reserve=1.59 GiB total=31.86 GiB)
ds4: ROCm q8 fp16 cache budget exhausted; using q8 kernels (request=64.00 MiB cached=0.00 GiB free=0.34 GiB reserve=1.59 GiB total=31.86 GiB)
ds4: ROCm q8 fp16 cache budget exhausted; using q8 kernels (request=64.00 MiB cached=0.00 GiB free=0.34 GiB reserve=1.59 GiB total=31.86 GiB)
ds4: ROCm q8 fp16 cache budget exhausted; using q8 kernels (request=64.00 MiB cached=0.00 GiB free=0.34 GiB reserve=1.59 GiB total=31.86 GiB)
ds4: ROCm q8 fp16 cache budget exhausted; using q8 kernels (request=64.00 MiB cached=0.00 GiB free=0.34 GiB reserve=1.59 GiB total=31.86 GiB)
ds4: ROCm q8 fp16 cache budget exhausted; using q8 kernels (request=64.00 MiB cached=0.00 GiB free=0.34 GiB reserve=1.59 GiB total=31.86 GiB)
ds4: ROCm q8 fp16 cache budget exhausted; using q8 kernels (request=64.00 MiB cached=0.00 GiB free=0.34 GiB reserve=1.59 GiB total=31.86 GiB)
ds4: ROCm q8 fp16 cache budget exhausted; using q8 kernels (request=64.00 MiB cached=0.00 GiB free=0.34 GiB reserve=1.59 GiB total=31.86 GiB)
ds4: ROCm q8 fp16 cache budget exhausted; using q8 kernels (request=64.00 MiB cached=0.00 GiB free=0.34 GiB reserve=1.59 GiB total=31.86 GiB)
ds4: ROCm q8 fp16 cache budget exhausted; using q8 kernels (request=64.00 MiB cached=0.00 GiB free=0.34 GiB reserve=1.59 GiB total=31.86 GiB)
ds4: ROCm q8 fp16 cache budget exhausted; using q8 kernels (request=64.00 MiB cached=0.00 GiB free=0.34 GiB reserve=1.59 GiB total=31.86 GiB)
ds4: ROCm q8 fp16 cache budget exhausted; using q8 kernels (request=64.00 MiB cached=0.00 GiB free=0.34 GiB reserve=1.59 GiB total=31.86 GiB)
ds4: ROCm q8 fp16 cache budget exhausted; using q8 kernels (request=64.00 MiB cached=0.00 GiB free=0.34 GiB reserve=1.59 GiB total=31.86 GiB)
ds4: ROCm q8 fp16 cache budget exhausted; using q8 kernels (request=64.00 MiB cached=0.00 GiB free=0.34 GiB reserve=1.59 GiB total=31.86 GiB)
ds4: ROCm q8 fp16 cache budget exhausted; using q8 kernels (request=64.00 MiB cached=0.00 GiB free=0.34 GiB reserve=1.59 GiB total=31.86 GiB)
ds4: ROCm q8 fp16 cache budget exhausted; using q8 kernels (request=64.00 MiB cached=0.00 GiB free=0.34 GiB reserve=1.59 GiB total=31.86 GiB)
ds4: ROCm q8 fp16 cache budget exhausted; using q8 kernels (request=64.00 MiB cached=0.00 GiB free=0.34 GiB reserve=1.59 GiB total=31.86 GiB)
ds4: ROCm q8 fp16 cache budget exhausted; using q8 kernels (request=64.00 MiB cached=0.00 GiB free=0.34 GiB reserve=1.59 GiB total=31.86 GiB)
ds4: ROCm q8 fp16 cache budget exhausted; using q8 kernels (request=64.00 MiB cached=0.00 GiB free=0.34 GiB reserve=1.59 GiB total=31.86 GiB)
ds4: ROCm q8 fp16 cache budget exhausted; using q8 kernels (request=64.00 MiB cached=0.00 GiB free=0.34 GiB reserve=1.59 GiB total=31.86 GiB)
ds4: ROCm q8 fp16 cache budget exhausted; using q8 kernels (request=64.00 MiB cached=0.00 GiB free=0.34 GiB reserve=1.59 GiB total=31.86 GiB)
ds4: ROCm q8 fp16 cache budget exhausted; using q8 kernels (request=64.00 MiB cached=0.00 GiB free=0.34 GiB reserve=1.59 GiB total=31.86 GiB)
ds4: ROCm q8 fp16 cache budget exhausted; using q8 kernels (request=64.00 MiB cached=0.00 GiB free=0.34 GiB reserve=1.59 GiB total=31.86 GiB)
ds4: ROCm q8 fp16 cache budget exhausted; using q8 kernels (request=64.00 MiB cached=0.00 GiB free=0.34 GiB reserve=1.59 GiB total=31.86 GiB)
ds4: ROCm q8 fp16 cache budget exhausted; using q8 kernels (request=64.00 MiB cached=0.00 GiB free=0.34 GiB reserve=1.59 GiB total=31.86 GiB)
case_061 cases=62 prompt=16 target=24 avg_nll=0.998009 lcp=4 api_target_mae=0.998009 api_top_coverage=97/120 api_top1=0.625 api_topn=0.247 api_pair=1.000
ds4: ROCm q8 fp16 cache budget exhausted; using q8 kernels (request=64.00 MiB cached=0.00 GiB free=0.34 GiB reserve=1.59 GiB total=31.86 GiB)
ds4: ROCm q8 fp16 cache budget exhausted; using q8 kernels (request=64.00 MiB cached=0.00 GiB free=0.34 GiB reserve=1.59 GiB total=31.86 GiB)
ds4: ROCm q8 fp16 cache budget exhausted; using q8 kernels (request=64.00 MiB cached=0.00 GiB free=0.34 GiB reserve=1.59 GiB total=31.86 GiB)
ds4: ROCm q8 fp16 cache budget exhausted; using q8 kernels (request=64.00 MiB cached=0.00 GiB free=0.34 GiB reserve=1.59 GiB total=31.86 GiB)
ds4: ROCm q8 fp16 cache budget exhausted; using q8 kernels (request=64.00 MiB cached=0.00 GiB free=0.34 GiB reserve=1.59 GiB total=31.86 GiB)
ds4: ROCm q8 fp16 cache budget exhausted; using q8 kernels (request=64.00 MiB cached=0.00 GiB free=0.34 GiB reserve=1.59 GiB total=31.86 GiB)
ds4: ROCm q8 fp16 cache budget exhausted; using q8 kernels (request=64.00 MiB cached=0.00 GiB free=0.34 GiB reserve=1.59 GiB total=31.86 GiB)
ds4: ROCm q8 fp16 cache budget exhausted; using q8 kernels (request=64.00 MiB cached=0.00 GiB free=0.34 GiB reserve=1.59 GiB total=31.86 GiB)
ds4: ROCm q8 fp16 cache budget exhausted; using q8 kernels (request=64.00 MiB cached=0.00 GiB free=0.34 GiB reserve=1.59 GiB total=31.86 GiB)
ds4: ROCm q8 fp16 cache budget exhausted; using q8 kernels (request=64.00 MiB cached=0.00 GiB free=0.34 GiB reserve=1.59 GiB total=31.86 GiB)
ds4: ROCm q8 fp16 cache budget exhausted; using q8 kernels (request=64.00 MiB cached=0.00 GiB free=0.34 GiB reserve=1.59 GiB total=31.86 GiB)
ds4: ROCm q8 fp16 cache budget exhausted; using q8 kernels (request=64.00 MiB cached=0.00 GiB free=0.34 GiB reserve=1.59 GiB total=31.86 GiB)
ds4: ROCm q8 fp16 cache budget exhausted; using q8 kernels (request=64.00 MiB cached=0.00 GiB free=0.34 GiB reserve=1.59 GiB total=31.86 GiB)
ds4: ROCm q8 fp16 cache budget exhausted; using q8 kernels (request=64.00 MiB cached=0.00 GiB free=0.34 GiB reserve=1.59 GiB total=31.86 GiB)
ds4: ROCm q8 fp16 cache budget exhausted; using q8 kernels (request=64.00 MiB cached=0.00 GiB free=0.34 GiB reserve=1.59 GiB total=31.86 GiB)
ds4: ROCm q8 fp16 cache budget exhausted; using q8 kernels (request=64.00 MiB cached=0.00 GiB free=0.34 GiB reserve=1.59 GiB total=31.86 GiB)
ds4: ROCm q8 fp16 cache budget exhausted; using q8 kernels (request=64.00 MiB cached=0.00 GiB free=0.34 GiB reserve=1.59 GiB total=31.86 GiB)
ds4: ROCm q8 fp16 cache budget exhausted; using q8 kernels (request=64.00 MiB cached=0.00 GiB free=0.34 GiB reserve=1.59 GiB total=31.86 GiB)
ds4: ROCm q8 fp16 cache budget exhausted; using q8 kernels (request=64.00 MiB cached=0.00 GiB free=0.34 GiB reserve=1.59 GiB total=31.86 GiB)
ds4: ROCm q8 fp16 cache budget exhausted; using q8 kernels (request=64.00 MiB cached=0.00 GiB free=0.34 GiB reserve=1.59 GiB total=31.86 GiB)
ds4: ROCm q8 fp16 cache budget exhausted; using q8 kernels (request=64.00 MiB cached=0.00 GiB free=0.34 GiB reserve=1.59 GiB total=31.86 GiB)
ds4: ROCm q8 fp16 cache budget exhausted; using q8 kernels (request=64.00 MiB cached=0.00 GiB free=0.34 GiB reserve=1.59 GiB total=31.86 GiB)
ds4: ROCm q8 fp16 cache budget exhausted; using q8 kernels (request=64.00 MiB cached=0.00 GiB free=0.34 GiB reserve=1.59 GiB total=31.86 GiB)
ds4: ROCm q8 fp16 cache budget exhausted; using q8 kernels (request=64.00 MiB cached=0.00 GiB free=0.34 GiB reserve=1.59 GiB total=31.86 GiB)
ds4: ROCm q8 fp16 cache budget exhausted; using q8 kernels (request=64.00 MiB cached=0.00 GiB free=0.34 GiB reserve=1.59 GiB total=31.86 GiB)
ds4: ROCm q8 fp16 cache budget exhausted; using q8 kernels (request=64.00 MiB cached=0.00 GiB free=0.34 GiB reserve=1.59 GiB total=31.86 GiB)
ds4: ROCm q8 fp16 cache budget exhausted; using q8 kernels (request=64.00 MiB cached=0.00 GiB free=0.34 GiB reserve=1.59 GiB total=31.86 GiB)
ds4: ROCm q8 fp16 cache budget exhausted; using q8 kernels (request=64.00 MiB cached=0.00 GiB free=0.34 GiB reserve=1.59 GiB total=31.86 GiB)
ds4: ROCm q8 fp16 cache budget exhausted; using q8 kernels (request=64.00 MiB cached=0.00 GiB free=0.34 GiB reserve=1.59 GiB total=31.86 GiB)
ds4: ROCm q8 fp16 cache budget exhausted; using q8 kernels (request=64.00 MiB cached=0.00 GiB free=0.34 GiB reserve=1.59 GiB total=31.86 GiB)
ds4: ROCm q8 fp16 cache budget exhausted; using q8 kernels (request=64.00 MiB cached=0.00 GiB free=0.34 GiB reserve=1.59 GiB total=31.86 GiB)
ds4: ROCm q8 fp16 cache budget exhausted; using q8 kernels (request=64.00 MiB cached=0.00 GiB free=0.34 GiB reserve=1.59 GiB total=31.86 GiB)
ds4: ROCm q8 fp16 cache budget exhausted; using q8 kernels (request=64.00 MiB cached=0.00 GiB free=0.34 GiB reserve=1.59 GiB total=31.86 GiB)
ds4: ROCm q8 fp16 cache budget exhausted; using q8 kernels (request=64.00 MiB cached=0.00 GiB free=0.34 GiB reserve=1.59 GiB total=31.86 GiB)
ds4: ROCm q8 fp16 cache budget exhausted; using q8 kernels (request=64.00 MiB cached=0.00 GiB free=0.34 GiB reserve=1.59 GiB total=31.86 GiB)
ds4: ROCm q8 fp16 cache budget exhausted; using q8 kernels (request=64.00 MiB cached=0.00 GiB free=0.34 GiB reserve=1.59 GiB total=31.86 GiB)
ds4: ROCm q8 fp16 cache budget exhausted; using q8 kernels (request=64.00 MiB cached=0.00 GiB free=0.34 GiB reserve=1.59 GiB total=31.86 GiB)
ds4: ROCm q8 fp16 cache budget exhausted; using q8 kernels (request=64.00 MiB cached=0.00 GiB free=0.34 GiB reserve=1.59 GiB total=31.86 GiB)
ds4: ROCm q8 fp16 cache budget exhausted; using q8 kernels (request=64.00 MiB cached=0.00 GiB free=0.34 GiB reserve=1.59 GiB total=31.86 GiB)
ds4: ROCm q8 fp16 cache budget exhausted; using q8 kernels (request=64.00 MiB cached=0.00 GiB free=0.34 GiB reserve=1.59 GiB total=31.86 GiB)
ds4: ROCm q8 fp16 cache budget exhausted; using q8 kernels (request=64.00 MiB cached=0.00 GiB free=0.34 GiB reserve=1.59 GiB total=31.86 GiB)
ds4: ROCm q8 fp16 cache budget exhausted; using q8 kernels (request=64.00 MiB cached=0.00 GiB free=0.34 GiB reserve=1.59 GiB total=31.86 GiB)
ds4: ROCm q8 fp16 cache budget exhausted; using q8 kernels (request=64.00 MiB cached=0.00 GiB free=0.34 GiB reserve=1.59 GiB total=31.86 GiB)
case_062 cases=63 prompt=14 target=24 avg_nll=0.634906 lcp=13 api_target_mae=0.634906 api_top_coverage=97/120 api_top1=0.875 api_topn=0.278 api_pair=1.000
ds4: ROCm q8 fp16 cache budget exhausted; using q8 kernels (request=64.00 MiB cached=0.00 GiB free=0.34 GiB reserve=1.59 GiB total=31.86 GiB)
ds4: ROCm q8 fp16 cache budget exhausted; using q8 kernels (request=64.00 MiB cached=0.00 GiB free=0.34 GiB reserve=1.59 GiB total=31.86 GiB)
ds4: ROCm q8 fp16 cache budget exhausted; using q8 kernels (request=64.00 MiB cached=0.00 GiB free=0.34 GiB reserve=1.59 GiB total=31.86 GiB)
ds4: ROCm q8 fp16 cache budget exhausted; using q8 kernels (request=64.00 MiB cached=0.00 GiB free=0.34 GiB reserve=1.59 GiB total=31.86 GiB)
ds4: ROCm q8 fp16 cache budget exhausted; using q8 kernels (request=64.00 MiB cached=0.00 GiB free=0.34 GiB reserve=1.59 GiB total=31.86 GiB)
ds4: ROCm q8 fp16 cache budget exhausted; using q8 kernels (request=64.00 MiB cached=0.00 GiB free=0.34 GiB reserve=1.59 GiB total=31.86 GiB)
ds4: ROCm q8 fp16 cache budget exhausted; using q8 kernels (request=64.00 MiB cached=0.00 GiB free=0.34 GiB reserve=1.59 GiB total=31.86 GiB)
ds4: ROCm q8 fp16 cache budget exhausted; using q8 kernels (request=64.00 MiB cached=0.00 GiB free=0.34 GiB reserve=1.59 GiB total=31.86 GiB)
ds4: ROCm q8 fp16 cache budget exhausted; using q8 kernels (request=64.00 MiB cached=0.00 GiB free=0.34 GiB reserve=1.59 GiB total=31.86 GiB)
ds4: ROCm q8 fp16 cache budget exhausted; using q8 kernels (request=64.00 MiB cached=0.00 GiB free=0.34 GiB reserve=1.59 GiB total=31.86 GiB)
ds4: ROCm q8 fp16 cache budget exhausted; using q8 kernels (request=64.00 MiB cached=0.00 GiB free=0.34 GiB reserve=1.59 GiB total=31.86 GiB)
ds4: ROCm q8 fp16 cache budget exhausted; using q8 kernels (request=64.00 MiB cached=0.00 GiB free=0.34 GiB reserve=1.59 GiB total=31.86 GiB)
ds4: ROCm q8 fp16 cache budget exhausted; using q8 kernels (request=64.00 MiB cached=0.00 GiB free=0.34 GiB reserve=1.59 GiB total=31.86 GiB)
ds4: ROCm q8 fp16 cache budget exhausted; using q8 kernels (request=64.00 MiB cached=0.00 GiB free=0.34 GiB reserve=1.59 GiB total=31.86 GiB)
ds4: ROCm q8 fp16 cache budget exhausted; using q8 kernels (request=64.00 MiB cached=0.00 GiB free=0.34 GiB reserve=1.59 GiB total=31.86 GiB)
ds4: ROCm q8 fp16 cache budget exhausted; using q8 kernels (request=64.00 MiB cached=0.00 GiB free=0.34 GiB reserve=1.59 GiB total=31.86 GiB)
ds4: ROCm q8 fp16 cache budget exhausted; using q8 kernels (request=64.00 MiB cached=0.00 GiB free=0.34 GiB reserve=1.59 GiB total=31.86 GiB)
ds4: ROCm q8 fp16 cache budget exhausted; using q8 kernels (request=64.00 MiB cached=0.00 GiB free=0.34 GiB reserve=1.59 GiB total=31.86 GiB)
ds4: ROCm q8 fp16 cache budget exhausted; using q8 kernels (request=64.00 MiB cached=0.00 GiB free=0.34 GiB reserve=1.59 GiB total=31.86 GiB)
ds4: ROCm q8 fp16 cache budget exhausted; using q8 kernels (request=64.00 MiB cached=0.00 GiB free=0.34 GiB reserve=1.59 GiB total=31.86 GiB)
ds4: ROCm q8 fp16 cache budget exhausted; using q8 kernels (request=64.00 MiB cached=0.00 GiB free=0.34 GiB reserve=1.59 GiB total=31.86 GiB)
ds4: ROCm q8 fp16 cache budget exhausted; using q8 kernels (request=64.00 MiB cached=0.00 GiB free=0.34 GiB reserve=1.59 GiB total=31.86 GiB)
ds4: ROCm q8 fp16 cache budget exhausted; using q8 kernels (request=64.00 MiB cached=0.00 GiB free=0.34 GiB reserve=1.59 GiB total=31.86 GiB)
ds4: ROCm q8 fp16 cache budget exhausted; using q8 kernels (request=64.00 MiB cached=0.00 GiB free=0.34 GiB reserve=1.59 GiB total=31.86 GiB)
ds4: ROCm q8 fp16 cache budget exhausted; using q8 kernels (request=64.00 MiB cached=0.00 GiB free=0.34 GiB reserve=1.59 GiB total=31.86 GiB)
ds4: ROCm q8 fp16 cache budget exhausted; using q8 kernels (request=64.00 MiB cached=0.00 GiB free=0.34 GiB reserve=1.59 GiB total=31.86 GiB)
ds4: ROCm q8 fp16 cache budget exhausted; using q8 kernels (request=64.00 MiB cached=0.00 GiB free=0.34 GiB reserve=1.59 GiB total=31.86 GiB)
ds4: ROCm q8 fp16 cache budget exhausted; using q8 kernels (request=64.00 MiB cached=0.00 GiB free=0.34 GiB reserve=1.59 GiB total=31.86 GiB)
ds4: ROCm q8 fp16 cache budget exhausted; using q8 kernels (request=64.00 MiB cached=0.00 GiB free=0.34 GiB reserve=1.59 GiB total=31.86 GiB)
ds4: ROCm q8 fp16 cache budget exhausted; using q8 kernels (request=64.00 MiB cached=0.00 GiB free=0.34 GiB reserve=1.59 GiB total=31.86 GiB)
ds4: ROCm q8 fp16 cache budget exhausted; using q8 kernels (request=64.00 MiB cached=0.00 GiB free=0.34 GiB reserve=1.59 GiB total=31.86 GiB)
ds4: ROCm q8 fp16 cache budget exhausted; using q8 kernels (request=64.00 MiB cached=0.00 GiB free=0.34 GiB reserve=1.59 GiB total=31.86 GiB)
ds4: ROCm q8 fp16 cache budget exhausted; using q8 kernels (request=64.00 MiB cached=0.00 GiB free=0.34 GiB reserve=1.59 GiB total=31.86 GiB)
ds4: ROCm q8 fp16 cache budget exhausted; using q8 kernels (request=64.00 MiB cached=0.00 GiB free=0.34 GiB reserve=1.59 GiB total=31.86 GiB)
ds4: ROCm q8 fp16 cache budget exhausted; using q8 kernels (request=64.00 MiB cached=0.00 GiB free=0.34 GiB reserve=1.59 GiB total=31.86 GiB)
ds4: ROCm q8 fp16 cache budget exhausted; using q8 kernels (request=64.00 MiB cached=0.00 GiB free=0.34 GiB reserve=1.59 GiB total=31.86 GiB)
ds4: ROCm q8 fp16 cache budget exhausted; using q8 kernels (request=64.00 MiB cached=0.00 GiB free=0.34 GiB reserve=1.59 GiB total=31.86 GiB)
ds4: ROCm q8 fp16 cache budget exhausted; using q8 kernels (request=64.00 MiB cached=0.00 GiB free=0.34 GiB reserve=1.59 GiB total=31.86 GiB)
ds4: ROCm q8 fp16 cache budget exhausted; using q8 kernels (request=64.00 MiB cached=0.00 GiB free=0.34 GiB reserve=1.59 GiB total=31.86 GiB)
ds4: ROCm q8 fp16 cache budget exhausted; using q8 kernels (request=64.00 MiB cached=0.00 GiB free=0.34 GiB reserve=1.59 GiB total=31.86 GiB)
ds4: ROCm q8 fp16 cache budget exhausted; using q8 kernels (request=64.00 MiB cached=0.00 GiB free=0.34 GiB reserve=1.59 GiB total=31.86 GiB)
ds4: ROCm q8 fp16 cache budget exhausted; using q8 kernels (request=64.00 MiB cached=0.00 GiB free=0.34 GiB reserve=1.59 GiB total=31.86 GiB)
ds4: ROCm q8 fp16 cache budget exhausted; using q8 kernels (request=64.00 MiB cached=0.00 GiB free=0.34 GiB reserve=1.59 GiB total=31.86 GiB)
case_063 cases=64 prompt=15 target=24 avg_nll=0.511215 lcp=11 api_target_mae=0.511215 api_top_coverage=97/120 api_top1=0.792 api_topn=0.268 api_pair=1.000
ds4: ROCm q8 fp16 cache budget exhausted; using q8 kernels (request=64.00 MiB cached=0.00 GiB free=0.34 GiB reserve=1.59 GiB total=31.86 GiB)
ds4: ROCm q8 fp16 cache budget exhausted; using q8 kernels (request=64.00 MiB cached=0.00 GiB free=0.34 GiB reserve=1.59 GiB total=31.86 GiB)
ds4: ROCm q8 fp16 cache budget exhausted; using q8 kernels (request=64.00 MiB cached=0.00 GiB free=0.34 GiB reserve=1.59 GiB total=31.86 GiB)
ds4: ROCm q8 fp16 cache budget exhausted; using q8 kernels (request=64.00 MiB cached=0.00 GiB free=0.34 GiB reserve=1.59 GiB total=31.86 GiB)
ds4: ROCm q8 fp16 cache budget exhausted; using q8 kernels (request=64.00 MiB cached=0.00 GiB free=0.34 GiB reserve=1.59 GiB total=31.86 GiB)
ds4: ROCm q8 fp16 cache budget exhausted; using q8 kernels (request=64.00 MiB cached=0.00 GiB free=0.34 GiB reserve=1.59 GiB total=31.86 GiB)
ds4: ROCm q8 fp16 cache budget exhausted; using q8 kernels (request=64.00 MiB cached=0.00 GiB free=0.34 GiB reserve=1.59 GiB total=31.86 GiB)
ds4: ROCm q8 fp16 cache budget exhausted; using q8 kernels (request=64.00 MiB cached=0.00 GiB free=0.34 GiB reserve=1.59 GiB total=31.86 GiB)
ds4: ROCm q8 fp16 cache budget exhausted; using q8 kernels (request=64.00 MiB cached=0.00 GiB free=0.34 GiB reserve=1.59 GiB total=31.86 GiB)
ds4: ROCm q8 fp16 cache budget exhausted; using q8 kernels (request=64.00 MiB cached=0.00 GiB free=0.34 GiB reserve=1.59 GiB total=31.86 GiB)
ds4: ROCm q8 fp16 cache budget exhausted; using q8 kernels (request=64.00 MiB cached=0.00 GiB free=0.34 GiB reserve=1.59 GiB total=31.86 GiB)
ds4: ROCm q8 fp16 cache budget exhausted; using q8 kernels (request=64.00 MiB cached=0.00 GiB free=0.34 GiB reserve=1.59 GiB total=31.86 GiB)
ds4: ROCm q8 fp16 cache budget exhausted; using q8 kernels (request=64.00 MiB cached=0.00 GiB free=0.34 GiB reserve=1.59 GiB total=31.86 GiB)
ds4: ROCm q8 fp16 cache budget exhausted; using q8 kernels (request=64.00 MiB cached=0.00 GiB free=0.34 GiB reserve=1.59 GiB total=31.86 GiB)
ds4: ROCm q8 fp16 cache budget exhausted; using q8 kernels (request=64.00 MiB cached=0.00 GiB free=0.34 GiB reserve=1.59 GiB total=31.86 GiB)
ds4: ROCm q8 fp16 cache budget exhausted; using q8 kernels (request=64.00 MiB cached=0.00 GiB free=0.34 GiB reserve=1.59 GiB total=31.86 GiB)
ds4: ROCm q8 fp16 cache budget exhausted; using q8 kernels (request=64.00 MiB cached=0.00 GiB free=0.34 GiB reserve=1.59 GiB total=31.86 GiB)
ds4: ROCm q8 fp16 cache budget exhausted; using q8 kernels (request=64.00 MiB cached=0.00 GiB free=0.34 GiB reserve=1.59 GiB total=31.86 GiB)
ds4: ROCm q8 fp16 cache budget exhausted; using q8 kernels (request=64.00 MiB cached=0.00 GiB free=0.34 GiB reserve=1.59 GiB total=31.86 GiB)
ds4: ROCm q8 fp16 cache budget exhausted; using q8 kernels (request=64.00 MiB cached=0.00 GiB free=0.34 GiB reserve=1.59 GiB total=31.86 GiB)
ds4: ROCm q8 fp16 cache budget exhausted; using q8 kernels (request=64.00 MiB cached=0.00 GiB free=0.34 GiB reserve=1.59 GiB total=31.86 GiB)
ds4: ROCm q8 fp16 cache budget exhausted; using q8 kernels (request=64.00 MiB cached=0.00 GiB free=0.34 GiB reserve=1.59 GiB total=31.86 GiB)
ds4: ROCm q8 fp16 cache budget exhausted; using q8 kernels (request=64.00 MiB cached=0.00 GiB free=0.34 GiB reserve=1.59 GiB total=31.86 GiB)
ds4: ROCm q8 fp16 cache budget exhausted; using q8 kernels (request=64.00 MiB cached=0.00 GiB free=0.34 GiB reserve=1.59 GiB total=31.86 GiB)
ds4: ROCm q8 fp16 cache budget exhausted; using q8 kernels (request=64.00 MiB cached=0.00 GiB free=0.34 GiB reserve=1.59 GiB total=31.86 GiB)
ds4: ROCm q8 fp16 cache budget exhausted; using q8 kernels (request=64.00 MiB cached=0.00 GiB free=0.34 GiB reserve=1.59 GiB total=31.86 GiB)
ds4: ROCm q8 fp16 cache budget exhausted; using q8 kernels (request=64.00 MiB cached=0.00 GiB free=0.34 GiB reserve=1.59 GiB total=31.86 GiB)
ds4: ROCm q8 fp16 cache budget exhausted; using q8 kernels (request=64.00 MiB cached=0.00 GiB free=0.34 GiB reserve=1.59 GiB total=31.86 GiB)
ds4: ROCm q8 fp16 cache budget exhausted; using q8 kernels (request=64.00 MiB cached=0.00 GiB free=0.34 GiB reserve=1.59 GiB total=31.86 GiB)
ds4: ROCm q8 fp16 cache budget exhausted; using q8 kernels (request=64.00 MiB cached=0.00 GiB free=0.34 GiB reserve=1.59 GiB total=31.86 GiB)
ds4: ROCm q8 fp16 cache budget exhausted; using q8 kernels (request=64.00 MiB cached=0.00 GiB free=0.34 GiB reserve=1.59 GiB total=31.86 GiB)
ds4: ROCm q8 fp16 cache budget exhausted; using q8 kernels (request=64.00 MiB cached=0.00 GiB free=0.34 GiB reserve=1.59 GiB total=31.86 GiB)
ds4: ROCm q8 fp16 cache budget exhausted; using q8 kernels (request=64.00 MiB cached=0.00 GiB free=0.34 GiB reserve=1.59 GiB total=31.86 GiB)
ds4: ROCm q8 fp16 cache budget exhausted; using q8 kernels (request=64.00 MiB cached=0.00 GiB free=0.34 GiB reserve=1.59 GiB total=31.86 GiB)
ds4: ROCm q8 fp16 cache budget exhausted; using q8 kernels (request=64.00 MiB cached=0.00 GiB free=0.34 GiB reserve=1.59 GiB total=31.86 GiB)
ds4: ROCm q8 fp16 cache budget exhausted; using q8 kernels (request=64.00 MiB cached=0.00 GiB free=0.34 GiB reserve=1.59 GiB total=31.86 GiB)
ds4: ROCm q8 fp16 cache budget exhausted; using q8 kernels (request=64.00 MiB cached=0.00 GiB free=0.34 GiB reserve=1.59 GiB total=31.86 GiB)
ds4: ROCm q8 fp16 cache budget exhausted; using q8 kernels (request=64.00 MiB cached=0.00 GiB free=0.34 GiB reserve=1.59 GiB total=31.86 GiB)
ds4: ROCm q8 fp16 cache budget exhausted; using q8 kernels (request=64.00 MiB cached=0.00 GiB free=0.34 GiB reserve=1.59 GiB total=31.86 GiB)
ds4: ROCm q8 fp16 cache budget exhausted; using q8 kernels (request=64.00 MiB cached=0.00 GiB free=0.34 GiB reserve=1.59 GiB total=31.86 GiB)
ds4: ROCm q8 fp16 cache budget exhausted; using q8 kernels (request=64.00 MiB cached=0.00 GiB free=0.34 GiB reserve=1.59 GiB total=31.86 GiB)
ds4: ROCm q8 fp16 cache budget exhausted; using q8 kernels (request=64.00 MiB cached=0.00 GiB free=0.34 GiB reserve=1.59 GiB total=31.86 GiB)
ds4: ROCm q8 fp16 cache budget exhausted; using q8 kernels (request=64.00 MiB cached=0.00 GiB free=0.34 GiB reserve=1.59 GiB total=31.86 GiB)
case_064 cases=65 prompt=12 target=24 avg_nll=0.899952 lcp=3 api_target_mae=0.899952 api_top_coverage=97/120 api_top1=0.708 api_topn=0.258 api_pair=1.000
ds4: ROCm q8 fp16 cache budget exhausted; using q8 kernels (request=64.00 MiB cached=0.00 GiB free=0.34 GiB reserve=1.59 GiB total=31.86 GiB)
ds4: ROCm q8 fp16 cache budget exhausted; using q8 kernels (request=64.00 MiB cached=0.00 GiB free=0.34 GiB reserve=1.59 GiB total=31.86 GiB)
ds4: ROCm q8 fp16 cache budget exhausted; using q8 kernels (request=64.00 MiB cached=0.00 GiB free=0.34 GiB reserve=1.59 GiB total=31.86 GiB)
ds4: ROCm q8 fp16 cache budget exhausted; using q8 kernels (request=64.00 MiB cached=0.00 GiB free=0.34 GiB reserve=1.59 GiB total=31.86 GiB)
ds4: ROCm q8 fp16 cache budget exhausted; using q8 kernels (request=64.00 MiB cached=0.00 GiB free=0.34 GiB reserve=1.59 GiB total=31.86 GiB)
ds4: ROCm q8 fp16 cache budget exhausted; using q8 kernels (request=64.00 MiB cached=0.00 GiB free=0.34 GiB reserve=1.59 GiB total=31.86 GiB)
ds4: ROCm q8 fp16 cache budget exhausted; using q8 kernels (request=64.00 MiB cached=0.00 GiB free=0.34 GiB reserve=1.59 GiB total=31.86 GiB)
ds4: ROCm q8 fp16 cache budget exhausted; using q8 kernels (request=64.00 MiB cached=0.00 GiB free=0.34 GiB reserve=1.59 GiB total=31.86 GiB)
ds4: ROCm q8 fp16 cache budget exhausted; using q8 kernels (request=64.00 MiB cached=0.00 GiB free=0.34 GiB reserve=1.59 GiB total=31.86 GiB)
ds4: ROCm q8 fp16 cache budget exhausted; using q8 kernels (request=64.00 MiB cached=0.00 GiB free=0.34 GiB reserve=1.59 GiB total=31.86 GiB)
ds4: ROCm q8 fp16 cache budget exhausted; using q8 kernels (request=64.00 MiB cached=0.00 GiB free=0.34 GiB reserve=1.59 GiB total=31.86 GiB)
ds4: ROCm q8 fp16 cache budget exhausted; using q8 kernels (request=64.00 MiB cached=0.00 GiB free=0.34 GiB reserve=1.59 GiB total=31.86 GiB)
ds4: ROCm q8 fp16 cache budget exhausted; using q8 kernels (request=64.00 MiB cached=0.00 GiB free=0.34 GiB reserve=1.59 GiB total=31.86 GiB)
ds4: ROCm q8 fp16 cache budget exhausted; using q8 kernels (request=64.00 MiB cached=0.00 GiB free=0.34 GiB reserve=1.59 GiB total=31.86 GiB)
ds4: ROCm q8 fp16 cache budget exhausted; using q8 kernels (request=64.00 MiB cached=0.00 GiB free=0.34 GiB reserve=1.59 GiB total=31.86 GiB)
ds4: ROCm q8 fp16 cache budget exhausted; using q8 kernels (request=64.00 MiB cached=0.00 GiB free=0.34 GiB reserve=1.59 GiB total=31.86 GiB)
ds4: ROCm q8 fp16 cache budget exhausted; using q8 kernels (request=64.00 MiB cached=0.00 GiB free=0.34 GiB reserve=1.59 GiB total=31.86 GiB)
ds4: ROCm q8 fp16 cache budget exhausted; using q8 kernels (request=64.00 MiB cached=0.00 GiB free=0.34 GiB reserve=1.59 GiB total=31.86 GiB)
ds4: ROCm q8 fp16 cache budget exhausted; using q8 kernels (request=64.00 MiB cached=0.00 GiB free=0.34 GiB reserve=1.59 GiB total=31.86 GiB)
ds4: ROCm q8 fp16 cache budget exhausted; using q8 kernels (request=64.00 MiB cached=0.00 GiB free=0.34 GiB reserve=1.59 GiB total=31.86 GiB)
ds4: ROCm q8 fp16 cache budget exhausted; using q8 kernels (request=64.00 MiB cached=0.00 GiB free=0.34 GiB reserve=1.59 GiB total=31.86 GiB)
ds4: ROCm q8 fp16 cache budget exhausted; using q8 kernels (request=64.00 MiB cached=0.00 GiB free=0.34 GiB reserve=1.59 GiB total=31.86 GiB)
ds4: ROCm q8 fp16 cache budget exhausted; using q8 kernels (request=64.00 MiB cached=0.00 GiB free=0.34 GiB reserve=1.59 GiB total=31.86 GiB)
ds4: ROCm q8 fp16 cache budget exhausted; using q8 kernels (request=64.00 MiB cached=0.00 GiB free=0.34 GiB reserve=1.59 GiB total=31.86 GiB)
ds4: ROCm q8 fp16 cache budget exhausted; using q8 kernels (request=64.00 MiB cached=0.00 GiB free=0.34 GiB reserve=1.59 GiB total=31.86 GiB)
ds4: ROCm q8 fp16 cache budget exhausted; using q8 kernels (request=64.00 MiB cached=0.00 GiB free=0.34 GiB reserve=1.59 GiB total=31.86 GiB)
ds4: ROCm q8 fp16 cache budget exhausted; using q8 kernels (request=64.00 MiB cached=0.00 GiB free=0.34 GiB reserve=1.59 GiB total=31.86 GiB)
ds4: ROCm q8 fp16 cache budget exhausted; using q8 kernels (request=64.00 MiB cached=0.00 GiB free=0.34 GiB reserve=1.59 GiB total=31.86 GiB)
ds4: ROCm q8 fp16 cache budget exhausted; using q8 kernels (request=64.00 MiB cached=0.00 GiB free=0.34 GiB reserve=1.59 GiB total=31.86 GiB)
ds4: ROCm q8 fp16 cache budget exhausted; using q8 kernels (request=64.00 MiB cached=0.00 GiB free=0.34 GiB reserve=1.59 GiB total=31.86 GiB)
ds4: ROCm q8 fp16 cache budget exhausted; using q8 kernels (request=64.00 MiB cached=0.00 GiB free=0.34 GiB reserve=1.59 GiB total=31.86 GiB)
ds4: ROCm q8 fp16 cache budget exhausted; using q8 kernels (request=64.00 MiB cached=0.00 GiB free=0.34 GiB reserve=1.59 GiB total=31.86 GiB)
ds4: ROCm q8 fp16 cache budget exhausted; using q8 kernels (request=64.00 MiB cached=0.00 GiB free=0.34 GiB reserve=1.59 GiB total=31.86 GiB)
ds4: ROCm q8 fp16 cache budget exhausted; using q8 kernels (request=64.00 MiB cached=0.00 GiB free=0.34 GiB reserve=1.59 GiB total=31.86 GiB)
ds4: ROCm q8 fp16 cache budget exhausted; using q8 kernels (request=64.00 MiB cached=0.00 GiB free=0.34 GiB reserve=1.59 GiB total=31.86 GiB)
ds4: ROCm q8 fp16 cache budget exhausted; using q8 kernels (request=64.00 MiB cached=0.00 GiB free=0.34 GiB reserve=1.59 GiB total=31.86 GiB)
ds4: ROCm q8 fp16 cache budget exhausted; using q8 kernels (request=64.00 MiB cached=0.00 GiB free=0.34 GiB reserve=1.59 GiB total=31.86 GiB)
ds4: ROCm q8 fp16 cache budget exhausted; using q8 kernels (request=64.00 MiB cached=0.00 GiB free=0.34 GiB reserve=1.59 GiB total=31.86 GiB)
ds4: ROCm q8 fp16 cache budget exhausted; using q8 kernels (request=64.00 MiB cached=0.00 GiB free=0.34 GiB reserve=1.59 GiB total=31.86 GiB)
ds4: ROCm q8 fp16 cache budget exhausted; using q8 kernels (request=64.00 MiB cached=0.00 GiB free=0.34 GiB reserve=1.59 GiB total=31.86 GiB)
ds4: ROCm q8 fp16 cache budget exhausted; using q8 kernels (request=64.00 MiB cached=0.00 GiB free=0.34 GiB reserve=1.59 GiB total=31.86 GiB)
ds4: ROCm q8 fp16 cache budget exhausted; using q8 kernels (request=64.00 MiB cached=0.00 GiB free=0.34 GiB reserve=1.59 GiB total=31.86 GiB)
ds4: ROCm q8 fp16 cache budget exhausted; using q8 kernels (request=64.00 MiB cached=0.00 GiB free=0.34 GiB reserve=1.59 GiB total=31.86 GiB)
case_065 cases=66 prompt=15 target=24 avg_nll=0.718265 lcp=1 api_target_mae=0.718265 api_top_coverage=97/120 api_top1=0.833 api_topn=0.247 api_pair=1.000
ds4: ROCm q8 fp16 cache budget exhausted; using q8 kernels (request=64.00 MiB cached=0.00 GiB free=0.34 GiB reserve=1.59 GiB total=31.86 GiB)
ds4: ROCm q8 fp16 cache budget exhausted; using q8 kernels (request=64.00 MiB cached=0.00 GiB free=0.34 GiB reserve=1.59 GiB total=31.86 GiB)
ds4: ROCm q8 fp16 cache budget exhausted; using q8 kernels (request=64.00 MiB cached=0.00 GiB free=0.34 GiB reserve=1.59 GiB total=31.86 GiB)
ds4: ROCm q8 fp16 cache budget exhausted; using q8 kernels (request=64.00 MiB cached=0.00 GiB free=0.34 GiB reserve=1.59 GiB total=31.86 GiB)
ds4: ROCm q8 fp16 cache budget exhausted; using q8 kernels (request=64.00 MiB cached=0.00 GiB free=0.34 GiB reserve=1.59 GiB total=31.86 GiB)
ds4: ROCm q8 fp16 cache budget exhausted; using q8 kernels (request=64.00 MiB cached=0.00 GiB free=0.34 GiB reserve=1.59 GiB total=31.86 GiB)
ds4: ROCm q8 fp16 cache budget exhausted; using q8 kernels (request=64.00 MiB cached=0.00 GiB free=0.34 GiB reserve=1.59 GiB total=31.86 GiB)
ds4: ROCm q8 fp16 cache budget exhausted; using q8 kernels (request=64.00 MiB cached=0.00 GiB free=0.34 GiB reserve=1.59 GiB total=31.86 GiB)
ds4: ROCm q8 fp16 cache budget exhausted; using q8 kernels (request=64.00 MiB cached=0.00 GiB free=0.34 GiB reserve=1.59 GiB total=31.86 GiB)
ds4: ROCm q8 fp16 cache budget exhausted; using q8 kernels (request=64.00 MiB cached=0.00 GiB free=0.34 GiB reserve=1.59 GiB total=31.86 GiB)
ds4: ROCm q8 fp16 cache budget exhausted; using q8 kernels (request=64.00 MiB cached=0.00 GiB free=0.34 GiB reserve=1.59 GiB total=31.86 GiB)
ds4: ROCm q8 fp16 cache budget exhausted; using q8 kernels (request=64.00 MiB cached=0.00 GiB free=0.34 GiB reserve=1.59 GiB total=31.86 GiB)
ds4: ROCm q8 fp16 cache budget exhausted; using q8 kernels (request=64.00 MiB cached=0.00 GiB free=0.34 GiB reserve=1.59 GiB total=31.86 GiB)
ds4: ROCm q8 fp16 cache budget exhausted; using q8 kernels (request=64.00 MiB cached=0.00 GiB free=0.34 GiB reserve=1.59 GiB total=31.86 GiB)
ds4: ROCm q8 fp16 cache budget exhausted; using q8 kernels (request=64.00 MiB cached=0.00 GiB free=0.34 GiB reserve=1.59 GiB total=31.86 GiB)
ds4: ROCm q8 fp16 cache budget exhausted; using q8 kernels (request=64.00 MiB cached=0.00 GiB free=0.34 GiB reserve=1.59 GiB total=31.86 GiB)
ds4: ROCm q8 fp16 cache budget exhausted; using q8 kernels (request=64.00 MiB cached=0.00 GiB free=0.34 GiB reserve=1.59 GiB total=31.86 GiB)
ds4: ROCm q8 fp16 cache budget exhausted; using q8 kernels (request=64.00 MiB cached=0.00 GiB free=0.34 GiB reserve=1.59 GiB total=31.86 GiB)
ds4: ROCm q8 fp16 cache budget exhausted; using q8 kernels (request=64.00 MiB cached=0.00 GiB free=0.34 GiB reserve=1.59 GiB total=31.86 GiB)
ds4: ROCm q8 fp16 cache budget exhausted; using q8 kernels (request=64.00 MiB cached=0.00 GiB free=0.34 GiB reserve=1.59 GiB total=31.86 GiB)
ds4: ROCm q8 fp16 cache budget exhausted; using q8 kernels (request=64.00 MiB cached=0.00 GiB free=0.34 GiB reserve=1.59 GiB total=31.86 GiB)
ds4: ROCm q8 fp16 cache budget exhausted; using q8 kernels (request=64.00 MiB cached=0.00 GiB free=0.34 GiB reserve=1.59 GiB total=31.86 GiB)
ds4: ROCm q8 fp16 cache budget exhausted; using q8 kernels (request=64.00 MiB cached=0.00 GiB free=0.34 GiB reserve=1.59 GiB total=31.86 GiB)
ds4: ROCm q8 fp16 cache budget exhausted; using q8 kernels (request=64.00 MiB cached=0.00 GiB free=0.34 GiB reserve=1.59 GiB total=31.86 GiB)
ds4: ROCm q8 fp16 cache budget exhausted; using q8 kernels (request=64.00 MiB cached=0.00 GiB free=0.34 GiB reserve=1.59 GiB total=31.86 GiB)
ds4: ROCm q8 fp16 cache budget exhausted; using q8 kernels (request=64.00 MiB cached=0.00 GiB free=0.34 GiB reserve=1.59 GiB total=31.86 GiB)
ds4: ROCm q8 fp16 cache budget exhausted; using q8 kernels (request=64.00 MiB cached=0.00 GiB free=0.34 GiB reserve=1.59 GiB total=31.86 GiB)
ds4: ROCm q8 fp16 cache budget exhausted; using q8 kernels (request=64.00 MiB cached=0.00 GiB free=0.34 GiB reserve=1.59 GiB total=31.86 GiB)
ds4: ROCm q8 fp16 cache budget exhausted; using q8 kernels (request=64.00 MiB cached=0.00 GiB free=0.34 GiB reserve=1.59 GiB total=31.86 GiB)
ds4: ROCm q8 fp16 cache budget exhausted; using q8 kernels (request=64.00 MiB cached=0.00 GiB free=0.34 GiB reserve=1.59 GiB total=31.86 GiB)
ds4: ROCm q8 fp16 cache budget exhausted; using q8 kernels (request=64.00 MiB cached=0.00 GiB free=0.34 GiB reserve=1.59 GiB total=31.86 GiB)
ds4: ROCm q8 fp16 cache budget exhausted; using q8 kernels (request=64.00 MiB cached=0.00 GiB free=0.34 GiB reserve=1.59 GiB total=31.86 GiB)
ds4: ROCm q8 fp16 cache budget exhausted; using q8 kernels (request=64.00 MiB cached=0.00 GiB free=0.34 GiB reserve=1.59 GiB total=31.86 GiB)
ds4: ROCm q8 fp16 cache budget exhausted; using q8 kernels (request=64.00 MiB cached=0.00 GiB free=0.34 GiB reserve=1.59 GiB total=31.86 GiB)
ds4: ROCm q8 fp16 cache budget exhausted; using q8 kernels (request=64.00 MiB cached=0.00 GiB free=0.34 GiB reserve=1.59 GiB total=31.86 GiB)
ds4: ROCm q8 fp16 cache budget exhausted; using q8 kernels (request=64.00 MiB cached=0.00 GiB free=0.34 GiB reserve=1.59 GiB total=31.86 GiB)
ds4: ROCm q8 fp16 cache budget exhausted; using q8 kernels (request=64.00 MiB cached=0.00 GiB free=0.34 GiB reserve=1.59 GiB total=31.86 GiB)
ds4: ROCm q8 fp16 cache budget exhausted; using q8 kernels (request=64.00 MiB cached=0.00 GiB free=0.34 GiB reserve=1.59 GiB total=31.86 GiB)
ds4: ROCm q8 fp16 cache budget exhausted; using q8 kernels (request=64.00 MiB cached=0.00 GiB free=0.34 GiB reserve=1.59 GiB total=31.86 GiB)
ds4: ROCm q8 fp16 cache budget exhausted; using q8 kernels (request=64.00 MiB cached=0.00 GiB free=0.34 GiB reserve=1.59 GiB total=31.86 GiB)
ds4: ROCm q8 fp16 cache budget exhausted; using q8 kernels (request=64.00 MiB cached=0.00 GiB free=0.34 GiB reserve=1.59 GiB total=31.86 GiB)
ds4: ROCm q8 fp16 cache budget exhausted; using q8 kernels (request=64.00 MiB cached=0.00 GiB free=0.34 GiB reserve=1.59 GiB total=31.86 GiB)
ds4: ROCm q8 fp16 cache budget exhausted; using q8 kernels (request=64.00 MiB cached=0.00 GiB free=0.34 GiB reserve=1.59 GiB total=31.86 GiB)
case_066 cases=67 prompt=16 target=24 avg_nll=1.029360 lcp=4 api_target_mae=1.029360 api_top_coverage=99/120 api_top1=0.667 api_topn=0.263 api_pair=1.000
ds4: ROCm q8 fp16 cache budget exhausted; using q8 kernels (request=64.00 MiB cached=0.00 GiB free=0.34 GiB reserve=1.59 GiB total=31.86 GiB)
ds4: ROCm q8 fp16 cache budget exhausted; using q8 kernels (request=64.00 MiB cached=0.00 GiB free=0.34 GiB reserve=1.59 GiB total=31.86 GiB)
ds4: ROCm q8 fp16 cache budget exhausted; using q8 kernels (request=64.00 MiB cached=0.00 GiB free=0.34 GiB reserve=1.59 GiB total=31.86 GiB)
ds4: ROCm q8 fp16 cache budget exhausted; using q8 kernels (request=64.00 MiB cached=0.00 GiB free=0.34 GiB reserve=1.59 GiB total=31.86 GiB)
ds4: ROCm q8 fp16 cache budget exhausted; using q8 kernels (request=64.00 MiB cached=0.00 GiB free=0.34 GiB reserve=1.59 GiB total=31.86 GiB)
ds4: ROCm q8 fp16 cache budget exhausted; using q8 kernels (request=64.00 MiB cached=0.00 GiB free=0.34 GiB reserve=1.59 GiB total=31.86 GiB)
ds4: ROCm q8 fp16 cache budget exhausted; using q8 kernels (request=64.00 MiB cached=0.00 GiB free=0.34 GiB reserve=1.59 GiB total=31.86 GiB)
ds4: ROCm q8 fp16 cache budget exhausted; using q8 kernels (request=64.00 MiB cached=0.00 GiB free=0.34 GiB reserve=1.59 GiB total=31.86 GiB)
ds4: ROCm q8 fp16 cache budget exhausted; using q8 kernels (request=64.00 MiB cached=0.00 GiB free=0.34 GiB reserve=1.59 GiB total=31.86 GiB)
ds4: ROCm q8 fp16 cache budget exhausted; using q8 kernels (request=64.00 MiB cached=0.00 GiB free=0.34 GiB reserve=1.59 GiB total=31.86 GiB)
ds4: ROCm q8 fp16 cache budget exhausted; using q8 kernels (request=64.00 MiB cached=0.00 GiB free=0.34 GiB reserve=1.59 GiB total=31.86 GiB)
ds4: ROCm q8 fp16 cache budget exhausted; using q8 kernels (request=64.00 MiB cached=0.00 GiB free=0.34 GiB reserve=1.59 GiB total=31.86 GiB)
ds4: ROCm q8 fp16 cache budget exhausted; using q8 kernels (request=64.00 MiB cached=0.00 GiB free=0.34 GiB reserve=1.59 GiB total=31.86 GiB)
ds4: ROCm q8 fp16 cache budget exhausted; using q8 kernels (request=64.00 MiB cached=0.00 GiB free=0.34 GiB reserve=1.59 GiB total=31.86 GiB)
ds4: ROCm q8 fp16 cache budget exhausted; using q8 kernels (request=64.00 MiB cached=0.00 GiB free=0.34 GiB reserve=1.59 GiB total=31.86 GiB)
ds4: ROCm q8 fp16 cache budget exhausted; using q8 kernels (request=64.00 MiB cached=0.00 GiB free=0.34 GiB reserve=1.59 GiB total=31.86 GiB)
ds4: ROCm q8 fp16 cache budget exhausted; using q8 kernels (request=64.00 MiB cached=0.00 GiB free=0.34 GiB reserve=1.59 GiB total=31.86 GiB)
ds4: ROCm q8 fp16 cache budget exhausted; using q8 kernels (request=64.00 MiB cached=0.00 GiB free=0.34 GiB reserve=1.59 GiB total=31.86 GiB)
ds4: ROCm q8 fp16 cache budget exhausted; using q8 kernels (request=64.00 MiB cached=0.00 GiB free=0.34 GiB reserve=1.59 GiB total=31.86 GiB)
ds4: ROCm q8 fp16 cache budget exhausted; using q8 kernels (request=64.00 MiB cached=0.00 GiB free=0.34 GiB reserve=1.59 GiB total=31.86 GiB)
ds4: ROCm q8 fp16 cache budget exhausted; using q8 kernels (request=64.00 MiB cached=0.00 GiB free=0.34 GiB reserve=1.59 GiB total=31.86 GiB)
ds4: ROCm q8 fp16 cache budget exhausted; using q8 kernels (request=64.00 MiB cached=0.00 GiB free=0.34 GiB reserve=1.59 GiB total=31.86 GiB)
ds4: ROCm q8 fp16 cache budget exhausted; using q8 kernels (request=64.00 MiB cached=0.00 GiB free=0.34 GiB reserve=1.59 GiB total=31.86 GiB)
ds4: ROCm q8 fp16 cache budget exhausted; using q8 kernels (request=64.00 MiB cached=0.00 GiB free=0.34 GiB reserve=1.59 GiB total=31.86 GiB)
ds4: ROCm q8 fp16 cache budget exhausted; using q8 kernels (request=64.00 MiB cached=0.00 GiB free=0.34 GiB reserve=1.59 GiB total=31.86 GiB)
ds4: ROCm q8 fp16 cache budget exhausted; using q8 kernels (request=64.00 MiB cached=0.00 GiB free=0.34 GiB reserve=1.59 GiB total=31.86 GiB)
ds4: ROCm q8 fp16 cache budget exhausted; using q8 kernels (request=64.00 MiB cached=0.00 GiB free=0.34 GiB reserve=1.59 GiB total=31.86 GiB)
ds4: ROCm q8 fp16 cache budget exhausted; using q8 kernels (request=64.00 MiB cached=0.00 GiB free=0.34 GiB reserve=1.59 GiB total=31.86 GiB)
ds4: ROCm q8 fp16 cache budget exhausted; using q8 kernels (request=64.00 MiB cached=0.00 GiB free=0.34 GiB reserve=1.59 GiB total=31.86 GiB)
ds4: ROCm q8 fp16 cache budget exhausted; using q8 kernels (request=64.00 MiB cached=0.00 GiB free=0.34 GiB reserve=1.59 GiB total=31.86 GiB)
ds4: ROCm q8 fp16 cache budget exhausted; using q8 kernels (request=64.00 MiB cached=0.00 GiB free=0.34 GiB reserve=1.59 GiB total=31.86 GiB)
ds4: ROCm q8 fp16 cache budget exhausted; using q8 kernels (request=64.00 MiB cached=0.00 GiB free=0.34 GiB reserve=1.59 GiB total=31.86 GiB)
ds4: ROCm q8 fp16 cache budget exhausted; using q8 kernels (request=64.00 MiB cached=0.00 GiB free=0.34 GiB reserve=1.59 GiB total=31.86 GiB)
ds4: ROCm q8 fp16 cache budget exhausted; using q8 kernels (request=64.00 MiB cached=0.00 GiB free=0.34 GiB reserve=1.59 GiB total=31.86 GiB)
ds4: ROCm q8 fp16 cache budget exhausted; using q8 kernels (request=64.00 MiB cached=0.00 GiB free=0.34 GiB reserve=1.59 GiB total=31.86 GiB)
ds4: ROCm q8 fp16 cache budget exhausted; using q8 kernels (request=64.00 MiB cached=0.00 GiB free=0.34 GiB reserve=1.59 GiB total=31.86 GiB)
ds4: ROCm q8 fp16 cache budget exhausted; using q8 kernels (request=64.00 MiB cached=0.00 GiB free=0.34 GiB reserve=1.59 GiB total=31.86 GiB)
ds4: ROCm q8 fp16 cache budget exhausted; using q8 kernels (request=64.00 MiB cached=0.00 GiB free=0.34 GiB reserve=1.59 GiB total=31.86 GiB)
ds4: ROCm q8 fp16 cache budget exhausted; using q8 kernels (request=64.00 MiB cached=0.00 GiB free=0.34 GiB reserve=1.59 GiB total=31.86 GiB)
ds4: ROCm q8 fp16 cache budget exhausted; using q8 kernels (request=64.00 MiB cached=0.00 GiB free=0.34 GiB reserve=1.59 GiB total=31.86 GiB)
ds4: ROCm q8 fp16 cache budget exhausted; using q8 kernels (request=64.00 MiB cached=0.00 GiB free=0.34 GiB reserve=1.59 GiB total=31.86 GiB)
ds4: ROCm q8 fp16 cache budget exhausted; using q8 kernels (request=64.00 MiB cached=0.00 GiB free=0.34 GiB reserve=1.59 GiB total=31.86 GiB)
ds4: ROCm q8 fp16 cache budget exhausted; using q8 kernels (request=64.00 MiB cached=0.00 GiB free=0.34 GiB reserve=1.59 GiB total=31.86 GiB)
case_067 cases=68 prompt=17 target=24 avg_nll=0.437873 lcp=4 api_target_mae=0.437873 api_top_coverage=98/120 api_top1=0.792 api_topn=0.296 api_pair=1.000
ds4: ROCm q8 fp16 cache budget exhausted; using q8 kernels (request=64.00 MiB cached=0.00 GiB free=0.34 GiB reserve=1.59 GiB total=31.86 GiB)
ds4: ROCm q8 fp16 cache budget exhausted; using q8 kernels (request=64.00 MiB cached=0.00 GiB free=0.34 GiB reserve=1.59 GiB total=31.86 GiB)
ds4: ROCm q8 fp16 cache budget exhausted; using q8 kernels (request=64.00 MiB cached=0.00 GiB free=0.34 GiB reserve=1.59 GiB total=31.86 GiB)
ds4: ROCm q8 fp16 cache budget exhausted; using q8 kernels (request=64.00 MiB cached=0.00 GiB free=0.34 GiB reserve=1.59 GiB total=31.86 GiB)
ds4: ROCm q8 fp16 cache budget exhausted; using q8 kernels (request=64.00 MiB cached=0.00 GiB free=0.34 GiB reserve=1.59 GiB total=31.86 GiB)
ds4: ROCm q8 fp16 cache budget exhausted; using q8 kernels (request=64.00 MiB cached=0.00 GiB free=0.34 GiB reserve=1.59 GiB total=31.86 GiB)
ds4: ROCm q8 fp16 cache budget exhausted; using q8 kernels (request=64.00 MiB cached=0.00 GiB free=0.34 GiB reserve=1.59 GiB total=31.86 GiB)
ds4: ROCm q8 fp16 cache budget exhausted; using q8 kernels (request=64.00 MiB cached=0.00 GiB free=0.34 GiB reserve=1.59 GiB total=31.86 GiB)
ds4: ROCm q8 fp16 cache budget exhausted; using q8 kernels (request=64.00 MiB cached=0.00 GiB free=0.34 GiB reserve=1.59 GiB total=31.86 GiB)
ds4: ROCm q8 fp16 cache budget exhausted; using q8 kernels (request=64.00 MiB cached=0.00 GiB free=0.34 GiB reserve=1.59 GiB total=31.86 GiB)
ds4: ROCm q8 fp16 cache budget exhausted; using q8 kernels (request=64.00 MiB cached=0.00 GiB free=0.34 GiB reserve=1.59 GiB total=31.86 GiB)
ds4: ROCm q8 fp16 cache budget exhausted; using q8 kernels (request=64.00 MiB cached=0.00 GiB free=0.34 GiB reserve=1.59 GiB total=31.86 GiB)
ds4: ROCm q8 fp16 cache budget exhausted; using q8 kernels (request=64.00 MiB cached=0.00 GiB free=0.34 GiB reserve=1.59 GiB total=31.86 GiB)
ds4: ROCm q8 fp16 cache budget exhausted; using q8 kernels (request=64.00 MiB cached=0.00 GiB free=0.34 GiB reserve=1.59 GiB total=31.86 GiB)
ds4: ROCm q8 fp16 cache budget exhausted; using q8 kernels (request=64.00 MiB cached=0.00 GiB free=0.34 GiB reserve=1.59 GiB total=31.86 GiB)
ds4: ROCm q8 fp16 cache budget exhausted; using q8 kernels (request=64.00 MiB cached=0.00 GiB free=0.34 GiB reserve=1.59 GiB total=31.86 GiB)
ds4: ROCm q8 fp16 cache budget exhausted; using q8 kernels (request=64.00 MiB cached=0.00 GiB free=0.34 GiB reserve=1.59 GiB total=31.86 GiB)
ds4: ROCm q8 fp16 cache budget exhausted; using q8 kernels (request=64.00 MiB cached=0.00 GiB free=0.34 GiB reserve=1.59 GiB total=31.86 GiB)
ds4: ROCm q8 fp16 cache budget exhausted; using q8 kernels (request=64.00 MiB cached=0.00 GiB free=0.34 GiB reserve=1.59 GiB total=31.86 GiB)
ds4: ROCm q8 fp16 cache budget exhausted; using q8 kernels (request=64.00 MiB cached=0.00 GiB free=0.34 GiB reserve=1.59 GiB total=31.86 GiB)
ds4: ROCm q8 fp16 cache budget exhausted; using q8 kernels (request=64.00 MiB cached=0.00 GiB free=0.34 GiB reserve=1.59 GiB total=31.86 GiB)
ds4: ROCm q8 fp16 cache budget exhausted; using q8 kernels (request=64.00 MiB cached=0.00 GiB free=0.34 GiB reserve=1.59 GiB total=31.86 GiB)
ds4: ROCm q8 fp16 cache budget exhausted; using q8 kernels (request=64.00 MiB cached=0.00 GiB free=0.34 GiB reserve=1.59 GiB total=31.86 GiB)
ds4: ROCm q8 fp16 cache budget exhausted; using q8 kernels (request=64.00 MiB cached=0.00 GiB free=0.34 GiB reserve=1.59 GiB total=31.86 GiB)
ds4: ROCm q8 fp16 cache budget exhausted; using q8 kernels (request=64.00 MiB cached=0.00 GiB free=0.34 GiB reserve=1.59 GiB total=31.86 GiB)
ds4: ROCm q8 fp16 cache budget exhausted; using q8 kernels (request=64.00 MiB cached=0.00 GiB free=0.34 GiB reserve=1.59 GiB total=31.86 GiB)
ds4: ROCm q8 fp16 cache budget exhausted; using q8 kernels (request=64.00 MiB cached=0.00 GiB free=0.34 GiB reserve=1.59 GiB total=31.86 GiB)
ds4: ROCm q8 fp16 cache budget exhausted; using q8 kernels (request=64.00 MiB cached=0.00 GiB free=0.34 GiB reserve=1.59 GiB total=31.86 GiB)
ds4: ROCm q8 fp16 cache budget exhausted; using q8 kernels (request=64.00 MiB cached=0.00 GiB free=0.34 GiB reserve=1.59 GiB total=31.86 GiB)
ds4: ROCm q8 fp16 cache budget exhausted; using q8 kernels (request=64.00 MiB cached=0.00 GiB free=0.34 GiB reserve=1.59 GiB total=31.86 GiB)
ds4: ROCm q8 fp16 cache budget exhausted; using q8 kernels (request=64.00 MiB cached=0.00 GiB free=0.34 GiB reserve=1.59 GiB total=31.86 GiB)
ds4: ROCm q8 fp16 cache budget exhausted; using q8 kernels (request=64.00 MiB cached=0.00 GiB free=0.34 GiB reserve=1.59 GiB total=31.86 GiB)
ds4: ROCm q8 fp16 cache budget exhausted; using q8 kernels (request=64.00 MiB cached=0.00 GiB free=0.34 GiB reserve=1.59 GiB total=31.86 GiB)
ds4: ROCm q8 fp16 cache budget exhausted; using q8 kernels (request=64.00 MiB cached=0.00 GiB free=0.34 GiB reserve=1.59 GiB total=31.86 GiB)
ds4: ROCm q8 fp16 cache budget exhausted; using q8 kernels (request=64.00 MiB cached=0.00 GiB free=0.34 GiB reserve=1.59 GiB total=31.86 GiB)
ds4: ROCm q8 fp16 cache budget exhausted; using q8 kernels (request=64.00 MiB cached=0.00 GiB free=0.34 GiB reserve=1.59 GiB total=31.86 GiB)
ds4: ROCm q8 fp16 cache budget exhausted; using q8 kernels (request=64.00 MiB cached=0.00 GiB free=0.34 GiB reserve=1.59 GiB total=31.86 GiB)
ds4: ROCm q8 fp16 cache budget exhausted; using q8 kernels (request=64.00 MiB cached=0.00 GiB free=0.34 GiB reserve=1.59 GiB total=31.86 GiB)
ds4: ROCm q8 fp16 cache budget exhausted; using q8 kernels (request=64.00 MiB cached=0.00 GiB free=0.34 GiB reserve=1.59 GiB total=31.86 GiB)
ds4: ROCm q8 fp16 cache budget exhausted; using q8 kernels (request=64.00 MiB cached=0.00 GiB free=0.34 GiB reserve=1.59 GiB total=31.86 GiB)
ds4: ROCm q8 fp16 cache budget exhausted; using q8 kernels (request=64.00 MiB cached=0.00 GiB free=0.34 GiB reserve=1.59 GiB total=31.86 GiB)
ds4: ROCm q8 fp16 cache budget exhausted; using q8 kernels (request=64.00 MiB cached=0.00 GiB free=0.34 GiB reserve=1.59 GiB total=31.86 GiB)
ds4: ROCm q8 fp16 cache budget exhausted; using q8 kernels (request=64.00 MiB cached=0.00 GiB free=0.34 GiB reserve=1.59 GiB total=31.86 GiB)
case_068 cases=69 prompt=17 target=24 avg_nll=1.229177 lcp=3 api_target_mae=1.229177 api_top_coverage=99/120 api_top1=0.625 api_topn=0.242 api_pair=1.000
ds4: ROCm q8 fp16 cache budget exhausted; using q8 kernels (request=64.00 MiB cached=0.00 GiB free=0.34 GiB reserve=1.59 GiB total=31.86 GiB)
ds4: ROCm q8 fp16 cache budget exhausted; using q8 kernels (request=64.00 MiB cached=0.00 GiB free=0.34 GiB reserve=1.59 GiB total=31.86 GiB)
ds4: ROCm q8 fp16 cache budget exhausted; using q8 kernels (request=64.00 MiB cached=0.00 GiB free=0.34 GiB reserve=1.59 GiB total=31.86 GiB)
ds4: ROCm q8 fp16 cache budget exhausted; using q8 kernels (request=64.00 MiB cached=0.00 GiB free=0.34 GiB reserve=1.59 GiB total=31.86 GiB)
ds4: ROCm q8 fp16 cache budget exhausted; using q8 kernels (request=64.00 MiB cached=0.00 GiB free=0.34 GiB reserve=1.59 GiB total=31.86 GiB)
ds4: ROCm q8 fp16 cache budget exhausted; using q8 kernels (request=64.00 MiB cached=0.00 GiB free=0.34 GiB reserve=1.59 GiB total=31.86 GiB)
ds4: ROCm q8 fp16 cache budget exhausted; using q8 kernels (request=64.00 MiB cached=0.00 GiB free=0.34 GiB reserve=1.59 GiB total=31.86 GiB)
ds4: ROCm q8 fp16 cache budget exhausted; using q8 kernels (request=64.00 MiB cached=0.00 GiB free=0.34 GiB reserve=1.59 GiB total=31.86 GiB)
ds4: ROCm q8 fp16 cache budget exhausted; using q8 kernels (request=64.00 MiB cached=0.00 GiB free=0.34 GiB reserve=1.59 GiB total=31.86 GiB)
ds4: ROCm q8 fp16 cache budget exhausted; using q8 kernels (request=64.00 MiB cached=0.00 GiB free=0.34 GiB reserve=1.59 GiB total=31.86 GiB)
ds4: ROCm q8 fp16 cache budget exhausted; using q8 kernels (request=64.00 MiB cached=0.00 GiB free=0.34 GiB reserve=1.59 GiB total=31.86 GiB)
ds4: ROCm q8 fp16 cache budget exhausted; using q8 kernels (request=64.00 MiB cached=0.00 GiB free=0.34 GiB reserve=1.59 GiB total=31.86 GiB)
ds4: ROCm q8 fp16 cache budget exhausted; using q8 kernels (request=64.00 MiB cached=0.00 GiB free=0.34 GiB reserve=1.59 GiB total=31.86 GiB)
ds4: ROCm q8 fp16 cache budget exhausted; using q8 kernels (request=64.00 MiB cached=0.00 GiB free=0.34 GiB reserve=1.59 GiB total=31.86 GiB)
ds4: ROCm q8 fp16 cache budget exhausted; using q8 kernels (request=64.00 MiB cached=0.00 GiB free=0.34 GiB reserve=1.59 GiB total=31.86 GiB)
ds4: ROCm q8 fp16 cache budget exhausted; using q8 kernels (request=64.00 MiB cached=0.00 GiB free=0.34 GiB reserve=1.59 GiB total=31.86 GiB)
ds4: ROCm q8 fp16 cache budget exhausted; using q8 kernels (request=64.00 MiB cached=0.00 GiB free=0.34 GiB reserve=1.59 GiB total=31.86 GiB)
ds4: ROCm q8 fp16 cache budget exhausted; using q8 kernels (request=64.00 MiB cached=0.00 GiB free=0.34 GiB reserve=1.59 GiB total=31.86 GiB)
ds4: ROCm q8 fp16 cache budget exhausted; using q8 kernels (request=64.00 MiB cached=0.00 GiB free=0.34 GiB reserve=1.59 GiB total=31.86 GiB)
ds4: ROCm q8 fp16 cache budget exhausted; using q8 kernels (request=64.00 MiB cached=0.00 GiB free=0.34 GiB reserve=1.59 GiB total=31.86 GiB)
ds4: ROCm q8 fp16 cache budget exhausted; using q8 kernels (request=64.00 MiB cached=0.00 GiB free=0.34 GiB reserve=1.59 GiB total=31.86 GiB)
ds4: ROCm q8 fp16 cache budget exhausted; using q8 kernels (request=64.00 MiB cached=0.00 GiB free=0.34 GiB reserve=1.59 GiB total=31.86 GiB)
ds4: ROCm q8 fp16 cache budget exhausted; using q8 kernels (request=64.00 MiB cached=0.00 GiB free=0.34 GiB reserve=1.59 GiB total=31.86 GiB)
ds4: ROCm q8 fp16 cache budget exhausted; using q8 kernels (request=64.00 MiB cached=0.00 GiB free=0.34 GiB reserve=1.59 GiB total=31.86 GiB)
ds4: ROCm q8 fp16 cache budget exhausted; using q8 kernels (request=64.00 MiB cached=0.00 GiB free=0.34 GiB reserve=1.59 GiB total=31.86 GiB)
ds4: ROCm q8 fp16 cache budget exhausted; using q8 kernels (request=64.00 MiB cached=0.00 GiB free=0.34 GiB reserve=1.59 GiB total=31.86 GiB)
ds4: ROCm q8 fp16 cache budget exhausted; using q8 kernels (request=64.00 MiB cached=0.00 GiB free=0.34 GiB reserve=1.59 GiB total=31.86 GiB)
ds4: ROCm q8 fp16 cache budget exhausted; using q8 kernels (request=64.00 MiB cached=0.00 GiB free=0.34 GiB reserve=1.59 GiB total=31.86 GiB)
ds4: ROCm q8 fp16 cache budget exhausted; using q8 kernels (request=64.00 MiB cached=0.00 GiB free=0.34 GiB reserve=1.59 GiB total=31.86 GiB)
ds4: ROCm q8 fp16 cache budget exhausted; using q8 kernels (request=64.00 MiB cached=0.00 GiB free=0.34 GiB reserve=1.59 GiB total=31.86 GiB)
ds4: ROCm q8 fp16 cache budget exhausted; using q8 kernels (request=64.00 MiB cached=0.00 GiB free=0.34 GiB reserve=1.59 GiB total=31.86 GiB)
ds4: ROCm q8 fp16 cache budget exhausted; using q8 kernels (request=64.00 MiB cached=0.00 GiB free=0.34 GiB reserve=1.59 GiB total=31.86 GiB)
ds4: ROCm q8 fp16 cache budget exhausted; using q8 kernels (request=64.00 MiB cached=0.00 GiB free=0.34 GiB reserve=1.59 GiB total=31.86 GiB)
ds4: ROCm q8 fp16 cache budget exhausted; using q8 kernels (request=64.00 MiB cached=0.00 GiB free=0.34 GiB reserve=1.59 GiB total=31.86 GiB)
ds4: ROCm q8 fp16 cache budget exhausted; using q8 kernels (request=64.00 MiB cached=0.00 GiB free=0.34 GiB reserve=1.59 GiB total=31.86 GiB)
ds4: ROCm q8 fp16 cache budget exhausted; using q8 kernels (request=64.00 MiB cached=0.00 GiB free=0.34 GiB reserve=1.59 GiB total=31.86 GiB)
ds4: ROCm q8 fp16 cache budget exhausted; using q8 kernels (request=64.00 MiB cached=0.00 GiB free=0.34 GiB reserve=1.59 GiB total=31.86 GiB)
ds4: ROCm q8 fp16 cache budget exhausted; using q8 kernels (request=64.00 MiB cached=0.00 GiB free=0.34 GiB reserve=1.59 GiB total=31.86 GiB)
ds4: ROCm q8 fp16 cache budget exhausted; using q8 kernels (request=64.00 MiB cached=0.00 GiB free=0.34 GiB reserve=1.59 GiB total=31.86 GiB)
ds4: ROCm q8 fp16 cache budget exhausted; using q8 kernels (request=64.00 MiB cached=0.00 GiB free=0.34 GiB reserve=1.59 GiB total=31.86 GiB)
ds4: ROCm q8 fp16 cache budget exhausted; using q8 kernels (request=64.00 MiB cached=0.00 GiB free=0.34 GiB reserve=1.59 GiB total=31.86 GiB)
ds4: ROCm q8 fp16 cache budget exhausted; using q8 kernels (request=64.00 MiB cached=0.00 GiB free=0.34 GiB reserve=1.59 GiB total=31.86 GiB)
ds4: ROCm q8 fp16 cache budget exhausted; using q8 kernels (request=64.00 MiB cached=0.00 GiB free=0.34 GiB reserve=1.59 GiB total=31.86 GiB)
case_069 cases=70 prompt=18 target=24 avg_nll=0.882297 lcp=1 api_target_mae=0.882297 api_top_coverage=99/120 api_top1=0.708 api_topn=0.283 api_pair=1.000
ds4: ROCm q8 fp16 cache budget exhausted; using q8 kernels (request=64.00 MiB cached=0.00 GiB free=0.34 GiB reserve=1.59 GiB total=31.86 GiB)
ds4: ROCm q8 fp16 cache budget exhausted; using q8 kernels (request=64.00 MiB cached=0.00 GiB free=0.34 GiB reserve=1.59 GiB total=31.86 GiB)
ds4: ROCm q8 fp16 cache budget exhausted; using q8 kernels (request=64.00 MiB cached=0.00 GiB free=0.34 GiB reserve=1.59 GiB total=31.86 GiB)
ds4: ROCm q8 fp16 cache budget exhausted; using q8 kernels (request=64.00 MiB cached=0.00 GiB free=0.34 GiB reserve=1.59 GiB total=31.86 GiB)
ds4: ROCm q8 fp16 cache budget exhausted; using q8 kernels (request=64.00 MiB cached=0.00 GiB free=0.34 GiB reserve=1.59 GiB total=31.86 GiB)
ds4: ROCm q8 fp16 cache budget exhausted; using q8 kernels (request=64.00 MiB cached=0.00 GiB free=0.34 GiB reserve=1.59 GiB total=31.86 GiB)
ds4: ROCm q8 fp16 cache budget exhausted; using q8 kernels (request=64.00 MiB cached=0.00 GiB free=0.34 GiB reserve=1.59 GiB total=31.86 GiB)
ds4: ROCm q8 fp16 cache budget exhausted; using q8 kernels (request=64.00 MiB cached=0.00 GiB free=0.34 GiB reserve=1.59 GiB total=31.86 GiB)
ds4: ROCm q8 fp16 cache budget exhausted; using q8 kernels (request=64.00 MiB cached=0.00 GiB free=0.34 GiB reserve=1.59 GiB total=31.86 GiB)
ds4: ROCm q8 fp16 cache budget exhausted; using q8 kernels (request=64.00 MiB cached=0.00 GiB free=0.34 GiB reserve=1.59 GiB total=31.86 GiB)
ds4: ROCm q8 fp16 cache budget exhausted; using q8 kernels (request=64.00 MiB cached=0.00 GiB free=0.34 GiB reserve=1.59 GiB total=31.86 GiB)
ds4: ROCm q8 fp16 cache budget exhausted; using q8 kernels (request=64.00 MiB cached=0.00 GiB free=0.34 GiB reserve=1.59 GiB total=31.86 GiB)
ds4: ROCm q8 fp16 cache budget exhausted; using q8 kernels (request=64.00 MiB cached=0.00 GiB free=0.34 GiB reserve=1.59 GiB total=31.86 GiB)
ds4: ROCm q8 fp16 cache budget exhausted; using q8 kernels (request=64.00 MiB cached=0.00 GiB free=0.34 GiB reserve=1.59 GiB total=31.86 GiB)
ds4: ROCm q8 fp16 cache budget exhausted; using q8 kernels (request=64.00 MiB cached=0.00 GiB free=0.34 GiB reserve=1.59 GiB total=31.86 GiB)
ds4: ROCm q8 fp16 cache budget exhausted; using q8 kernels (request=64.00 MiB cached=0.00 GiB free=0.34 GiB reserve=1.59 GiB total=31.86 GiB)
ds4: ROCm q8 fp16 cache budget exhausted; using q8 kernels (request=64.00 MiB cached=0.00 GiB free=0.34 GiB reserve=1.59 GiB total=31.86 GiB)
ds4: ROCm q8 fp16 cache budget exhausted; using q8 kernels (request=64.00 MiB cached=0.00 GiB free=0.34 GiB reserve=1.59 GiB total=31.86 GiB)
ds4: ROCm q8 fp16 cache budget exhausted; using q8 kernels (request=64.00 MiB cached=0.00 GiB free=0.34 GiB reserve=1.59 GiB total=31.86 GiB)
ds4: ROCm q8 fp16 cache budget exhausted; using q8 kernels (request=64.00 MiB cached=0.00 GiB free=0.34 GiB reserve=1.59 GiB total=31.86 GiB)
ds4: ROCm q8 fp16 cache budget exhausted; using q8 kernels (request=64.00 MiB cached=0.00 GiB free=0.34 GiB reserve=1.59 GiB total=31.86 GiB)
ds4: ROCm q8 fp16 cache budget exhausted; using q8 kernels (request=64.00 MiB cached=0.00 GiB free=0.34 GiB reserve=1.59 GiB total=31.86 GiB)
ds4: ROCm q8 fp16 cache budget exhausted; using q8 kernels (request=64.00 MiB cached=0.00 GiB free=0.34 GiB reserve=1.59 GiB total=31.86 GiB)
ds4: ROCm q8 fp16 cache budget exhausted; using q8 kernels (request=64.00 MiB cached=0.00 GiB free=0.34 GiB reserve=1.59 GiB total=31.86 GiB)
ds4: ROCm q8 fp16 cache budget exhausted; using q8 kernels (request=64.00 MiB cached=0.00 GiB free=0.34 GiB reserve=1.59 GiB total=31.86 GiB)
ds4: ROCm q8 fp16 cache budget exhausted; using q8 kernels (request=64.00 MiB cached=0.00 GiB free=0.34 GiB reserve=1.59 GiB total=31.86 GiB)
ds4: ROCm q8 fp16 cache budget exhausted; using q8 kernels (request=64.00 MiB cached=0.00 GiB free=0.34 GiB reserve=1.59 GiB total=31.86 GiB)
ds4: ROCm q8 fp16 cache budget exhausted; using q8 kernels (request=64.00 MiB cached=0.00 GiB free=0.34 GiB reserve=1.59 GiB total=31.86 GiB)
ds4: ROCm q8 fp16 cache budget exhausted; using q8 kernels (request=64.00 MiB cached=0.00 GiB free=0.34 GiB reserve=1.59 GiB total=31.86 GiB)
ds4: ROCm q8 fp16 cache budget exhausted; using q8 kernels (request=64.00 MiB cached=0.00 GiB free=0.34 GiB reserve=1.59 GiB total=31.86 GiB)
ds4: ROCm q8 fp16 cache budget exhausted; using q8 kernels (request=64.00 MiB cached=0.00 GiB free=0.34 GiB reserve=1.59 GiB total=31.86 GiB)
ds4: ROCm q8 fp16 cache budget exhausted; using q8 kernels (request=64.00 MiB cached=0.00 GiB free=0.34 GiB reserve=1.59 GiB total=31.86 GiB)
ds4: ROCm q8 fp16 cache budget exhausted; using q8 kernels (request=64.00 MiB cached=0.00 GiB free=0.34 GiB reserve=1.59 GiB total=31.86 GiB)
ds4: ROCm q8 fp16 cache budget exhausted; using q8 kernels (request=64.00 MiB cached=0.00 GiB free=0.34 GiB reserve=1.59 GiB total=31.86 GiB)
ds4: ROCm q8 fp16 cache budget exhausted; using q8 kernels (request=64.00 MiB cached=0.00 GiB free=0.34 GiB reserve=1.59 GiB total=31.86 GiB)
ds4: ROCm q8 fp16 cache budget exhausted; using q8 kernels (request=64.00 MiB cached=0.00 GiB free=0.34 GiB reserve=1.59 GiB total=31.86 GiB)
ds4: ROCm q8 fp16 cache budget exhausted; using q8 kernels (request=64.00 MiB cached=0.00 GiB free=0.34 GiB reserve=1.59 GiB total=31.86 GiB)
ds4: ROCm q8 fp16 cache budget exhausted; using q8 kernels (request=64.00 MiB cached=0.00 GiB free=0.34 GiB reserve=1.59 GiB total=31.86 GiB)
ds4: ROCm q8 fp16 cache budget exhausted; using q8 kernels (request=64.00 MiB cached=0.00 GiB free=0.34 GiB reserve=1.59 GiB total=31.86 GiB)
ds4: ROCm q8 fp16 cache budget exhausted; using q8 kernels (request=64.00 MiB cached=0.00 GiB free=0.34 GiB reserve=1.59 GiB total=31.86 GiB)
ds4: ROCm q8 fp16 cache budget exhausted; using q8 kernels (request=64.00 MiB cached=0.00 GiB free=0.34 GiB reserve=1.59 GiB total=31.86 GiB)
ds4: ROCm q8 fp16 cache budget exhausted; using q8 kernels (request=64.00 MiB cached=0.00 GiB free=0.34 GiB reserve=1.59 GiB total=31.86 GiB)
ds4: ROCm q8 fp16 cache budget exhausted; using q8 kernels (request=64.00 MiB cached=0.00 GiB free=0.34 GiB reserve=1.59 GiB total=31.86 GiB)
case_070 cases=71 prompt=24 target=24 avg_nll=0.722877 lcp=3 api_target_mae=0.722877 api_top_coverage=97/120 api_top1=0.792 api_topn=0.268 api_pair=1.000
ds4: ROCm q8 fp16 cache budget exhausted; using q8 kernels (request=64.00 MiB cached=0.00 GiB free=0.34 GiB reserve=1.59 GiB total=31.86 GiB)
ds4: ROCm q8 fp16 cache budget exhausted; using q8 kernels (request=64.00 MiB cached=0.00 GiB free=0.34 GiB reserve=1.59 GiB total=31.86 GiB)
ds4: ROCm q8 fp16 cache budget exhausted; using q8 kernels (request=64.00 MiB cached=0.00 GiB free=0.34 GiB reserve=1.59 GiB total=31.86 GiB)
ds4: ROCm q8 fp16 cache budget exhausted; using q8 kernels (request=64.00 MiB cached=0.00 GiB free=0.34 GiB reserve=1.59 GiB total=31.86 GiB)
ds4: ROCm q8 fp16 cache budget exhausted; using q8 kernels (request=64.00 MiB cached=0.00 GiB free=0.34 GiB reserve=1.59 GiB total=31.86 GiB)
ds4: ROCm q8 fp16 cache budget exhausted; using q8 kernels (request=64.00 MiB cached=0.00 GiB free=0.34 GiB reserve=1.59 GiB total=31.86 GiB)
ds4: ROCm q8 fp16 cache budget exhausted; using q8 kernels (request=64.00 MiB cached=0.00 GiB free=0.34 GiB reserve=1.59 GiB total=31.86 GiB)
ds4: ROCm q8 fp16 cache budget exhausted; using q8 kernels (request=64.00 MiB cached=0.00 GiB free=0.34 GiB reserve=1.59 GiB total=31.86 GiB)
ds4: ROCm q8 fp16 cache budget exhausted; using q8 kernels (request=64.00 MiB cached=0.00 GiB free=0.34 GiB reserve=1.59 GiB total=31.86 GiB)
ds4: ROCm q8 fp16 cache budget exhausted; using q8 kernels (request=64.00 MiB cached=0.00 GiB free=0.34 GiB reserve=1.59 GiB total=31.86 GiB)
ds4: ROCm q8 fp16 cache budget exhausted; using q8 kernels (request=64.00 MiB cached=0.00 GiB free=0.34 GiB reserve=1.59 GiB total=31.86 GiB)
ds4: ROCm q8 fp16 cache budget exhausted; using q8 kernels (request=64.00 MiB cached=0.00 GiB free=0.34 GiB reserve=1.59 GiB total=31.86 GiB)
ds4: ROCm q8 fp16 cache budget exhausted; using q8 kernels (request=64.00 MiB cached=0.00 GiB free=0.34 GiB reserve=1.59 GiB total=31.86 GiB)
ds4: ROCm q8 fp16 cache budget exhausted; using q8 kernels (request=64.00 MiB cached=0.00 GiB free=0.34 GiB reserve=1.59 GiB total=31.86 GiB)
ds4: ROCm q8 fp16 cache budget exhausted; using q8 kernels (request=64.00 MiB cached=0.00 GiB free=0.34 GiB reserve=1.59 GiB total=31.86 GiB)
ds4: ROCm q8 fp16 cache budget exhausted; using q8 kernels (request=64.00 MiB cached=0.00 GiB free=0.34 GiB reserve=1.59 GiB total=31.86 GiB)
ds4: ROCm q8 fp16 cache budget exhausted; using q8 kernels (request=64.00 MiB cached=0.00 GiB free=0.34 GiB reserve=1.59 GiB total=31.86 GiB)
ds4: ROCm q8 fp16 cache budget exhausted; using q8 kernels (request=64.00 MiB cached=0.00 GiB free=0.34 GiB reserve=1.59 GiB total=31.86 GiB)
ds4: ROCm q8 fp16 cache budget exhausted; using q8 kernels (request=64.00 MiB cached=0.00 GiB free=0.34 GiB reserve=1.59 GiB total=31.86 GiB)
ds4: ROCm q8 fp16 cache budget exhausted; using q8 kernels (request=64.00 MiB cached=0.00 GiB free=0.34 GiB reserve=1.59 GiB total=31.86 GiB)
ds4: ROCm q8 fp16 cache budget exhausted; using q8 kernels (request=64.00 MiB cached=0.00 GiB free=0.34 GiB reserve=1.59 GiB total=31.86 GiB)
ds4: ROCm q8 fp16 cache budget exhausted; using q8 kernels (request=64.00 MiB cached=0.00 GiB free=0.34 GiB reserve=1.59 GiB total=31.86 GiB)
ds4: ROCm q8 fp16 cache budget exhausted; using q8 kernels (request=64.00 MiB cached=0.00 GiB free=0.34 GiB reserve=1.59 GiB total=31.86 GiB)
ds4: ROCm q8 fp16 cache budget exhausted; using q8 kernels (request=64.00 MiB cached=0.00 GiB free=0.34 GiB reserve=1.59 GiB total=31.86 GiB)
ds4: ROCm q8 fp16 cache budget exhausted; using q8 kernels (request=64.00 MiB cached=0.00 GiB free=0.34 GiB reserve=1.59 GiB total=31.86 GiB)
ds4: ROCm q8 fp16 cache budget exhausted; using q8 kernels (request=64.00 MiB cached=0.00 GiB free=0.34 GiB reserve=1.59 GiB total=31.86 GiB)
ds4: ROCm q8 fp16 cache budget exhausted; using q8 kernels (request=64.00 MiB cached=0.00 GiB free=0.34 GiB reserve=1.59 GiB total=31.86 GiB)
ds4: ROCm q8 fp16 cache budget exhausted; using q8 kernels (request=64.00 MiB cached=0.00 GiB free=0.34 GiB reserve=1.59 GiB total=31.86 GiB)
ds4: ROCm q8 fp16 cache budget exhausted; using q8 kernels (request=64.00 MiB cached=0.00 GiB free=0.34 GiB reserve=1.59 GiB total=31.86 GiB)
ds4: ROCm q8 fp16 cache budget exhausted; using q8 kernels (request=64.00 MiB cached=0.00 GiB free=0.34 GiB reserve=1.59 GiB total=31.86 GiB)
ds4: ROCm q8 fp16 cache budget exhausted; using q8 kernels (request=64.00 MiB cached=0.00 GiB free=0.34 GiB reserve=1.59 GiB total=31.86 GiB)
ds4: ROCm q8 fp16 cache budget exhausted; using q8 kernels (request=64.00 MiB cached=0.00 GiB free=0.34 GiB reserve=1.59 GiB total=31.86 GiB)
ds4: ROCm q8 fp16 cache budget exhausted; using q8 kernels (request=64.00 MiB cached=0.00 GiB free=0.34 GiB reserve=1.59 GiB total=31.86 GiB)
ds4: ROCm q8 fp16 cache budget exhausted; using q8 kernels (request=64.00 MiB cached=0.00 GiB free=0.34 GiB reserve=1.59 GiB total=31.86 GiB)
ds4: ROCm q8 fp16 cache budget exhausted; using q8 kernels (request=64.00 MiB cached=0.00 GiB free=0.34 GiB reserve=1.59 GiB total=31.86 GiB)
ds4: ROCm q8 fp16 cache budget exhausted; using q8 kernels (request=64.00 MiB cached=0.00 GiB free=0.34 GiB reserve=1.59 GiB total=31.86 GiB)
ds4: ROCm q8 fp16 cache budget exhausted; using q8 kernels (request=64.00 MiB cached=0.00 GiB free=0.34 GiB reserve=1.59 GiB total=31.86 GiB)
ds4: ROCm q8 fp16 cache budget exhausted; using q8 kernels (request=64.00 MiB cached=0.00 GiB free=0.34 GiB reserve=1.59 GiB total=31.86 GiB)
ds4: ROCm q8 fp16 cache budget exhausted; using q8 kernels (request=64.00 MiB cached=0.00 GiB free=0.34 GiB reserve=1.59 GiB total=31.86 GiB)
ds4: ROCm q8 fp16 cache budget exhausted; using q8 kernels (request=64.00 MiB cached=0.00 GiB free=0.34 GiB reserve=1.59 GiB total=31.86 GiB)
ds4: ROCm q8 fp16 cache budget exhausted; using q8 kernels (request=64.00 MiB cached=0.00 GiB free=0.34 GiB reserve=1.59 GiB total=31.86 GiB)
ds4: ROCm q8 fp16 cache budget exhausted; using q8 kernels (request=64.00 MiB cached=0.00 GiB free=0.34 GiB reserve=1.59 GiB total=31.86 GiB)
ds4: ROCm q8 fp16 cache budget exhausted; using q8 kernels (request=64.00 MiB cached=0.00 GiB free=0.34 GiB reserve=1.59 GiB total=31.86 GiB)
case_071 cases=72 prompt=24 target=24 avg_nll=0.937715 lcp=0 api_target_mae=0.937715 api_top_coverage=97/120 api_top1=0.667 api_topn=0.247 api_pair=1.000
ds4: ROCm q8 fp16 cache budget exhausted; using q8 kernels (request=64.00 MiB cached=0.00 GiB free=0.34 GiB reserve=1.59 GiB total=31.86 GiB)
ds4: ROCm q8 fp16 cache budget exhausted; using q8 kernels (request=64.00 MiB cached=0.00 GiB free=0.34 GiB reserve=1.59 GiB total=31.86 GiB)
ds4: ROCm q8 fp16 cache budget exhausted; using q8 kernels (request=64.00 MiB cached=0.00 GiB free=0.34 GiB reserve=1.59 GiB total=31.86 GiB)
ds4: ROCm q8 fp16 cache budget exhausted; using q8 kernels (request=64.00 MiB cached=0.00 GiB free=0.34 GiB reserve=1.59 GiB total=31.86 GiB)
ds4: ROCm q8 fp16 cache budget exhausted; using q8 kernels (request=64.00 MiB cached=0.00 GiB free=0.34 GiB reserve=1.59 GiB total=31.86 GiB)
ds4: ROCm q8 fp16 cache budget exhausted; using q8 kernels (request=64.00 MiB cached=0.00 GiB free=0.34 GiB reserve=1.59 GiB total=31.86 GiB)
ds4: ROCm q8 fp16 cache budget exhausted; using q8 kernels (request=64.00 MiB cached=0.00 GiB free=0.34 GiB reserve=1.59 GiB total=31.86 GiB)
ds4: ROCm q8 fp16 cache budget exhausted; using q8 kernels (request=64.00 MiB cached=0.00 GiB free=0.34 GiB reserve=1.59 GiB total=31.86 GiB)
ds4: ROCm q8 fp16 cache budget exhausted; using q8 kernels (request=64.00 MiB cached=0.00 GiB free=0.34 GiB reserve=1.59 GiB total=31.86 GiB)
ds4: ROCm q8 fp16 cache budget exhausted; using q8 kernels (request=64.00 MiB cached=0.00 GiB free=0.34 GiB reserve=1.59 GiB total=31.86 GiB)
ds4: ROCm q8 fp16 cache budget exhausted; using q8 kernels (request=64.00 MiB cached=0.00 GiB free=0.34 GiB reserve=1.59 GiB total=31.86 GiB)
ds4: ROCm q8 fp16 cache budget exhausted; using q8 kernels (request=64.00 MiB cached=0.00 GiB free=0.34 GiB reserve=1.59 GiB total=31.86 GiB)
ds4: ROCm q8 fp16 cache budget exhausted; using q8 kernels (request=64.00 MiB cached=0.00 GiB free=0.34 GiB reserve=1.59 GiB total=31.86 GiB)
ds4: ROCm q8 fp16 cache budget exhausted; using q8 kernels (request=64.00 MiB cached=0.00 GiB free=0.34 GiB reserve=1.59 GiB total=31.86 GiB)
ds4: ROCm q8 fp16 cache budget exhausted; using q8 kernels (request=64.00 MiB cached=0.00 GiB free=0.34 GiB reserve=1.59 GiB total=31.86 GiB)
ds4: ROCm q8 fp16 cache budget exhausted; using q8 kernels (request=64.00 MiB cached=0.00 GiB free=0.34 GiB reserve=1.59 GiB total=31.86 GiB)
ds4: ROCm q8 fp16 cache budget exhausted; using q8 kernels (request=64.00 MiB cached=0.00 GiB free=0.34 GiB reserve=1.59 GiB total=31.86 GiB)
ds4: ROCm q8 fp16 cache budget exhausted; using q8 kernels (request=64.00 MiB cached=0.00 GiB free=0.34 GiB reserve=1.59 GiB total=31.86 GiB)
ds4: ROCm q8 fp16 cache budget exhausted; using q8 kernels (request=64.00 MiB cached=0.00 GiB free=0.34 GiB reserve=1.59 GiB total=31.86 GiB)
ds4: ROCm q8 fp16 cache budget exhausted; using q8 kernels (request=64.00 MiB cached=0.00 GiB free=0.34 GiB reserve=1.59 GiB total=31.86 GiB)
ds4: ROCm q8 fp16 cache budget exhausted; using q8 kernels (request=64.00 MiB cached=0.00 GiB free=0.34 GiB reserve=1.59 GiB total=31.86 GiB)
ds4: ROCm q8 fp16 cache budget exhausted; using q8 kernels (request=64.00 MiB cached=0.00 GiB free=0.34 GiB reserve=1.59 GiB total=31.86 GiB)
ds4: ROCm q8 fp16 cache budget exhausted; using q8 kernels (request=64.00 MiB cached=0.00 GiB free=0.34 GiB reserve=1.59 GiB total=31.86 GiB)
ds4: ROCm q8 fp16 cache budget exhausted; using q8 kernels (request=64.00 MiB cached=0.00 GiB free=0.34 GiB reserve=1.59 GiB total=31.86 GiB)
ds4: ROCm q8 fp16 cache budget exhausted; using q8 kernels (request=64.00 MiB cached=0.00 GiB free=0.34 GiB reserve=1.59 GiB total=31.86 GiB)
ds4: ROCm q8 fp16 cache budget exhausted; using q8 kernels (request=64.00 MiB cached=0.00 GiB free=0.34 GiB reserve=1.59 GiB total=31.86 GiB)
ds4: ROCm q8 fp16 cache budget exhausted; using q8 kernels (request=64.00 MiB cached=0.00 GiB free=0.34 GiB reserve=1.59 GiB total=31.86 GiB)
ds4: ROCm q8 fp16 cache budget exhausted; using q8 kernels (request=64.00 MiB cached=0.00 GiB free=0.34 GiB reserve=1.59 GiB total=31.86 GiB)
ds4: ROCm q8 fp16 cache budget exhausted; using q8 kernels (request=64.00 MiB cached=0.00 GiB free=0.34 GiB reserve=1.59 GiB total=31.86 GiB)
ds4: ROCm q8 fp16 cache budget exhausted; using q8 kernels (request=64.00 MiB cached=0.00 GiB free=0.34 GiB reserve=1.59 GiB total=31.86 GiB)
ds4: ROCm q8 fp16 cache budget exhausted; using q8 kernels (request=64.00 MiB cached=0.00 GiB free=0.34 GiB reserve=1.59 GiB total=31.86 GiB)
ds4: ROCm q8 fp16 cache budget exhausted; using q8 kernels (request=64.00 MiB cached=0.00 GiB free=0.34 GiB reserve=1.59 GiB total=31.86 GiB)
ds4: ROCm q8 fp16 cache budget exhausted; using q8 kernels (request=64.00 MiB cached=0.00 GiB free=0.34 GiB reserve=1.59 GiB total=31.86 GiB)
ds4: ROCm q8 fp16 cache budget exhausted; using q8 kernels (request=64.00 MiB cached=0.00 GiB free=0.34 GiB reserve=1.59 GiB total=31.86 GiB)
ds4: ROCm q8 fp16 cache budget exhausted; using q8 kernels (request=64.00 MiB cached=0.00 GiB free=0.34 GiB reserve=1.59 GiB total=31.86 GiB)
ds4: ROCm q8 fp16 cache budget exhausted; using q8 kernels (request=64.00 MiB cached=0.00 GiB free=0.34 GiB reserve=1.59 GiB total=31.86 GiB)
ds4: ROCm q8 fp16 cache budget exhausted; using q8 kernels (request=64.00 MiB cached=0.00 GiB free=0.34 GiB reserve=1.59 GiB total=31.86 GiB)
ds4: ROCm q8 fp16 cache budget exhausted; using q8 kernels (request=64.00 MiB cached=0.00 GiB free=0.34 GiB reserve=1.59 GiB total=31.86 GiB)
ds4: ROCm q8 fp16 cache budget exhausted; using q8 kernels (request=64.00 MiB cached=0.00 GiB free=0.34 GiB reserve=1.59 GiB total=31.86 GiB)
ds4: ROCm q8 fp16 cache budget exhausted; using q8 kernels (request=64.00 MiB cached=0.00 GiB free=0.34 GiB reserve=1.59 GiB total=31.86 GiB)
ds4: ROCm q8 fp16 cache budget exhausted; using q8 kernels (request=64.00 MiB cached=0.00 GiB free=0.34 GiB reserve=1.59 GiB total=31.86 GiB)
ds4: ROCm q8 fp16 cache budget exhausted; using q8 kernels (request=64.00 MiB cached=0.00 GiB free=0.34 GiB reserve=1.59 GiB total=31.86 GiB)
ds4: ROCm q8 fp16 cache budget exhausted; using q8 kernels (request=64.00 MiB cached=0.00 GiB free=0.34 GiB reserve=1.59 GiB total=31.86 GiB)
case_072 cases=73 prompt=17 target=24 avg_nll=0.523025 lcp=0 api_target_mae=0.523025 api_top_coverage=97/120 api_top1=0.875 api_topn=0.278 api_pair=0.959
ds4: ROCm q8 fp16 cache budget exhausted; using q8 kernels (request=64.00 MiB cached=0.00 GiB free=0.34 GiB reserve=1.59 GiB total=31.86 GiB)
ds4: ROCm q8 fp16 cache budget exhausted; using q8 kernels (request=64.00 MiB cached=0.00 GiB free=0.34 GiB reserve=1.59 GiB total=31.86 GiB)
ds4: ROCm q8 fp16 cache budget exhausted; using q8 kernels (request=64.00 MiB cached=0.00 GiB free=0.34 GiB reserve=1.59 GiB total=31.86 GiB)
ds4: ROCm q8 fp16 cache budget exhausted; using q8 kernels (request=64.00 MiB cached=0.00 GiB free=0.34 GiB reserve=1.59 GiB total=31.86 GiB)
ds4: ROCm q8 fp16 cache budget exhausted; using q8 kernels (request=64.00 MiB cached=0.00 GiB free=0.34 GiB reserve=1.59 GiB total=31.86 GiB)
ds4: ROCm q8 fp16 cache budget exhausted; using q8 kernels (request=64.00 MiB cached=0.00 GiB free=0.34 GiB reserve=1.59 GiB total=31.86 GiB)
ds4: ROCm q8 fp16 cache budget exhausted; using q8 kernels (request=64.00 MiB cached=0.00 GiB free=0.34 GiB reserve=1.59 GiB total=31.86 GiB)
ds4: ROCm q8 fp16 cache budget exhausted; using q8 kernels (request=64.00 MiB cached=0.00 GiB free=0.34 GiB reserve=1.59 GiB total=31.86 GiB)
ds4: ROCm q8 fp16 cache budget exhausted; using q8 kernels (request=64.00 MiB cached=0.00 GiB free=0.34 GiB reserve=1.59 GiB total=31.86 GiB)
ds4: ROCm q8 fp16 cache budget exhausted; using q8 kernels (request=64.00 MiB cached=0.00 GiB free=0.34 GiB reserve=1.59 GiB total=31.86 GiB)
ds4: ROCm q8 fp16 cache budget exhausted; using q8 kernels (request=64.00 MiB cached=0.00 GiB free=0.34 GiB reserve=1.59 GiB total=31.86 GiB)
ds4: ROCm q8 fp16 cache budget exhausted; using q8 kernels (request=64.00 MiB cached=0.00 GiB free=0.34 GiB reserve=1.59 GiB total=31.86 GiB)
ds4: ROCm q8 fp16 cache budget exhausted; using q8 kernels (request=64.00 MiB cached=0.00 GiB free=0.34 GiB reserve=1.59 GiB total=31.86 GiB)
ds4: ROCm q8 fp16 cache budget exhausted; using q8 kernels (request=64.00 MiB cached=0.00 GiB free=0.34 GiB reserve=1.59 GiB total=31.86 GiB)
ds4: ROCm q8 fp16 cache budget exhausted; using q8 kernels (request=64.00 MiB cached=0.00 GiB free=0.34 GiB reserve=1.59 GiB total=31.86 GiB)
ds4: ROCm q8 fp16 cache budget exhausted; using q8 kernels (request=64.00 MiB cached=0.00 GiB free=0.34 GiB reserve=1.59 GiB total=31.86 GiB)
ds4: ROCm q8 fp16 cache budget exhausted; using q8 kernels (request=64.00 MiB cached=0.00 GiB free=0.34 GiB reserve=1.59 GiB total=31.86 GiB)
ds4: ROCm q8 fp16 cache budget exhausted; using q8 kernels (request=64.00 MiB cached=0.00 GiB free=0.34 GiB reserve=1.59 GiB total=31.86 GiB)
ds4: ROCm q8 fp16 cache budget exhausted; using q8 kernels (request=64.00 MiB cached=0.00 GiB free=0.34 GiB reserve=1.59 GiB total=31.86 GiB)
ds4: ROCm q8 fp16 cache budget exhausted; using q8 kernels (request=64.00 MiB cached=0.00 GiB free=0.34 GiB reserve=1.59 GiB total=31.86 GiB)
ds4: ROCm q8 fp16 cache budget exhausted; using q8 kernels (request=64.00 MiB cached=0.00 GiB free=0.34 GiB reserve=1.59 GiB total=31.86 GiB)
ds4: ROCm q8 fp16 cache budget exhausted; using q8 kernels (request=64.00 MiB cached=0.00 GiB free=0.34 GiB reserve=1.59 GiB total=31.86 GiB)
ds4: ROCm q8 fp16 cache budget exhausted; using q8 kernels (request=64.00 MiB cached=0.00 GiB free=0.34 GiB reserve=1.59 GiB total=31.86 GiB)
ds4: ROCm q8 fp16 cache budget exhausted; using q8 kernels (request=64.00 MiB cached=0.00 GiB free=0.34 GiB reserve=1.59 GiB total=31.86 GiB)
ds4: ROCm q8 fp16 cache budget exhausted; using q8 kernels (request=64.00 MiB cached=0.00 GiB free=0.34 GiB reserve=1.59 GiB total=31.86 GiB)
ds4: ROCm q8 fp16 cache budget exhausted; using q8 kernels (request=64.00 MiB cached=0.00 GiB free=0.34 GiB reserve=1.59 GiB total=31.86 GiB)
ds4: ROCm q8 fp16 cache budget exhausted; using q8 kernels (request=64.00 MiB cached=0.00 GiB free=0.34 GiB reserve=1.59 GiB total=31.86 GiB)
ds4: ROCm q8 fp16 cache budget exhausted; using q8 kernels (request=64.00 MiB cached=0.00 GiB free=0.34 GiB reserve=1.59 GiB total=31.86 GiB)
ds4: ROCm q8 fp16 cache budget exhausted; using q8 kernels (request=64.00 MiB cached=0.00 GiB free=0.34 GiB reserve=1.59 GiB total=31.86 GiB)
ds4: ROCm q8 fp16 cache budget exhausted; using q8 kernels (request=64.00 MiB cached=0.00 GiB free=0.34 GiB reserve=1.59 GiB total=31.86 GiB)
ds4: ROCm q8 fp16 cache budget exhausted; using q8 kernels (request=64.00 MiB cached=0.00 GiB free=0.34 GiB reserve=1.59 GiB total=31.86 GiB)
ds4: ROCm q8 fp16 cache budget exhausted; using q8 kernels (request=64.00 MiB cached=0.00 GiB free=0.34 GiB reserve=1.59 GiB total=31.86 GiB)
ds4: ROCm q8 fp16 cache budget exhausted; using q8 kernels (request=64.00 MiB cached=0.00 GiB free=0.34 GiB reserve=1.59 GiB total=31.86 GiB)
ds4: ROCm q8 fp16 cache budget exhausted; using q8 kernels (request=64.00 MiB cached=0.00 GiB free=0.34 GiB reserve=1.59 GiB total=31.86 GiB)
ds4: ROCm q8 fp16 cache budget exhausted; using q8 kernels (request=64.00 MiB cached=0.00 GiB free=0.34 GiB reserve=1.59 GiB total=31.86 GiB)
ds4: ROCm q8 fp16 cache budget exhausted; using q8 kernels (request=64.00 MiB cached=0.00 GiB free=0.34 GiB reserve=1.59 GiB total=31.86 GiB)
ds4: ROCm q8 fp16 cache budget exhausted; using q8 kernels (request=64.00 MiB cached=0.00 GiB free=0.34 GiB reserve=1.59 GiB total=31.86 GiB)
ds4: ROCm q8 fp16 cache budget exhausted; using q8 kernels (request=64.00 MiB cached=0.00 GiB free=0.34 GiB reserve=1.59 GiB total=31.86 GiB)
ds4: ROCm q8 fp16 cache budget exhausted; using q8 kernels (request=64.00 MiB cached=0.00 GiB free=0.34 GiB reserve=1.59 GiB total=31.86 GiB)
ds4: ROCm q8 fp16 cache budget exhausted; using q8 kernels (request=64.00 MiB cached=0.00 GiB free=0.34 GiB reserve=1.59 GiB total=31.86 GiB)
ds4: ROCm q8 fp16 cache budget exhausted; using q8 kernels (request=64.00 MiB cached=0.00 GiB free=0.34 GiB reserve=1.59 GiB total=31.86 GiB)
ds4: ROCm q8 fp16 cache budget exhausted; using q8 kernels (request=64.00 MiB cached=0.00 GiB free=0.34 GiB reserve=1.59 GiB total=31.86 GiB)
ds4: ROCm q8 fp16 cache budget exhausted; using q8 kernels (request=64.00 MiB cached=0.00 GiB free=0.34 GiB reserve=1.59 GiB total=31.86 GiB)
case_073 cases=74 prompt=15 target=24 avg_nll=0.625525 lcp=3 api_target_mae=0.625525 api_top_coverage=97/120 api_top1=0.792 api_topn=0.268 api_pair=1.000
ds4: ROCm q8 fp16 cache budget exhausted; using q8 kernels (request=64.00 MiB cached=0.00 GiB free=0.34 GiB reserve=1.59 GiB total=31.86 GiB)
ds4: ROCm q8 fp16 cache budget exhausted; using q8 kernels (request=64.00 MiB cached=0.00 GiB free=0.34 GiB reserve=1.59 GiB total=31.86 GiB)
ds4: ROCm q8 fp16 cache budget exhausted; using q8 kernels (request=64.00 MiB cached=0.00 GiB free=0.34 GiB reserve=1.59 GiB total=31.86 GiB)
ds4: ROCm q8 fp16 cache budget exhausted; using q8 kernels (request=64.00 MiB cached=0.00 GiB free=0.34 GiB reserve=1.59 GiB total=31.86 GiB)
ds4: ROCm q8 fp16 cache budget exhausted; using q8 kernels (request=64.00 MiB cached=0.00 GiB free=0.34 GiB reserve=1.59 GiB total=31.86 GiB)
ds4: ROCm q8 fp16 cache budget exhausted; using q8 kernels (request=64.00 MiB cached=0.00 GiB free=0.34 GiB reserve=1.59 GiB total=31.86 GiB)
ds4: ROCm q8 fp16 cache budget exhausted; using q8 kernels (request=64.00 MiB cached=0.00 GiB free=0.34 GiB reserve=1.59 GiB total=31.86 GiB)
ds4: ROCm q8 fp16 cache budget exhausted; using q8 kernels (request=64.00 MiB cached=0.00 GiB free=0.34 GiB reserve=1.59 GiB total=31.86 GiB)
ds4: ROCm q8 fp16 cache budget exhausted; using q8 kernels (request=64.00 MiB cached=0.00 GiB free=0.34 GiB reserve=1.59 GiB total=31.86 GiB)
ds4: ROCm q8 fp16 cache budget exhausted; using q8 kernels (request=64.00 MiB cached=0.00 GiB free=0.34 GiB reserve=1.59 GiB total=31.86 GiB)
ds4: ROCm q8 fp16 cache budget exhausted; using q8 kernels (request=64.00 MiB cached=0.00 GiB free=0.34 GiB reserve=1.59 GiB total=31.86 GiB)
ds4: ROCm q8 fp16 cache budget exhausted; using q8 kernels (request=64.00 MiB cached=0.00 GiB free=0.34 GiB reserve=1.59 GiB total=31.86 GiB)
ds4: ROCm q8 fp16 cache budget exhausted; using q8 kernels (request=64.00 MiB cached=0.00 GiB free=0.34 GiB reserve=1.59 GiB total=31.86 GiB)
ds4: ROCm q8 fp16 cache budget exhausted; using q8 kernels (request=64.00 MiB cached=0.00 GiB free=0.34 GiB reserve=1.59 GiB total=31.86 GiB)
ds4: ROCm q8 fp16 cache budget exhausted; using q8 kernels (request=64.00 MiB cached=0.00 GiB free=0.34 GiB reserve=1.59 GiB total=31.86 GiB)
ds4: ROCm q8 fp16 cache budget exhausted; using q8 kernels (request=64.00 MiB cached=0.00 GiB free=0.34 GiB reserve=1.59 GiB total=31.86 GiB)
ds4: ROCm q8 fp16 cache budget exhausted; using q8 kernels (request=64.00 MiB cached=0.00 GiB free=0.34 GiB reserve=1.59 GiB total=31.86 GiB)
ds4: ROCm q8 fp16 cache budget exhausted; using q8 kernels (request=64.00 MiB cached=0.00 GiB free=0.34 GiB reserve=1.59 GiB total=31.86 GiB)
ds4: ROCm q8 fp16 cache budget exhausted; using q8 kernels (request=64.00 MiB cached=0.00 GiB free=0.34 GiB reserve=1.59 GiB total=31.86 GiB)
ds4: ROCm q8 fp16 cache budget exhausted; using q8 kernels (request=64.00 MiB cached=0.00 GiB free=0.34 GiB reserve=1.59 GiB total=31.86 GiB)
ds4: ROCm q8 fp16 cache budget exhausted; using q8 kernels (request=64.00 MiB cached=0.00 GiB free=0.34 GiB reserve=1.59 GiB total=31.86 GiB)
ds4: ROCm q8 fp16 cache budget exhausted; using q8 kernels (request=64.00 MiB cached=0.00 GiB free=0.34 GiB reserve=1.59 GiB total=31.86 GiB)
ds4: ROCm q8 fp16 cache budget exhausted; using q8 kernels (request=64.00 MiB cached=0.00 GiB free=0.34 GiB reserve=1.59 GiB total=31.86 GiB)
ds4: ROCm q8 fp16 cache budget exhausted; using q8 kernels (request=64.00 MiB cached=0.00 GiB free=0.34 GiB reserve=1.59 GiB total=31.86 GiB)
ds4: ROCm q8 fp16 cache budget exhausted; using q8 kernels (request=64.00 MiB cached=0.00 GiB free=0.34 GiB reserve=1.59 GiB total=31.86 GiB)
ds4: ROCm q8 fp16 cache budget exhausted; using q8 kernels (request=64.00 MiB cached=0.00 GiB free=0.34 GiB reserve=1.59 GiB total=31.86 GiB)
ds4: ROCm q8 fp16 cache budget exhausted; using q8 kernels (request=64.00 MiB cached=0.00 GiB free=0.34 GiB reserve=1.59 GiB total=31.86 GiB)
ds4: ROCm q8 fp16 cache budget exhausted; using q8 kernels (request=64.00 MiB cached=0.00 GiB free=0.34 GiB reserve=1.59 GiB total=31.86 GiB)
ds4: ROCm q8 fp16 cache budget exhausted; using q8 kernels (request=64.00 MiB cached=0.00 GiB free=0.34 GiB reserve=1.59 GiB total=31.86 GiB)
ds4: ROCm q8 fp16 cache budget exhausted; using q8 kernels (request=64.00 MiB cached=0.00 GiB free=0.34 GiB reserve=1.59 GiB total=31.86 GiB)
ds4: ROCm q8 fp16 cache budget exhausted; using q8 kernels (request=64.00 MiB cached=0.00 GiB free=0.34 GiB reserve=1.59 GiB total=31.86 GiB)
ds4: ROCm q8 fp16 cache budget exhausted; using q8 kernels (request=64.00 MiB cached=0.00 GiB free=0.34 GiB reserve=1.59 GiB total=31.86 GiB)
ds4: ROCm q8 fp16 cache budget exhausted; using q8 kernels (request=64.00 MiB cached=0.00 GiB free=0.34 GiB reserve=1.59 GiB total=31.86 GiB)
ds4: ROCm q8 fp16 cache budget exhausted; using q8 kernels (request=64.00 MiB cached=0.00 GiB free=0.34 GiB reserve=1.59 GiB total=31.86 GiB)
ds4: ROCm q8 fp16 cache budget exhausted; using q8 kernels (request=64.00 MiB cached=0.00 GiB free=0.34 GiB reserve=1.59 GiB total=31.86 GiB)
ds4: ROCm q8 fp16 cache budget exhausted; using q8 kernels (request=64.00 MiB cached=0.00 GiB free=0.34 GiB reserve=1.59 GiB total=31.86 GiB)
ds4: ROCm q8 fp16 cache budget exhausted; using q8 kernels (request=64.00 MiB cached=0.00 GiB free=0.34 GiB reserve=1.59 GiB total=31.86 GiB)
ds4: ROCm q8 fp16 cache budget exhausted; using q8 kernels (request=64.00 MiB cached=0.00 GiB free=0.34 GiB reserve=1.59 GiB total=31.86 GiB)
ds4: ROCm q8 fp16 cache budget exhausted; using q8 kernels (request=64.00 MiB cached=0.00 GiB free=0.34 GiB reserve=1.59 GiB total=31.86 GiB)
ds4: ROCm q8 fp16 cache budget exhausted; using q8 kernels (request=64.00 MiB cached=0.00 GiB free=0.34 GiB reserve=1.59 GiB total=31.86 GiB)
ds4: ROCm q8 fp16 cache budget exhausted; using q8 kernels (request=64.00 MiB cached=0.00 GiB free=0.34 GiB reserve=1.59 GiB total=31.86 GiB)
ds4: ROCm q8 fp16 cache budget exhausted; using q8 kernels (request=64.00 MiB cached=0.00 GiB free=0.34 GiB reserve=1.59 GiB total=31.86 GiB)
ds4: ROCm q8 fp16 cache budget exhausted; using q8 kernels (request=64.00 MiB cached=0.00 GiB free=0.34 GiB reserve=1.59 GiB total=31.86 GiB)
case_074 cases=75 prompt=15 target=24 avg_nll=0.518348 lcp=0 api_target_mae=0.518348 api_top_coverage=96/120 api_top1=0.875 api_topn=0.260 api_pair=0.986
ds4: ROCm q8 fp16 cache budget exhausted; using q8 kernels (request=64.00 MiB cached=0.00 GiB free=0.34 GiB reserve=1.59 GiB total=31.86 GiB)
ds4: ROCm q8 fp16 cache budget exhausted; using q8 kernels (request=64.00 MiB cached=0.00 GiB free=0.34 GiB reserve=1.59 GiB total=31.86 GiB)
ds4: ROCm q8 fp16 cache budget exhausted; using q8 kernels (request=64.00 MiB cached=0.00 GiB free=0.34 GiB reserve=1.59 GiB total=31.86 GiB)
ds4: ROCm q8 fp16 cache budget exhausted; using q8 kernels (request=64.00 MiB cached=0.00 GiB free=0.34 GiB reserve=1.59 GiB total=31.86 GiB)
ds4: ROCm q8 fp16 cache budget exhausted; using q8 kernels (request=64.00 MiB cached=0.00 GiB free=0.34 GiB reserve=1.59 GiB total=31.86 GiB)
ds4: ROCm q8 fp16 cache budget exhausted; using q8 kernels (request=64.00 MiB cached=0.00 GiB free=0.34 GiB reserve=1.59 GiB total=31.86 GiB)
ds4: ROCm q8 fp16 cache budget exhausted; using q8 kernels (request=64.00 MiB cached=0.00 GiB free=0.34 GiB reserve=1.59 GiB total=31.86 GiB)
ds4: ROCm q8 fp16 cache budget exhausted; using q8 kernels (request=64.00 MiB cached=0.00 GiB free=0.34 GiB reserve=1.59 GiB total=31.86 GiB)
ds4: ROCm q8 fp16 cache budget exhausted; using q8 kernels (request=64.00 MiB cached=0.00 GiB free=0.34 GiB reserve=1.59 GiB total=31.86 GiB)
ds4: ROCm q8 fp16 cache budget exhausted; using q8 kernels (request=64.00 MiB cached=0.00 GiB free=0.34 GiB reserve=1.59 GiB total=31.86 GiB)
ds4: ROCm q8 fp16 cache budget exhausted; using q8 kernels (request=64.00 MiB cached=0.00 GiB free=0.34 GiB reserve=1.59 GiB total=31.86 GiB)
ds4: ROCm q8 fp16 cache budget exhausted; using q8 kernels (request=64.00 MiB cached=0.00 GiB free=0.34 GiB reserve=1.59 GiB total=31.86 GiB)
ds4: ROCm q8 fp16 cache budget exhausted; using q8 kernels (request=64.00 MiB cached=0.00 GiB free=0.34 GiB reserve=1.59 GiB total=31.86 GiB)
ds4: ROCm q8 fp16 cache budget exhausted; using q8 kernels (request=64.00 MiB cached=0.00 GiB free=0.34 GiB reserve=1.59 GiB total=31.86 GiB)
ds4: ROCm q8 fp16 cache budget exhausted; using q8 kernels (request=64.00 MiB cached=0.00 GiB free=0.34 GiB reserve=1.59 GiB total=31.86 GiB)
ds4: ROCm q8 fp16 cache budget exhausted; using q8 kernels (request=64.00 MiB cached=0.00 GiB free=0.34 GiB reserve=1.59 GiB total=31.86 GiB)
ds4: ROCm q8 fp16 cache budget exhausted; using q8 kernels (request=64.00 MiB cached=0.00 GiB free=0.34 GiB reserve=1.59 GiB total=31.86 GiB)
ds4: ROCm q8 fp16 cache budget exhausted; using q8 kernels (request=64.00 MiB cached=0.00 GiB free=0.34 GiB reserve=1.59 GiB total=31.86 GiB)
ds4: ROCm q8 fp16 cache budget exhausted; using q8 kernels (request=64.00 MiB cached=0.00 GiB free=0.34 GiB reserve=1.59 GiB total=31.86 GiB)
ds4: ROCm q8 fp16 cache budget exhausted; using q8 kernels (request=64.00 MiB cached=0.00 GiB free=0.34 GiB reserve=1.59 GiB total=31.86 GiB)
ds4: ROCm q8 fp16 cache budget exhausted; using q8 kernels (request=64.00 MiB cached=0.00 GiB free=0.34 GiB reserve=1.59 GiB total=31.86 GiB)
ds4: ROCm q8 fp16 cache budget exhausted; using q8 kernels (request=64.00 MiB cached=0.00 GiB free=0.34 GiB reserve=1.59 GiB total=31.86 GiB)
ds4: ROCm q8 fp16 cache budget exhausted; using q8 kernels (request=64.00 MiB cached=0.00 GiB free=0.34 GiB reserve=1.59 GiB total=31.86 GiB)
ds4: ROCm q8 fp16 cache budget exhausted; using q8 kernels (request=64.00 MiB cached=0.00 GiB free=0.34 GiB reserve=1.59 GiB total=31.86 GiB)
ds4: ROCm q8 fp16 cache budget exhausted; using q8 kernels (request=64.00 MiB cached=0.00 GiB free=0.34 GiB reserve=1.59 GiB total=31.86 GiB)
ds4: ROCm q8 fp16 cache budget exhausted; using q8 kernels (request=64.00 MiB cached=0.00 GiB free=0.34 GiB reserve=1.59 GiB total=31.86 GiB)
ds4: ROCm q8 fp16 cache budget exhausted; using q8 kernels (request=64.00 MiB cached=0.00 GiB free=0.34 GiB reserve=1.59 GiB total=31.86 GiB)
ds4: ROCm q8 fp16 cache budget exhausted; using q8 kernels (request=64.00 MiB cached=0.00 GiB free=0.34 GiB reserve=1.59 GiB total=31.86 GiB)
ds4: ROCm q8 fp16 cache budget exhausted; using q8 kernels (request=64.00 MiB cached=0.00 GiB free=0.34 GiB reserve=1.59 GiB total=31.86 GiB)
ds4: ROCm q8 fp16 cache budget exhausted; using q8 kernels (request=64.00 MiB cached=0.00 GiB free=0.34 GiB reserve=1.59 GiB total=31.86 GiB)
ds4: ROCm q8 fp16 cache budget exhausted; using q8 kernels (request=64.00 MiB cached=0.00 GiB free=0.34 GiB reserve=1.59 GiB total=31.86 GiB)
ds4: ROCm q8 fp16 cache budget exhausted; using q8 kernels (request=64.00 MiB cached=0.00 GiB free=0.34 GiB reserve=1.59 GiB total=31.86 GiB)
ds4: ROCm q8 fp16 cache budget exhausted; using q8 kernels (request=64.00 MiB cached=0.00 GiB free=0.34 GiB reserve=1.59 GiB total=31.86 GiB)
ds4: ROCm q8 fp16 cache budget exhausted; using q8 kernels (request=64.00 MiB cached=0.00 GiB free=0.34 GiB reserve=1.59 GiB total=31.86 GiB)
ds4: ROCm q8 fp16 cache budget exhausted; using q8 kernels (request=64.00 MiB cached=0.00 GiB free=0.34 GiB reserve=1.59 GiB total=31.86 GiB)
ds4: ROCm q8 fp16 cache budget exhausted; using q8 kernels (request=64.00 MiB cached=0.00 GiB free=0.34 GiB reserve=1.59 GiB total=31.86 GiB)
ds4: ROCm q8 fp16 cache budget exhausted; using q8 kernels (request=64.00 MiB cached=0.00 GiB free=0.34 GiB reserve=1.59 GiB total=31.86 GiB)
ds4: ROCm q8 fp16 cache budget exhausted; using q8 kernels (request=64.00 MiB cached=0.00 GiB free=0.34 GiB reserve=1.59 GiB total=31.86 GiB)
ds4: ROCm q8 fp16 cache budget exhausted; using q8 kernels (request=64.00 MiB cached=0.00 GiB free=0.34 GiB reserve=1.59 GiB total=31.86 GiB)
ds4: ROCm q8 fp16 cache budget exhausted; using q8 kernels (request=64.00 MiB cached=0.00 GiB free=0.34 GiB reserve=1.59 GiB total=31.86 GiB)
ds4: ROCm q8 fp16 cache budget exhausted; using q8 kernels (request=64.00 MiB cached=0.00 GiB free=0.34 GiB reserve=1.59 GiB total=31.86 GiB)
ds4: ROCm q8 fp16 cache budget exhausted; using q8 kernels (request=64.00 MiB cached=0.00 GiB free=0.34 GiB reserve=1.59 GiB total=31.86 GiB)
ds4: ROCm q8 fp16 cache budget exhausted; using q8 kernels (request=64.00 MiB cached=0.00 GiB free=0.34 GiB reserve=1.59 GiB total=31.86 GiB)
case_075 cases=76 prompt=16 target=24 avg_nll=0.764365 lcp=4 api_target_mae=0.764365 api_top_coverage=97/120 api_top1=0.792 api_topn=0.258 api_pair=1.000
ds4: ROCm q8 fp16 cache budget exhausted; using q8 kernels (request=64.00 MiB cached=0.00 GiB free=0.34 GiB reserve=1.59 GiB total=31.86 GiB)
ds4: ROCm q8 fp16 cache budget exhausted; using q8 kernels (request=64.00 MiB cached=0.00 GiB free=0.34 GiB reserve=1.59 GiB total=31.86 GiB)
ds4: ROCm q8 fp16 cache budget exhausted; using q8 kernels (request=64.00 MiB cached=0.00 GiB free=0.34 GiB reserve=1.59 GiB total=31.86 GiB)
ds4: ROCm q8 fp16 cache budget exhausted; using q8 kernels (request=64.00 MiB cached=0.00 GiB free=0.34 GiB reserve=1.59 GiB total=31.86 GiB)
ds4: ROCm q8 fp16 cache budget exhausted; using q8 kernels (request=64.00 MiB cached=0.00 GiB free=0.34 GiB reserve=1.59 GiB total=31.86 GiB)
ds4: ROCm q8 fp16 cache budget exhausted; using q8 kernels (request=64.00 MiB cached=0.00 GiB free=0.34 GiB reserve=1.59 GiB total=31.86 GiB)
ds4: ROCm q8 fp16 cache budget exhausted; using q8 kernels (request=64.00 MiB cached=0.00 GiB free=0.34 GiB reserve=1.59 GiB total=31.86 GiB)
ds4: ROCm q8 fp16 cache budget exhausted; using q8 kernels (request=64.00 MiB cached=0.00 GiB free=0.34 GiB reserve=1.59 GiB total=31.86 GiB)
ds4: ROCm q8 fp16 cache budget exhausted; using q8 kernels (request=64.00 MiB cached=0.00 GiB free=0.34 GiB reserve=1.59 GiB total=31.86 GiB)
ds4: ROCm q8 fp16 cache budget exhausted; using q8 kernels (request=64.00 MiB cached=0.00 GiB free=0.34 GiB reserve=1.59 GiB total=31.86 GiB)
ds4: ROCm q8 fp16 cache budget exhausted; using q8 kernels (request=64.00 MiB cached=0.00 GiB free=0.34 GiB reserve=1.59 GiB total=31.86 GiB)
ds4: ROCm q8 fp16 cache budget exhausted; using q8 kernels (request=64.00 MiB cached=0.00 GiB free=0.34 GiB reserve=1.59 GiB total=31.86 GiB)
ds4: ROCm q8 fp16 cache budget exhausted; using q8 kernels (request=64.00 MiB cached=0.00 GiB free=0.34 GiB reserve=1.59 GiB total=31.86 GiB)
ds4: ROCm q8 fp16 cache budget exhausted; using q8 kernels (request=64.00 MiB cached=0.00 GiB free=0.34 GiB reserve=1.59 GiB total=31.86 GiB)
ds4: ROCm q8 fp16 cache budget exhausted; using q8 kernels (request=64.00 MiB cached=0.00 GiB free=0.34 GiB reserve=1.59 GiB total=31.86 GiB)
ds4: ROCm q8 fp16 cache budget exhausted; using q8 kernels (request=64.00 MiB cached=0.00 GiB free=0.34 GiB reserve=1.59 GiB total=31.86 GiB)
ds4: ROCm q8 fp16 cache budget exhausted; using q8 kernels (request=64.00 MiB cached=0.00 GiB free=0.34 GiB reserve=1.59 GiB total=31.86 GiB)
ds4: ROCm q8 fp16 cache budget exhausted; using q8 kernels (request=64.00 MiB cached=0.00 GiB free=0.34 GiB reserve=1.59 GiB total=31.86 GiB)
ds4: ROCm q8 fp16 cache budget exhausted; using q8 kernels (request=64.00 MiB cached=0.00 GiB free=0.34 GiB reserve=1.59 GiB total=31.86 GiB)
ds4: ROCm q8 fp16 cache budget exhausted; using q8 kernels (request=64.00 MiB cached=0.00 GiB free=0.34 GiB reserve=1.59 GiB total=31.86 GiB)
ds4: ROCm q8 fp16 cache budget exhausted; using q8 kernels (request=64.00 MiB cached=0.00 GiB free=0.34 GiB reserve=1.59 GiB total=31.86 GiB)
ds4: ROCm q8 fp16 cache budget exhausted; using q8 kernels (request=64.00 MiB cached=0.00 GiB free=0.34 GiB reserve=1.59 GiB total=31.86 GiB)
ds4: ROCm q8 fp16 cache budget exhausted; using q8 kernels (request=64.00 MiB cached=0.00 GiB free=0.34 GiB reserve=1.59 GiB total=31.86 GiB)
ds4: ROCm q8 fp16 cache budget exhausted; using q8 kernels (request=64.00 MiB cached=0.00 GiB free=0.34 GiB reserve=1.59 GiB total=31.86 GiB)
ds4: ROCm q8 fp16 cache budget exhausted; using q8 kernels (request=64.00 MiB cached=0.00 GiB free=0.34 GiB reserve=1.59 GiB total=31.86 GiB)
ds4: ROCm q8 fp16 cache budget exhausted; using q8 kernels (request=64.00 MiB cached=0.00 GiB free=0.34 GiB reserve=1.59 GiB total=31.86 GiB)
ds4: ROCm q8 fp16 cache budget exhausted; using q8 kernels (request=64.00 MiB cached=0.00 GiB free=0.34 GiB reserve=1.59 GiB total=31.86 GiB)
ds4: ROCm q8 fp16 cache budget exhausted; using q8 kernels (request=64.00 MiB cached=0.00 GiB free=0.34 GiB reserve=1.59 GiB total=31.86 GiB)
ds4: ROCm q8 fp16 cache budget exhausted; using q8 kernels (request=64.00 MiB cached=0.00 GiB free=0.34 GiB reserve=1.59 GiB total=31.86 GiB)
ds4: ROCm q8 fp16 cache budget exhausted; using q8 kernels (request=64.00 MiB cached=0.00 GiB free=0.34 GiB reserve=1.59 GiB total=31.86 GiB)
ds4: ROCm q8 fp16 cache budget exhausted; using q8 kernels (request=64.00 MiB cached=0.00 GiB free=0.34 GiB reserve=1.59 GiB total=31.86 GiB)
ds4: ROCm q8 fp16 cache budget exhausted; using q8 kernels (request=64.00 MiB cached=0.00 GiB free=0.34 GiB reserve=1.59 GiB total=31.86 GiB)
ds4: ROCm q8 fp16 cache budget exhausted; using q8 kernels (request=64.00 MiB cached=0.00 GiB free=0.34 GiB reserve=1.59 GiB total=31.86 GiB)
ds4: ROCm q8 fp16 cache budget exhausted; using q8 kernels (request=64.00 MiB cached=0.00 GiB free=0.34 GiB reserve=1.59 GiB total=31.86 GiB)
ds4: ROCm q8 fp16 cache budget exhausted; using q8 kernels (request=64.00 MiB cached=0.00 GiB free=0.34 GiB reserve=1.59 GiB total=31.86 GiB)
ds4: ROCm q8 fp16 cache budget exhausted; using q8 kernels (request=64.00 MiB cached=0.00 GiB free=0.34 GiB reserve=1.59 GiB total=31.86 GiB)
ds4: ROCm q8 fp16 cache budget exhausted; using q8 kernels (request=64.00 MiB cached=0.00 GiB free=0.34 GiB reserve=1.59 GiB total=31.86 GiB)
ds4: ROCm q8 fp16 cache budget exhausted; using q8 kernels (request=64.00 MiB cached=0.00 GiB free=0.34 GiB reserve=1.59 GiB total=31.86 GiB)
ds4: ROCm q8 fp16 cache budget exhausted; using q8 kernels (request=64.00 MiB cached=0.00 GiB free=0.34 GiB reserve=1.59 GiB total=31.86 GiB)
ds4: ROCm q8 fp16 cache budget exhausted; using q8 kernels (request=64.00 MiB cached=0.00 GiB free=0.34 GiB reserve=1.59 GiB total=31.86 GiB)
ds4: ROCm q8 fp16 cache budget exhausted; using q8 kernels (request=64.00 MiB cached=0.00 GiB free=0.34 GiB reserve=1.59 GiB total=31.86 GiB)
ds4: ROCm q8 fp16 cache budget exhausted; using q8 kernels (request=64.00 MiB cached=0.00 GiB free=0.34 GiB reserve=1.59 GiB total=31.86 GiB)
ds4: ROCm q8 fp16 cache budget exhausted; using q8 kernels (request=64.00 MiB cached=0.00 GiB free=0.34 GiB reserve=1.59 GiB total=31.86 GiB)
case_076 cases=77 prompt=22 target=24 avg_nll=0.709928 lcp=4 api_target_mae=0.709928 api_top_coverage=97/120 api_top1=0.875 api_topn=0.278 api_pair=0.986
ds4: ROCm q8 fp16 cache budget exhausted; using q8 kernels (request=64.00 MiB cached=0.00 GiB free=0.34 GiB reserve=1.59 GiB total=31.86 GiB)
ds4: ROCm q8 fp16 cache budget exhausted; using q8 kernels (request=64.00 MiB cached=0.00 GiB free=0.34 GiB reserve=1.59 GiB total=31.86 GiB)
ds4: ROCm q8 fp16 cache budget exhausted; using q8 kernels (request=64.00 MiB cached=0.00 GiB free=0.34 GiB reserve=1.59 GiB total=31.86 GiB)
ds4: ROCm q8 fp16 cache budget exhausted; using q8 kernels (request=64.00 MiB cached=0.00 GiB free=0.34 GiB reserve=1.59 GiB total=31.86 GiB)
ds4: ROCm q8 fp16 cache budget exhausted; using q8 kernels (request=64.00 MiB cached=0.00 GiB free=0.34 GiB reserve=1.59 GiB total=31.86 GiB)
ds4: ROCm q8 fp16 cache budget exhausted; using q8 kernels (request=64.00 MiB cached=0.00 GiB free=0.34 GiB reserve=1.59 GiB total=31.86 GiB)
ds4: ROCm q8 fp16 cache budget exhausted; using q8 kernels (request=64.00 MiB cached=0.00 GiB free=0.34 GiB reserve=1.59 GiB total=31.86 GiB)
ds4: ROCm q8 fp16 cache budget exhausted; using q8 kernels (request=64.00 MiB cached=0.00 GiB free=0.34 GiB reserve=1.59 GiB total=31.86 GiB)
ds4: ROCm q8 fp16 cache budget exhausted; using q8 kernels (request=64.00 MiB cached=0.00 GiB free=0.34 GiB reserve=1.59 GiB total=31.86 GiB)
ds4: ROCm q8 fp16 cache budget exhausted; using q8 kernels (request=64.00 MiB cached=0.00 GiB free=0.34 GiB reserve=1.59 GiB total=31.86 GiB)
ds4: ROCm q8 fp16 cache budget exhausted; using q8 kernels (request=64.00 MiB cached=0.00 GiB free=0.34 GiB reserve=1.59 GiB total=31.86 GiB)
ds4: ROCm q8 fp16 cache budget exhausted; using q8 kernels (request=64.00 MiB cached=0.00 GiB free=0.34 GiB reserve=1.59 GiB total=31.86 GiB)
ds4: ROCm q8 fp16 cache budget exhausted; using q8 kernels (request=64.00 MiB cached=0.00 GiB free=0.34 GiB reserve=1.59 GiB total=31.86 GiB)
ds4: ROCm q8 fp16 cache budget exhausted; using q8 kernels (request=64.00 MiB cached=0.00 GiB free=0.34 GiB reserve=1.59 GiB total=31.86 GiB)
ds4: ROCm q8 fp16 cache budget exhausted; using q8 kernels (request=64.00 MiB cached=0.00 GiB free=0.34 GiB reserve=1.59 GiB total=31.86 GiB)
ds4: ROCm q8 fp16 cache budget exhausted; using q8 kernels (request=64.00 MiB cached=0.00 GiB free=0.34 GiB reserve=1.59 GiB total=31.86 GiB)
ds4: ROCm q8 fp16 cache budget exhausted; using q8 kernels (request=64.00 MiB cached=0.00 GiB free=0.34 GiB reserve=1.59 GiB total=31.86 GiB)
ds4: ROCm q8 fp16 cache budget exhausted; using q8 kernels (request=64.00 MiB cached=0.00 GiB free=0.34 GiB reserve=1.59 GiB total=31.86 GiB)
ds4: ROCm q8 fp16 cache budget exhausted; using q8 kernels (request=64.00 MiB cached=0.00 GiB free=0.34 GiB reserve=1.59 GiB total=31.86 GiB)
ds4: ROCm q8 fp16 cache budget exhausted; using q8 kernels (request=64.00 MiB cached=0.00 GiB free=0.34 GiB reserve=1.59 GiB total=31.86 GiB)
ds4: ROCm q8 fp16 cache budget exhausted; using q8 kernels (request=64.00 MiB cached=0.00 GiB free=0.34 GiB reserve=1.59 GiB total=31.86 GiB)
ds4: ROCm q8 fp16 cache budget exhausted; using q8 kernels (request=64.00 MiB cached=0.00 GiB free=0.34 GiB reserve=1.59 GiB total=31.86 GiB)
ds4: ROCm q8 fp16 cache budget exhausted; using q8 kernels (request=64.00 MiB cached=0.00 GiB free=0.34 GiB reserve=1.59 GiB total=31.86 GiB)
ds4: ROCm q8 fp16 cache budget exhausted; using q8 kernels (request=64.00 MiB cached=0.00 GiB free=0.34 GiB reserve=1.59 GiB total=31.86 GiB)
ds4: ROCm q8 fp16 cache budget exhausted; using q8 kernels (request=64.00 MiB cached=0.00 GiB free=0.34 GiB reserve=1.59 GiB total=31.86 GiB)
ds4: ROCm q8 fp16 cache budget exhausted; using q8 kernels (request=64.00 MiB cached=0.00 GiB free=0.34 GiB reserve=1.59 GiB total=31.86 GiB)
ds4: ROCm q8 fp16 cache budget exhausted; using q8 kernels (request=64.00 MiB cached=0.00 GiB free=0.34 GiB reserve=1.59 GiB total=31.86 GiB)
ds4: ROCm q8 fp16 cache budget exhausted; using q8 kernels (request=64.00 MiB cached=0.00 GiB free=0.34 GiB reserve=1.59 GiB total=31.86 GiB)
ds4: ROCm q8 fp16 cache budget exhausted; using q8 kernels (request=64.00 MiB cached=0.00 GiB free=0.34 GiB reserve=1.59 GiB total=31.86 GiB)
ds4: ROCm q8 fp16 cache budget exhausted; using q8 kernels (request=64.00 MiB cached=0.00 GiB free=0.34 GiB reserve=1.59 GiB total=31.86 GiB)
ds4: ROCm q8 fp16 cache budget exhausted; using q8 kernels (request=64.00 MiB cached=0.00 GiB free=0.34 GiB reserve=1.59 GiB total=31.86 GiB)
ds4: ROCm q8 fp16 cache budget exhausted; using q8 kernels (request=64.00 MiB cached=0.00 GiB free=0.34 GiB reserve=1.59 GiB total=31.86 GiB)
ds4: ROCm q8 fp16 cache budget exhausted; using q8 kernels (request=64.00 MiB cached=0.00 GiB free=0.34 GiB reserve=1.59 GiB total=31.86 GiB)
ds4: ROCm q8 fp16 cache budget exhausted; using q8 kernels (request=64.00 MiB cached=0.00 GiB free=0.34 GiB reserve=1.59 GiB total=31.86 GiB)
ds4: ROCm q8 fp16 cache budget exhausted; using q8 kernels (request=64.00 MiB cached=0.00 GiB free=0.34 GiB reserve=1.59 GiB total=31.86 GiB)
ds4: ROCm q8 fp16 cache budget exhausted; using q8 kernels (request=64.00 MiB cached=0.00 GiB free=0.34 GiB reserve=1.59 GiB total=31.86 GiB)
ds4: ROCm q8 fp16 cache budget exhausted; using q8 kernels (request=64.00 MiB cached=0.00 GiB free=0.34 GiB reserve=1.59 GiB total=31.86 GiB)
ds4: ROCm q8 fp16 cache budget exhausted; using q8 kernels (request=64.00 MiB cached=0.00 GiB free=0.34 GiB reserve=1.59 GiB total=31.86 GiB)
ds4: ROCm q8 fp16 cache budget exhausted; using q8 kernels (request=64.00 MiB cached=0.00 GiB free=0.34 GiB reserve=1.59 GiB total=31.86 GiB)
ds4: ROCm q8 fp16 cache budget exhausted; using q8 kernels (request=64.00 MiB cached=0.00 GiB free=0.34 GiB reserve=1.59 GiB total=31.86 GiB)
ds4: ROCm q8 fp16 cache budget exhausted; using q8 kernels (request=64.00 MiB cached=0.00 GiB free=0.34 GiB reserve=1.59 GiB total=31.86 GiB)
ds4: ROCm q8 fp16 cache budget exhausted; using q8 kernels (request=64.00 MiB cached=0.00 GiB free=0.34 GiB reserve=1.59 GiB total=31.86 GiB)
ds4: ROCm q8 fp16 cache budget exhausted; using q8 kernels (request=64.00 MiB cached=0.00 GiB free=0.34 GiB reserve=1.59 GiB total=31.86 GiB)
case_077 cases=78 prompt=24 target=24 avg_nll=0.273838 lcp=8 api_target_mae=0.273838 api_top_coverage=96/120 api_top1=0.917 api_topn=0.250 api_pair=1.000
ds4: ROCm q8 fp16 cache budget exhausted; using q8 kernels (request=64.00 MiB cached=0.00 GiB free=0.34 GiB reserve=1.59 GiB total=31.86 GiB)
ds4: ROCm q8 fp16 cache budget exhausted; using q8 kernels (request=64.00 MiB cached=0.00 GiB free=0.34 GiB reserve=1.59 GiB total=31.86 GiB)
ds4: ROCm q8 fp16 cache budget exhausted; using q8 kernels (request=64.00 MiB cached=0.00 GiB free=0.34 GiB reserve=1.59 GiB total=31.86 GiB)
ds4: ROCm q8 fp16 cache budget exhausted; using q8 kernels (request=64.00 MiB cached=0.00 GiB free=0.34 GiB reserve=1.59 GiB total=31.86 GiB)
ds4: ROCm q8 fp16 cache budget exhausted; using q8 kernels (request=64.00 MiB cached=0.00 GiB free=0.34 GiB reserve=1.59 GiB total=31.86 GiB)
ds4: ROCm q8 fp16 cache budget exhausted; using q8 kernels (request=64.00 MiB cached=0.00 GiB free=0.34 GiB reserve=1.59 GiB total=31.86 GiB)
ds4: ROCm q8 fp16 cache budget exhausted; using q8 kernels (request=64.00 MiB cached=0.00 GiB free=0.34 GiB reserve=1.59 GiB total=31.86 GiB)
ds4: ROCm q8 fp16 cache budget exhausted; using q8 kernels (request=64.00 MiB cached=0.00 GiB free=0.34 GiB reserve=1.59 GiB total=31.86 GiB)
ds4: ROCm q8 fp16 cache budget exhausted; using q8 kernels (request=64.00 MiB cached=0.00 GiB free=0.34 GiB reserve=1.59 GiB total=31.86 GiB)
ds4: ROCm q8 fp16 cache budget exhausted; using q8 kernels (request=64.00 MiB cached=0.00 GiB free=0.34 GiB reserve=1.59 GiB total=31.86 GiB)
ds4: ROCm q8 fp16 cache budget exhausted; using q8 kernels (request=64.00 MiB cached=0.00 GiB free=0.34 GiB reserve=1.59 GiB total=31.86 GiB)
ds4: ROCm q8 fp16 cache budget exhausted; using q8 kernels (request=64.00 MiB cached=0.00 GiB free=0.34 GiB reserve=1.59 GiB total=31.86 GiB)
ds4: ROCm q8 fp16 cache budget exhausted; using q8 kernels (request=64.00 MiB cached=0.00 GiB free=0.34 GiB reserve=1.59 GiB total=31.86 GiB)
ds4: ROCm q8 fp16 cache budget exhausted; using q8 kernels (request=64.00 MiB cached=0.00 GiB free=0.34 GiB reserve=1.59 GiB total=31.86 GiB)
ds4: ROCm q8 fp16 cache budget exhausted; using q8 kernels (request=64.00 MiB cached=0.00 GiB free=0.34 GiB reserve=1.59 GiB total=31.86 GiB)
ds4: ROCm q8 fp16 cache budget exhausted; using q8 kernels (request=64.00 MiB cached=0.00 GiB free=0.34 GiB reserve=1.59 GiB total=31.86 GiB)
ds4: ROCm q8 fp16 cache budget exhausted; using q8 kernels (request=64.00 MiB cached=0.00 GiB free=0.34 GiB reserve=1.59 GiB total=31.86 GiB)
ds4: ROCm q8 fp16 cache budget exhausted; using q8 kernels (request=64.00 MiB cached=0.00 GiB free=0.34 GiB reserve=1.59 GiB total=31.86 GiB)
ds4: ROCm q8 fp16 cache budget exhausted; using q8 kernels (request=64.00 MiB cached=0.00 GiB free=0.34 GiB reserve=1.59 GiB total=31.86 GiB)
ds4: ROCm q8 fp16 cache budget exhausted; using q8 kernels (request=64.00 MiB cached=0.00 GiB free=0.34 GiB reserve=1.59 GiB total=31.86 GiB)
ds4: ROCm q8 fp16 cache budget exhausted; using q8 kernels (request=64.00 MiB cached=0.00 GiB free=0.34 GiB reserve=1.59 GiB total=31.86 GiB)
ds4: ROCm q8 fp16 cache budget exhausted; using q8 kernels (request=64.00 MiB cached=0.00 GiB free=0.34 GiB reserve=1.59 GiB total=31.86 GiB)
ds4: ROCm q8 fp16 cache budget exhausted; using q8 kernels (request=64.00 MiB cached=0.00 GiB free=0.34 GiB reserve=1.59 GiB total=31.86 GiB)
ds4: ROCm q8 fp16 cache budget exhausted; using q8 kernels (request=64.00 MiB cached=0.00 GiB free=0.34 GiB reserve=1.59 GiB total=31.86 GiB)
ds4: ROCm q8 fp16 cache budget exhausted; using q8 kernels (request=64.00 MiB cached=0.00 GiB free=0.34 GiB reserve=1.59 GiB total=31.86 GiB)
ds4: ROCm q8 fp16 cache budget exhausted; using q8 kernels (request=64.00 MiB cached=0.00 GiB free=0.34 GiB reserve=1.59 GiB total=31.86 GiB)
ds4: ROCm q8 fp16 cache budget exhausted; using q8 kernels (request=64.00 MiB cached=0.00 GiB free=0.34 GiB reserve=1.59 GiB total=31.86 GiB)
ds4: ROCm q8 fp16 cache budget exhausted; using q8 kernels (request=64.00 MiB cached=0.00 GiB free=0.34 GiB reserve=1.59 GiB total=31.86 GiB)
ds4: ROCm q8 fp16 cache budget exhausted; using q8 kernels (request=64.00 MiB cached=0.00 GiB free=0.34 GiB reserve=1.59 GiB total=31.86 GiB)
ds4: ROCm q8 fp16 cache budget exhausted; using q8 kernels (request=64.00 MiB cached=0.00 GiB free=0.34 GiB reserve=1.59 GiB total=31.86 GiB)
ds4: ROCm q8 fp16 cache budget exhausted; using q8 kernels (request=64.00 MiB cached=0.00 GiB free=0.34 GiB reserve=1.59 GiB total=31.86 GiB)
ds4: ROCm q8 fp16 cache budget exhausted; using q8 kernels (request=64.00 MiB cached=0.00 GiB free=0.34 GiB reserve=1.59 GiB total=31.86 GiB)
ds4: ROCm q8 fp16 cache budget exhausted; using q8 kernels (request=64.00 MiB cached=0.00 GiB free=0.34 GiB reserve=1.59 GiB total=31.86 GiB)
ds4: ROCm q8 fp16 cache budget exhausted; using q8 kernels (request=64.00 MiB cached=0.00 GiB free=0.34 GiB reserve=1.59 GiB total=31.86 GiB)
ds4: ROCm q8 fp16 cache budget exhausted; using q8 kernels (request=64.00 MiB cached=0.00 GiB free=0.34 GiB reserve=1.59 GiB total=31.86 GiB)
ds4: ROCm q8 fp16 cache budget exhausted; using q8 kernels (request=64.00 MiB cached=0.00 GiB free=0.34 GiB reserve=1.59 GiB total=31.86 GiB)
ds4: ROCm q8 fp16 cache budget exhausted; using q8 kernels (request=64.00 MiB cached=0.00 GiB free=0.34 GiB reserve=1.59 GiB total=31.86 GiB)
ds4: ROCm q8 fp16 cache budget exhausted; using q8 kernels (request=64.00 MiB cached=0.00 GiB free=0.34 GiB reserve=1.59 GiB total=31.86 GiB)
ds4: ROCm q8 fp16 cache budget exhausted; using q8 kernels (request=64.00 MiB cached=0.00 GiB free=0.34 GiB reserve=1.59 GiB total=31.86 GiB)
ds4: ROCm q8 fp16 cache budget exhausted; using q8 kernels (request=64.00 MiB cached=0.00 GiB free=0.34 GiB reserve=1.59 GiB total=31.86 GiB)
ds4: ROCm q8 fp16 cache budget exhausted; using q8 kernels (request=64.00 MiB cached=0.00 GiB free=0.34 GiB reserve=1.59 GiB total=31.86 GiB)
ds4: ROCm q8 fp16 cache budget exhausted; using q8 kernels (request=64.00 MiB cached=0.00 GiB free=0.34 GiB reserve=1.59 GiB total=31.86 GiB)
ds4: ROCm q8 fp16 cache budget exhausted; using q8 kernels (request=64.00 MiB cached=0.00 GiB free=0.34 GiB reserve=1.59 GiB total=31.86 GiB)
case_078 cases=79 prompt=28 target=24 avg_nll=0.800699 lcp=0 api_target_mae=0.800699 api_top_coverage=97/120 api_top1=0.833 api_topn=0.268 api_pair=0.973
ds4: ROCm q8 fp16 cache budget exhausted; using q8 kernels (request=64.00 MiB cached=0.00 GiB free=0.34 GiB reserve=1.59 GiB total=31.86 GiB)
ds4: ROCm q8 fp16 cache budget exhausted; using q8 kernels (request=64.00 MiB cached=0.00 GiB free=0.34 GiB reserve=1.59 GiB total=31.86 GiB)
ds4: ROCm q8 fp16 cache budget exhausted; using q8 kernels (request=64.00 MiB cached=0.00 GiB free=0.34 GiB reserve=1.59 GiB total=31.86 GiB)
ds4: ROCm q8 fp16 cache budget exhausted; using q8 kernels (request=64.00 MiB cached=0.00 GiB free=0.34 GiB reserve=1.59 GiB total=31.86 GiB)
ds4: ROCm q8 fp16 cache budget exhausted; using q8 kernels (request=64.00 MiB cached=0.00 GiB free=0.34 GiB reserve=1.59 GiB total=31.86 GiB)
ds4: ROCm q8 fp16 cache budget exhausted; using q8 kernels (request=64.00 MiB cached=0.00 GiB free=0.34 GiB reserve=1.59 GiB total=31.86 GiB)
ds4: ROCm q8 fp16 cache budget exhausted; using q8 kernels (request=64.00 MiB cached=0.00 GiB free=0.34 GiB reserve=1.59 GiB total=31.86 GiB)
ds4: ROCm q8 fp16 cache budget exhausted; using q8 kernels (request=64.00 MiB cached=0.00 GiB free=0.34 GiB reserve=1.59 GiB total=31.86 GiB)
ds4: ROCm q8 fp16 cache budget exhausted; using q8 kernels (request=64.00 MiB cached=0.00 GiB free=0.34 GiB reserve=1.59 GiB total=31.86 GiB)
ds4: ROCm q8 fp16 cache budget exhausted; using q8 kernels (request=64.00 MiB cached=0.00 GiB free=0.34 GiB reserve=1.59 GiB total=31.86 GiB)
ds4: ROCm q8 fp16 cache budget exhausted; using q8 kernels (request=64.00 MiB cached=0.00 GiB free=0.34 GiB reserve=1.59 GiB total=31.86 GiB)
ds4: ROCm q8 fp16 cache budget exhausted; using q8 kernels (request=64.00 MiB cached=0.00 GiB free=0.34 GiB reserve=1.59 GiB total=31.86 GiB)
ds4: ROCm q8 fp16 cache budget exhausted; using q8 kernels (request=64.00 MiB cached=0.00 GiB free=0.34 GiB reserve=1.59 GiB total=31.86 GiB)
ds4: ROCm q8 fp16 cache budget exhausted; using q8 kernels (request=64.00 MiB cached=0.00 GiB free=0.34 GiB reserve=1.59 GiB total=31.86 GiB)
ds4: ROCm q8 fp16 cache budget exhausted; using q8 kernels (request=64.00 MiB cached=0.00 GiB free=0.34 GiB reserve=1.59 GiB total=31.86 GiB)
ds4: ROCm q8 fp16 cache budget exhausted; using q8 kernels (request=64.00 MiB cached=0.00 GiB free=0.34 GiB reserve=1.59 GiB total=31.86 GiB)
ds4: ROCm q8 fp16 cache budget exhausted; using q8 kernels (request=64.00 MiB cached=0.00 GiB free=0.34 GiB reserve=1.59 GiB total=31.86 GiB)
ds4: ROCm q8 fp16 cache budget exhausted; using q8 kernels (request=64.00 MiB cached=0.00 GiB free=0.34 GiB reserve=1.59 GiB total=31.86 GiB)
ds4: ROCm q8 fp16 cache budget exhausted; using q8 kernels (request=64.00 MiB cached=0.00 GiB free=0.34 GiB reserve=1.59 GiB total=31.86 GiB)
ds4: ROCm q8 fp16 cache budget exhausted; using q8 kernels (request=64.00 MiB cached=0.00 GiB free=0.34 GiB reserve=1.59 GiB total=31.86 GiB)
ds4: ROCm q8 fp16 cache budget exhausted; using q8 kernels (request=64.00 MiB cached=0.00 GiB free=0.34 GiB reserve=1.59 GiB total=31.86 GiB)
ds4: ROCm q8 fp16 cache budget exhausted; using q8 kernels (request=64.00 MiB cached=0.00 GiB free=0.34 GiB reserve=1.59 GiB total=31.86 GiB)
ds4: ROCm q8 fp16 cache budget exhausted; using q8 kernels (request=64.00 MiB cached=0.00 GiB free=0.34 GiB reserve=1.59 GiB total=31.86 GiB)
ds4: ROCm q8 fp16 cache budget exhausted; using q8 kernels (request=64.00 MiB cached=0.00 GiB free=0.34 GiB reserve=1.59 GiB total=31.86 GiB)
ds4: ROCm q8 fp16 cache budget exhausted; using q8 kernels (request=64.00 MiB cached=0.00 GiB free=0.34 GiB reserve=1.59 GiB total=31.86 GiB)
ds4: ROCm q8 fp16 cache budget exhausted; using q8 kernels (request=64.00 MiB cached=0.00 GiB free=0.34 GiB reserve=1.59 GiB total=31.86 GiB)
ds4: ROCm q8 fp16 cache budget exhausted; using q8 kernels (request=64.00 MiB cached=0.00 GiB free=0.34 GiB reserve=1.59 GiB total=31.86 GiB)
ds4: ROCm q8 fp16 cache budget exhausted; using q8 kernels (request=64.00 MiB cached=0.00 GiB free=0.34 GiB reserve=1.59 GiB total=31.86 GiB)
ds4: ROCm q8 fp16 cache budget exhausted; using q8 kernels (request=64.00 MiB cached=0.00 GiB free=0.34 GiB reserve=1.59 GiB total=31.86 GiB)
ds4: ROCm q8 fp16 cache budget exhausted; using q8 kernels (request=64.00 MiB cached=0.00 GiB free=0.34 GiB reserve=1.59 GiB total=31.86 GiB)
ds4: ROCm q8 fp16 cache budget exhausted; using q8 kernels (request=64.00 MiB cached=0.00 GiB free=0.34 GiB reserve=1.59 GiB total=31.86 GiB)
ds4: ROCm q8 fp16 cache budget exhausted; using q8 kernels (request=64.00 MiB cached=0.00 GiB free=0.34 GiB reserve=1.59 GiB total=31.86 GiB)
ds4: ROCm q8 fp16 cache budget exhausted; using q8 kernels (request=64.00 MiB cached=0.00 GiB free=0.34 GiB reserve=1.59 GiB total=31.86 GiB)
ds4: ROCm q8 fp16 cache budget exhausted; using q8 kernels (request=64.00 MiB cached=0.00 GiB free=0.34 GiB reserve=1.59 GiB total=31.86 GiB)
ds4: ROCm q8 fp16 cache budget exhausted; using q8 kernels (request=64.00 MiB cached=0.00 GiB free=0.34 GiB reserve=1.59 GiB total=31.86 GiB)
ds4: ROCm q8 fp16 cache budget exhausted; using q8 kernels (request=64.00 MiB cached=0.00 GiB free=0.34 GiB reserve=1.59 GiB total=31.86 GiB)
ds4: ROCm q8 fp16 cache budget exhausted; using q8 kernels (request=64.00 MiB cached=0.00 GiB free=0.34 GiB reserve=1.59 GiB total=31.86 GiB)
ds4: ROCm q8 fp16 cache budget exhausted; using q8 kernels (request=64.00 MiB cached=0.00 GiB free=0.34 GiB reserve=1.59 GiB total=31.86 GiB)
ds4: ROCm q8 fp16 cache budget exhausted; using q8 kernels (request=64.00 MiB cached=0.00 GiB free=0.34 GiB reserve=1.59 GiB total=31.86 GiB)
ds4: ROCm q8 fp16 cache budget exhausted; using q8 kernels (request=64.00 MiB cached=0.00 GiB free=0.34 GiB reserve=1.59 GiB total=31.86 GiB)
ds4: ROCm q8 fp16 cache budget exhausted; using q8 kernels (request=64.00 MiB cached=0.00 GiB free=0.34 GiB reserve=1.59 GiB total=31.86 GiB)
ds4: ROCm q8 fp16 cache budget exhausted; using q8 kernels (request=64.00 MiB cached=0.00 GiB free=0.34 GiB reserve=1.59 GiB total=31.86 GiB)
ds4: ROCm q8 fp16 cache budget exhausted; using q8 kernels (request=64.00 MiB cached=0.00 GiB free=0.34 GiB reserve=1.59 GiB total=31.86 GiB)
case_079 cases=80 prompt=20 target=24 avg_nll=0.860657 lcp=3 api_target_mae=0.860657 api_top_coverage=99/120 api_top1=0.792 api_topn=0.253 api_pair=0.987
ds4: ROCm q8 fp16 cache budget exhausted; using q8 kernels (request=64.00 MiB cached=0.00 GiB free=0.34 GiB reserve=1.59 GiB total=31.86 GiB)
ds4: ROCm q8 fp16 cache budget exhausted; using q8 kernels (request=64.00 MiB cached=0.00 GiB free=0.34 GiB reserve=1.59 GiB total=31.86 GiB)
ds4: ROCm q8 fp16 cache budget exhausted; using q8 kernels (request=64.00 MiB cached=0.00 GiB free=0.34 GiB reserve=1.59 GiB total=31.86 GiB)
ds4: ROCm q8 fp16 cache budget exhausted; using q8 kernels (request=64.00 MiB cached=0.00 GiB free=0.34 GiB reserve=1.59 GiB total=31.86 GiB)
ds4: ROCm q8 fp16 cache budget exhausted; using q8 kernels (request=64.00 MiB cached=0.00 GiB free=0.34 GiB reserve=1.59 GiB total=31.86 GiB)
ds4: ROCm q8 fp16 cache budget exhausted; using q8 kernels (request=64.00 MiB cached=0.00 GiB free=0.34 GiB reserve=1.59 GiB total=31.86 GiB)
ds4: ROCm q8 fp16 cache budget exhausted; using q8 kernels (request=64.00 MiB cached=0.00 GiB free=0.34 GiB reserve=1.59 GiB total=31.86 GiB)
ds4: ROCm q8 fp16 cache budget exhausted; using q8 kernels (request=64.00 MiB cached=0.00 GiB free=0.34 GiB reserve=1.59 GiB total=31.86 GiB)
ds4: ROCm q8 fp16 cache budget exhausted; using q8 kernels (request=64.00 MiB cached=0.00 GiB free=0.34 GiB reserve=1.59 GiB total=31.86 GiB)
ds4: ROCm q8 fp16 cache budget exhausted; using q8 kernels (request=64.00 MiB cached=0.00 GiB free=0.34 GiB reserve=1.59 GiB total=31.86 GiB)
ds4: ROCm q8 fp16 cache budget exhausted; using q8 kernels (request=64.00 MiB cached=0.00 GiB free=0.34 GiB reserve=1.59 GiB total=31.86 GiB)
ds4: ROCm q8 fp16 cache budget exhausted; using q8 kernels (request=64.00 MiB cached=0.00 GiB free=0.34 GiB reserve=1.59 GiB total=31.86 GiB)
ds4: ROCm q8 fp16 cache budget exhausted; using q8 kernels (request=64.00 MiB cached=0.00 GiB free=0.34 GiB reserve=1.59 GiB total=31.86 GiB)
ds4: ROCm q8 fp16 cache budget exhausted; using q8 kernels (request=64.00 MiB cached=0.00 GiB free=0.34 GiB reserve=1.59 GiB total=31.86 GiB)
ds4: ROCm q8 fp16 cache budget exhausted; using q8 kernels (request=64.00 MiB cached=0.00 GiB free=0.34 GiB reserve=1.59 GiB total=31.86 GiB)
ds4: ROCm q8 fp16 cache budget exhausted; using q8 kernels (request=64.00 MiB cached=0.00 GiB free=0.34 GiB reserve=1.59 GiB total=31.86 GiB)
ds4: ROCm q8 fp16 cache budget exhausted; using q8 kernels (request=64.00 MiB cached=0.00 GiB free=0.34 GiB reserve=1.59 GiB total=31.86 GiB)
ds4: ROCm q8 fp16 cache budget exhausted; using q8 kernels (request=64.00 MiB cached=0.00 GiB free=0.34 GiB reserve=1.59 GiB total=31.86 GiB)
ds4: ROCm q8 fp16 cache budget exhausted; using q8 kernels (request=64.00 MiB cached=0.00 GiB free=0.34 GiB reserve=1.59 GiB total=31.86 GiB)
ds4: ROCm q8 fp16 cache budget exhausted; using q8 kernels (request=64.00 MiB cached=0.00 GiB free=0.34 GiB reserve=1.59 GiB total=31.86 GiB)
ds4: ROCm q8 fp16 cache budget exhausted; using q8 kernels (request=64.00 MiB cached=0.00 GiB free=0.34 GiB reserve=1.59 GiB total=31.86 GiB)
ds4: ROCm q8 fp16 cache budget exhausted; using q8 kernels (request=64.00 MiB cached=0.00 GiB free=0.34 GiB reserve=1.59 GiB total=31.86 GiB)
ds4: ROCm q8 fp16 cache budget exhausted; using q8 kernels (request=64.00 MiB cached=0.00 GiB free=0.34 GiB reserve=1.59 GiB total=31.86 GiB)
ds4: ROCm q8 fp16 cache budget exhausted; using q8 kernels (request=64.00 MiB cached=0.00 GiB free=0.34 GiB reserve=1.59 GiB total=31.86 GiB)
ds4: ROCm q8 fp16 cache budget exhausted; using q8 kernels (request=64.00 MiB cached=0.00 GiB free=0.34 GiB reserve=1.59 GiB total=31.86 GiB)
ds4: ROCm q8 fp16 cache budget exhausted; using q8 kernels (request=64.00 MiB cached=0.00 GiB free=0.34 GiB reserve=1.59 GiB total=31.86 GiB)
ds4: ROCm q8 fp16 cache budget exhausted; using q8 kernels (request=64.00 MiB cached=0.00 GiB free=0.34 GiB reserve=1.59 GiB total=31.86 GiB)
ds4: ROCm q8 fp16 cache budget exhausted; using q8 kernels (request=64.00 MiB cached=0.00 GiB free=0.34 GiB reserve=1.59 GiB total=31.86 GiB)
ds4: ROCm q8 fp16 cache budget exhausted; using q8 kernels (request=64.00 MiB cached=0.00 GiB free=0.34 GiB reserve=1.59 GiB total=31.86 GiB)
ds4: ROCm q8 fp16 cache budget exhausted; using q8 kernels (request=64.00 MiB cached=0.00 GiB free=0.34 GiB reserve=1.59 GiB total=31.86 GiB)
ds4: ROCm q8 fp16 cache budget exhausted; using q8 kernels (request=64.00 MiB cached=0.00 GiB free=0.34 GiB reserve=1.59 GiB total=31.86 GiB)
ds4: ROCm q8 fp16 cache budget exhausted; using q8 kernels (request=64.00 MiB cached=0.00 GiB free=0.34 GiB reserve=1.59 GiB total=31.86 GiB)
ds4: ROCm q8 fp16 cache budget exhausted; using q8 kernels (request=64.00 MiB cached=0.00 GiB free=0.34 GiB reserve=1.59 GiB total=31.86 GiB)
ds4: ROCm q8 fp16 cache budget exhausted; using q8 kernels (request=64.00 MiB cached=0.00 GiB free=0.34 GiB reserve=1.59 GiB total=31.86 GiB)
ds4: ROCm q8 fp16 cache budget exhausted; using q8 kernels (request=64.00 MiB cached=0.00 GiB free=0.34 GiB reserve=1.59 GiB total=31.86 GiB)
ds4: ROCm q8 fp16 cache budget exhausted; using q8 kernels (request=64.00 MiB cached=0.00 GiB free=0.34 GiB reserve=1.59 GiB total=31.86 GiB)
ds4: ROCm q8 fp16 cache budget exhausted; using q8 kernels (request=64.00 MiB cached=0.00 GiB free=0.34 GiB reserve=1.59 GiB total=31.86 GiB)
ds4: ROCm q8 fp16 cache budget exhausted; using q8 kernels (request=64.00 MiB cached=0.00 GiB free=0.34 GiB reserve=1.59 GiB total=31.86 GiB)
ds4: ROCm q8 fp16 cache budget exhausted; using q8 kernels (request=64.00 MiB cached=0.00 GiB free=0.34 GiB reserve=1.59 GiB total=31.86 GiB)
ds4: ROCm q8 fp16 cache budget exhausted; using q8 kernels (request=64.00 MiB cached=0.00 GiB free=0.34 GiB reserve=1.59 GiB total=31.86 GiB)
ds4: ROCm q8 fp16 cache budget exhausted; using q8 kernels (request=64.00 MiB cached=0.00 GiB free=0.34 GiB reserve=1.59 GiB total=31.86 GiB)
ds4: ROCm q8 fp16 cache budget exhausted; using q8 kernels (request=64.00 MiB cached=0.00 GiB free=0.34 GiB reserve=1.59 GiB total=31.86 GiB)
ds4: ROCm q8 fp16 cache budget exhausted; using q8 kernels (request=64.00 MiB cached=0.00 GiB free=0.34 GiB reserve=1.59 GiB total=31.86 GiB)
case_080 cases=81 prompt=13 target=24 avg_nll=1.456519 lcp=0 api_target_mae=1.456519 api_top_coverage=119/120 api_top1=0.583 api_topn=0.613 api_pair=0.847
ds4: ROCm q8 fp16 cache budget exhausted; using q8 kernels (request=64.00 MiB cached=0.00 GiB free=0.34 GiB reserve=1.59 GiB total=31.86 GiB)
ds4: ROCm q8 fp16 cache budget exhausted; using q8 kernels (request=64.00 MiB cached=0.00 GiB free=0.34 GiB reserve=1.59 GiB total=31.86 GiB)
ds4: ROCm q8 fp16 cache budget exhausted; using q8 kernels (request=64.00 MiB cached=0.00 GiB free=0.34 GiB reserve=1.59 GiB total=31.86 GiB)
ds4: ROCm q8 fp16 cache budget exhausted; using q8 kernels (request=64.00 MiB cached=0.00 GiB free=0.34 GiB reserve=1.59 GiB total=31.86 GiB)
ds4: ROCm q8 fp16 cache budget exhausted; using q8 kernels (request=64.00 MiB cached=0.00 GiB free=0.34 GiB reserve=1.59 GiB total=31.86 GiB)
ds4: ROCm q8 fp16 cache budget exhausted; using q8 kernels (request=64.00 MiB cached=0.00 GiB free=0.34 GiB reserve=1.59 GiB total=31.86 GiB)
ds4: ROCm q8 fp16 cache budget exhausted; using q8 kernels (request=64.00 MiB cached=0.00 GiB free=0.34 GiB reserve=1.59 GiB total=31.86 GiB)
ds4: ROCm q8 fp16 cache budget exhausted; using q8 kernels (request=64.00 MiB cached=0.00 GiB free=0.34 GiB reserve=1.59 GiB total=31.86 GiB)
ds4: ROCm q8 fp16 cache budget exhausted; using q8 kernels (request=64.00 MiB cached=0.00 GiB free=0.34 GiB reserve=1.59 GiB total=31.86 GiB)
ds4: ROCm q8 fp16 cache budget exhausted; using q8 kernels (request=64.00 MiB cached=0.00 GiB free=0.34 GiB reserve=1.59 GiB total=31.86 GiB)
ds4: ROCm q8 fp16 cache budget exhausted; using q8 kernels (request=64.00 MiB cached=0.00 GiB free=0.34 GiB reserve=1.59 GiB total=31.86 GiB)
ds4: ROCm q8 fp16 cache budget exhausted; using q8 kernels (request=64.00 MiB cached=0.00 GiB free=0.34 GiB reserve=1.59 GiB total=31.86 GiB)
ds4: ROCm q8 fp16 cache budget exhausted; using q8 kernels (request=64.00 MiB cached=0.00 GiB free=0.34 GiB reserve=1.59 GiB total=31.86 GiB)
ds4: ROCm q8 fp16 cache budget exhausted; using q8 kernels (request=64.00 MiB cached=0.00 GiB free=0.34 GiB reserve=1.59 GiB total=31.86 GiB)
ds4: ROCm q8 fp16 cache budget exhausted; using q8 kernels (request=64.00 MiB cached=0.00 GiB free=0.34 GiB reserve=1.59 GiB total=31.86 GiB)
ds4: ROCm q8 fp16 cache budget exhausted; using q8 kernels (request=64.00 MiB cached=0.00 GiB free=0.34 GiB reserve=1.59 GiB total=31.86 GiB)
ds4: ROCm q8 fp16 cache budget exhausted; using q8 kernels (request=64.00 MiB cached=0.00 GiB free=0.34 GiB reserve=1.59 GiB total=31.86 GiB)
ds4: ROCm q8 fp16 cache budget exhausted; using q8 kernels (request=64.00 MiB cached=0.00 GiB free=0.34 GiB reserve=1.59 GiB total=31.86 GiB)
ds4: ROCm q8 fp16 cache budget exhausted; using q8 kernels (request=64.00 MiB cached=0.00 GiB free=0.34 GiB reserve=1.59 GiB total=31.86 GiB)
ds4: ROCm q8 fp16 cache budget exhausted; using q8 kernels (request=64.00 MiB cached=0.00 GiB free=0.34 GiB reserve=1.59 GiB total=31.86 GiB)
ds4: ROCm q8 fp16 cache budget exhausted; using q8 kernels (request=64.00 MiB cached=0.00 GiB free=0.34 GiB reserve=1.59 GiB total=31.86 GiB)
ds4: ROCm q8 fp16 cache budget exhausted; using q8 kernels (request=64.00 MiB cached=0.00 GiB free=0.34 GiB reserve=1.59 GiB total=31.86 GiB)
ds4: ROCm q8 fp16 cache budget exhausted; using q8 kernels (request=64.00 MiB cached=0.00 GiB free=0.34 GiB reserve=1.59 GiB total=31.86 GiB)
ds4: ROCm q8 fp16 cache budget exhausted; using q8 kernels (request=64.00 MiB cached=0.00 GiB free=0.34 GiB reserve=1.59 GiB total=31.86 GiB)
ds4: ROCm q8 fp16 cache budget exhausted; using q8 kernels (request=64.00 MiB cached=0.00 GiB free=0.34 GiB reserve=1.59 GiB total=31.86 GiB)
ds4: ROCm q8 fp16 cache budget exhausted; using q8 kernels (request=64.00 MiB cached=0.00 GiB free=0.34 GiB reserve=1.59 GiB total=31.86 GiB)
ds4: ROCm q8 fp16 cache budget exhausted; using q8 kernels (request=64.00 MiB cached=0.00 GiB free=0.34 GiB reserve=1.59 GiB total=31.86 GiB)
ds4: ROCm q8 fp16 cache budget exhausted; using q8 kernels (request=64.00 MiB cached=0.00 GiB free=0.34 GiB reserve=1.59 GiB total=31.86 GiB)
ds4: ROCm q8 fp16 cache budget exhausted; using q8 kernels (request=64.00 MiB cached=0.00 GiB free=0.34 GiB reserve=1.59 GiB total=31.86 GiB)
ds4: ROCm q8 fp16 cache budget exhausted; using q8 kernels (request=64.00 MiB cached=0.00 GiB free=0.34 GiB reserve=1.59 GiB total=31.86 GiB)
ds4: ROCm q8 fp16 cache budget exhausted; using q8 kernels (request=64.00 MiB cached=0.00 GiB free=0.34 GiB reserve=1.59 GiB total=31.86 GiB)
ds4: ROCm q8 fp16 cache budget exhausted; using q8 kernels (request=64.00 MiB cached=0.00 GiB free=0.34 GiB reserve=1.59 GiB total=31.86 GiB)
ds4: ROCm q8 fp16 cache budget exhausted; using q8 kernels (request=64.00 MiB cached=0.00 GiB free=0.34 GiB reserve=1.59 GiB total=31.86 GiB)
ds4: ROCm q8 fp16 cache budget exhausted; using q8 kernels (request=64.00 MiB cached=0.00 GiB free=0.34 GiB reserve=1.59 GiB total=31.86 GiB)
ds4: ROCm q8 fp16 cache budget exhausted; using q8 kernels (request=64.00 MiB cached=0.00 GiB free=0.34 GiB reserve=1.59 GiB total=31.86 GiB)
ds4: ROCm q8 fp16 cache budget exhausted; using q8 kernels (request=64.00 MiB cached=0.00 GiB free=0.34 GiB reserve=1.59 GiB total=31.86 GiB)
ds4: ROCm q8 fp16 cache budget exhausted; using q8 kernels (request=64.00 MiB cached=0.00 GiB free=0.34 GiB reserve=1.59 GiB total=31.86 GiB)
ds4: ROCm q8 fp16 cache budget exhausted; using q8 kernels (request=64.00 MiB cached=0.00 GiB free=0.34 GiB reserve=1.59 GiB total=31.86 GiB)
ds4: ROCm q8 fp16 cache budget exhausted; using q8 kernels (request=64.00 MiB cached=0.00 GiB free=0.34 GiB reserve=1.59 GiB total=31.86 GiB)
ds4: ROCm q8 fp16 cache budget exhausted; using q8 kernels (request=64.00 MiB cached=0.00 GiB free=0.34 GiB reserve=1.59 GiB total=31.86 GiB)
ds4: ROCm q8 fp16 cache budget exhausted; using q8 kernels (request=64.00 MiB cached=0.00 GiB free=0.34 GiB reserve=1.59 GiB total=31.86 GiB)
ds4: ROCm q8 fp16 cache budget exhausted; using q8 kernels (request=64.00 MiB cached=0.00 GiB free=0.34 GiB reserve=1.59 GiB total=31.86 GiB)
ds4: ROCm q8 fp16 cache budget exhausted; using q8 kernels (request=64.00 MiB cached=0.00 GiB free=0.34 GiB reserve=1.59 GiB total=31.86 GiB)
case_081 cases=82 prompt=13 target=24 avg_nll=0.683365 lcp=0 api_target_mae=0.683365 api_top_coverage=99/120 api_top1=0.708 api_topn=0.263 api_pair=0.987
ds4: ROCm q8 fp16 cache budget exhausted; using q8 kernels (request=64.00 MiB cached=0.00 GiB free=0.34 GiB reserve=1.59 GiB total=31.86 GiB)
ds4: ROCm q8 fp16 cache budget exhausted; using q8 kernels (request=64.00 MiB cached=0.00 GiB free=0.34 GiB reserve=1.59 GiB total=31.86 GiB)
ds4: ROCm q8 fp16 cache budget exhausted; using q8 kernels (request=64.00 MiB cached=0.00 GiB free=0.34 GiB reserve=1.59 GiB total=31.86 GiB)
ds4: ROCm q8 fp16 cache budget exhausted; using q8 kernels (request=64.00 MiB cached=0.00 GiB free=0.34 GiB reserve=1.59 GiB total=31.86 GiB)
ds4: ROCm q8 fp16 cache budget exhausted; using q8 kernels (request=64.00 MiB cached=0.00 GiB free=0.34 GiB reserve=1.59 GiB total=31.86 GiB)
ds4: ROCm q8 fp16 cache budget exhausted; using q8 kernels (request=64.00 MiB cached=0.00 GiB free=0.34 GiB reserve=1.59 GiB total=31.86 GiB)
ds4: ROCm q8 fp16 cache budget exhausted; using q8 kernels (request=64.00 MiB cached=0.00 GiB free=0.34 GiB reserve=1.59 GiB total=31.86 GiB)
ds4: ROCm q8 fp16 cache budget exhausted; using q8 kernels (request=64.00 MiB cached=0.00 GiB free=0.34 GiB reserve=1.59 GiB total=31.86 GiB)
ds4: ROCm q8 fp16 cache budget exhausted; using q8 kernels (request=64.00 MiB cached=0.00 GiB free=0.34 GiB reserve=1.59 GiB total=31.86 GiB)
ds4: ROCm q8 fp16 cache budget exhausted; using q8 kernels (request=64.00 MiB cached=0.00 GiB free=0.34 GiB reserve=1.59 GiB total=31.86 GiB)
ds4: ROCm q8 fp16 cache budget exhausted; using q8 kernels (request=64.00 MiB cached=0.00 GiB free=0.34 GiB reserve=1.59 GiB total=31.86 GiB)
ds4: ROCm q8 fp16 cache budget exhausted; using q8 kernels (request=64.00 MiB cached=0.00 GiB free=0.34 GiB reserve=1.59 GiB total=31.86 GiB)
ds4: ROCm q8 fp16 cache budget exhausted; using q8 kernels (request=64.00 MiB cached=0.00 GiB free=0.34 GiB reserve=1.59 GiB total=31.86 GiB)
ds4: ROCm q8 fp16 cache budget exhausted; using q8 kernels (request=64.00 MiB cached=0.00 GiB free=0.34 GiB reserve=1.59 GiB total=31.86 GiB)
ds4: ROCm q8 fp16 cache budget exhausted; using q8 kernels (request=64.00 MiB cached=0.00 GiB free=0.34 GiB reserve=1.59 GiB total=31.86 GiB)
ds4: ROCm q8 fp16 cache budget exhausted; using q8 kernels (request=64.00 MiB cached=0.00 GiB free=0.34 GiB reserve=1.59 GiB total=31.86 GiB)
ds4: ROCm q8 fp16 cache budget exhausted; using q8 kernels (request=64.00 MiB cached=0.00 GiB free=0.34 GiB reserve=1.59 GiB total=31.86 GiB)
ds4: ROCm q8 fp16 cache budget exhausted; using q8 kernels (request=64.00 MiB cached=0.00 GiB free=0.34 GiB reserve=1.59 GiB total=31.86 GiB)
ds4: ROCm q8 fp16 cache budget exhausted; using q8 kernels (request=64.00 MiB cached=0.00 GiB free=0.34 GiB reserve=1.59 GiB total=31.86 GiB)
ds4: ROCm q8 fp16 cache budget exhausted; using q8 kernels (request=64.00 MiB cached=0.00 GiB free=0.34 GiB reserve=1.59 GiB total=31.86 GiB)
ds4: ROCm q8 fp16 cache budget exhausted; using q8 kernels (request=64.00 MiB cached=0.00 GiB free=0.34 GiB reserve=1.59 GiB total=31.86 GiB)
ds4: ROCm q8 fp16 cache budget exhausted; using q8 kernels (request=64.00 MiB cached=0.00 GiB free=0.34 GiB reserve=1.59 GiB total=31.86 GiB)
ds4: ROCm q8 fp16 cache budget exhausted; using q8 kernels (request=64.00 MiB cached=0.00 GiB free=0.34 GiB reserve=1.59 GiB total=31.86 GiB)
ds4: ROCm q8 fp16 cache budget exhausted; using q8 kernels (request=64.00 MiB cached=0.00 GiB free=0.34 GiB reserve=1.59 GiB total=31.86 GiB)
ds4: ROCm q8 fp16 cache budget exhausted; using q8 kernels (request=64.00 MiB cached=0.00 GiB free=0.34 GiB reserve=1.59 GiB total=31.86 GiB)
ds4: ROCm q8 fp16 cache budget exhausted; using q8 kernels (request=64.00 MiB cached=0.00 GiB free=0.34 GiB reserve=1.59 GiB total=31.86 GiB)
ds4: ROCm q8 fp16 cache budget exhausted; using q8 kernels (request=64.00 MiB cached=0.00 GiB free=0.34 GiB reserve=1.59 GiB total=31.86 GiB)
ds4: ROCm q8 fp16 cache budget exhausted; using q8 kernels (request=64.00 MiB cached=0.00 GiB free=0.34 GiB reserve=1.59 GiB total=31.86 GiB)
ds4: ROCm q8 fp16 cache budget exhausted; using q8 kernels (request=64.00 MiB cached=0.00 GiB free=0.34 GiB reserve=1.59 GiB total=31.86 GiB)
ds4: ROCm q8 fp16 cache budget exhausted; using q8 kernels (request=64.00 MiB cached=0.00 GiB free=0.34 GiB reserve=1.59 GiB total=31.86 GiB)
ds4: ROCm q8 fp16 cache budget exhausted; using q8 kernels (request=64.00 MiB cached=0.00 GiB free=0.34 GiB reserve=1.59 GiB total=31.86 GiB)
ds4: ROCm q8 fp16 cache budget exhausted; using q8 kernels (request=64.00 MiB cached=0.00 GiB free=0.34 GiB reserve=1.59 GiB total=31.86 GiB)
ds4: ROCm q8 fp16 cache budget exhausted; using q8 kernels (request=64.00 MiB cached=0.00 GiB free=0.34 GiB reserve=1.59 GiB total=31.86 GiB)
ds4: ROCm q8 fp16 cache budget exhausted; using q8 kernels (request=64.00 MiB cached=0.00 GiB free=0.34 GiB reserve=1.59 GiB total=31.86 GiB)
ds4: ROCm q8 fp16 cache budget exhausted; using q8 kernels (request=64.00 MiB cached=0.00 GiB free=0.34 GiB reserve=1.59 GiB total=31.86 GiB)
ds4: ROCm q8 fp16 cache budget exhausted; using q8 kernels (request=64.00 MiB cached=0.00 GiB free=0.34 GiB reserve=1.59 GiB total=31.86 GiB)
ds4: ROCm q8 fp16 cache budget exhausted; using q8 kernels (request=64.00 MiB cached=0.00 GiB free=0.34 GiB reserve=1.59 GiB total=31.86 GiB)
ds4: ROCm q8 fp16 cache budget exhausted; using q8 kernels (request=64.00 MiB cached=0.00 GiB free=0.34 GiB reserve=1.59 GiB total=31.86 GiB)
ds4: ROCm q8 fp16 cache budget exhausted; using q8 kernels (request=64.00 MiB cached=0.00 GiB free=0.34 GiB reserve=1.59 GiB total=31.86 GiB)
ds4: ROCm q8 fp16 cache budget exhausted; using q8 kernels (request=64.00 MiB cached=0.00 GiB free=0.34 GiB reserve=1.59 GiB total=31.86 GiB)
ds4: ROCm q8 fp16 cache budget exhausted; using q8 kernels (request=64.00 MiB cached=0.00 GiB free=0.34 GiB reserve=1.59 GiB total=31.86 GiB)
ds4: ROCm q8 fp16 cache budget exhausted; using q8 kernels (request=64.00 MiB cached=0.00 GiB free=0.34 GiB reserve=1.59 GiB total=31.86 GiB)
ds4: ROCm q8 fp16 cache budget exhausted; using q8 kernels (request=64.00 MiB cached=0.00 GiB free=0.34 GiB reserve=1.59 GiB total=31.86 GiB)
case_082 cases=83 prompt=16 target=24 avg_nll=0.717470 lcp=7 api_target_mae=0.717470 api_top_coverage=97/120 api_top1=0.750 api_topn=0.289 api_pair=1.000
ds4: ROCm q8 fp16 cache budget exhausted; using q8 kernels (request=64.00 MiB cached=0.00 GiB free=0.34 GiB reserve=1.59 GiB total=31.86 GiB)
ds4: ROCm q8 fp16 cache budget exhausted; using q8 kernels (request=64.00 MiB cached=0.00 GiB free=0.34 GiB reserve=1.59 GiB total=31.86 GiB)
ds4: ROCm q8 fp16 cache budget exhausted; using q8 kernels (request=64.00 MiB cached=0.00 GiB free=0.34 GiB reserve=1.59 GiB total=31.86 GiB)
ds4: ROCm q8 fp16 cache budget exhausted; using q8 kernels (request=64.00 MiB cached=0.00 GiB free=0.34 GiB reserve=1.59 GiB total=31.86 GiB)
ds4: ROCm q8 fp16 cache budget exhausted; using q8 kernels (request=64.00 MiB cached=0.00 GiB free=0.34 GiB reserve=1.59 GiB total=31.86 GiB)
ds4: ROCm q8 fp16 cache budget exhausted; using q8 kernels (request=64.00 MiB cached=0.00 GiB free=0.34 GiB reserve=1.59 GiB total=31.86 GiB)
ds4: ROCm q8 fp16 cache budget exhausted; using q8 kernels (request=64.00 MiB cached=0.00 GiB free=0.34 GiB reserve=1.59 GiB total=31.86 GiB)
ds4: ROCm q8 fp16 cache budget exhausted; using q8 kernels (request=64.00 MiB cached=0.00 GiB free=0.34 GiB reserve=1.59 GiB total=31.86 GiB)
ds4: ROCm q8 fp16 cache budget exhausted; using q8 kernels (request=64.00 MiB cached=0.00 GiB free=0.34 GiB reserve=1.59 GiB total=31.86 GiB)
ds4: ROCm q8 fp16 cache budget exhausted; using q8 kernels (request=64.00 MiB cached=0.00 GiB free=0.34 GiB reserve=1.59 GiB total=31.86 GiB)
ds4: ROCm q8 fp16 cache budget exhausted; using q8 kernels (request=64.00 MiB cached=0.00 GiB free=0.34 GiB reserve=1.59 GiB total=31.86 GiB)
ds4: ROCm q8 fp16 cache budget exhausted; using q8 kernels (request=64.00 MiB cached=0.00 GiB free=0.34 GiB reserve=1.59 GiB total=31.86 GiB)
ds4: ROCm q8 fp16 cache budget exhausted; using q8 kernels (request=64.00 MiB cached=0.00 GiB free=0.34 GiB reserve=1.59 GiB total=31.86 GiB)
ds4: ROCm q8 fp16 cache budget exhausted; using q8 kernels (request=64.00 MiB cached=0.00 GiB free=0.34 GiB reserve=1.59 GiB total=31.86 GiB)
ds4: ROCm q8 fp16 cache budget exhausted; using q8 kernels (request=64.00 MiB cached=0.00 GiB free=0.34 GiB reserve=1.59 GiB total=31.86 GiB)
ds4: ROCm q8 fp16 cache budget exhausted; using q8 kernels (request=64.00 MiB cached=0.00 GiB free=0.34 GiB reserve=1.59 GiB total=31.86 GiB)
ds4: ROCm q8 fp16 cache budget exhausted; using q8 kernels (request=64.00 MiB cached=0.00 GiB free=0.34 GiB reserve=1.59 GiB total=31.86 GiB)
ds4: ROCm q8 fp16 cache budget exhausted; using q8 kernels (request=64.00 MiB cached=0.00 GiB free=0.34 GiB reserve=1.59 GiB total=31.86 GiB)
ds4: ROCm q8 fp16 cache budget exhausted; using q8 kernels (request=64.00 MiB cached=0.00 GiB free=0.34 GiB reserve=1.59 GiB total=31.86 GiB)
ds4: ROCm q8 fp16 cache budget exhausted; using q8 kernels (request=64.00 MiB cached=0.00 GiB free=0.34 GiB reserve=1.59 GiB total=31.86 GiB)
ds4: ROCm q8 fp16 cache budget exhausted; using q8 kernels (request=64.00 MiB cached=0.00 GiB free=0.34 GiB reserve=1.59 GiB total=31.86 GiB)
ds4: ROCm q8 fp16 cache budget exhausted; using q8 kernels (request=64.00 MiB cached=0.00 GiB free=0.34 GiB reserve=1.59 GiB total=31.86 GiB)
ds4: ROCm q8 fp16 cache budget exhausted; using q8 kernels (request=64.00 MiB cached=0.00 GiB free=0.34 GiB reserve=1.59 GiB total=31.86 GiB)
ds4: ROCm q8 fp16 cache budget exhausted; using q8 kernels (request=64.00 MiB cached=0.00 GiB free=0.34 GiB reserve=1.59 GiB total=31.86 GiB)
ds4: ROCm q8 fp16 cache budget exhausted; using q8 kernels (request=64.00 MiB cached=0.00 GiB free=0.34 GiB reserve=1.59 GiB total=31.86 GiB)
ds4: ROCm q8 fp16 cache budget exhausted; using q8 kernels (request=64.00 MiB cached=0.00 GiB free=0.34 GiB reserve=1.59 GiB total=31.86 GiB)
ds4: ROCm q8 fp16 cache budget exhausted; using q8 kernels (request=64.00 MiB cached=0.00 GiB free=0.34 GiB reserve=1.59 GiB total=31.86 GiB)
ds4: ROCm q8 fp16 cache budget exhausted; using q8 kernels (request=64.00 MiB cached=0.00 GiB free=0.34 GiB reserve=1.59 GiB total=31.86 GiB)
ds4: ROCm q8 fp16 cache budget exhausted; using q8 kernels (request=64.00 MiB cached=0.00 GiB free=0.34 GiB reserve=1.59 GiB total=31.86 GiB)
ds4: ROCm q8 fp16 cache budget exhausted; using q8 kernels (request=64.00 MiB cached=0.00 GiB free=0.34 GiB reserve=1.59 GiB total=31.86 GiB)
ds4: ROCm q8 fp16 cache budget exhausted; using q8 kernels (request=64.00 MiB cached=0.00 GiB free=0.34 GiB reserve=1.59 GiB total=31.86 GiB)
ds4: ROCm q8 fp16 cache budget exhausted; using q8 kernels (request=64.00 MiB cached=0.00 GiB free=0.34 GiB reserve=1.59 GiB total=31.86 GiB)
ds4: ROCm q8 fp16 cache budget exhausted; using q8 kernels (request=64.00 MiB cached=0.00 GiB free=0.34 GiB reserve=1.59 GiB total=31.86 GiB)
ds4: ROCm q8 fp16 cache budget exhausted; using q8 kernels (request=64.00 MiB cached=0.00 GiB free=0.34 GiB reserve=1.59 GiB total=31.86 GiB)
ds4: ROCm q8 fp16 cache budget exhausted; using q8 kernels (request=64.00 MiB cached=0.00 GiB free=0.34 GiB reserve=1.59 GiB total=31.86 GiB)
ds4: ROCm q8 fp16 cache budget exhausted; using q8 kernels (request=64.00 MiB cached=0.00 GiB free=0.34 GiB reserve=1.59 GiB total=31.86 GiB)
ds4: ROCm q8 fp16 cache budget exhausted; using q8 kernels (request=64.00 MiB cached=0.00 GiB free=0.34 GiB reserve=1.59 GiB total=31.86 GiB)
ds4: ROCm q8 fp16 cache budget exhausted; using q8 kernels (request=64.00 MiB cached=0.00 GiB free=0.34 GiB reserve=1.59 GiB total=31.86 GiB)
ds4: ROCm q8 fp16 cache budget exhausted; using q8 kernels (request=64.00 MiB cached=0.00 GiB free=0.34 GiB reserve=1.59 GiB total=31.86 GiB)
ds4: ROCm q8 fp16 cache budget exhausted; using q8 kernels (request=64.00 MiB cached=0.00 GiB free=0.34 GiB reserve=1.59 GiB total=31.86 GiB)
ds4: ROCm q8 fp16 cache budget exhausted; using q8 kernels (request=64.00 MiB cached=0.00 GiB free=0.34 GiB reserve=1.59 GiB total=31.86 GiB)
ds4: ROCm q8 fp16 cache budget exhausted; using q8 kernels (request=64.00 MiB cached=0.00 GiB free=0.34 GiB reserve=1.59 GiB total=31.86 GiB)
ds4: ROCm q8 fp16 cache budget exhausted; using q8 kernels (request=64.00 MiB cached=0.00 GiB free=0.34 GiB reserve=1.59 GiB total=31.86 GiB)
case_083 cases=84 prompt=19 target=17 avg_nll=0.346090 lcp=13 api_target_mae=0.346090 api_top_coverage=68/85 api_top1=0.941 api_topn=0.265 api_pair=1.000
ds4: ROCm q8 fp16 cache budget exhausted; using q8 kernels (request=64.00 MiB cached=0.00 GiB free=0.34 GiB reserve=1.59 GiB total=31.86 GiB)
ds4: ROCm q8 fp16 cache budget exhausted; using q8 kernels (request=64.00 MiB cached=0.00 GiB free=0.34 GiB reserve=1.59 GiB total=31.86 GiB)
ds4: ROCm q8 fp16 cache budget exhausted; using q8 kernels (request=64.00 MiB cached=0.00 GiB free=0.34 GiB reserve=1.59 GiB total=31.86 GiB)
ds4: ROCm q8 fp16 cache budget exhausted; using q8 kernels (request=64.00 MiB cached=0.00 GiB free=0.34 GiB reserve=1.59 GiB total=31.86 GiB)
ds4: ROCm q8 fp16 cache budget exhausted; using q8 kernels (request=64.00 MiB cached=0.00 GiB free=0.34 GiB reserve=1.59 GiB total=31.86 GiB)
ds4: ROCm q8 fp16 cache budget exhausted; using q8 kernels (request=64.00 MiB cached=0.00 GiB free=0.34 GiB reserve=1.59 GiB total=31.86 GiB)
ds4: ROCm q8 fp16 cache budget exhausted; using q8 kernels (request=64.00 MiB cached=0.00 GiB free=0.34 GiB reserve=1.59 GiB total=31.86 GiB)
ds4: ROCm q8 fp16 cache budget exhausted; using q8 kernels (request=64.00 MiB cached=0.00 GiB free=0.34 GiB reserve=1.59 GiB total=31.86 GiB)
ds4: ROCm q8 fp16 cache budget exhausted; using q8 kernels (request=64.00 MiB cached=0.00 GiB free=0.34 GiB reserve=1.59 GiB total=31.86 GiB)
ds4: ROCm q8 fp16 cache budget exhausted; using q8 kernels (request=64.00 MiB cached=0.00 GiB free=0.34 GiB reserve=1.59 GiB total=31.86 GiB)
ds4: ROCm q8 fp16 cache budget exhausted; using q8 kernels (request=64.00 MiB cached=0.00 GiB free=0.34 GiB reserve=1.59 GiB total=31.86 GiB)
ds4: ROCm q8 fp16 cache budget exhausted; using q8 kernels (request=64.00 MiB cached=0.00 GiB free=0.34 GiB reserve=1.59 GiB total=31.86 GiB)
ds4: ROCm q8 fp16 cache budget exhausted; using q8 kernels (request=64.00 MiB cached=0.00 GiB free=0.34 GiB reserve=1.59 GiB total=31.86 GiB)
ds4: ROCm q8 fp16 cache budget exhausted; using q8 kernels (request=64.00 MiB cached=0.00 GiB free=0.34 GiB reserve=1.59 GiB total=31.86 GiB)
ds4: ROCm q8 fp16 cache budget exhausted; using q8 kernels (request=64.00 MiB cached=0.00 GiB free=0.34 GiB reserve=1.59 GiB total=31.86 GiB)
ds4: ROCm q8 fp16 cache budget exhausted; using q8 kernels (request=64.00 MiB cached=0.00 GiB free=0.34 GiB reserve=1.59 GiB total=31.86 GiB)
ds4: ROCm q8 fp16 cache budget exhausted; using q8 kernels (request=64.00 MiB cached=0.00 GiB free=0.34 GiB reserve=1.59 GiB total=31.86 GiB)
ds4: ROCm q8 fp16 cache budget exhausted; using q8 kernels (request=64.00 MiB cached=0.00 GiB free=0.34 GiB reserve=1.59 GiB total=31.86 GiB)
ds4: ROCm q8 fp16 cache budget exhausted; using q8 kernels (request=64.00 MiB cached=0.00 GiB free=0.34 GiB reserve=1.59 GiB total=31.86 GiB)
ds4: ROCm q8 fp16 cache budget exhausted; using q8 kernels (request=64.00 MiB cached=0.00 GiB free=0.34 GiB reserve=1.59 GiB total=31.86 GiB)
ds4: ROCm q8 fp16 cache budget exhausted; using q8 kernels (request=64.00 MiB cached=0.00 GiB free=0.34 GiB reserve=1.59 GiB total=31.86 GiB)
ds4: ROCm q8 fp16 cache budget exhausted; using q8 kernels (request=64.00 MiB cached=0.00 GiB free=0.34 GiB reserve=1.59 GiB total=31.86 GiB)
ds4: ROCm q8 fp16 cache budget exhausted; using q8 kernels (request=64.00 MiB cached=0.00 GiB free=0.34 GiB reserve=1.59 GiB total=31.86 GiB)
ds4: ROCm q8 fp16 cache budget exhausted; using q8 kernels (request=64.00 MiB cached=0.00 GiB free=0.34 GiB reserve=1.59 GiB total=31.86 GiB)
ds4: ROCm q8 fp16 cache budget exhausted; using q8 kernels (request=64.00 MiB cached=0.00 GiB free=0.34 GiB reserve=1.59 GiB total=31.86 GiB)
ds4: ROCm q8 fp16 cache budget exhausted; using q8 kernels (request=64.00 MiB cached=0.00 GiB free=0.34 GiB reserve=1.59 GiB total=31.86 GiB)
ds4: ROCm q8 fp16 cache budget exhausted; using q8 kernels (request=64.00 MiB cached=0.00 GiB free=0.34 GiB reserve=1.59 GiB total=31.86 GiB)
ds4: ROCm q8 fp16 cache budget exhausted; using q8 kernels (request=64.00 MiB cached=0.00 GiB free=0.34 GiB reserve=1.59 GiB total=31.86 GiB)
ds4: ROCm q8 fp16 cache budget exhausted; using q8 kernels (request=64.00 MiB cached=0.00 GiB free=0.34 GiB reserve=1.59 GiB total=31.86 GiB)
ds4: ROCm q8 fp16 cache budget exhausted; using q8 kernels (request=64.00 MiB cached=0.00 GiB free=0.34 GiB reserve=1.59 GiB total=31.86 GiB)
ds4: ROCm q8 fp16 cache budget exhausted; using q8 kernels (request=64.00 MiB cached=0.00 GiB free=0.34 GiB reserve=1.59 GiB total=31.86 GiB)
ds4: ROCm q8 fp16 cache budget exhausted; using q8 kernels (request=64.00 MiB cached=0.00 GiB free=0.34 GiB reserve=1.59 GiB total=31.86 GiB)
ds4: ROCm q8 fp16 cache budget exhausted; using q8 kernels (request=64.00 MiB cached=0.00 GiB free=0.34 GiB reserve=1.59 GiB total=31.86 GiB)
ds4: ROCm q8 fp16 cache budget exhausted; using q8 kernels (request=64.00 MiB cached=0.00 GiB free=0.34 GiB reserve=1.59 GiB total=31.86 GiB)
ds4: ROCm q8 fp16 cache budget exhausted; using q8 kernels (request=64.00 MiB cached=0.00 GiB free=0.34 GiB reserve=1.59 GiB total=31.86 GiB)
ds4: ROCm q8 fp16 cache budget exhausted; using q8 kernels (request=64.00 MiB cached=0.00 GiB free=0.34 GiB reserve=1.59 GiB total=31.86 GiB)
ds4: ROCm q8 fp16 cache budget exhausted; using q8 kernels (request=64.00 MiB cached=0.00 GiB free=0.34 GiB reserve=1.59 GiB total=31.86 GiB)
ds4: ROCm q8 fp16 cache budget exhausted; using q8 kernels (request=64.00 MiB cached=0.00 GiB free=0.34 GiB reserve=1.59 GiB total=31.86 GiB)
ds4: ROCm q8 fp16 cache budget exhausted; using q8 kernels (request=64.00 MiB cached=0.00 GiB free=0.34 GiB reserve=1.59 GiB total=31.86 GiB)
ds4: ROCm q8 fp16 cache budget exhausted; using q8 kernels (request=64.00 MiB cached=0.00 GiB free=0.34 GiB reserve=1.59 GiB total=31.86 GiB)
ds4: ROCm q8 fp16 cache budget exhausted; using q8 kernels (request=64.00 MiB cached=0.00 GiB free=0.34 GiB reserve=1.59 GiB total=31.86 GiB)
ds4: ROCm q8 fp16 cache budget exhausted; using q8 kernels (request=64.00 MiB cached=0.00 GiB free=0.34 GiB reserve=1.59 GiB total=31.86 GiB)
ds4: ROCm q8 fp16 cache budget exhausted; using q8 kernels (request=64.00 MiB cached=0.00 GiB free=0.34 GiB reserve=1.59 GiB total=31.86 GiB)
case_084 cases=85 prompt=23 target=11 avg_nll=0.317132 lcp=0 api_target_mae=0.317132 api_top_coverage=45/55 api_top1=0.818 api_topn=0.289 api_pair=0.971
ds4: ROCm q8 fp16 cache budget exhausted; using q8 kernels (request=64.00 MiB cached=0.00 GiB free=0.34 GiB reserve=1.59 GiB total=31.86 GiB)
ds4: ROCm q8 fp16 cache budget exhausted; using q8 kernels (request=64.00 MiB cached=0.00 GiB free=0.34 GiB reserve=1.59 GiB total=31.86 GiB)
ds4: ROCm q8 fp16 cache budget exhausted; using q8 kernels (request=64.00 MiB cached=0.00 GiB free=0.34 GiB reserve=1.59 GiB total=31.86 GiB)
ds4: ROCm q8 fp16 cache budget exhausted; using q8 kernels (request=64.00 MiB cached=0.00 GiB free=0.34 GiB reserve=1.59 GiB total=31.86 GiB)
ds4: ROCm q8 fp16 cache budget exhausted; using q8 kernels (request=64.00 MiB cached=0.00 GiB free=0.34 GiB reserve=1.59 GiB total=31.86 GiB)
ds4: ROCm q8 fp16 cache budget exhausted; using q8 kernels (request=64.00 MiB cached=0.00 GiB free=0.34 GiB reserve=1.59 GiB total=31.86 GiB)
ds4: ROCm q8 fp16 cache budget exhausted; using q8 kernels (request=64.00 MiB cached=0.00 GiB free=0.34 GiB reserve=1.59 GiB total=31.86 GiB)
ds4: ROCm q8 fp16 cache budget exhausted; using q8 kernels (request=64.00 MiB cached=0.00 GiB free=0.34 GiB reserve=1.59 GiB total=31.86 GiB)
ds4: ROCm q8 fp16 cache budget exhausted; using q8 kernels (request=64.00 MiB cached=0.00 GiB free=0.34 GiB reserve=1.59 GiB total=31.86 GiB)
ds4: ROCm q8 fp16 cache budget exhausted; using q8 kernels (request=64.00 MiB cached=0.00 GiB free=0.34 GiB reserve=1.59 GiB total=31.86 GiB)
ds4: ROCm q8 fp16 cache budget exhausted; using q8 kernels (request=64.00 MiB cached=0.00 GiB free=0.34 GiB reserve=1.59 GiB total=31.86 GiB)
ds4: ROCm q8 fp16 cache budget exhausted; using q8 kernels (request=64.00 MiB cached=0.00 GiB free=0.34 GiB reserve=1.59 GiB total=31.86 GiB)
ds4: ROCm q8 fp16 cache budget exhausted; using q8 kernels (request=64.00 MiB cached=0.00 GiB free=0.34 GiB reserve=1.59 GiB total=31.86 GiB)
ds4: ROCm q8 fp16 cache budget exhausted; using q8 kernels (request=64.00 MiB cached=0.00 GiB free=0.34 GiB reserve=1.59 GiB total=31.86 GiB)
ds4: ROCm q8 fp16 cache budget exhausted; using q8 kernels (request=64.00 MiB cached=0.00 GiB free=0.34 GiB reserve=1.59 GiB total=31.86 GiB)
ds4: ROCm q8 fp16 cache budget exhausted; using q8 kernels (request=64.00 MiB cached=0.00 GiB free=0.34 GiB reserve=1.59 GiB total=31.86 GiB)
ds4: ROCm q8 fp16 cache budget exhausted; using q8 kernels (request=64.00 MiB cached=0.00 GiB free=0.34 GiB reserve=1.59 GiB total=31.86 GiB)
ds4: ROCm q8 fp16 cache budget exhausted; using q8 kernels (request=64.00 MiB cached=0.00 GiB free=0.34 GiB reserve=1.59 GiB total=31.86 GiB)
ds4: ROCm q8 fp16 cache budget exhausted; using q8 kernels (request=64.00 MiB cached=0.00 GiB free=0.34 GiB reserve=1.59 GiB total=31.86 GiB)
ds4: ROCm q8 fp16 cache budget exhausted; using q8 kernels (request=64.00 MiB cached=0.00 GiB free=0.34 GiB reserve=1.59 GiB total=31.86 GiB)
ds4: ROCm q8 fp16 cache budget exhausted; using q8 kernels (request=64.00 MiB cached=0.00 GiB free=0.34 GiB reserve=1.59 GiB total=31.86 GiB)
ds4: ROCm q8 fp16 cache budget exhausted; using q8 kernels (request=64.00 MiB cached=0.00 GiB free=0.34 GiB reserve=1.59 GiB total=31.86 GiB)
ds4: ROCm q8 fp16 cache budget exhausted; using q8 kernels (request=64.00 MiB cached=0.00 GiB free=0.34 GiB reserve=1.59 GiB total=31.86 GiB)
ds4: ROCm q8 fp16 cache budget exhausted; using q8 kernels (request=64.00 MiB cached=0.00 GiB free=0.34 GiB reserve=1.59 GiB total=31.86 GiB)
ds4: ROCm q8 fp16 cache budget exhausted; using q8 kernels (request=64.00 MiB cached=0.00 GiB free=0.34 GiB reserve=1.59 GiB total=31.86 GiB)
ds4: ROCm q8 fp16 cache budget exhausted; using q8 kernels (request=64.00 MiB cached=0.00 GiB free=0.34 GiB reserve=1.59 GiB total=31.86 GiB)
ds4: ROCm q8 fp16 cache budget exhausted; using q8 kernels (request=64.00 MiB cached=0.00 GiB free=0.34 GiB reserve=1.59 GiB total=31.86 GiB)
ds4: ROCm q8 fp16 cache budget exhausted; using q8 kernels (request=64.00 MiB cached=0.00 GiB free=0.34 GiB reserve=1.59 GiB total=31.86 GiB)
ds4: ROCm q8 fp16 cache budget exhausted; using q8 kernels (request=64.00 MiB cached=0.00 GiB free=0.34 GiB reserve=1.59 GiB total=31.86 GiB)
ds4: ROCm q8 fp16 cache budget exhausted; using q8 kernels (request=64.00 MiB cached=0.00 GiB free=0.34 GiB reserve=1.59 GiB total=31.86 GiB)
ds4: ROCm q8 fp16 cache budget exhausted; using q8 kernels (request=64.00 MiB cached=0.00 GiB free=0.34 GiB reserve=1.59 GiB total=31.86 GiB)
ds4: ROCm q8 fp16 cache budget exhausted; using q8 kernels (request=64.00 MiB cached=0.00 GiB free=0.34 GiB reserve=1.59 GiB total=31.86 GiB)
ds4: ROCm q8 fp16 cache budget exhausted; using q8 kernels (request=64.00 MiB cached=0.00 GiB free=0.34 GiB reserve=1.59 GiB total=31.86 GiB)
ds4: ROCm q8 fp16 cache budget exhausted; using q8 kernels (request=64.00 MiB cached=0.00 GiB free=0.34 GiB reserve=1.59 GiB total=31.86 GiB)
ds4: ROCm q8 fp16 cache budget exhausted; using q8 kernels (request=64.00 MiB cached=0.00 GiB free=0.34 GiB reserve=1.59 GiB total=31.86 GiB)
ds4: ROCm q8 fp16 cache budget exhausted; using q8 kernels (request=64.00 MiB cached=0.00 GiB free=0.34 GiB reserve=1.59 GiB total=31.86 GiB)
ds4: ROCm q8 fp16 cache budget exhausted; using q8 kernels (request=64.00 MiB cached=0.00 GiB free=0.34 GiB reserve=1.59 GiB total=31.86 GiB)
ds4: ROCm q8 fp16 cache budget exhausted; using q8 kernels (request=64.00 MiB cached=0.00 GiB free=0.34 GiB reserve=1.59 GiB total=31.86 GiB)
ds4: ROCm q8 fp16 cache budget exhausted; using q8 kernels (request=64.00 MiB cached=0.00 GiB free=0.34 GiB reserve=1.59 GiB total=31.86 GiB)
ds4: ROCm q8 fp16 cache budget exhausted; using q8 kernels (request=64.00 MiB cached=0.00 GiB free=0.34 GiB reserve=1.59 GiB total=31.86 GiB)
ds4: ROCm q8 fp16 cache budget exhausted; using q8 kernels (request=64.00 MiB cached=0.00 GiB free=0.34 GiB reserve=1.59 GiB total=31.86 GiB)
ds4: ROCm q8 fp16 cache budget exhausted; using q8 kernels (request=64.00 MiB cached=0.00 GiB free=0.34 GiB reserve=1.59 GiB total=31.86 GiB)
ds4: ROCm q8 fp16 cache budget exhausted; using q8 kernels (request=64.00 MiB cached=0.00 GiB free=0.34 GiB reserve=1.59 GiB total=31.86 GiB)
case_085 cases=86 prompt=18 target=24 avg_nll=0.622016 lcp=11 api_target_mae=0.622016 api_top_coverage=97/120 api_top1=0.833 api_topn=0.289 api_pair=1.000
ds4: ROCm q8 fp16 cache budget exhausted; using q8 kernels (request=64.00 MiB cached=0.00 GiB free=0.34 GiB reserve=1.59 GiB total=31.86 GiB)
ds4: ROCm q8 fp16 cache budget exhausted; using q8 kernels (request=64.00 MiB cached=0.00 GiB free=0.34 GiB reserve=1.59 GiB total=31.86 GiB)
ds4: ROCm q8 fp16 cache budget exhausted; using q8 kernels (request=64.00 MiB cached=0.00 GiB free=0.34 GiB reserve=1.59 GiB total=31.86 GiB)
ds4: ROCm q8 fp16 cache budget exhausted; using q8 kernels (request=64.00 MiB cached=0.00 GiB free=0.34 GiB reserve=1.59 GiB total=31.86 GiB)
ds4: ROCm q8 fp16 cache budget exhausted; using q8 kernels (request=64.00 MiB cached=0.00 GiB free=0.34 GiB reserve=1.59 GiB total=31.86 GiB)
ds4: ROCm q8 fp16 cache budget exhausted; using q8 kernels (request=64.00 MiB cached=0.00 GiB free=0.34 GiB reserve=1.59 GiB total=31.86 GiB)
ds4: ROCm q8 fp16 cache budget exhausted; using q8 kernels (request=64.00 MiB cached=0.00 GiB free=0.34 GiB reserve=1.59 GiB total=31.86 GiB)
ds4: ROCm q8 fp16 cache budget exhausted; using q8 kernels (request=64.00 MiB cached=0.00 GiB free=0.34 GiB reserve=1.59 GiB total=31.86 GiB)
ds4: ROCm q8 fp16 cache budget exhausted; using q8 kernels (request=64.00 MiB cached=0.00 GiB free=0.34 GiB reserve=1.59 GiB total=31.86 GiB)
ds4: ROCm q8 fp16 cache budget exhausted; using q8 kernels (request=64.00 MiB cached=0.00 GiB free=0.34 GiB reserve=1.59 GiB total=31.86 GiB)
ds4: ROCm q8 fp16 cache budget exhausted; using q8 kernels (request=64.00 MiB cached=0.00 GiB free=0.34 GiB reserve=1.59 GiB total=31.86 GiB)
ds4: ROCm q8 fp16 cache budget exhausted; using q8 kernels (request=64.00 MiB cached=0.00 GiB free=0.34 GiB reserve=1.59 GiB total=31.86 GiB)
ds4: ROCm q8 fp16 cache budget exhausted; using q8 kernels (request=64.00 MiB cached=0.00 GiB free=0.34 GiB reserve=1.59 GiB total=31.86 GiB)
ds4: ROCm q8 fp16 cache budget exhausted; using q8 kernels (request=64.00 MiB cached=0.00 GiB free=0.34 GiB reserve=1.59 GiB total=31.86 GiB)
ds4: ROCm q8 fp16 cache budget exhausted; using q8 kernels (request=64.00 MiB cached=0.00 GiB free=0.34 GiB reserve=1.59 GiB total=31.86 GiB)
ds4: ROCm q8 fp16 cache budget exhausted; using q8 kernels (request=64.00 MiB cached=0.00 GiB free=0.34 GiB reserve=1.59 GiB total=31.86 GiB)
ds4: ROCm q8 fp16 cache budget exhausted; using q8 kernels (request=64.00 MiB cached=0.00 GiB free=0.34 GiB reserve=1.59 GiB total=31.86 GiB)
ds4: ROCm q8 fp16 cache budget exhausted; using q8 kernels (request=64.00 MiB cached=0.00 GiB free=0.34 GiB reserve=1.59 GiB total=31.86 GiB)
ds4: ROCm q8 fp16 cache budget exhausted; using q8 kernels (request=64.00 MiB cached=0.00 GiB free=0.34 GiB reserve=1.59 GiB total=31.86 GiB)
ds4: ROCm q8 fp16 cache budget exhausted; using q8 kernels (request=64.00 MiB cached=0.00 GiB free=0.34 GiB reserve=1.59 GiB total=31.86 GiB)
ds4: ROCm q8 fp16 cache budget exhausted; using q8 kernels (request=64.00 MiB cached=0.00 GiB free=0.34 GiB reserve=1.59 GiB total=31.86 GiB)
ds4: ROCm q8 fp16 cache budget exhausted; using q8 kernels (request=64.00 MiB cached=0.00 GiB free=0.34 GiB reserve=1.59 GiB total=31.86 GiB)
ds4: ROCm q8 fp16 cache budget exhausted; using q8 kernels (request=64.00 MiB cached=0.00 GiB free=0.34 GiB reserve=1.59 GiB total=31.86 GiB)
ds4: ROCm q8 fp16 cache budget exhausted; using q8 kernels (request=64.00 MiB cached=0.00 GiB free=0.34 GiB reserve=1.59 GiB total=31.86 GiB)
ds4: ROCm q8 fp16 cache budget exhausted; using q8 kernels (request=64.00 MiB cached=0.00 GiB free=0.34 GiB reserve=1.59 GiB total=31.86 GiB)
ds4: ROCm q8 fp16 cache budget exhausted; using q8 kernels (request=64.00 MiB cached=0.00 GiB free=0.34 GiB reserve=1.59 GiB total=31.86 GiB)
ds4: ROCm q8 fp16 cache budget exhausted; using q8 kernels (request=64.00 MiB cached=0.00 GiB free=0.34 GiB reserve=1.59 GiB total=31.86 GiB)
ds4: ROCm q8 fp16 cache budget exhausted; using q8 kernels (request=64.00 MiB cached=0.00 GiB free=0.34 GiB reserve=1.59 GiB total=31.86 GiB)
ds4: ROCm q8 fp16 cache budget exhausted; using q8 kernels (request=64.00 MiB cached=0.00 GiB free=0.34 GiB reserve=1.59 GiB total=31.86 GiB)
ds4: ROCm q8 fp16 cache budget exhausted; using q8 kernels (request=64.00 MiB cached=0.00 GiB free=0.34 GiB reserve=1.59 GiB total=31.86 GiB)
ds4: ROCm q8 fp16 cache budget exhausted; using q8 kernels (request=64.00 MiB cached=0.00 GiB free=0.34 GiB reserve=1.59 GiB total=31.86 GiB)
ds4: ROCm q8 fp16 cache budget exhausted; using q8 kernels (request=64.00 MiB cached=0.00 GiB free=0.34 GiB reserve=1.59 GiB total=31.86 GiB)
ds4: ROCm q8 fp16 cache budget exhausted; using q8 kernels (request=64.00 MiB cached=0.00 GiB free=0.34 GiB reserve=1.59 GiB total=31.86 GiB)
ds4: ROCm q8 fp16 cache budget exhausted; using q8 kernels (request=64.00 MiB cached=0.00 GiB free=0.34 GiB reserve=1.59 GiB total=31.86 GiB)
ds4: ROCm q8 fp16 cache budget exhausted; using q8 kernels (request=64.00 MiB cached=0.00 GiB free=0.34 GiB reserve=1.59 GiB total=31.86 GiB)
ds4: ROCm q8 fp16 cache budget exhausted; using q8 kernels (request=64.00 MiB cached=0.00 GiB free=0.34 GiB reserve=1.59 GiB total=31.86 GiB)
ds4: ROCm q8 fp16 cache budget exhausted; using q8 kernels (request=64.00 MiB cached=0.00 GiB free=0.34 GiB reserve=1.59 GiB total=31.86 GiB)
ds4: ROCm q8 fp16 cache budget exhausted; using q8 kernels (request=64.00 MiB cached=0.00 GiB free=0.34 GiB reserve=1.59 GiB total=31.86 GiB)
ds4: ROCm q8 fp16 cache budget exhausted; using q8 kernels (request=64.00 MiB cached=0.00 GiB free=0.34 GiB reserve=1.59 GiB total=31.86 GiB)
ds4: ROCm q8 fp16 cache budget exhausted; using q8 kernels (request=64.00 MiB cached=0.00 GiB free=0.34 GiB reserve=1.59 GiB total=31.86 GiB)
ds4: ROCm q8 fp16 cache budget exhausted; using q8 kernels (request=64.00 MiB cached=0.00 GiB free=0.34 GiB reserve=1.59 GiB total=31.86 GiB)
ds4: ROCm q8 fp16 cache budget exhausted; using q8 kernels (request=64.00 MiB cached=0.00 GiB free=0.34 GiB reserve=1.59 GiB total=31.86 GiB)
ds4: ROCm q8 fp16 cache budget exhausted; using q8 kernels (request=64.00 MiB cached=0.00 GiB free=0.34 GiB reserve=1.59 GiB total=31.86 GiB)
case_086 cases=87 prompt=16 target=24 avg_nll=0.889558 lcp=5 api_target_mae=0.889558 api_top_coverage=96/120 api_top1=0.667 api_topn=0.240 api_pair=0.986
ds4: ROCm q8 fp16 cache budget exhausted; using q8 kernels (request=64.00 MiB cached=0.00 GiB free=0.34 GiB reserve=1.59 GiB total=31.86 GiB)
ds4: ROCm q8 fp16 cache budget exhausted; using q8 kernels (request=64.00 MiB cached=0.00 GiB free=0.34 GiB reserve=1.59 GiB total=31.86 GiB)
ds4: ROCm q8 fp16 cache budget exhausted; using q8 kernels (request=64.00 MiB cached=0.00 GiB free=0.34 GiB reserve=1.59 GiB total=31.86 GiB)
ds4: ROCm q8 fp16 cache budget exhausted; using q8 kernels (request=64.00 MiB cached=0.00 GiB free=0.34 GiB reserve=1.59 GiB total=31.86 GiB)
ds4: ROCm q8 fp16 cache budget exhausted; using q8 kernels (request=64.00 MiB cached=0.00 GiB free=0.34 GiB reserve=1.59 GiB total=31.86 GiB)
ds4: ROCm q8 fp16 cache budget exhausted; using q8 kernels (request=64.00 MiB cached=0.00 GiB free=0.34 GiB reserve=1.59 GiB total=31.86 GiB)
ds4: ROCm q8 fp16 cache budget exhausted; using q8 kernels (request=64.00 MiB cached=0.00 GiB free=0.34 GiB reserve=1.59 GiB total=31.86 GiB)
ds4: ROCm q8 fp16 cache budget exhausted; using q8 kernels (request=64.00 MiB cached=0.00 GiB free=0.34 GiB reserve=1.59 GiB total=31.86 GiB)
ds4: ROCm q8 fp16 cache budget exhausted; using q8 kernels (request=64.00 MiB cached=0.00 GiB free=0.34 GiB reserve=1.59 GiB total=31.86 GiB)
ds4: ROCm q8 fp16 cache budget exhausted; using q8 kernels (request=64.00 MiB cached=0.00 GiB free=0.34 GiB reserve=1.59 GiB total=31.86 GiB)
ds4: ROCm q8 fp16 cache budget exhausted; using q8 kernels (request=64.00 MiB cached=0.00 GiB free=0.34 GiB reserve=1.59 GiB total=31.86 GiB)
ds4: ROCm q8 fp16 cache budget exhausted; using q8 kernels (request=64.00 MiB cached=0.00 GiB free=0.34 GiB reserve=1.59 GiB total=31.86 GiB)
ds4: ROCm q8 fp16 cache budget exhausted; using q8 kernels (request=64.00 MiB cached=0.00 GiB free=0.34 GiB reserve=1.59 GiB total=31.86 GiB)
ds4: ROCm q8 fp16 cache budget exhausted; using q8 kernels (request=64.00 MiB cached=0.00 GiB free=0.34 GiB reserve=1.59 GiB total=31.86 GiB)
ds4: ROCm q8 fp16 cache budget exhausted; using q8 kernels (request=64.00 MiB cached=0.00 GiB free=0.34 GiB reserve=1.59 GiB total=31.86 GiB)
ds4: ROCm q8 fp16 cache budget exhausted; using q8 kernels (request=64.00 MiB cached=0.00 GiB free=0.34 GiB reserve=1.59 GiB total=31.86 GiB)
ds4: ROCm q8 fp16 cache budget exhausted; using q8 kernels (request=64.00 MiB cached=0.00 GiB free=0.34 GiB reserve=1.59 GiB total=31.86 GiB)
ds4: ROCm q8 fp16 cache budget exhausted; using q8 kernels (request=64.00 MiB cached=0.00 GiB free=0.34 GiB reserve=1.59 GiB total=31.86 GiB)
ds4: ROCm q8 fp16 cache budget exhausted; using q8 kernels (request=64.00 MiB cached=0.00 GiB free=0.34 GiB reserve=1.59 GiB total=31.86 GiB)
ds4: ROCm q8 fp16 cache budget exhausted; using q8 kernels (request=64.00 MiB cached=0.00 GiB free=0.34 GiB reserve=1.59 GiB total=31.86 GiB)
ds4: ROCm q8 fp16 cache budget exhausted; using q8 kernels (request=64.00 MiB cached=0.00 GiB free=0.34 GiB reserve=1.59 GiB total=31.86 GiB)
ds4: ROCm q8 fp16 cache budget exhausted; using q8 kernels (request=64.00 MiB cached=0.00 GiB free=0.34 GiB reserve=1.59 GiB total=31.86 GiB)
ds4: ROCm q8 fp16 cache budget exhausted; using q8 kernels (request=64.00 MiB cached=0.00 GiB free=0.34 GiB reserve=1.59 GiB total=31.86 GiB)
ds4: ROCm q8 fp16 cache budget exhausted; using q8 kernels (request=64.00 MiB cached=0.00 GiB free=0.34 GiB reserve=1.59 GiB total=31.86 GiB)
ds4: ROCm q8 fp16 cache budget exhausted; using q8 kernels (request=64.00 MiB cached=0.00 GiB free=0.34 GiB reserve=1.59 GiB total=31.86 GiB)
ds4: ROCm q8 fp16 cache budget exhausted; using q8 kernels (request=64.00 MiB cached=0.00 GiB free=0.34 GiB reserve=1.59 GiB total=31.86 GiB)
ds4: ROCm q8 fp16 cache budget exhausted; using q8 kernels (request=64.00 MiB cached=0.00 GiB free=0.34 GiB reserve=1.59 GiB total=31.86 GiB)
ds4: ROCm q8 fp16 cache budget exhausted; using q8 kernels (request=64.00 MiB cached=0.00 GiB free=0.34 GiB reserve=1.59 GiB total=31.86 GiB)
ds4: ROCm q8 fp16 cache budget exhausted; using q8 kernels (request=64.00 MiB cached=0.00 GiB free=0.34 GiB reserve=1.59 GiB total=31.86 GiB)
ds4: ROCm q8 fp16 cache budget exhausted; using q8 kernels (request=64.00 MiB cached=0.00 GiB free=0.34 GiB reserve=1.59 GiB total=31.86 GiB)
ds4: ROCm q8 fp16 cache budget exhausted; using q8 kernels (request=64.00 MiB cached=0.00 GiB free=0.34 GiB reserve=1.59 GiB total=31.86 GiB)
ds4: ROCm q8 fp16 cache budget exhausted; using q8 kernels (request=64.00 MiB cached=0.00 GiB free=0.34 GiB reserve=1.59 GiB total=31.86 GiB)
ds4: ROCm q8 fp16 cache budget exhausted; using q8 kernels (request=64.00 MiB cached=0.00 GiB free=0.34 GiB reserve=1.59 GiB total=31.86 GiB)
ds4: ROCm q8 fp16 cache budget exhausted; using q8 kernels (request=64.00 MiB cached=0.00 GiB free=0.34 GiB reserve=1.59 GiB total=31.86 GiB)
ds4: ROCm q8 fp16 cache budget exhausted; using q8 kernels (request=64.00 MiB cached=0.00 GiB free=0.34 GiB reserve=1.59 GiB total=31.86 GiB)
ds4: ROCm q8 fp16 cache budget exhausted; using q8 kernels (request=64.00 MiB cached=0.00 GiB free=0.34 GiB reserve=1.59 GiB total=31.86 GiB)
ds4: ROCm q8 fp16 cache budget exhausted; using q8 kernels (request=64.00 MiB cached=0.00 GiB free=0.34 GiB reserve=1.59 GiB total=31.86 GiB)
ds4: ROCm q8 fp16 cache budget exhausted; using q8 kernels (request=64.00 MiB cached=0.00 GiB free=0.34 GiB reserve=1.59 GiB total=31.86 GiB)
ds4: ROCm q8 fp16 cache budget exhausted; using q8 kernels (request=64.00 MiB cached=0.00 GiB free=0.34 GiB reserve=1.59 GiB total=31.86 GiB)
ds4: ROCm q8 fp16 cache budget exhausted; using q8 kernels (request=64.00 MiB cached=0.00 GiB free=0.34 GiB reserve=1.59 GiB total=31.86 GiB)
ds4: ROCm q8 fp16 cache budget exhausted; using q8 kernels (request=64.00 MiB cached=0.00 GiB free=0.34 GiB reserve=1.59 GiB total=31.86 GiB)
ds4: ROCm q8 fp16 cache budget exhausted; using q8 kernels (request=64.00 MiB cached=0.00 GiB free=0.34 GiB reserve=1.59 GiB total=31.86 GiB)
ds4: ROCm q8 fp16 cache budget exhausted; using q8 kernels (request=64.00 MiB cached=0.00 GiB free=0.34 GiB reserve=1.59 GiB total=31.86 GiB)
case_087 cases=88 prompt=12 target=24 avg_nll=0.764549 lcp=3 api_target_mae=0.764549 api_top_coverage=97/120 api_top1=0.833 api_topn=0.299 api_pair=1.000
ds4: ROCm q8 fp16 cache budget exhausted; using q8 kernels (request=64.00 MiB cached=0.00 GiB free=0.34 GiB reserve=1.59 GiB total=31.86 GiB)
ds4: ROCm q8 fp16 cache budget exhausted; using q8 kernels (request=64.00 MiB cached=0.00 GiB free=0.34 GiB reserve=1.59 GiB total=31.86 GiB)
ds4: ROCm q8 fp16 cache budget exhausted; using q8 kernels (request=64.00 MiB cached=0.00 GiB free=0.34 GiB reserve=1.59 GiB total=31.86 GiB)
ds4: ROCm q8 fp16 cache budget exhausted; using q8 kernels (request=64.00 MiB cached=0.00 GiB free=0.34 GiB reserve=1.59 GiB total=31.86 GiB)
ds4: ROCm q8 fp16 cache budget exhausted; using q8 kernels (request=64.00 MiB cached=0.00 GiB free=0.34 GiB reserve=1.59 GiB total=31.86 GiB)
ds4: ROCm q8 fp16 cache budget exhausted; using q8 kernels (request=64.00 MiB cached=0.00 GiB free=0.34 GiB reserve=1.59 GiB total=31.86 GiB)
ds4: ROCm q8 fp16 cache budget exhausted; using q8 kernels (request=64.00 MiB cached=0.00 GiB free=0.34 GiB reserve=1.59 GiB total=31.86 GiB)
ds4: ROCm q8 fp16 cache budget exhausted; using q8 kernels (request=64.00 MiB cached=0.00 GiB free=0.34 GiB reserve=1.59 GiB total=31.86 GiB)
ds4: ROCm q8 fp16 cache budget exhausted; using q8 kernels (request=64.00 MiB cached=0.00 GiB free=0.34 GiB reserve=1.59 GiB total=31.86 GiB)
ds4: ROCm q8 fp16 cache budget exhausted; using q8 kernels (request=64.00 MiB cached=0.00 GiB free=0.34 GiB reserve=1.59 GiB total=31.86 GiB)
ds4: ROCm q8 fp16 cache budget exhausted; using q8 kernels (request=64.00 MiB cached=0.00 GiB free=0.34 GiB reserve=1.59 GiB total=31.86 GiB)
ds4: ROCm q8 fp16 cache budget exhausted; using q8 kernels (request=64.00 MiB cached=0.00 GiB free=0.34 GiB reserve=1.59 GiB total=31.86 GiB)
ds4: ROCm q8 fp16 cache budget exhausted; using q8 kernels (request=64.00 MiB cached=0.00 GiB free=0.34 GiB reserve=1.59 GiB total=31.86 GiB)
ds4: ROCm q8 fp16 cache budget exhausted; using q8 kernels (request=64.00 MiB cached=0.00 GiB free=0.34 GiB reserve=1.59 GiB total=31.86 GiB)
ds4: ROCm q8 fp16 cache budget exhausted; using q8 kernels (request=64.00 MiB cached=0.00 GiB free=0.34 GiB reserve=1.59 GiB total=31.86 GiB)
ds4: ROCm q8 fp16 cache budget exhausted; using q8 kernels (request=64.00 MiB cached=0.00 GiB free=0.34 GiB reserve=1.59 GiB total=31.86 GiB)
ds4: ROCm q8 fp16 cache budget exhausted; using q8 kernels (request=64.00 MiB cached=0.00 GiB free=0.34 GiB reserve=1.59 GiB total=31.86 GiB)
ds4: ROCm q8 fp16 cache budget exhausted; using q8 kernels (request=64.00 MiB cached=0.00 GiB free=0.34 GiB reserve=1.59 GiB total=31.86 GiB)
ds4: ROCm q8 fp16 cache budget exhausted; using q8 kernels (request=64.00 MiB cached=0.00 GiB free=0.34 GiB reserve=1.59 GiB total=31.86 GiB)
ds4: ROCm q8 fp16 cache budget exhausted; using q8 kernels (request=64.00 MiB cached=0.00 GiB free=0.34 GiB reserve=1.59 GiB total=31.86 GiB)
ds4: ROCm q8 fp16 cache budget exhausted; using q8 kernels (request=64.00 MiB cached=0.00 GiB free=0.34 GiB reserve=1.59 GiB total=31.86 GiB)
ds4: ROCm q8 fp16 cache budget exhausted; using q8 kernels (request=64.00 MiB cached=0.00 GiB free=0.34 GiB reserve=1.59 GiB total=31.86 GiB)
ds4: ROCm q8 fp16 cache budget exhausted; using q8 kernels (request=64.00 MiB cached=0.00 GiB free=0.34 GiB reserve=1.59 GiB total=31.86 GiB)
ds4: ROCm q8 fp16 cache budget exhausted; using q8 kernels (request=64.00 MiB cached=0.00 GiB free=0.34 GiB reserve=1.59 GiB total=31.86 GiB)
ds4: ROCm q8 fp16 cache budget exhausted; using q8 kernels (request=64.00 MiB cached=0.00 GiB free=0.34 GiB reserve=1.59 GiB total=31.86 GiB)
ds4: ROCm q8 fp16 cache budget exhausted; using q8 kernels (request=64.00 MiB cached=0.00 GiB free=0.34 GiB reserve=1.59 GiB total=31.86 GiB)
ds4: ROCm q8 fp16 cache budget exhausted; using q8 kernels (request=64.00 MiB cached=0.00 GiB free=0.34 GiB reserve=1.59 GiB total=31.86 GiB)
ds4: ROCm q8 fp16 cache budget exhausted; using q8 kernels (request=64.00 MiB cached=0.00 GiB free=0.34 GiB reserve=1.59 GiB total=31.86 GiB)
ds4: ROCm q8 fp16 cache budget exhausted; using q8 kernels (request=64.00 MiB cached=0.00 GiB free=0.34 GiB reserve=1.59 GiB total=31.86 GiB)
ds4: ROCm q8 fp16 cache budget exhausted; using q8 kernels (request=64.00 MiB cached=0.00 GiB free=0.34 GiB reserve=1.59 GiB total=31.86 GiB)
ds4: ROCm q8 fp16 cache budget exhausted; using q8 kernels (request=64.00 MiB cached=0.00 GiB free=0.34 GiB reserve=1.59 GiB total=31.86 GiB)
ds4: ROCm q8 fp16 cache budget exhausted; using q8 kernels (request=64.00 MiB cached=0.00 GiB free=0.34 GiB reserve=1.59 GiB total=31.86 GiB)
ds4: ROCm q8 fp16 cache budget exhausted; using q8 kernels (request=64.00 MiB cached=0.00 GiB free=0.34 GiB reserve=1.59 GiB total=31.86 GiB)
ds4: ROCm q8 fp16 cache budget exhausted; using q8 kernels (request=64.00 MiB cached=0.00 GiB free=0.34 GiB reserve=1.59 GiB total=31.86 GiB)
ds4: ROCm q8 fp16 cache budget exhausted; using q8 kernels (request=64.00 MiB cached=0.00 GiB free=0.34 GiB reserve=1.59 GiB total=31.86 GiB)
ds4: ROCm q8 fp16 cache budget exhausted; using q8 kernels (request=64.00 MiB cached=0.00 GiB free=0.34 GiB reserve=1.59 GiB total=31.86 GiB)
ds4: ROCm q8 fp16 cache budget exhausted; using q8 kernels (request=64.00 MiB cached=0.00 GiB free=0.34 GiB reserve=1.59 GiB total=31.86 GiB)
ds4: ROCm q8 fp16 cache budget exhausted; using q8 kernels (request=64.00 MiB cached=0.00 GiB free=0.34 GiB reserve=1.59 GiB total=31.86 GiB)
ds4: ROCm q8 fp16 cache budget exhausted; using q8 kernels (request=64.00 MiB cached=0.00 GiB free=0.34 GiB reserve=1.59 GiB total=31.86 GiB)
ds4: ROCm q8 fp16 cache budget exhausted; using q8 kernels (request=64.00 MiB cached=0.00 GiB free=0.34 GiB reserve=1.59 GiB total=31.86 GiB)
ds4: ROCm q8 fp16 cache budget exhausted; using q8 kernels (request=64.00 MiB cached=0.00 GiB free=0.34 GiB reserve=1.59 GiB total=31.86 GiB)
ds4: ROCm q8 fp16 cache budget exhausted; using q8 kernels (request=64.00 MiB cached=0.00 GiB free=0.34 GiB reserve=1.59 GiB total=31.86 GiB)
ds4: ROCm q8 fp16 cache budget exhausted; using q8 kernels (request=64.00 MiB cached=0.00 GiB free=0.34 GiB reserve=1.59 GiB total=31.86 GiB)
case_088 cases=89 prompt=14 target=24 avg_nll=0.835014 lcp=4 api_target_mae=0.835014 api_top_coverage=97/120 api_top1=0.667 api_topn=0.278 api_pair=1.000
ds4: ROCm q8 fp16 cache budget exhausted; using q8 kernels (request=64.00 MiB cached=0.00 GiB free=0.34 GiB reserve=1.59 GiB total=31.86 GiB)
ds4: ROCm q8 fp16 cache budget exhausted; using q8 kernels (request=64.00 MiB cached=0.00 GiB free=0.34 GiB reserve=1.59 GiB total=31.86 GiB)
ds4: ROCm q8 fp16 cache budget exhausted; using q8 kernels (request=64.00 MiB cached=0.00 GiB free=0.34 GiB reserve=1.59 GiB total=31.86 GiB)
ds4: ROCm q8 fp16 cache budget exhausted; using q8 kernels (request=64.00 MiB cached=0.00 GiB free=0.34 GiB reserve=1.59 GiB total=31.86 GiB)
ds4: ROCm q8 fp16 cache budget exhausted; using q8 kernels (request=64.00 MiB cached=0.00 GiB free=0.34 GiB reserve=1.59 GiB total=31.86 GiB)
ds4: ROCm q8 fp16 cache budget exhausted; using q8 kernels (request=64.00 MiB cached=0.00 GiB free=0.34 GiB reserve=1.59 GiB total=31.86 GiB)
ds4: ROCm q8 fp16 cache budget exhausted; using q8 kernels (request=64.00 MiB cached=0.00 GiB free=0.34 GiB reserve=1.59 GiB total=31.86 GiB)
ds4: ROCm q8 fp16 cache budget exhausted; using q8 kernels (request=64.00 MiB cached=0.00 GiB free=0.34 GiB reserve=1.59 GiB total=31.86 GiB)
ds4: ROCm q8 fp16 cache budget exhausted; using q8 kernels (request=64.00 MiB cached=0.00 GiB free=0.34 GiB reserve=1.59 GiB total=31.86 GiB)
ds4: ROCm q8 fp16 cache budget exhausted; using q8 kernels (request=64.00 MiB cached=0.00 GiB free=0.34 GiB reserve=1.59 GiB total=31.86 GiB)
ds4: ROCm q8 fp16 cache budget exhausted; using q8 kernels (request=64.00 MiB cached=0.00 GiB free=0.34 GiB reserve=1.59 GiB total=31.86 GiB)
ds4: ROCm q8 fp16 cache budget exhausted; using q8 kernels (request=64.00 MiB cached=0.00 GiB free=0.34 GiB reserve=1.59 GiB total=31.86 GiB)
ds4: ROCm q8 fp16 cache budget exhausted; using q8 kernels (request=64.00 MiB cached=0.00 GiB free=0.34 GiB reserve=1.59 GiB total=31.86 GiB)
ds4: ROCm q8 fp16 cache budget exhausted; using q8 kernels (request=64.00 MiB cached=0.00 GiB free=0.34 GiB reserve=1.59 GiB total=31.86 GiB)
ds4: ROCm q8 fp16 cache budget exhausted; using q8 kernels (request=64.00 MiB cached=0.00 GiB free=0.34 GiB reserve=1.59 GiB total=31.86 GiB)
ds4: ROCm q8 fp16 cache budget exhausted; using q8 kernels (request=64.00 MiB cached=0.00 GiB free=0.34 GiB reserve=1.59 GiB total=31.86 GiB)
ds4: ROCm q8 fp16 cache budget exhausted; using q8 kernels (request=64.00 MiB cached=0.00 GiB free=0.34 GiB reserve=1.59 GiB total=31.86 GiB)
ds4: ROCm q8 fp16 cache budget exhausted; using q8 kernels (request=64.00 MiB cached=0.00 GiB free=0.34 GiB reserve=1.59 GiB total=31.86 GiB)
ds4: ROCm q8 fp16 cache budget exhausted; using q8 kernels (request=64.00 MiB cached=0.00 GiB free=0.34 GiB reserve=1.59 GiB total=31.86 GiB)
ds4: ROCm q8 fp16 cache budget exhausted; using q8 kernels (request=64.00 MiB cached=0.00 GiB free=0.34 GiB reserve=1.59 GiB total=31.86 GiB)
ds4: ROCm q8 fp16 cache budget exhausted; using q8 kernels (request=64.00 MiB cached=0.00 GiB free=0.34 GiB reserve=1.59 GiB total=31.86 GiB)
ds4: ROCm q8 fp16 cache budget exhausted; using q8 kernels (request=64.00 MiB cached=0.00 GiB free=0.34 GiB reserve=1.59 GiB total=31.86 GiB)
ds4: ROCm q8 fp16 cache budget exhausted; using q8 kernels (request=64.00 MiB cached=0.00 GiB free=0.34 GiB reserve=1.59 GiB total=31.86 GiB)
ds4: ROCm q8 fp16 cache budget exhausted; using q8 kernels (request=64.00 MiB cached=0.00 GiB free=0.34 GiB reserve=1.59 GiB total=31.86 GiB)
ds4: ROCm q8 fp16 cache budget exhausted; using q8 kernels (request=64.00 MiB cached=0.00 GiB free=0.34 GiB reserve=1.59 GiB total=31.86 GiB)
ds4: ROCm q8 fp16 cache budget exhausted; using q8 kernels (request=64.00 MiB cached=0.00 GiB free=0.34 GiB reserve=1.59 GiB total=31.86 GiB)
ds4: ROCm q8 fp16 cache budget exhausted; using q8 kernels (request=64.00 MiB cached=0.00 GiB free=0.34 GiB reserve=1.59 GiB total=31.86 GiB)
ds4: ROCm q8 fp16 cache budget exhausted; using q8 kernels (request=64.00 MiB cached=0.00 GiB free=0.34 GiB reserve=1.59 GiB total=31.86 GiB)
ds4: ROCm q8 fp16 cache budget exhausted; using q8 kernels (request=64.00 MiB cached=0.00 GiB free=0.34 GiB reserve=1.59 GiB total=31.86 GiB)
ds4: ROCm q8 fp16 cache budget exhausted; using q8 kernels (request=64.00 MiB cached=0.00 GiB free=0.34 GiB reserve=1.59 GiB total=31.86 GiB)
ds4: ROCm q8 fp16 cache budget exhausted; using q8 kernels (request=64.00 MiB cached=0.00 GiB free=0.34 GiB reserve=1.59 GiB total=31.86 GiB)
ds4: ROCm q8 fp16 cache budget exhausted; using q8 kernels (request=64.00 MiB cached=0.00 GiB free=0.34 GiB reserve=1.59 GiB total=31.86 GiB)
ds4: ROCm q8 fp16 cache budget exhausted; using q8 kernels (request=64.00 MiB cached=0.00 GiB free=0.34 GiB reserve=1.59 GiB total=31.86 GiB)
ds4: ROCm q8 fp16 cache budget exhausted; using q8 kernels (request=64.00 MiB cached=0.00 GiB free=0.34 GiB reserve=1.59 GiB total=31.86 GiB)
ds4: ROCm q8 fp16 cache budget exhausted; using q8 kernels (request=64.00 MiB cached=0.00 GiB free=0.34 GiB reserve=1.59 GiB total=31.86 GiB)
ds4: ROCm q8 fp16 cache budget exhausted; using q8 kernels (request=64.00 MiB cached=0.00 GiB free=0.34 GiB reserve=1.59 GiB total=31.86 GiB)
ds4: ROCm q8 fp16 cache budget exhausted; using q8 kernels (request=64.00 MiB cached=0.00 GiB free=0.34 GiB reserve=1.59 GiB total=31.86 GiB)
ds4: ROCm q8 fp16 cache budget exhausted; using q8 kernels (request=64.00 MiB cached=0.00 GiB free=0.34 GiB reserve=1.59 GiB total=31.86 GiB)
ds4: ROCm q8 fp16 cache budget exhausted; using q8 kernels (request=64.00 MiB cached=0.00 GiB free=0.34 GiB reserve=1.59 GiB total=31.86 GiB)
ds4: ROCm q8 fp16 cache budget exhausted; using q8 kernels (request=64.00 MiB cached=0.00 GiB free=0.34 GiB reserve=1.59 GiB total=31.86 GiB)
ds4: ROCm q8 fp16 cache budget exhausted; using q8 kernels (request=64.00 MiB cached=0.00 GiB free=0.34 GiB reserve=1.59 GiB total=31.86 GiB)
ds4: ROCm q8 fp16 cache budget exhausted; using q8 kernels (request=64.00 MiB cached=0.00 GiB free=0.34 GiB reserve=1.59 GiB total=31.86 GiB)
ds4: ROCm q8 fp16 cache budget exhausted; using q8 kernels (request=64.00 MiB cached=0.00 GiB free=0.34 GiB reserve=1.59 GiB total=31.86 GiB)
case_089 cases=90 prompt=12 target=24 avg_nll=0.575941 lcp=1 api_target_mae=0.575941 api_top_coverage=98/120 api_top1=0.833 api_topn=0.265 api_pair=1.000
ds4: ROCm q8 fp16 cache budget exhausted; using q8 kernels (request=64.00 MiB cached=0.00 GiB free=0.34 GiB reserve=1.59 GiB total=31.86 GiB)
ds4: ROCm q8 fp16 cache budget exhausted; using q8 kernels (request=64.00 MiB cached=0.00 GiB free=0.34 GiB reserve=1.59 GiB total=31.86 GiB)
ds4: ROCm q8 fp16 cache budget exhausted; using q8 kernels (request=64.00 MiB cached=0.00 GiB free=0.34 GiB reserve=1.59 GiB total=31.86 GiB)
ds4: ROCm q8 fp16 cache budget exhausted; using q8 kernels (request=64.00 MiB cached=0.00 GiB free=0.34 GiB reserve=1.59 GiB total=31.86 GiB)
ds4: ROCm q8 fp16 cache budget exhausted; using q8 kernels (request=64.00 MiB cached=0.00 GiB free=0.34 GiB reserve=1.59 GiB total=31.86 GiB)
ds4: ROCm q8 fp16 cache budget exhausted; using q8 kernels (request=64.00 MiB cached=0.00 GiB free=0.34 GiB reserve=1.59 GiB total=31.86 GiB)
ds4: ROCm q8 fp16 cache budget exhausted; using q8 kernels (request=64.00 MiB cached=0.00 GiB free=0.34 GiB reserve=1.59 GiB total=31.86 GiB)
ds4: ROCm q8 fp16 cache budget exhausted; using q8 kernels (request=64.00 MiB cached=0.00 GiB free=0.34 GiB reserve=1.59 GiB total=31.86 GiB)
ds4: ROCm q8 fp16 cache budget exhausted; using q8 kernels (request=64.00 MiB cached=0.00 GiB free=0.34 GiB reserve=1.59 GiB total=31.86 GiB)
ds4: ROCm q8 fp16 cache budget exhausted; using q8 kernels (request=64.00 MiB cached=0.00 GiB free=0.34 GiB reserve=1.59 GiB total=31.86 GiB)
ds4: ROCm q8 fp16 cache budget exhausted; using q8 kernels (request=64.00 MiB cached=0.00 GiB free=0.34 GiB reserve=1.59 GiB total=31.86 GiB)
ds4: ROCm q8 fp16 cache budget exhausted; using q8 kernels (request=64.00 MiB cached=0.00 GiB free=0.34 GiB reserve=1.59 GiB total=31.86 GiB)
ds4: ROCm q8 fp16 cache budget exhausted; using q8 kernels (request=64.00 MiB cached=0.00 GiB free=0.34 GiB reserve=1.59 GiB total=31.86 GiB)
ds4: ROCm q8 fp16 cache budget exhausted; using q8 kernels (request=64.00 MiB cached=0.00 GiB free=0.34 GiB reserve=1.59 GiB total=31.86 GiB)
ds4: ROCm q8 fp16 cache budget exhausted; using q8 kernels (request=64.00 MiB cached=0.00 GiB free=0.34 GiB reserve=1.59 GiB total=31.86 GiB)
ds4: ROCm q8 fp16 cache budget exhausted; using q8 kernels (request=64.00 MiB cached=0.00 GiB free=0.34 GiB reserve=1.59 GiB total=31.86 GiB)
ds4: ROCm q8 fp16 cache budget exhausted; using q8 kernels (request=64.00 MiB cached=0.00 GiB free=0.34 GiB reserve=1.59 GiB total=31.86 GiB)
ds4: ROCm q8 fp16 cache budget exhausted; using q8 kernels (request=64.00 MiB cached=0.00 GiB free=0.34 GiB reserve=1.59 GiB total=31.86 GiB)
ds4: ROCm q8 fp16 cache budget exhausted; using q8 kernels (request=64.00 MiB cached=0.00 GiB free=0.34 GiB reserve=1.59 GiB total=31.86 GiB)
ds4: ROCm q8 fp16 cache budget exhausted; using q8 kernels (request=64.00 MiB cached=0.00 GiB free=0.34 GiB reserve=1.59 GiB total=31.86 GiB)
ds4: ROCm q8 fp16 cache budget exhausted; using q8 kernels (request=64.00 MiB cached=0.00 GiB free=0.34 GiB reserve=1.59 GiB total=31.86 GiB)
ds4: ROCm q8 fp16 cache budget exhausted; using q8 kernels (request=64.00 MiB cached=0.00 GiB free=0.34 GiB reserve=1.59 GiB total=31.86 GiB)
ds4: ROCm q8 fp16 cache budget exhausted; using q8 kernels (request=64.00 MiB cached=0.00 GiB free=0.34 GiB reserve=1.59 GiB total=31.86 GiB)
ds4: ROCm q8 fp16 cache budget exhausted; using q8 kernels (request=64.00 MiB cached=0.00 GiB free=0.34 GiB reserve=1.59 GiB total=31.86 GiB)
ds4: ROCm q8 fp16 cache budget exhausted; using q8 kernels (request=64.00 MiB cached=0.00 GiB free=0.34 GiB reserve=1.59 GiB total=31.86 GiB)
ds4: ROCm q8 fp16 cache budget exhausted; using q8 kernels (request=64.00 MiB cached=0.00 GiB free=0.34 GiB reserve=1.59 GiB total=31.86 GiB)
ds4: ROCm q8 fp16 cache budget exhausted; using q8 kernels (request=64.00 MiB cached=0.00 GiB free=0.34 GiB reserve=1.59 GiB total=31.86 GiB)
ds4: ROCm q8 fp16 cache budget exhausted; using q8 kernels (request=64.00 MiB cached=0.00 GiB free=0.34 GiB reserve=1.59 GiB total=31.86 GiB)
ds4: ROCm q8 fp16 cache budget exhausted; using q8 kernels (request=64.00 MiB cached=0.00 GiB free=0.34 GiB reserve=1.59 GiB total=31.86 GiB)
ds4: ROCm q8 fp16 cache budget exhausted; using q8 kernels (request=64.00 MiB cached=0.00 GiB free=0.34 GiB reserve=1.59 GiB total=31.86 GiB)
ds4: ROCm q8 fp16 cache budget exhausted; using q8 kernels (request=64.00 MiB cached=0.00 GiB free=0.34 GiB reserve=1.59 GiB total=31.86 GiB)
ds4: ROCm q8 fp16 cache budget exhausted; using q8 kernels (request=64.00 MiB cached=0.00 GiB free=0.34 GiB reserve=1.59 GiB total=31.86 GiB)
ds4: ROCm q8 fp16 cache budget exhausted; using q8 kernels (request=64.00 MiB cached=0.00 GiB free=0.34 GiB reserve=1.59 GiB total=31.86 GiB)
ds4: ROCm q8 fp16 cache budget exhausted; using q8 kernels (request=64.00 MiB cached=0.00 GiB free=0.34 GiB reserve=1.59 GiB total=31.86 GiB)
ds4: ROCm q8 fp16 cache budget exhausted; using q8 kernels (request=64.00 MiB cached=0.00 GiB free=0.34 GiB reserve=1.59 GiB total=31.86 GiB)
ds4: ROCm q8 fp16 cache budget exhausted; using q8 kernels (request=64.00 MiB cached=0.00 GiB free=0.34 GiB reserve=1.59 GiB total=31.86 GiB)
ds4: ROCm q8 fp16 cache budget exhausted; using q8 kernels (request=64.00 MiB cached=0.00 GiB free=0.34 GiB reserve=1.59 GiB total=31.86 GiB)
ds4: ROCm q8 fp16 cache budget exhausted; using q8 kernels (request=64.00 MiB cached=0.00 GiB free=0.34 GiB reserve=1.59 GiB total=31.86 GiB)
ds4: ROCm q8 fp16 cache budget exhausted; using q8 kernels (request=64.00 MiB cached=0.00 GiB free=0.34 GiB reserve=1.59 GiB total=31.86 GiB)
ds4: ROCm q8 fp16 cache budget exhausted; using q8 kernels (request=64.00 MiB cached=0.00 GiB free=0.34 GiB reserve=1.59 GiB total=31.86 GiB)
ds4: ROCm q8 fp16 cache budget exhausted; using q8 kernels (request=64.00 MiB cached=0.00 GiB free=0.34 GiB reserve=1.59 GiB total=31.86 GiB)
ds4: ROCm q8 fp16 cache budget exhausted; using q8 kernels (request=64.00 MiB cached=0.00 GiB free=0.34 GiB reserve=1.59 GiB total=31.86 GiB)
ds4: ROCm q8 fp16 cache budget exhausted; using q8 kernels (request=64.00 MiB cached=0.00 GiB free=0.34 GiB reserve=1.59 GiB total=31.86 GiB)
case_090 cases=91 prompt=17 target=24 avg_nll=0.910681 lcp=2 api_target_mae=0.910681 api_top_coverage=96/120 api_top1=0.750 api_topn=0.260 api_pair=1.000
ds4: ROCm q8 fp16 cache budget exhausted; using q8 kernels (request=64.00 MiB cached=0.00 GiB free=0.34 GiB reserve=1.59 GiB total=31.86 GiB)
ds4: ROCm q8 fp16 cache budget exhausted; using q8 kernels (request=64.00 MiB cached=0.00 GiB free=0.34 GiB reserve=1.59 GiB total=31.86 GiB)
ds4: ROCm q8 fp16 cache budget exhausted; using q8 kernels (request=64.00 MiB cached=0.00 GiB free=0.34 GiB reserve=1.59 GiB total=31.86 GiB)
ds4: ROCm q8 fp16 cache budget exhausted; using q8 kernels (request=64.00 MiB cached=0.00 GiB free=0.34 GiB reserve=1.59 GiB total=31.86 GiB)
ds4: ROCm q8 fp16 cache budget exhausted; using q8 kernels (request=64.00 MiB cached=0.00 GiB free=0.34 GiB reserve=1.59 GiB total=31.86 GiB)
ds4: ROCm q8 fp16 cache budget exhausted; using q8 kernels (request=64.00 MiB cached=0.00 GiB free=0.34 GiB reserve=1.59 GiB total=31.86 GiB)
ds4: ROCm q8 fp16 cache budget exhausted; using q8 kernels (request=64.00 MiB cached=0.00 GiB free=0.34 GiB reserve=1.59 GiB total=31.86 GiB)
ds4: ROCm q8 fp16 cache budget exhausted; using q8 kernels (request=64.00 MiB cached=0.00 GiB free=0.34 GiB reserve=1.59 GiB total=31.86 GiB)
ds4: ROCm q8 fp16 cache budget exhausted; using q8 kernels (request=64.00 MiB cached=0.00 GiB free=0.34 GiB reserve=1.59 GiB total=31.86 GiB)
ds4: ROCm q8 fp16 cache budget exhausted; using q8 kernels (request=64.00 MiB cached=0.00 GiB free=0.34 GiB reserve=1.59 GiB total=31.86 GiB)
ds4: ROCm q8 fp16 cache budget exhausted; using q8 kernels (request=64.00 MiB cached=0.00 GiB free=0.34 GiB reserve=1.59 GiB total=31.86 GiB)
ds4: ROCm q8 fp16 cache budget exhausted; using q8 kernels (request=64.00 MiB cached=0.00 GiB free=0.34 GiB reserve=1.59 GiB total=31.86 GiB)
ds4: ROCm q8 fp16 cache budget exhausted; using q8 kernels (request=64.00 MiB cached=0.00 GiB free=0.34 GiB reserve=1.59 GiB total=31.86 GiB)
ds4: ROCm q8 fp16 cache budget exhausted; using q8 kernels (request=64.00 MiB cached=0.00 GiB free=0.34 GiB reserve=1.59 GiB total=31.86 GiB)
ds4: ROCm q8 fp16 cache budget exhausted; using q8 kernels (request=64.00 MiB cached=0.00 GiB free=0.34 GiB reserve=1.59 GiB total=31.86 GiB)
ds4: ROCm q8 fp16 cache budget exhausted; using q8 kernels (request=64.00 MiB cached=0.00 GiB free=0.34 GiB reserve=1.59 GiB total=31.86 GiB)
ds4: ROCm q8 fp16 cache budget exhausted; using q8 kernels (request=64.00 MiB cached=0.00 GiB free=0.34 GiB reserve=1.59 GiB total=31.86 GiB)
ds4: ROCm q8 fp16 cache budget exhausted; using q8 kernels (request=64.00 MiB cached=0.00 GiB free=0.34 GiB reserve=1.59 GiB total=31.86 GiB)
ds4: ROCm q8 fp16 cache budget exhausted; using q8 kernels (request=64.00 MiB cached=0.00 GiB free=0.34 GiB reserve=1.59 GiB total=31.86 GiB)
ds4: ROCm q8 fp16 cache budget exhausted; using q8 kernels (request=64.00 MiB cached=0.00 GiB free=0.34 GiB reserve=1.59 GiB total=31.86 GiB)
ds4: ROCm q8 fp16 cache budget exhausted; using q8 kernels (request=64.00 MiB cached=0.00 GiB free=0.34 GiB reserve=1.59 GiB total=31.86 GiB)
ds4: ROCm q8 fp16 cache budget exhausted; using q8 kernels (request=64.00 MiB cached=0.00 GiB free=0.34 GiB reserve=1.59 GiB total=31.86 GiB)
ds4: ROCm q8 fp16 cache budget exhausted; using q8 kernels (request=64.00 MiB cached=0.00 GiB free=0.34 GiB reserve=1.59 GiB total=31.86 GiB)
ds4: ROCm q8 fp16 cache budget exhausted; using q8 kernels (request=64.00 MiB cached=0.00 GiB free=0.34 GiB reserve=1.59 GiB total=31.86 GiB)
ds4: ROCm q8 fp16 cache budget exhausted; using q8 kernels (request=64.00 MiB cached=0.00 GiB free=0.34 GiB reserve=1.59 GiB total=31.86 GiB)
ds4: ROCm q8 fp16 cache budget exhausted; using q8 kernels (request=64.00 MiB cached=0.00 GiB free=0.34 GiB reserve=1.59 GiB total=31.86 GiB)
ds4: ROCm q8 fp16 cache budget exhausted; using q8 kernels (request=64.00 MiB cached=0.00 GiB free=0.34 GiB reserve=1.59 GiB total=31.86 GiB)
ds4: ROCm q8 fp16 cache budget exhausted; using q8 kernels (request=64.00 MiB cached=0.00 GiB free=0.34 GiB reserve=1.59 GiB total=31.86 GiB)
ds4: ROCm q8 fp16 cache budget exhausted; using q8 kernels (request=64.00 MiB cached=0.00 GiB free=0.34 GiB reserve=1.59 GiB total=31.86 GiB)
ds4: ROCm q8 fp16 cache budget exhausted; using q8 kernels (request=64.00 MiB cached=0.00 GiB free=0.34 GiB reserve=1.59 GiB total=31.86 GiB)
ds4: ROCm q8 fp16 cache budget exhausted; using q8 kernels (request=64.00 MiB cached=0.00 GiB free=0.34 GiB reserve=1.59 GiB total=31.86 GiB)
ds4: ROCm q8 fp16 cache budget exhausted; using q8 kernels (request=64.00 MiB cached=0.00 GiB free=0.34 GiB reserve=1.59 GiB total=31.86 GiB)
ds4: ROCm q8 fp16 cache budget exhausted; using q8 kernels (request=64.00 MiB cached=0.00 GiB free=0.34 GiB reserve=1.59 GiB total=31.86 GiB)
ds4: ROCm q8 fp16 cache budget exhausted; using q8 kernels (request=64.00 MiB cached=0.00 GiB free=0.34 GiB reserve=1.59 GiB total=31.86 GiB)
ds4: ROCm q8 fp16 cache budget exhausted; using q8 kernels (request=64.00 MiB cached=0.00 GiB free=0.34 GiB reserve=1.59 GiB total=31.86 GiB)
ds4: ROCm q8 fp16 cache budget exhausted; using q8 kernels (request=64.00 MiB cached=0.00 GiB free=0.34 GiB reserve=1.59 GiB total=31.86 GiB)
ds4: ROCm q8 fp16 cache budget exhausted; using q8 kernels (request=64.00 MiB cached=0.00 GiB free=0.34 GiB reserve=1.59 GiB total=31.86 GiB)
ds4: ROCm q8 fp16 cache budget exhausted; using q8 kernels (request=64.00 MiB cached=0.00 GiB free=0.34 GiB reserve=1.59 GiB total=31.86 GiB)
ds4: ROCm q8 fp16 cache budget exhausted; using q8 kernels (request=64.00 MiB cached=0.00 GiB free=0.34 GiB reserve=1.59 GiB total=31.86 GiB)
ds4: ROCm q8 fp16 cache budget exhausted; using q8 kernels (request=64.00 MiB cached=0.00 GiB free=0.34 GiB reserve=1.59 GiB total=31.86 GiB)
ds4: ROCm q8 fp16 cache budget exhausted; using q8 kernels (request=64.00 MiB cached=0.00 GiB free=0.34 GiB reserve=1.59 GiB total=31.86 GiB)
ds4: ROCm q8 fp16 cache budget exhausted; using q8 kernels (request=64.00 MiB cached=0.00 GiB free=0.34 GiB reserve=1.59 GiB total=31.86 GiB)
ds4: ROCm q8 fp16 cache budget exhausted; using q8 kernels (request=64.00 MiB cached=0.00 GiB free=0.34 GiB reserve=1.59 GiB total=31.86 GiB)
case_091 cases=92 prompt=14 target=24 avg_nll=1.628902 lcp=0 api_target_mae=1.628902 api_top_coverage=96/120 api_top1=0.625 api_topn=0.240 api_pair=1.000
ds4: ROCm q8 fp16 cache budget exhausted; using q8 kernels (request=64.00 MiB cached=0.00 GiB free=0.34 GiB reserve=1.59 GiB total=31.86 GiB)
ds4: ROCm q8 fp16 cache budget exhausted; using q8 kernels (request=64.00 MiB cached=0.00 GiB free=0.34 GiB reserve=1.59 GiB total=31.86 GiB)
ds4: ROCm q8 fp16 cache budget exhausted; using q8 kernels (request=64.00 MiB cached=0.00 GiB free=0.34 GiB reserve=1.59 GiB total=31.86 GiB)
ds4: ROCm q8 fp16 cache budget exhausted; using q8 kernels (request=64.00 MiB cached=0.00 GiB free=0.34 GiB reserve=1.59 GiB total=31.86 GiB)
ds4: ROCm q8 fp16 cache budget exhausted; using q8 kernels (request=64.00 MiB cached=0.00 GiB free=0.34 GiB reserve=1.59 GiB total=31.86 GiB)
ds4: ROCm q8 fp16 cache budget exhausted; using q8 kernels (request=64.00 MiB cached=0.00 GiB free=0.34 GiB reserve=1.59 GiB total=31.86 GiB)
ds4: ROCm q8 fp16 cache budget exhausted; using q8 kernels (request=64.00 MiB cached=0.00 GiB free=0.34 GiB reserve=1.59 GiB total=31.86 GiB)
ds4: ROCm q8 fp16 cache budget exhausted; using q8 kernels (request=64.00 MiB cached=0.00 GiB free=0.34 GiB reserve=1.59 GiB total=31.86 GiB)
ds4: ROCm q8 fp16 cache budget exhausted; using q8 kernels (request=64.00 MiB cached=0.00 GiB free=0.34 GiB reserve=1.59 GiB total=31.86 GiB)
ds4: ROCm q8 fp16 cache budget exhausted; using q8 kernels (request=64.00 MiB cached=0.00 GiB free=0.34 GiB reserve=1.59 GiB total=31.86 GiB)
ds4: ROCm q8 fp16 cache budget exhausted; using q8 kernels (request=64.00 MiB cached=0.00 GiB free=0.34 GiB reserve=1.59 GiB total=31.86 GiB)
ds4: ROCm q8 fp16 cache budget exhausted; using q8 kernels (request=64.00 MiB cached=0.00 GiB free=0.34 GiB reserve=1.59 GiB total=31.86 GiB)
ds4: ROCm q8 fp16 cache budget exhausted; using q8 kernels (request=64.00 MiB cached=0.00 GiB free=0.34 GiB reserve=1.59 GiB total=31.86 GiB)
ds4: ROCm q8 fp16 cache budget exhausted; using q8 kernels (request=64.00 MiB cached=0.00 GiB free=0.34 GiB reserve=1.59 GiB total=31.86 GiB)
ds4: ROCm q8 fp16 cache budget exhausted; using q8 kernels (request=64.00 MiB cached=0.00 GiB free=0.34 GiB reserve=1.59 GiB total=31.86 GiB)
ds4: ROCm q8 fp16 cache budget exhausted; using q8 kernels (request=64.00 MiB cached=0.00 GiB free=0.34 GiB reserve=1.59 GiB total=31.86 GiB)
ds4: ROCm q8 fp16 cache budget exhausted; using q8 kernels (request=64.00 MiB cached=0.00 GiB free=0.34 GiB reserve=1.59 GiB total=31.86 GiB)
ds4: ROCm q8 fp16 cache budget exhausted; using q8 kernels (request=64.00 MiB cached=0.00 GiB free=0.34 GiB reserve=1.59 GiB total=31.86 GiB)
ds4: ROCm q8 fp16 cache budget exhausted; using q8 kernels (request=64.00 MiB cached=0.00 GiB free=0.34 GiB reserve=1.59 GiB total=31.86 GiB)
ds4: ROCm q8 fp16 cache budget exhausted; using q8 kernels (request=64.00 MiB cached=0.00 GiB free=0.34 GiB reserve=1.59 GiB total=31.86 GiB)
ds4: ROCm q8 fp16 cache budget exhausted; using q8 kernels (request=64.00 MiB cached=0.00 GiB free=0.34 GiB reserve=1.59 GiB total=31.86 GiB)
ds4: ROCm q8 fp16 cache budget exhausted; using q8 kernels (request=64.00 MiB cached=0.00 GiB free=0.34 GiB reserve=1.59 GiB total=31.86 GiB)
ds4: ROCm q8 fp16 cache budget exhausted; using q8 kernels (request=64.00 MiB cached=0.00 GiB free=0.34 GiB reserve=1.59 GiB total=31.86 GiB)
ds4: ROCm q8 fp16 cache budget exhausted; using q8 kernels (request=64.00 MiB cached=0.00 GiB free=0.34 GiB reserve=1.59 GiB total=31.86 GiB)
ds4: ROCm q8 fp16 cache budget exhausted; using q8 kernels (request=64.00 MiB cached=0.00 GiB free=0.34 GiB reserve=1.59 GiB total=31.86 GiB)
ds4: ROCm q8 fp16 cache budget exhausted; using q8 kernels (request=64.00 MiB cached=0.00 GiB free=0.34 GiB reserve=1.59 GiB total=31.86 GiB)
ds4: ROCm q8 fp16 cache budget exhausted; using q8 kernels (request=64.00 MiB cached=0.00 GiB free=0.34 GiB reserve=1.59 GiB total=31.86 GiB)
ds4: ROCm q8 fp16 cache budget exhausted; using q8 kernels (request=64.00 MiB cached=0.00 GiB free=0.34 GiB reserve=1.59 GiB total=31.86 GiB)
ds4: ROCm q8 fp16 cache budget exhausted; using q8 kernels (request=64.00 MiB cached=0.00 GiB free=0.34 GiB reserve=1.59 GiB total=31.86 GiB)
ds4: ROCm q8 fp16 cache budget exhausted; using q8 kernels (request=64.00 MiB cached=0.00 GiB free=0.34 GiB reserve=1.59 GiB total=31.86 GiB)
ds4: ROCm q8 fp16 cache budget exhausted; using q8 kernels (request=64.00 MiB cached=0.00 GiB free=0.34 GiB reserve=1.59 GiB total=31.86 GiB)
ds4: ROCm q8 fp16 cache budget exhausted; using q8 kernels (request=64.00 MiB cached=0.00 GiB free=0.34 GiB reserve=1.59 GiB total=31.86 GiB)
ds4: ROCm q8 fp16 cache budget exhausted; using q8 kernels (request=64.00 MiB cached=0.00 GiB free=0.34 GiB reserve=1.59 GiB total=31.86 GiB)
ds4: ROCm q8 fp16 cache budget exhausted; using q8 kernels (request=64.00 MiB cached=0.00 GiB free=0.34 GiB reserve=1.59 GiB total=31.86 GiB)
ds4: ROCm q8 fp16 cache budget exhausted; using q8 kernels (request=64.00 MiB cached=0.00 GiB free=0.34 GiB reserve=1.59 GiB total=31.86 GiB)
ds4: ROCm q8 fp16 cache budget exhausted; using q8 kernels (request=64.00 MiB cached=0.00 GiB free=0.34 GiB reserve=1.59 GiB total=31.86 GiB)
ds4: ROCm q8 fp16 cache budget exhausted; using q8 kernels (request=64.00 MiB cached=0.00 GiB free=0.34 GiB reserve=1.59 GiB total=31.86 GiB)
ds4: ROCm q8 fp16 cache budget exhausted; using q8 kernels (request=64.00 MiB cached=0.00 GiB free=0.34 GiB reserve=1.59 GiB total=31.86 GiB)
ds4: ROCm q8 fp16 cache budget exhausted; using q8 kernels (request=64.00 MiB cached=0.00 GiB free=0.34 GiB reserve=1.59 GiB total=31.86 GiB)
ds4: ROCm q8 fp16 cache budget exhausted; using q8 kernels (request=64.00 MiB cached=0.00 GiB free=0.34 GiB reserve=1.59 GiB total=31.86 GiB)
ds4: ROCm q8 fp16 cache budget exhausted; using q8 kernels (request=64.00 MiB cached=0.00 GiB free=0.34 GiB reserve=1.59 GiB total=31.86 GiB)
ds4: ROCm q8 fp16 cache budget exhausted; using q8 kernels (request=64.00 MiB cached=0.00 GiB free=0.34 GiB reserve=1.59 GiB total=31.86 GiB)
ds4: ROCm q8 fp16 cache budget exhausted; using q8 kernels (request=64.00 MiB cached=0.00 GiB free=0.34 GiB reserve=1.59 GiB total=31.86 GiB)
case_092 cases=93 prompt=15 target=24 avg_nll=0.277841 lcp=16 api_target_mae=0.277841 api_top_coverage=97/120 api_top1=0.917 api_topn=0.268 api_pair=1.000
ds4: ROCm q8 fp16 cache budget exhausted; using q8 kernels (request=64.00 MiB cached=0.00 GiB free=0.34 GiB reserve=1.59 GiB total=31.86 GiB)
ds4: ROCm q8 fp16 cache budget exhausted; using q8 kernels (request=64.00 MiB cached=0.00 GiB free=0.34 GiB reserve=1.59 GiB total=31.86 GiB)
ds4: ROCm q8 fp16 cache budget exhausted; using q8 kernels (request=64.00 MiB cached=0.00 GiB free=0.34 GiB reserve=1.59 GiB total=31.86 GiB)
ds4: ROCm q8 fp16 cache budget exhausted; using q8 kernels (request=64.00 MiB cached=0.00 GiB free=0.34 GiB reserve=1.59 GiB total=31.86 GiB)
ds4: ROCm q8 fp16 cache budget exhausted; using q8 kernels (request=64.00 MiB cached=0.00 GiB free=0.34 GiB reserve=1.59 GiB total=31.86 GiB)
ds4: ROCm q8 fp16 cache budget exhausted; using q8 kernels (request=64.00 MiB cached=0.00 GiB free=0.34 GiB reserve=1.59 GiB total=31.86 GiB)
ds4: ROCm q8 fp16 cache budget exhausted; using q8 kernels (request=64.00 MiB cached=0.00 GiB free=0.34 GiB reserve=1.59 GiB total=31.86 GiB)
ds4: ROCm q8 fp16 cache budget exhausted; using q8 kernels (request=64.00 MiB cached=0.00 GiB free=0.34 GiB reserve=1.59 GiB total=31.86 GiB)
ds4: ROCm q8 fp16 cache budget exhausted; using q8 kernels (request=64.00 MiB cached=0.00 GiB free=0.34 GiB reserve=1.59 GiB total=31.86 GiB)
ds4: ROCm q8 fp16 cache budget exhausted; using q8 kernels (request=64.00 MiB cached=0.00 GiB free=0.34 GiB reserve=1.59 GiB total=31.86 GiB)
ds4: ROCm q8 fp16 cache budget exhausted; using q8 kernels (request=64.00 MiB cached=0.00 GiB free=0.34 GiB reserve=1.59 GiB total=31.86 GiB)
ds4: ROCm q8 fp16 cache budget exhausted; using q8 kernels (request=64.00 MiB cached=0.00 GiB free=0.34 GiB reserve=1.59 GiB total=31.86 GiB)
ds4: ROCm q8 fp16 cache budget exhausted; using q8 kernels (request=64.00 MiB cached=0.00 GiB free=0.34 GiB reserve=1.59 GiB total=31.86 GiB)
ds4: ROCm q8 fp16 cache budget exhausted; using q8 kernels (request=64.00 MiB cached=0.00 GiB free=0.34 GiB reserve=1.59 GiB total=31.86 GiB)
ds4: ROCm q8 fp16 cache budget exhausted; using q8 kernels (request=64.00 MiB cached=0.00 GiB free=0.34 GiB reserve=1.59 GiB total=31.86 GiB)
ds4: ROCm q8 fp16 cache budget exhausted; using q8 kernels (request=64.00 MiB cached=0.00 GiB free=0.34 GiB reserve=1.59 GiB total=31.86 GiB)
ds4: ROCm q8 fp16 cache budget exhausted; using q8 kernels (request=64.00 MiB cached=0.00 GiB free=0.34 GiB reserve=1.59 GiB total=31.86 GiB)
ds4: ROCm q8 fp16 cache budget exhausted; using q8 kernels (request=64.00 MiB cached=0.00 GiB free=0.34 GiB reserve=1.59 GiB total=31.86 GiB)
ds4: ROCm q8 fp16 cache budget exhausted; using q8 kernels (request=64.00 MiB cached=0.00 GiB free=0.34 GiB reserve=1.59 GiB total=31.86 GiB)
ds4: ROCm q8 fp16 cache budget exhausted; using q8 kernels (request=64.00 MiB cached=0.00 GiB free=0.34 GiB reserve=1.59 GiB total=31.86 GiB)
ds4: ROCm q8 fp16 cache budget exhausted; using q8 kernels (request=64.00 MiB cached=0.00 GiB free=0.34 GiB reserve=1.59 GiB total=31.86 GiB)
ds4: ROCm q8 fp16 cache budget exhausted; using q8 kernels (request=64.00 MiB cached=0.00 GiB free=0.34 GiB reserve=1.59 GiB total=31.86 GiB)
ds4: ROCm q8 fp16 cache budget exhausted; using q8 kernels (request=64.00 MiB cached=0.00 GiB free=0.34 GiB reserve=1.59 GiB total=31.86 GiB)
ds4: ROCm q8 fp16 cache budget exhausted; using q8 kernels (request=64.00 MiB cached=0.00 GiB free=0.34 GiB reserve=1.59 GiB total=31.86 GiB)
ds4: ROCm q8 fp16 cache budget exhausted; using q8 kernels (request=64.00 MiB cached=0.00 GiB free=0.34 GiB reserve=1.59 GiB total=31.86 GiB)
ds4: ROCm q8 fp16 cache budget exhausted; using q8 kernels (request=64.00 MiB cached=0.00 GiB free=0.34 GiB reserve=1.59 GiB total=31.86 GiB)
ds4: ROCm q8 fp16 cache budget exhausted; using q8 kernels (request=64.00 MiB cached=0.00 GiB free=0.34 GiB reserve=1.59 GiB total=31.86 GiB)
ds4: ROCm q8 fp16 cache budget exhausted; using q8 kernels (request=64.00 MiB cached=0.00 GiB free=0.34 GiB reserve=1.59 GiB total=31.86 GiB)
ds4: ROCm q8 fp16 cache budget exhausted; using q8 kernels (request=64.00 MiB cached=0.00 GiB free=0.34 GiB reserve=1.59 GiB total=31.86 GiB)
ds4: ROCm q8 fp16 cache budget exhausted; using q8 kernels (request=64.00 MiB cached=0.00 GiB free=0.34 GiB reserve=1.59 GiB total=31.86 GiB)
ds4: ROCm q8 fp16 cache budget exhausted; using q8 kernels (request=64.00 MiB cached=0.00 GiB free=0.34 GiB reserve=1.59 GiB total=31.86 GiB)
ds4: ROCm q8 fp16 cache budget exhausted; using q8 kernels (request=64.00 MiB cached=0.00 GiB free=0.34 GiB reserve=1.59 GiB total=31.86 GiB)
ds4: ROCm q8 fp16 cache budget exhausted; using q8 kernels (request=64.00 MiB cached=0.00 GiB free=0.34 GiB reserve=1.59 GiB total=31.86 GiB)
ds4: ROCm q8 fp16 cache budget exhausted; using q8 kernels (request=64.00 MiB cached=0.00 GiB free=0.34 GiB reserve=1.59 GiB total=31.86 GiB)
ds4: ROCm q8 fp16 cache budget exhausted; using q8 kernels (request=64.00 MiB cached=0.00 GiB free=0.34 GiB reserve=1.59 GiB total=31.86 GiB)
ds4: ROCm q8 fp16 cache budget exhausted; using q8 kernels (request=64.00 MiB cached=0.00 GiB free=0.34 GiB reserve=1.59 GiB total=31.86 GiB)
ds4: ROCm q8 fp16 cache budget exhausted; using q8 kernels (request=64.00 MiB cached=0.00 GiB free=0.34 GiB reserve=1.59 GiB total=31.86 GiB)
ds4: ROCm q8 fp16 cache budget exhausted; using q8 kernels (request=64.00 MiB cached=0.00 GiB free=0.34 GiB reserve=1.59 GiB total=31.86 GiB)
ds4: ROCm q8 fp16 cache budget exhausted; using q8 kernels (request=64.00 MiB cached=0.00 GiB free=0.34 GiB reserve=1.59 GiB total=31.86 GiB)
ds4: ROCm q8 fp16 cache budget exhausted; using q8 kernels (request=64.00 MiB cached=0.00 GiB free=0.34 GiB reserve=1.59 GiB total=31.86 GiB)
ds4: ROCm q8 fp16 cache budget exhausted; using q8 kernels (request=64.00 MiB cached=0.00 GiB free=0.34 GiB reserve=1.59 GiB total=31.86 GiB)
ds4: ROCm q8 fp16 cache budget exhausted; using q8 kernels (request=64.00 MiB cached=0.00 GiB free=0.34 GiB reserve=1.59 GiB total=31.86 GiB)
ds4: ROCm q8 fp16 cache budget exhausted; using q8 kernels (request=64.00 MiB cached=0.00 GiB free=0.34 GiB reserve=1.59 GiB total=31.86 GiB)
case_093 cases=94 prompt=17 target=24 avg_nll=0.967948 lcp=0 api_target_mae=0.967948 api_top_coverage=99/120 api_top1=0.708 api_topn=0.253 api_pair=0.973
ds4: ROCm q8 fp16 cache budget exhausted; using q8 kernels (request=64.00 MiB cached=0.00 GiB free=0.34 GiB reserve=1.59 GiB total=31.86 GiB)
ds4: ROCm q8 fp16 cache budget exhausted; using q8 kernels (request=64.00 MiB cached=0.00 GiB free=0.34 GiB reserve=1.59 GiB total=31.86 GiB)
ds4: ROCm q8 fp16 cache budget exhausted; using q8 kernels (request=64.00 MiB cached=0.00 GiB free=0.34 GiB reserve=1.59 GiB total=31.86 GiB)
ds4: ROCm q8 fp16 cache budget exhausted; using q8 kernels (request=64.00 MiB cached=0.00 GiB free=0.34 GiB reserve=1.59 GiB total=31.86 GiB)
ds4: ROCm q8 fp16 cache budget exhausted; using q8 kernels (request=64.00 MiB cached=0.00 GiB free=0.34 GiB reserve=1.59 GiB total=31.86 GiB)
ds4: ROCm q8 fp16 cache budget exhausted; using q8 kernels (request=64.00 MiB cached=0.00 GiB free=0.34 GiB reserve=1.59 GiB total=31.86 GiB)
ds4: ROCm q8 fp16 cache budget exhausted; using q8 kernels (request=64.00 MiB cached=0.00 GiB free=0.34 GiB reserve=1.59 GiB total=31.86 GiB)
ds4: ROCm q8 fp16 cache budget exhausted; using q8 kernels (request=64.00 MiB cached=0.00 GiB free=0.34 GiB reserve=1.59 GiB total=31.86 GiB)
ds4: ROCm q8 fp16 cache budget exhausted; using q8 kernels (request=64.00 MiB cached=0.00 GiB free=0.34 GiB reserve=1.59 GiB total=31.86 GiB)
ds4: ROCm q8 fp16 cache budget exhausted; using q8 kernels (request=64.00 MiB cached=0.00 GiB free=0.34 GiB reserve=1.59 GiB total=31.86 GiB)
ds4: ROCm q8 fp16 cache budget exhausted; using q8 kernels (request=64.00 MiB cached=0.00 GiB free=0.34 GiB reserve=1.59 GiB total=31.86 GiB)
ds4: ROCm q8 fp16 cache budget exhausted; using q8 kernels (request=64.00 MiB cached=0.00 GiB free=0.34 GiB reserve=1.59 GiB total=31.86 GiB)
ds4: ROCm q8 fp16 cache budget exhausted; using q8 kernels (request=64.00 MiB cached=0.00 GiB free=0.34 GiB reserve=1.59 GiB total=31.86 GiB)
ds4: ROCm q8 fp16 cache budget exhausted; using q8 kernels (request=64.00 MiB cached=0.00 GiB free=0.34 GiB reserve=1.59 GiB total=31.86 GiB)
ds4: ROCm q8 fp16 cache budget exhausted; using q8 kernels (request=64.00 MiB cached=0.00 GiB free=0.34 GiB reserve=1.59 GiB total=31.86 GiB)
ds4: ROCm q8 fp16 cache budget exhausted; using q8 kernels (request=64.00 MiB cached=0.00 GiB free=0.34 GiB reserve=1.59 GiB total=31.86 GiB)
ds4: ROCm q8 fp16 cache budget exhausted; using q8 kernels (request=64.00 MiB cached=0.00 GiB free=0.34 GiB reserve=1.59 GiB total=31.86 GiB)
ds4: ROCm q8 fp16 cache budget exhausted; using q8 kernels (request=64.00 MiB cached=0.00 GiB free=0.34 GiB reserve=1.59 GiB total=31.86 GiB)
ds4: ROCm q8 fp16 cache budget exhausted; using q8 kernels (request=64.00 MiB cached=0.00 GiB free=0.34 GiB reserve=1.59 GiB total=31.86 GiB)
ds4: ROCm q8 fp16 cache budget exhausted; using q8 kernels (request=64.00 MiB cached=0.00 GiB free=0.34 GiB reserve=1.59 GiB total=31.86 GiB)
ds4: ROCm q8 fp16 cache budget exhausted; using q8 kernels (request=64.00 MiB cached=0.00 GiB free=0.34 GiB reserve=1.59 GiB total=31.86 GiB)
ds4: ROCm q8 fp16 cache budget exhausted; using q8 kernels (request=64.00 MiB cached=0.00 GiB free=0.34 GiB reserve=1.59 GiB total=31.86 GiB)
ds4: ROCm q8 fp16 cache budget exhausted; using q8 kernels (request=64.00 MiB cached=0.00 GiB free=0.34 GiB reserve=1.59 GiB total=31.86 GiB)
ds4: ROCm q8 fp16 cache budget exhausted; using q8 kernels (request=64.00 MiB cached=0.00 GiB free=0.34 GiB reserve=1.59 GiB total=31.86 GiB)
ds4: ROCm q8 fp16 cache budget exhausted; using q8 kernels (request=64.00 MiB cached=0.00 GiB free=0.34 GiB reserve=1.59 GiB total=31.86 GiB)
ds4: ROCm q8 fp16 cache budget exhausted; using q8 kernels (request=64.00 MiB cached=0.00 GiB free=0.34 GiB reserve=1.59 GiB total=31.86 GiB)
ds4: ROCm q8 fp16 cache budget exhausted; using q8 kernels (request=64.00 MiB cached=0.00 GiB free=0.34 GiB reserve=1.59 GiB total=31.86 GiB)
ds4: ROCm q8 fp16 cache budget exhausted; using q8 kernels (request=64.00 MiB cached=0.00 GiB free=0.34 GiB reserve=1.59 GiB total=31.86 GiB)
ds4: ROCm q8 fp16 cache budget exhausted; using q8 kernels (request=64.00 MiB cached=0.00 GiB free=0.34 GiB reserve=1.59 GiB total=31.86 GiB)
ds4: ROCm q8 fp16 cache budget exhausted; using q8 kernels (request=64.00 MiB cached=0.00 GiB free=0.34 GiB reserve=1.59 GiB total=31.86 GiB)
ds4: ROCm q8 fp16 cache budget exhausted; using q8 kernels (request=64.00 MiB cached=0.00 GiB free=0.34 GiB reserve=1.59 GiB total=31.86 GiB)
ds4: ROCm q8 fp16 cache budget exhausted; using q8 kernels (request=64.00 MiB cached=0.00 GiB free=0.34 GiB reserve=1.59 GiB total=31.86 GiB)
ds4: ROCm q8 fp16 cache budget exhausted; using q8 kernels (request=64.00 MiB cached=0.00 GiB free=0.34 GiB reserve=1.59 GiB total=31.86 GiB)
ds4: ROCm q8 fp16 cache budget exhausted; using q8 kernels (request=64.00 MiB cached=0.00 GiB free=0.34 GiB reserve=1.59 GiB total=31.86 GiB)
ds4: ROCm q8 fp16 cache budget exhausted; using q8 kernels (request=64.00 MiB cached=0.00 GiB free=0.34 GiB reserve=1.59 GiB total=31.86 GiB)
ds4: ROCm q8 fp16 cache budget exhausted; using q8 kernels (request=64.00 MiB cached=0.00 GiB free=0.34 GiB reserve=1.59 GiB total=31.86 GiB)
ds4: ROCm q8 fp16 cache budget exhausted; using q8 kernels (request=64.00 MiB cached=0.00 GiB free=0.34 GiB reserve=1.59 GiB total=31.86 GiB)
ds4: ROCm q8 fp16 cache budget exhausted; using q8 kernels (request=64.00 MiB cached=0.00 GiB free=0.34 GiB reserve=1.59 GiB total=31.86 GiB)
ds4: ROCm q8 fp16 cache budget exhausted; using q8 kernels (request=64.00 MiB cached=0.00 GiB free=0.34 GiB reserve=1.59 GiB total=31.86 GiB)
ds4: ROCm q8 fp16 cache budget exhausted; using q8 kernels (request=64.00 MiB cached=0.00 GiB free=0.34 GiB reserve=1.59 GiB total=31.86 GiB)
ds4: ROCm q8 fp16 cache budget exhausted; using q8 kernels (request=64.00 MiB cached=0.00 GiB free=0.34 GiB reserve=1.59 GiB total=31.86 GiB)
ds4: ROCm q8 fp16 cache budget exhausted; using q8 kernels (request=64.00 MiB cached=0.00 GiB free=0.34 GiB reserve=1.59 GiB total=31.86 GiB)
ds4: ROCm q8 fp16 cache budget exhausted; using q8 kernels (request=64.00 MiB cached=0.00 GiB free=0.34 GiB reserve=1.59 GiB total=31.86 GiB)
case_094 cases=95 prompt=16 target=1 avg_nll=4.674012 lcp=0 api_target_mae=4.674012 api_top_coverage=5/5 api_top1=0.000 api_topn=0.400 api_pair=0.750
ds4: ROCm q8 fp16 cache budget exhausted; using q8 kernels (request=64.00 MiB cached=0.00 GiB free=0.34 GiB reserve=1.59 GiB total=31.86 GiB)
ds4: ROCm q8 fp16 cache budget exhausted; using q8 kernels (request=64.00 MiB cached=0.00 GiB free=0.34 GiB reserve=1.59 GiB total=31.86 GiB)
ds4: ROCm q8 fp16 cache budget exhausted; using q8 kernels (request=64.00 MiB cached=0.00 GiB free=0.34 GiB reserve=1.59 GiB total=31.86 GiB)
ds4: ROCm q8 fp16 cache budget exhausted; using q8 kernels (request=64.00 MiB cached=0.00 GiB free=0.34 GiB reserve=1.59 GiB total=31.86 GiB)
ds4: ROCm q8 fp16 cache budget exhausted; using q8 kernels (request=64.00 MiB cached=0.00 GiB free=0.34 GiB reserve=1.59 GiB total=31.86 GiB)
ds4: ROCm q8 fp16 cache budget exhausted; using q8 kernels (request=64.00 MiB cached=0.00 GiB free=0.34 GiB reserve=1.59 GiB total=31.86 GiB)
ds4: ROCm q8 fp16 cache budget exhausted; using q8 kernels (request=64.00 MiB cached=0.00 GiB free=0.34 GiB reserve=1.59 GiB total=31.86 GiB)
ds4: ROCm q8 fp16 cache budget exhausted; using q8 kernels (request=64.00 MiB cached=0.00 GiB free=0.34 GiB reserve=1.59 GiB total=31.86 GiB)
ds4: ROCm q8 fp16 cache budget exhausted; using q8 kernels (request=64.00 MiB cached=0.00 GiB free=0.34 GiB reserve=1.59 GiB total=31.86 GiB)
ds4: ROCm q8 fp16 cache budget exhausted; using q8 kernels (request=64.00 MiB cached=0.00 GiB free=0.34 GiB reserve=1.59 GiB total=31.86 GiB)
ds4: ROCm q8 fp16 cache budget exhausted; using q8 kernels (request=64.00 MiB cached=0.00 GiB free=0.34 GiB reserve=1.59 GiB total=31.86 GiB)
ds4: ROCm q8 fp16 cache budget exhausted; using q8 kernels (request=64.00 MiB cached=0.00 GiB free=0.34 GiB reserve=1.59 GiB total=31.86 GiB)
ds4: ROCm q8 fp16 cache budget exhausted; using q8 kernels (request=64.00 MiB cached=0.00 GiB free=0.34 GiB reserve=1.59 GiB total=31.86 GiB)
ds4: ROCm q8 fp16 cache budget exhausted; using q8 kernels (request=64.00 MiB cached=0.00 GiB free=0.34 GiB reserve=1.59 GiB total=31.86 GiB)
ds4: ROCm q8 fp16 cache budget exhausted; using q8 kernels (request=64.00 MiB cached=0.00 GiB free=0.34 GiB reserve=1.59 GiB total=31.86 GiB)
ds4: ROCm q8 fp16 cache budget exhausted; using q8 kernels (request=64.00 MiB cached=0.00 GiB free=0.34 GiB reserve=1.59 GiB total=31.86 GiB)
ds4: ROCm q8 fp16 cache budget exhausted; using q8 kernels (request=64.00 MiB cached=0.00 GiB free=0.34 GiB reserve=1.59 GiB total=31.86 GiB)
ds4: ROCm q8 fp16 cache budget exhausted; using q8 kernels (request=64.00 MiB cached=0.00 GiB free=0.34 GiB reserve=1.59 GiB total=31.86 GiB)
ds4: ROCm q8 fp16 cache budget exhausted; using q8 kernels (request=64.00 MiB cached=0.00 GiB free=0.34 GiB reserve=1.59 GiB total=31.86 GiB)
ds4: ROCm q8 fp16 cache budget exhausted; using q8 kernels (request=64.00 MiB cached=0.00 GiB free=0.34 GiB reserve=1.59 GiB total=31.86 GiB)
ds4: ROCm q8 fp16 cache budget exhausted; using q8 kernels (request=64.00 MiB cached=0.00 GiB free=0.34 GiB reserve=1.59 GiB total=31.86 GiB)
ds4: ROCm q8 fp16 cache budget exhausted; using q8 kernels (request=64.00 MiB cached=0.00 GiB free=0.34 GiB reserve=1.59 GiB total=31.86 GiB)
ds4: ROCm q8 fp16 cache budget exhausted; using q8 kernels (request=64.00 MiB cached=0.00 GiB free=0.34 GiB reserve=1.59 GiB total=31.86 GiB)
ds4: ROCm q8 fp16 cache budget exhausted; using q8 kernels (request=64.00 MiB cached=0.00 GiB free=0.34 GiB reserve=1.59 GiB total=31.86 GiB)
ds4: ROCm q8 fp16 cache budget exhausted; using q8 kernels (request=64.00 MiB cached=0.00 GiB free=0.34 GiB reserve=1.59 GiB total=31.86 GiB)
ds4: ROCm q8 fp16 cache budget exhausted; using q8 kernels (request=64.00 MiB cached=0.00 GiB free=0.34 GiB reserve=1.59 GiB total=31.86 GiB)
ds4: ROCm q8 fp16 cache budget exhausted; using q8 kernels (request=64.00 MiB cached=0.00 GiB free=0.34 GiB reserve=1.59 GiB total=31.86 GiB)
ds4: ROCm q8 fp16 cache budget exhausted; using q8 kernels (request=64.00 MiB cached=0.00 GiB free=0.34 GiB reserve=1.59 GiB total=31.86 GiB)
ds4: ROCm q8 fp16 cache budget exhausted; using q8 kernels (request=64.00 MiB cached=0.00 GiB free=0.34 GiB reserve=1.59 GiB total=31.86 GiB)
ds4: ROCm q8 fp16 cache budget exhausted; using q8 kernels (request=64.00 MiB cached=0.00 GiB free=0.34 GiB reserve=1.59 GiB total=31.86 GiB)
ds4: ROCm q8 fp16 cache budget exhausted; using q8 kernels (request=64.00 MiB cached=0.00 GiB free=0.34 GiB reserve=1.59 GiB total=31.86 GiB)
ds4: ROCm q8 fp16 cache budget exhausted; using q8 kernels (request=64.00 MiB cached=0.00 GiB free=0.34 GiB reserve=1.59 GiB total=31.86 GiB)
ds4: ROCm q8 fp16 cache budget exhausted; using q8 kernels (request=64.00 MiB cached=0.00 GiB free=0.34 GiB reserve=1.59 GiB total=31.86 GiB)
ds4: ROCm q8 fp16 cache budget exhausted; using q8 kernels (request=64.00 MiB cached=0.00 GiB free=0.34 GiB reserve=1.59 GiB total=31.86 GiB)
ds4: ROCm q8 fp16 cache budget exhausted; using q8 kernels (request=64.00 MiB cached=0.00 GiB free=0.34 GiB reserve=1.59 GiB total=31.86 GiB)
ds4: ROCm q8 fp16 cache budget exhausted; using q8 kernels (request=64.00 MiB cached=0.00 GiB free=0.34 GiB reserve=1.59 GiB total=31.86 GiB)
ds4: ROCm q8 fp16 cache budget exhausted; using q8 kernels (request=64.00 MiB cached=0.00 GiB free=0.34 GiB reserve=1.59 GiB total=31.86 GiB)
ds4: ROCm q8 fp16 cache budget exhausted; using q8 kernels (request=64.00 MiB cached=0.00 GiB free=0.34 GiB reserve=1.59 GiB total=31.86 GiB)
ds4: ROCm q8 fp16 cache budget exhausted; using q8 kernels (request=64.00 MiB cached=0.00 GiB free=0.34 GiB reserve=1.59 GiB total=31.86 GiB)
ds4: ROCm q8 fp16 cache budget exhausted; using q8 kernels (request=64.00 MiB cached=0.00 GiB free=0.34 GiB reserve=1.59 GiB total=31.86 GiB)
ds4: ROCm q8 fp16 cache budget exhausted; using q8 kernels (request=64.00 MiB cached=0.00 GiB free=0.34 GiB reserve=1.59 GiB total=31.86 GiB)
ds4: ROCm q8 fp16 cache budget exhausted; using q8 kernels (request=64.00 MiB cached=0.00 GiB free=0.34 GiB reserve=1.59 GiB total=31.86 GiB)
ds4: ROCm q8 fp16 cache budget exhausted; using q8 kernels (request=64.00 MiB cached=0.00 GiB free=0.34 GiB reserve=1.59 GiB total=31.86 GiB)
case_095 cases=96 prompt=17 target=13 avg_nll=0.453748 lcp=3 api_target_mae=0.453748 api_top_coverage=52/65 api_top1=0.846 api_topn=0.231 api_pair=1.000
ds4: ROCm q8 fp16 cache budget exhausted; using q8 kernels (request=64.00 MiB cached=0.00 GiB free=0.34 GiB reserve=1.59 GiB total=31.86 GiB)
ds4: ROCm q8 fp16 cache budget exhausted; using q8 kernels (request=64.00 MiB cached=0.00 GiB free=0.34 GiB reserve=1.59 GiB total=31.86 GiB)
ds4: ROCm q8 fp16 cache budget exhausted; using q8 kernels (request=64.00 MiB cached=0.00 GiB free=0.34 GiB reserve=1.59 GiB total=31.86 GiB)
ds4: ROCm q8 fp16 cache budget exhausted; using q8 kernels (request=64.00 MiB cached=0.00 GiB free=0.34 GiB reserve=1.59 GiB total=31.86 GiB)
ds4: ROCm q8 fp16 cache budget exhausted; using q8 kernels (request=64.00 MiB cached=0.00 GiB free=0.34 GiB reserve=1.59 GiB total=31.86 GiB)
ds4: ROCm q8 fp16 cache budget exhausted; using q8 kernels (request=64.00 MiB cached=0.00 GiB free=0.34 GiB reserve=1.59 GiB total=31.86 GiB)
ds4: ROCm q8 fp16 cache budget exhausted; using q8 kernels (request=64.00 MiB cached=0.00 GiB free=0.34 GiB reserve=1.59 GiB total=31.86 GiB)
ds4: ROCm q8 fp16 cache budget exhausted; using q8 kernels (request=64.00 MiB cached=0.00 GiB free=0.34 GiB reserve=1.59 GiB total=31.86 GiB)
ds4: ROCm q8 fp16 cache budget exhausted; using q8 kernels (request=64.00 MiB cached=0.00 GiB free=0.34 GiB reserve=1.59 GiB total=31.86 GiB)
ds4: ROCm q8 fp16 cache budget exhausted; using q8 kernels (request=64.00 MiB cached=0.00 GiB free=0.34 GiB reserve=1.59 GiB total=31.86 GiB)
ds4: ROCm q8 fp16 cache budget exhausted; using q8 kernels (request=64.00 MiB cached=0.00 GiB free=0.34 GiB reserve=1.59 GiB total=31.86 GiB)
ds4: ROCm q8 fp16 cache budget exhausted; using q8 kernels (request=64.00 MiB cached=0.00 GiB free=0.34 GiB reserve=1.59 GiB total=31.86 GiB)
ds4: ROCm q8 fp16 cache budget exhausted; using q8 kernels (request=64.00 MiB cached=0.00 GiB free=0.34 GiB reserve=1.59 GiB total=31.86 GiB)
ds4: ROCm q8 fp16 cache budget exhausted; using q8 kernels (request=64.00 MiB cached=0.00 GiB free=0.34 GiB reserve=1.59 GiB total=31.86 GiB)
ds4: ROCm q8 fp16 cache budget exhausted; using q8 kernels (request=64.00 MiB cached=0.00 GiB free=0.34 GiB reserve=1.59 GiB total=31.86 GiB)
ds4: ROCm q8 fp16 cache budget exhausted; using q8 kernels (request=64.00 MiB cached=0.00 GiB free=0.34 GiB reserve=1.59 GiB total=31.86 GiB)
ds4: ROCm q8 fp16 cache budget exhausted; using q8 kernels (request=64.00 MiB cached=0.00 GiB free=0.34 GiB reserve=1.59 GiB total=31.86 GiB)
ds4: ROCm q8 fp16 cache budget exhausted; using q8 kernels (request=64.00 MiB cached=0.00 GiB free=0.34 GiB reserve=1.59 GiB total=31.86 GiB)
ds4: ROCm q8 fp16 cache budget exhausted; using q8 kernels (request=64.00 MiB cached=0.00 GiB free=0.34 GiB reserve=1.59 GiB total=31.86 GiB)
ds4: ROCm q8 fp16 cache budget exhausted; using q8 kernels (request=64.00 MiB cached=0.00 GiB free=0.34 GiB reserve=1.59 GiB total=31.86 GiB)
ds4: ROCm q8 fp16 cache budget exhausted; using q8 kernels (request=64.00 MiB cached=0.00 GiB free=0.34 GiB reserve=1.59 GiB total=31.86 GiB)
ds4: ROCm q8 fp16 cache budget exhausted; using q8 kernels (request=64.00 MiB cached=0.00 GiB free=0.34 GiB reserve=1.59 GiB total=31.86 GiB)
ds4: ROCm q8 fp16 cache budget exhausted; using q8 kernels (request=64.00 MiB cached=0.00 GiB free=0.34 GiB reserve=1.59 GiB total=31.86 GiB)
ds4: ROCm q8 fp16 cache budget exhausted; using q8 kernels (request=64.00 MiB cached=0.00 GiB free=0.34 GiB reserve=1.59 GiB total=31.86 GiB)
ds4: ROCm q8 fp16 cache budget exhausted; using q8 kernels (request=64.00 MiB cached=0.00 GiB free=0.34 GiB reserve=1.59 GiB total=31.86 GiB)
ds4: ROCm q8 fp16 cache budget exhausted; using q8 kernels (request=64.00 MiB cached=0.00 GiB free=0.34 GiB reserve=1.59 GiB total=31.86 GiB)
ds4: ROCm q8 fp16 cache budget exhausted; using q8 kernels (request=64.00 MiB cached=0.00 GiB free=0.34 GiB reserve=1.59 GiB total=31.86 GiB)
ds4: ROCm q8 fp16 cache budget exhausted; using q8 kernels (request=64.00 MiB cached=0.00 GiB free=0.34 GiB reserve=1.59 GiB total=31.86 GiB)
ds4: ROCm q8 fp16 cache budget exhausted; using q8 kernels (request=64.00 MiB cached=0.00 GiB free=0.34 GiB reserve=1.59 GiB total=31.86 GiB)
ds4: ROCm q8 fp16 cache budget exhausted; using q8 kernels (request=64.00 MiB cached=0.00 GiB free=0.34 GiB reserve=1.59 GiB total=31.86 GiB)
ds4: ROCm q8 fp16 cache budget exhausted; using q8 kernels (request=64.00 MiB cached=0.00 GiB free=0.34 GiB reserve=1.59 GiB total=31.86 GiB)
ds4: ROCm q8 fp16 cache budget exhausted; using q8 kernels (request=64.00 MiB cached=0.00 GiB free=0.34 GiB reserve=1.59 GiB total=31.86 GiB)
ds4: ROCm q8 fp16 cache budget exhausted; using q8 kernels (request=64.00 MiB cached=0.00 GiB free=0.34 GiB reserve=1.59 GiB total=31.86 GiB)
ds4: ROCm q8 fp16 cache budget exhausted; using q8 kernels (request=64.00 MiB cached=0.00 GiB free=0.34 GiB reserve=1.59 GiB total=31.86 GiB)
ds4: ROCm q8 fp16 cache budget exhausted; using q8 kernels (request=64.00 MiB cached=0.00 GiB free=0.34 GiB reserve=1.59 GiB total=31.86 GiB)
ds4: ROCm q8 fp16 cache budget exhausted; using q8 kernels (request=64.00 MiB cached=0.00 GiB free=0.34 GiB reserve=1.59 GiB total=31.86 GiB)
ds4: ROCm q8 fp16 cache budget exhausted; using q8 kernels (request=64.00 MiB cached=0.00 GiB free=0.34 GiB reserve=1.59 GiB total=31.86 GiB)
ds4: ROCm q8 fp16 cache budget exhausted; using q8 kernels (request=64.00 MiB cached=0.00 GiB free=0.34 GiB reserve=1.59 GiB total=31.86 GiB)
ds4: ROCm q8 fp16 cache budget exhausted; using q8 kernels (request=64.00 MiB cached=0.00 GiB free=0.34 GiB reserve=1.59 GiB total=31.86 GiB)
ds4: ROCm q8 fp16 cache budget exhausted; using q8 kernels (request=64.00 MiB cached=0.00 GiB free=0.34 GiB reserve=1.59 GiB total=31.86 GiB)
ds4: ROCm q8 fp16 cache budget exhausted; using q8 kernels (request=64.00 MiB cached=0.00 GiB free=0.34 GiB reserve=1.59 GiB total=31.86 GiB)
ds4: ROCm q8 fp16 cache budget exhausted; using q8 kernels (request=64.00 MiB cached=0.00 GiB free=0.34 GiB reserve=1.59 GiB total=31.86 GiB)
ds4: ROCm q8 fp16 cache budget exhausted; using q8 kernels (request=64.00 MiB cached=0.00 GiB free=0.34 GiB reserve=1.59 GiB total=31.86 GiB)
case_096 cases=97 prompt=15 target=6 avg_nll=0.356221 lcp=5 api_target_mae=0.356221 api_top_coverage=24/30 api_top1=0.833 api_topn=0.250 api_pair=1.000
ds4: ROCm q8 fp16 cache budget exhausted; using q8 kernels (request=64.00 MiB cached=0.00 GiB free=0.34 GiB reserve=1.59 GiB total=31.86 GiB)
ds4: ROCm q8 fp16 cache budget exhausted; using q8 kernels (request=64.00 MiB cached=0.00 GiB free=0.34 GiB reserve=1.59 GiB total=31.86 GiB)
ds4: ROCm q8 fp16 cache budget exhausted; using q8 kernels (request=64.00 MiB cached=0.00 GiB free=0.34 GiB reserve=1.59 GiB total=31.86 GiB)
ds4: ROCm q8 fp16 cache budget exhausted; using q8 kernels (request=64.00 MiB cached=0.00 GiB free=0.34 GiB reserve=1.59 GiB total=31.86 GiB)
ds4: ROCm q8 fp16 cache budget exhausted; using q8 kernels (request=64.00 MiB cached=0.00 GiB free=0.34 GiB reserve=1.59 GiB total=31.86 GiB)
ds4: ROCm q8 fp16 cache budget exhausted; using q8 kernels (request=64.00 MiB cached=0.00 GiB free=0.34 GiB reserve=1.59 GiB total=31.86 GiB)
ds4: ROCm q8 fp16 cache budget exhausted; using q8 kernels (request=64.00 MiB cached=0.00 GiB free=0.34 GiB reserve=1.59 GiB total=31.86 GiB)
ds4: ROCm q8 fp16 cache budget exhausted; using q8 kernels (request=64.00 MiB cached=0.00 GiB free=0.34 GiB reserve=1.59 GiB total=31.86 GiB)
ds4: ROCm q8 fp16 cache budget exhausted; using q8 kernels (request=64.00 MiB cached=0.00 GiB free=0.34 GiB reserve=1.59 GiB total=31.86 GiB)
ds4: ROCm q8 fp16 cache budget exhausted; using q8 kernels (request=64.00 MiB cached=0.00 GiB free=0.34 GiB reserve=1.59 GiB total=31.86 GiB)
ds4: ROCm q8 fp16 cache budget exhausted; using q8 kernels (request=64.00 MiB cached=0.00 GiB free=0.34 GiB reserve=1.59 GiB total=31.86 GiB)
ds4: ROCm q8 fp16 cache budget exhausted; using q8 kernels (request=64.00 MiB cached=0.00 GiB free=0.34 GiB reserve=1.59 GiB total=31.86 GiB)
ds4: ROCm q8 fp16 cache budget exhausted; using q8 kernels (request=64.00 MiB cached=0.00 GiB free=0.34 GiB reserve=1.59 GiB total=31.86 GiB)
ds4: ROCm q8 fp16 cache budget exhausted; using q8 kernels (request=64.00 MiB cached=0.00 GiB free=0.34 GiB reserve=1.59 GiB total=31.86 GiB)
ds4: ROCm q8 fp16 cache budget exhausted; using q8 kernels (request=64.00 MiB cached=0.00 GiB free=0.34 GiB reserve=1.59 GiB total=31.86 GiB)
ds4: ROCm q8 fp16 cache budget exhausted; using q8 kernels (request=64.00 MiB cached=0.00 GiB free=0.34 GiB reserve=1.59 GiB total=31.86 GiB)
ds4: ROCm q8 fp16 cache budget exhausted; using q8 kernels (request=64.00 MiB cached=0.00 GiB free=0.34 GiB reserve=1.59 GiB total=31.86 GiB)
ds4: ROCm q8 fp16 cache budget exhausted; using q8 kernels (request=64.00 MiB cached=0.00 GiB free=0.34 GiB reserve=1.59 GiB total=31.86 GiB)
ds4: ROCm q8 fp16 cache budget exhausted; using q8 kernels (request=64.00 MiB cached=0.00 GiB free=0.34 GiB reserve=1.59 GiB total=31.86 GiB)
ds4: ROCm q8 fp16 cache budget exhausted; using q8 kernels (request=64.00 MiB cached=0.00 GiB free=0.34 GiB reserve=1.59 GiB total=31.86 GiB)
ds4: ROCm q8 fp16 cache budget exhausted; using q8 kernels (request=64.00 MiB cached=0.00 GiB free=0.34 GiB reserve=1.59 GiB total=31.86 GiB)
ds4: ROCm q8 fp16 cache budget exhausted; using q8 kernels (request=64.00 MiB cached=0.00 GiB free=0.34 GiB reserve=1.59 GiB total=31.86 GiB)
ds4: ROCm q8 fp16 cache budget exhausted; using q8 kernels (request=64.00 MiB cached=0.00 GiB free=0.34 GiB reserve=1.59 GiB total=31.86 GiB)
ds4: ROCm q8 fp16 cache budget exhausted; using q8 kernels (request=64.00 MiB cached=0.00 GiB free=0.34 GiB reserve=1.59 GiB total=31.86 GiB)
ds4: ROCm q8 fp16 cache budget exhausted; using q8 kernels (request=64.00 MiB cached=0.00 GiB free=0.34 GiB reserve=1.59 GiB total=31.86 GiB)
ds4: ROCm q8 fp16 cache budget exhausted; using q8 kernels (request=64.00 MiB cached=0.00 GiB free=0.34 GiB reserve=1.59 GiB total=31.86 GiB)
ds4: ROCm q8 fp16 cache budget exhausted; using q8 kernels (request=64.00 MiB cached=0.00 GiB free=0.34 GiB reserve=1.59 GiB total=31.86 GiB)
ds4: ROCm q8 fp16 cache budget exhausted; using q8 kernels (request=64.00 MiB cached=0.00 GiB free=0.34 GiB reserve=1.59 GiB total=31.86 GiB)
ds4: ROCm q8 fp16 cache budget exhausted; using q8 kernels (request=64.00 MiB cached=0.00 GiB free=0.34 GiB reserve=1.59 GiB total=31.86 GiB)
ds4: ROCm q8 fp16 cache budget exhausted; using q8 kernels (request=64.00 MiB cached=0.00 GiB free=0.34 GiB reserve=1.59 GiB total=31.86 GiB)
ds4: ROCm q8 fp16 cache budget exhausted; using q8 kernels (request=64.00 MiB cached=0.00 GiB free=0.34 GiB reserve=1.59 GiB total=31.86 GiB)
ds4: ROCm q8 fp16 cache budget exhausted; using q8 kernels (request=64.00 MiB cached=0.00 GiB free=0.34 GiB reserve=1.59 GiB total=31.86 GiB)
ds4: ROCm q8 fp16 cache budget exhausted; using q8 kernels (request=64.00 MiB cached=0.00 GiB free=0.34 GiB reserve=1.59 GiB total=31.86 GiB)
ds4: ROCm q8 fp16 cache budget exhausted; using q8 kernels (request=64.00 MiB cached=0.00 GiB free=0.34 GiB reserve=1.59 GiB total=31.86 GiB)
ds4: ROCm q8 fp16 cache budget exhausted; using q8 kernels (request=64.00 MiB cached=0.00 GiB free=0.34 GiB reserve=1.59 GiB total=31.86 GiB)
ds4: ROCm q8 fp16 cache budget exhausted; using q8 kernels (request=64.00 MiB cached=0.00 GiB free=0.34 GiB reserve=1.59 GiB total=31.86 GiB)
ds4: ROCm q8 fp16 cache budget exhausted; using q8 kernels (request=64.00 MiB cached=0.00 GiB free=0.34 GiB reserve=1.59 GiB total=31.86 GiB)
ds4: ROCm q8 fp16 cache budget exhausted; using q8 kernels (request=64.00 MiB cached=0.00 GiB free=0.34 GiB reserve=1.59 GiB total=31.86 GiB)
ds4: ROCm q8 fp16 cache budget exhausted; using q8 kernels (request=64.00 MiB cached=0.00 GiB free=0.34 GiB reserve=1.59 GiB total=31.86 GiB)
ds4: ROCm q8 fp16 cache budget exhausted; using q8 kernels (request=64.00 MiB cached=0.00 GiB free=0.34 GiB reserve=1.59 GiB total=31.86 GiB)
ds4: ROCm q8 fp16 cache budget exhausted; using q8 kernels (request=64.00 MiB cached=0.00 GiB free=0.34 GiB reserve=1.59 GiB total=31.86 GiB)
ds4: ROCm q8 fp16 cache budget exhausted; using q8 kernels (request=64.00 MiB cached=0.00 GiB free=0.34 GiB reserve=1.59 GiB total=31.86 GiB)
ds4: ROCm q8 fp16 cache budget exhausted; using q8 kernels (request=64.00 MiB cached=0.00 GiB free=0.34 GiB reserve=1.59 GiB total=31.86 GiB)
case_097 cases=98 prompt=22 target=10 avg_nll=0.127239 lcp=10 api_target_mae=0.127239 api_top_coverage=49/50 api_top1=1.000 api_topn=0.612 api_pair=1.000
ds4: ROCm q8 fp16 cache budget exhausted; using q8 kernels (request=64.00 MiB cached=0.00 GiB free=0.34 GiB reserve=1.59 GiB total=31.86 GiB)
ds4: ROCm q8 fp16 cache budget exhausted; using q8 kernels (request=64.00 MiB cached=0.00 GiB free=0.34 GiB reserve=1.59 GiB total=31.86 GiB)
ds4: ROCm q8 fp16 cache budget exhausted; using q8 kernels (request=64.00 MiB cached=0.00 GiB free=0.34 GiB reserve=1.59 GiB total=31.86 GiB)
ds4: ROCm q8 fp16 cache budget exhausted; using q8 kernels (request=64.00 MiB cached=0.00 GiB free=0.34 GiB reserve=1.59 GiB total=31.86 GiB)
ds4: ROCm q8 fp16 cache budget exhausted; using q8 kernels (request=64.00 MiB cached=0.00 GiB free=0.34 GiB reserve=1.59 GiB total=31.86 GiB)
ds4: ROCm q8 fp16 cache budget exhausted; using q8 kernels (request=64.00 MiB cached=0.00 GiB free=0.34 GiB reserve=1.59 GiB total=31.86 GiB)
ds4: ROCm q8 fp16 cache budget exhausted; using q8 kernels (request=64.00 MiB cached=0.00 GiB free=0.34 GiB reserve=1.59 GiB total=31.86 GiB)
ds4: ROCm q8 fp16 cache budget exhausted; using q8 kernels (request=64.00 MiB cached=0.00 GiB free=0.34 GiB reserve=1.59 GiB total=31.86 GiB)
ds4: ROCm q8 fp16 cache budget exhausted; using q8 kernels (request=64.00 MiB cached=0.00 GiB free=0.34 GiB reserve=1.59 GiB total=31.86 GiB)
ds4: ROCm q8 fp16 cache budget exhausted; using q8 kernels (request=64.00 MiB cached=0.00 GiB free=0.34 GiB reserve=1.59 GiB total=31.86 GiB)
ds4: ROCm q8 fp16 cache budget exhausted; using q8 kernels (request=64.00 MiB cached=0.00 GiB free=0.34 GiB reserve=1.59 GiB total=31.86 GiB)
ds4: ROCm q8 fp16 cache budget exhausted; using q8 kernels (request=64.00 MiB cached=0.00 GiB free=0.34 GiB reserve=1.59 GiB total=31.86 GiB)
ds4: ROCm q8 fp16 cache budget exhausted; using q8 kernels (request=64.00 MiB cached=0.00 GiB free=0.34 GiB reserve=1.59 GiB total=31.86 GiB)
ds4: ROCm q8 fp16 cache budget exhausted; using q8 kernels (request=64.00 MiB cached=0.00 GiB free=0.34 GiB reserve=1.59 GiB total=31.86 GiB)
ds4: ROCm q8 fp16 cache budget exhausted; using q8 kernels (request=64.00 MiB cached=0.00 GiB free=0.34 GiB reserve=1.59 GiB total=31.86 GiB)
ds4: ROCm q8 fp16 cache budget exhausted; using q8 kernels (request=64.00 MiB cached=0.00 GiB free=0.34 GiB reserve=1.59 GiB total=31.86 GiB)
ds4: ROCm q8 fp16 cache budget exhausted; using q8 kernels (request=64.00 MiB cached=0.00 GiB free=0.34 GiB reserve=1.59 GiB total=31.86 GiB)
ds4: ROCm q8 fp16 cache budget exhausted; using q8 kernels (request=64.00 MiB cached=0.00 GiB free=0.34 GiB reserve=1.59 GiB total=31.86 GiB)
ds4: ROCm q8 fp16 cache budget exhausted; using q8 kernels (request=64.00 MiB cached=0.00 GiB free=0.34 GiB reserve=1.59 GiB total=31.86 GiB)
ds4: ROCm q8 fp16 cache budget exhausted; using q8 kernels (request=64.00 MiB cached=0.00 GiB free=0.34 GiB reserve=1.59 GiB total=31.86 GiB)
ds4: ROCm q8 fp16 cache budget exhausted; using q8 kernels (request=64.00 MiB cached=0.00 GiB free=0.34 GiB reserve=1.59 GiB total=31.86 GiB)
ds4: ROCm q8 fp16 cache budget exhausted; using q8 kernels (request=64.00 MiB cached=0.00 GiB free=0.34 GiB reserve=1.59 GiB total=31.86 GiB)
ds4: ROCm q8 fp16 cache budget exhausted; using q8 kernels (request=64.00 MiB cached=0.00 GiB free=0.34 GiB reserve=1.59 GiB total=31.86 GiB)
ds4: ROCm q8 fp16 cache budget exhausted; using q8 kernels (request=64.00 MiB cached=0.00 GiB free=0.34 GiB reserve=1.59 GiB total=31.86 GiB)
ds4: ROCm q8 fp16 cache budget exhausted; using q8 kernels (request=64.00 MiB cached=0.00 GiB free=0.34 GiB reserve=1.59 GiB total=31.86 GiB)
ds4: ROCm q8 fp16 cache budget exhausted; using q8 kernels (request=64.00 MiB cached=0.00 GiB free=0.34 GiB reserve=1.59 GiB total=31.86 GiB)
ds4: ROCm q8 fp16 cache budget exhausted; using q8 kernels (request=64.00 MiB cached=0.00 GiB free=0.34 GiB reserve=1.59 GiB total=31.86 GiB)
ds4: ROCm q8 fp16 cache budget exhausted; using q8 kernels (request=64.00 MiB cached=0.00 GiB free=0.34 GiB reserve=1.59 GiB total=31.86 GiB)
ds4: ROCm q8 fp16 cache budget exhausted; using q8 kernels (request=64.00 MiB cached=0.00 GiB free=0.34 GiB reserve=1.59 GiB total=31.86 GiB)
ds4: ROCm q8 fp16 cache budget exhausted; using q8 kernels (request=64.00 MiB cached=0.00 GiB free=0.34 GiB reserve=1.59 GiB total=31.86 GiB)
ds4: ROCm q8 fp16 cache budget exhausted; using q8 kernels (request=64.00 MiB cached=0.00 GiB free=0.34 GiB reserve=1.59 GiB total=31.86 GiB)
ds4: ROCm q8 fp16 cache budget exhausted; using q8 kernels (request=64.00 MiB cached=0.00 GiB free=0.34 GiB reserve=1.59 GiB total=31.86 GiB)
ds4: ROCm q8 fp16 cache budget exhausted; using q8 kernels (request=64.00 MiB cached=0.00 GiB free=0.34 GiB reserve=1.59 GiB total=31.86 GiB)
ds4: ROCm q8 fp16 cache budget exhausted; using q8 kernels (request=64.00 MiB cached=0.00 GiB free=0.34 GiB reserve=1.59 GiB total=31.86 GiB)
ds4: ROCm q8 fp16 cache budget exhausted; using q8 kernels (request=64.00 MiB cached=0.00 GiB free=0.34 GiB reserve=1.59 GiB total=31.86 GiB)
ds4: ROCm q8 fp16 cache budget exhausted; using q8 kernels (request=64.00 MiB cached=0.00 GiB free=0.34 GiB reserve=1.59 GiB total=31.86 GiB)
ds4: ROCm q8 fp16 cache budget exhausted; using q8 kernels (request=64.00 MiB cached=0.00 GiB free=0.34 GiB reserve=1.59 GiB total=31.86 GiB)
ds4: ROCm q8 fp16 cache budget exhausted; using q8 kernels (request=64.00 MiB cached=0.00 GiB free=0.34 GiB reserve=1.59 GiB total=31.86 GiB)
ds4: ROCm q8 fp16 cache budget exhausted; using q8 kernels (request=64.00 MiB cached=0.00 GiB free=0.34 GiB reserve=1.59 GiB total=31.86 GiB)
ds4: ROCm q8 fp16 cache budget exhausted; using q8 kernels (request=64.00 MiB cached=0.00 GiB free=0.34 GiB reserve=1.59 GiB total=31.86 GiB)
ds4: ROCm q8 fp16 cache budget exhausted; using q8 kernels (request=64.00 MiB cached=0.00 GiB free=0.34 GiB reserve=1.59 GiB total=31.86 GiB)
ds4: ROCm q8 fp16 cache budget exhausted; using q8 kernels (request=64.00 MiB cached=0.00 GiB free=0.34 GiB reserve=1.59 GiB total=31.86 GiB)
ds4: ROCm q8 fp16 cache budget exhausted; using q8 kernels (request=64.00 MiB cached=0.00 GiB free=0.34 GiB reserve=1.59 GiB total=31.86 GiB)
case_098 cases=99 prompt=20 target=8 avg_nll=0.054274 lcp=8 api_target_mae=0.054274 api_top_coverage=38/40 api_top1=1.000 api_topn=0.526 api_pair=1.000
ds4: ROCm q8 fp16 cache budget exhausted; using q8 kernels (request=64.00 MiB cached=0.00 GiB free=0.34 GiB reserve=1.59 GiB total=31.86 GiB)
ds4: ROCm q8 fp16 cache budget exhausted; using q8 kernels (request=64.00 MiB cached=0.00 GiB free=0.34 GiB reserve=1.59 GiB total=31.86 GiB)
ds4: ROCm q8 fp16 cache budget exhausted; using q8 kernels (request=64.00 MiB cached=0.00 GiB free=0.34 GiB reserve=1.59 GiB total=31.86 GiB)
ds4: ROCm q8 fp16 cache budget exhausted; using q8 kernels (request=64.00 MiB cached=0.00 GiB free=0.34 GiB reserve=1.59 GiB total=31.86 GiB)
ds4: ROCm q8 fp16 cache budget exhausted; using q8 kernels (request=64.00 MiB cached=0.00 GiB free=0.34 GiB reserve=1.59 GiB total=31.86 GiB)
ds4: ROCm q8 fp16 cache budget exhausted; using q8 kernels (request=64.00 MiB cached=0.00 GiB free=0.34 GiB reserve=1.59 GiB total=31.86 GiB)
ds4: ROCm q8 fp16 cache budget exhausted; using q8 kernels (request=64.00 MiB cached=0.00 GiB free=0.34 GiB reserve=1.59 GiB total=31.86 GiB)
ds4: ROCm q8 fp16 cache budget exhausted; using q8 kernels (request=64.00 MiB cached=0.00 GiB free=0.34 GiB reserve=1.59 GiB total=31.86 GiB)
ds4: ROCm q8 fp16 cache budget exhausted; using q8 kernels (request=64.00 MiB cached=0.00 GiB free=0.34 GiB reserve=1.59 GiB total=31.86 GiB)
ds4: ROCm q8 fp16 cache budget exhausted; using q8 kernels (request=64.00 MiB cached=0.00 GiB free=0.34 GiB reserve=1.59 GiB total=31.86 GiB)
ds4: ROCm q8 fp16 cache budget exhausted; using q8 kernels (request=64.00 MiB cached=0.00 GiB free=0.34 GiB reserve=1.59 GiB total=31.86 GiB)
ds4: ROCm q8 fp16 cache budget exhausted; using q8 kernels (request=64.00 MiB cached=0.00 GiB free=0.34 GiB reserve=1.59 GiB total=31.86 GiB)
ds4: ROCm q8 fp16 cache budget exhausted; using q8 kernels (request=64.00 MiB cached=0.00 GiB free=0.34 GiB reserve=1.59 GiB total=31.86 GiB)
ds4: ROCm q8 fp16 cache budget exhausted; using q8 kernels (request=64.00 MiB cached=0.00 GiB free=0.34 GiB reserve=1.59 GiB total=31.86 GiB)
ds4: ROCm q8 fp16 cache budget exhausted; using q8 kernels (request=64.00 MiB cached=0.00 GiB free=0.34 GiB reserve=1.59 GiB total=31.86 GiB)
ds4: ROCm q8 fp16 cache budget exhausted; using q8 kernels (request=64.00 MiB cached=0.00 GiB free=0.34 GiB reserve=1.59 GiB total=31.86 GiB)
ds4: ROCm q8 fp16 cache budget exhausted; using q8 kernels (request=64.00 MiB cached=0.00 GiB free=0.34 GiB reserve=1.59 GiB total=31.86 GiB)
ds4: ROCm q8 fp16 cache budget exhausted; using q8 kernels (request=64.00 MiB cached=0.00 GiB free=0.34 GiB reserve=1.59 GiB total=31.86 GiB)
ds4: ROCm q8 fp16 cache budget exhausted; using q8 kernels (request=64.00 MiB cached=0.00 GiB free=0.34 GiB reserve=1.59 GiB total=31.86 GiB)
ds4: ROCm q8 fp16 cache budget exhausted; using q8 kernels (request=64.00 MiB cached=0.00 GiB free=0.34 GiB reserve=1.59 GiB total=31.86 GiB)
ds4: ROCm q8 fp16 cache budget exhausted; using q8 kernels (request=64.00 MiB cached=0.00 GiB free=0.34 GiB reserve=1.59 GiB total=31.86 GiB)
ds4: ROCm q8 fp16 cache budget exhausted; using q8 kernels (request=64.00 MiB cached=0.00 GiB free=0.34 GiB reserve=1.59 GiB total=31.86 GiB)
ds4: ROCm q8 fp16 cache budget exhausted; using q8 kernels (request=64.00 MiB cached=0.00 GiB free=0.34 GiB reserve=1.59 GiB total=31.86 GiB)
ds4: ROCm q8 fp16 cache budget exhausted; using q8 kernels (request=64.00 MiB cached=0.00 GiB free=0.34 GiB reserve=1.59 GiB total=31.86 GiB)
ds4: ROCm q8 fp16 cache budget exhausted; using q8 kernels (request=64.00 MiB cached=0.00 GiB free=0.34 GiB reserve=1.59 GiB total=31.86 GiB)
ds4: ROCm q8 fp16 cache budget exhausted; using q8 kernels (request=64.00 MiB cached=0.00 GiB free=0.34 GiB reserve=1.59 GiB total=31.86 GiB)
ds4: ROCm q8 fp16 cache budget exhausted; using q8 kernels (request=64.00 MiB cached=0.00 GiB free=0.34 GiB reserve=1.59 GiB total=31.86 GiB)
ds4: ROCm q8 fp16 cache budget exhausted; using q8 kernels (request=64.00 MiB cached=0.00 GiB free=0.34 GiB reserve=1.59 GiB total=31.86 GiB)
ds4: ROCm q8 fp16 cache budget exhausted; using q8 kernels (request=64.00 MiB cached=0.00 GiB free=0.34 GiB reserve=1.59 GiB total=31.86 GiB)
ds4: ROCm q8 fp16 cache budget exhausted; using q8 kernels (request=64.00 MiB cached=0.00 GiB free=0.34 GiB reserve=1.59 GiB total=31.86 GiB)
ds4: ROCm q8 fp16 cache budget exhausted; using q8 kernels (request=64.00 MiB cached=0.00 GiB free=0.34 GiB reserve=1.59 GiB total=31.86 GiB)
ds4: ROCm q8 fp16 cache budget exhausted; using q8 kernels (request=64.00 MiB cached=0.00 GiB free=0.34 GiB reserve=1.59 GiB total=31.86 GiB)
ds4: ROCm q8 fp16 cache budget exhausted; using q8 kernels (request=64.00 MiB cached=0.00 GiB free=0.34 GiB reserve=1.59 GiB total=31.86 GiB)
ds4: ROCm q8 fp16 cache budget exhausted; using q8 kernels (request=64.00 MiB cached=0.00 GiB free=0.34 GiB reserve=1.59 GiB total=31.86 GiB)
ds4: ROCm q8 fp16 cache budget exhausted; using q8 kernels (request=64.00 MiB cached=0.00 GiB free=0.34 GiB reserve=1.59 GiB total=31.86 GiB)
ds4: ROCm q8 fp16 cache budget exhausted; using q8 kernels (request=64.00 MiB cached=0.00 GiB free=0.34 GiB reserve=1.59 GiB total=31.86 GiB)
ds4: ROCm q8 fp16 cache budget exhausted; using q8 kernels (request=64.00 MiB cached=0.00 GiB free=0.34 GiB reserve=1.59 GiB total=31.86 GiB)
ds4: ROCm q8 fp16 cache budget exhausted; using q8 kernels (request=64.00 MiB cached=0.00 GiB free=0.34 GiB reserve=1.59 GiB total=31.86 GiB)
ds4: ROCm q8 fp16 cache budget exhausted; using q8 kernels (request=64.00 MiB cached=0.00 GiB free=0.34 GiB reserve=1.59 GiB total=31.86 GiB)
ds4: ROCm q8 fp16 cache budget exhausted; using q8 kernels (request=64.00 MiB cached=0.00 GiB free=0.34 GiB reserve=1.59 GiB total=31.86 GiB)
ds4: ROCm q8 fp16 cache budget exhausted; using q8 kernels (request=64.00 MiB cached=0.00 GiB free=0.34 GiB reserve=1.59 GiB total=31.86 GiB)
ds4: ROCm q8 fp16 cache budget exhausted; using q8 kernels (request=64.00 MiB cached=0.00 GiB free=0.34 GiB reserve=1.59 GiB total=31.86 GiB)
ds4: ROCm q8 fp16 cache budget exhausted; using q8 kernels (request=64.00 MiB cached=0.00 GiB free=0.34 GiB reserve=1.59 GiB total=31.86 GiB)
case_099 cases=100 prompt=22 target=15 avg_nll=0.182865 lcp=14 api_target_mae=0.182865 api_top_coverage=60/75 api_top1=0.933 api_topn=0.267 api_pair=1.000
summary cases=100 tokens=2289 avg_nll=0.760728445 first_match=65 avg_lcp=3.400
api_summary ref_tokens=2289 target_tokens=2289 target_mae=0.760728445 target_mean_delta=-0.760728445 top_items=11445 top_mapped=9484 top_coverage=0.828658803 top1_match=1768/2289 top1_rate=0.772389690 topn_hit=2871/9484 topn_recall=0.302720371 top_logprob_count=9484 top_mae=7569.745437822 top_mean_delta=7569.378228330 pair_agree=7094/7207 pair_rate=0.984320799
